{
  "id": 11,
  "generation": 15,
  "reward": 0.7034787252388318,
  "breakdown": {
    "sax": -0.3394946060433825,
    "sax_sig": 0.4436578717369141,
    "bass": -0.6203053703053705,
    "bass_sig": 0.39806433963414856,
    "piano": 5.717178786844201,
    "piano_sig": 0.9783625040075411,
    "drums": -1.1401594457070179,
    "drums_sig": 0.31862318839673415,
    "ensemble_mult": 1.0447213595499958,
    "z_sum": 3.61721936478843,
    "base_reward": 0.673364930091837,
    "combined": 0.7034787252388318,
    "sax_detail": {
      "total": -0.3394946060433825,
      "variety_gate": 0.5,
      "features": {
        "melodic_entropy": {
          "raw": 2.2516291673878226,
          "z_score": 0.8339522330289176
        },
        "dur_cv": {
          "raw": 0.0,
          "z_score": -0.2978723404255319
        },
        "sax_arpeggio_runs": {
          "raw": 0,
          "z_score": -0.3391684901531729
        },
        "peak_not_late": {
          "raw": 1,
          "z_score": 0.42975206611570255
        },
        "blue_ratio": {
          "raw": 0.0,
          "z_score": -1.1730769230769231
        },
        "rhythm_2grams": {
          "raw": 1,
          "z_score": -0.13257575757575726
        }
      }
    },
    "bass_detail": {
      "total": -0.6203053703053705,
      "chromatic_gate": 1.0,
      "direction_gate": 1.0,
      "features": {
        "duration_variety": {
          "raw": 1,
          "z_score": -1.0
        },
        "velocity_variance": {
          "raw": 0.0,
          "z_score": -1.25
        },
        "non_chromatic_ratio": {
          "raw": 0.9090909090909091,
          "z_score": 1.6296946296946295
        }
      }
    },
    "piano_detail": {
      "total": 5.717178786844201,
      "tonic_bonus": 1.0,
      "register_failed": false,
      "avg_pitch": 64.0,
      "features": {
        "unique_chords": {
          "raw": 2,
          "capped": 2,
          "z_score": 0.146551724137931,
          "weight": 1.0
        },
        "avg_chord_duration": {
          "raw": 1.5,
          "z_score": 3.0,
          "weight": 1.5
        },
        "cluster_ratio": {
          "raw": 0.0,
          "z_score": 0.6666666666666667,
          "weight": 1.0
        },
        "out_of_key_ratio": {
          "raw": 0.0,
          "z_score": 0.6039603960396039,
          "weight": 1.0
        },
        "chord_duration_variety": {
          "raw": 1,
          "z_score": -0.20000000000000018,
          "weight": 1.0
        }
      }
    },
    "drums_detail": {
      "total": -1.1401594457070179,
      "features": {
        "duration_variety": {
          "raw": 1,
          "z_score": -1.1734820322180917
        },
        "kick_off_beat_ratio": {
          "raw": 0.5,
          "z_score": 0.23571428571428552
        },
        "velocity_variance": {
          "raw": 4.330127018922194,
          "z_score": -0.2023916992032117
        }
      }
    },
    "ensemble_detail": {
      "total": 1.0447213595499958,
      "dynamic_coherence": 0.7236067977499789
    }
  },
  "metrics": {
    "reward": 0.7034787252388318,
    "note_count": 47,
    "valid_midi": 1.0,
    "unique_durs": 1,
    "has_rests": true
  },
  "has_midi": true,
  "error": null,
  "timestamp": "2025-12-01T22:54:32.764903"
}