{
  "step": 59,
  "rollout_id": 12,
  "key": "F",
  "tempo": 160,
  "reward": 0.8865372203972787,
  "breakdown": {
    "sax": -0.39203868092585986,
    "sax_sig": 0.43502963564423136,
    "bass": -0.1869310193009615,
    "bass_sig": 0.46888508839227766,
    "piano": 2.531108053243158,
    "piano_sig": 0.8438826358018778,
    "drums": 6.5067680402985655,
    "drums_sig": 0.9871038363240595,
    "ensemble": 3.8761831684408183,
    "ensemble_sig": 0.9298326886047786,
    "z_sum": 12.33508956175572,
    "combined": 0.8865372203972787,
    "sax_detail": {
      "total": -0.39203868092585986,
      "variety_gate": 0.5,
      "features": {
        "melodic_entropy": {
          "raw": 1.4353713907745331,
          "z_score": -0.8737000193001399
        },
        "dur_cv": {
          "raw": 0.0,
          "z_score": -0.2978723404255319
        },
        "sax_arpeggio_runs": {
          "raw": 0,
          "z_score": -0.3391684901531729
        },
        "peak_not_late": {
          "raw": 1,
          "z_score": 0.42975206611570255
        },
        "blue_ratio": {
          "raw": 0.25,
          "z_score": 0.4294871794871795
        },
        "rhythm_2grams": {
          "raw": 1,
          "z_score": -0.13257575757575726
        }
      }
    },
    "bass_detail": {
      "total": -0.1869310193009615,
      "direction_gate": 0.5,
      "features": {
        "ioi_swing": {
          "raw": 0.0,
          "z_score": -0.24855491329479767
        },
        "non_chromatic_ratio": {
          "raw": 0.45454545454545453,
          "z_score": -0.12530712530712532
        }
      }
    },
    "piano_detail": {
      "total": 2.531108053243158,
      "variety_gate": 1.0,
      "features": {
        "avg_chord_spread": {
          "raw": 7.0,
          "z_score": -0.4206517139229792
        },
        "gap_ratio": {
          "raw": 0.7777777777777778,
          "z_score": -1.0398692810457517
        },
        "register_separation": {
          "raw": 1.25,
          "z_score": -0.6920368364030336
        },
        "velocity_variance": {
          "raw": 0.06388765649999399,
          "z_score": 4.683665884614922
        }
      }
    },
    "drums_detail": {
      "total": 6.5067680402985655,
      "features": {
        "kick_off_beat_ratio": {
          "raw": 0.6666666666666667,
          "z_score": 1.423167848699764
        },
        "snare_backbeat_ratio": {
          "raw": 0.16666666666666666,
          "z_score": 1.2138364779874213
        },
        "velocity_variance": {
          "raw": 11.436132386735569,
          "z_score": 1.302932030443064
        },
        "duration_variety": {
          "raw": 4,
          "z_score": 2.5668316831683167
        }
      }
    },
    "ensemble_detail": {
      "total": 3.8761831684408183,
      "duration_gate": 1.0,
      "features": {
        "collision_rate": {
          "raw": 0.0,
          "z_score": 1.223404255319149
        },
        "phrase_alignment": {
          "raw": 0.3333333333333333,
          "z_score": 1.4656290531776912
        },
        "texture_density": {
          "raw": 0.772,
          "z_score": -0.37867647058823517
        },
        "harmonic_consonance": {
          "raw": 0.8333333333333334,
          "z_score": 1.565826330532213
        }
      }
    }
  },
  "has_midi": true,
  "error": null,
  "timestamp": "2025-12-01T05:12:26.801953"
}