{
  "id": 27,
  "generation": 27,
  "reward": 0.24280248188079515,
  "breakdown": {
    "sax": -0.7528899301683276,
    "sax_sig": 0.37708801285608634,
    "bass": -2.153608905904223,
    "bass_sig": 0.19220601418902258,
    "piano": -2.9475736068721097,
    "piano_sig": 0.12292166026921197,
    "drums": 1.7098436667170844,
    "drums_sig": 0.7576605031705363,
    "ensemble": -2.6800263872163663,
    "ensemble_sig": 0.1434797244152186,
    "z_sum": -6.824255163443943,
    "combined": 0.24280248188079515,
    "sax_detail": {
      "total": -0.7528899301683276,
      "variety_gate": 0.5,
      "features": {
        "melodic_entropy": {
          "raw": 2.2312702546075758,
          "z_score": -0.3415147510165654
        },
        "dur_cv": {
          "raw": 0.0,
          "z_score": -0.8880854560394412
        },
        "sax_arpeggio_runs": {
          "raw": 0,
          "z_score": -0.4150099290132615
        },
        "peak_not_late": {
          "raw": 1,
          "z_score": 0.6122586439155816
        },
        "blue_ratio": {
          "raw": 0.25,
          "z_score": 0.4129392971246006
        },
        "rhythm_2grams": {
          "raw": 1,
          "z_score": -0.8863676653075695
        }
      }
    },
    "bass_detail": {
      "total": -2.153608905904223,
      "direction_gate": 1.0,
      "features": {
        "ioi_swing": {
          "raw": 0.0,
          "z_score": -0.8105992171032821
        },
        "non_chromatic_ratio": {
          "raw": 0.29411764705882354,
          "z_score": -1.343009688800941
        }
      }
    },
    "piano_detail": {
      "total": -2.9475736068721097,
      "variety_gate": 1.0,
      "features": {
        "avg_chord_spread": {
          "raw": 5.0,
          "z_score": -0.7416593886462883
        },
        "gap_ratio": {
          "raw": 0.6,
          "z_score": -0.7188940092165897
        },
        "register_separation": {
          "raw": 0.8333333333333286,
          "z_score": -0.9080728405881787
        },
        "velocity_variance": {
          "raw": 0.0,
          "z_score": -0.5789473684210527
        }
      }
    },
    "drums_detail": {
      "total": 1.7098436667170844,
      "features": {
        "kick_off_beat_ratio": {
          "raw": 0.0,
          "z_score": -2.7365401301933026
        },
        "snare_backbeat_ratio": {
          "raw": 0.5,
          "z_score": 2.422725877971445
        },
        "velocity_variance": {
          "raw": 0.0,
          "z_score": -1.3587178965954583
        },
        "duration_variety": {
          "raw": 5,
          "z_score": 3.3823758155344
        }
      }
    },
    "ensemble_detail": {
      "total": -2.6800263872163663,
      "duration_gate": 1.0,
      "features": {
        "collision_rate": {
          "raw": 0.3333333333333333,
          "z_score": 0.20771144278606976
        },
        "phrase_alignment": {
          "raw": 0.55,
          "z_score": -0.26250000000000007
        },
        "texture_density": {
          "raw": 0.8960000000000001,
          "z_score": -0.9891598915989163
        },
        "harmonic_consonance": {
          "raw": 0.5813953488372093,
          "z_score": -1.6360779384035196
        }
      }
    }
  },
  "metrics": {
    "reward": 0.24280248188079515,
    "note_count": 70,
    "valid_midi": 1.0,
    "unique_durs": 1,
    "has_rests": true
  },
  "has_midi": true,
  "error": null,
  "timestamp": "2025-11-30T17:30:38.377559"
}