{
  "step": 2,
  "rollout_id": 3,
  "key": "Fm",
  "tempo": 160,
  "reward": 0.2325879309993696,
  "breakdown": {
    "sax": 0.21276666119016055,
    "sax_sig": 0.5354017735753412,
    "bass": -0.46535340142020026,
    "bass_sig": 0.42305723239130283,
    "piano": -0.9360197373473634,
    "piano_sig": 0.34886927237330373,
    "drums": -4.188009767131164,
    "drums_sig": 0.05775766053973085,
    "ensemble": -1.7859170759625806,
    "ensemble_sig": 0.23314960806648063,
    "z_sum": -7.162533320671147,
    "combined": 0.2325879309993696,
    "sax_detail": {
      "total": 0.21276666119016055,
      "variety_gate": 0.0,
      "features": {}
    },
    "bass_detail": {
      "total": -0.46535340142020026,
      "direction_gate": 1.0,
      "features": {
        "ioi_swing": {
          "raw": 0.0,
          "z_score": -0.8105992171032821
        },
        "non_chromatic_ratio": {
          "raw": 0.8260869565217391,
          "z_score": 0.3452458156830818
        }
      }
    },
    "piano_detail": {
      "total": -0.9360197373473634,
      "variety_gate": 0.5,
      "features": {
        "avg_chord_spread": {
          "raw": 7.166666666666667,
          "z_score": -0.36320232896652116
        },
        "gap_ratio": {
          "raw": 0.45454545454545453,
          "z_score": -0.04859656472559689
        },
        "register_separation": {
          "raw": 1.0166666666666657,
          "z_score": -0.8812932125815562
        },
        "velocity_variance": {
          "raw": 0.0,
          "z_score": -0.5789473684210527
        }
      }
    },
    "drums_detail": {
      "total": -4.188009767131164,
      "features": {
        "kick_off_beat_ratio": {
          "raw": 0.5,
          "z_score": -0.8253055108539016
        },
        "snare_backbeat_ratio": {
          "raw": 0.0,
          "z_score": -0.5855710048313247
        },
        "velocity_variance": {
          "raw": 0.0,
          "z_score": -1.3587178965954583
        },
        "duration_variety": {
          "raw": 1,
          "z_score": -1.418415354850479
        }
      }
    },
    "ensemble_detail": {
      "total": -1.7859170759625806,
      "duration_gate": 0.8,
      "features": {
        "collision_rate": {
          "raw": 0.13333333333333333,
          "z_score": 0.9539800995024876
        },
        "phrase_alignment": {
          "raw": 1.0,
          "z_score": -1.66875
        },
        "texture_density": {
          "raw": 0.8560000000000001,
          "z_score": -0.8807588075880761
        },
        "harmonic_consonance": {
          "raw": 0.6923076923076923,
          "z_score": -0.6368676368676371
        }
      }
    }
  },
  "has_midi": true,
  "error": null,
  "timestamp": "2025-11-30T17:27:24.536492"
}