{
  "step": 11,
  "rollout_id": 31,
  "key": "Fm",
  "tempo": 160,
  "reward": 0.4235880473606128,
  "breakdown": {
    "sax": 0.21954524406279713,
    "sax_sig": 0.5365256920006372,
    "bass": 2.1407656516150975,
    "bass_sig": 0.8064610943245233,
    "piano": -1.8776252673097609,
    "piano_sig": 0.22239732164146925,
    "drums": -0.5908779005820326,
    "drums_sig": 0.4027743344169982,
    "ensemble": -1.7401749523718948,
    "ensemble_sig": 0.23864609263117156,
    "z_sum": -1.8483672245857936,
    "combined": 0.4235880473606128,
    "sax_detail": {
      "total": 0.21954524406279713,
      "variety_gate": 0.5,
      "features": {
        "melodic_entropy": {
          "raw": 1.561278124459133,
          "z_score": -1.7246529222561253
        },
        "dur_cv": {
          "raw": 0.0,
          "z_score": -0.8880854560394412
        },
        "sax_arpeggio_runs": {
          "raw": 0,
          "z_score": -0.4150099290132615
        },
        "peak_not_late": {
          "raw": 1,
          "z_score": 0.6122586439155816
        },
        "blue_ratio": {
          "raw": 0.6666666666666666,
          "z_score": 3.7409478168264103
        },
        "rhythm_2grams": {
          "raw": 1,
          "z_score": -0.8863676653075695
        }
      }
    },
    "bass_detail": {
      "total": 2.1407656516150975,
      "direction_gate": 1.0,
      "features": {
        "ioi_swing": {
          "raw": 1.2570787221094175,
          "z_score": 2.9746423429973428
        },
        "non_chromatic_ratio": {
          "raw": 0.45454545454545453,
          "z_score": -0.8338766913822454
        }
      }
    },
    "piano_detail": {
      "total": -1.8776252673097609,
      "variety_gate": 0.5,
      "features": {
        "avg_chord_spread": {
          "raw": 4.0,
          "z_score": -0.9163318777292577
        },
        "gap_ratio": {
          "raw": 0.88,
          "z_score": -2.0092165898617513
        },
        "register_separation": {
          "raw": 5.333333333333329,
          "z_score": -0.25075469860746
        },
        "velocity_variance": {
          "raw": 0.0,
          "z_score": -0.5789473684210527
        }
      }
    },
    "drums_detail": {
      "total": -0.5908779005820326,
      "features": {
        "kick_off_beat_ratio": {
          "raw": 0.5,
          "z_score": -0.8253055108539016
        },
        "snare_backbeat_ratio": {
          "raw": 0.0,
          "z_score": -0.5855710048313247
        },
        "velocity_variance": {
          "raw": 12.133516482134196,
          "z_score": -0.16198161523876686
        },
        "duration_variety": {
          "raw": 3,
          "z_score": 0.9819802303419605
        }
      }
    },
    "ensemble_detail": {
      "total": -1.7401749523718948,
      "duration_gate": 0.8,
      "features": {
        "collision_rate": {
          "raw": 0.0,
          "z_score": 1.4514925373134329
        },
        "phrase_alignment": {
          "raw": 0.5,
          "z_score": -0.10624999999999991
        },
        "texture_density": {
          "raw": 0.5599999999999999,
          "z_score": -0.07859078590785885
        },
        "harmonic_consonance": {
          "raw": 0.38095238095238093,
          "z_score": -3.441870441870442
        }
      }
    }
  },
  "has_midi": true,
  "error": null,
  "timestamp": "2025-11-30T18:19:28.228207"
}