{
  "step": 55,
  "rollout_id": 14,
  "key": "Fm",
  "tempo": 160,
  "reward": 1.0116507065025282,
  "breakdown": {
    "sax": 3.166445615585478,
    "sax_sig": 0.8919642385606584,
    "bass": 3.0770407631913415,
    "bass_sig": 0.8860850183957364,
    "piano": 7.895097302833731,
    "piano_sig": 0.9948489902923258,
    "drums": 2.964878140209853,
    "drums_sig": 0.8783166957205382,
    "ensemble_mult": 1.0447213595499958,
    "z_sum": 17.103461821820403,
    "base_reward": 0.9683450015210635,
    "combined": 1.0116507065025282,
    "sax_detail": {
      "total": 3.166445615585478,
      "variety_gate": 0.5,
      "features": {
        "melodic_entropy": {
          "raw": 0.9975025463691152,
          "z_score": -1.7897436268428553
        },
        "dur_cv": {
          "raw": 0.408248290463863,
          "z_score": 3.0
        },
        "sax_arpeggio_runs": {
          "raw": 0,
          "z_score": -0.3391684901531729
        },
        "peak_not_late": {
          "raw": 1,
          "z_score": 0.42975206611570255
        },
        "blue_ratio": {
          "raw": 0.5,
          "z_score": 2.032051282051282
        },
        "rhythm_2grams": {
          "raw": 4,
          "z_score": 3.0
        }
      }
    },
    "bass_detail": {
      "total": 3.0770407631913415,
      "chromatic_gate": 1.0,
      "direction_gate": 1.0,
      "features": {
        "duration_variety": {
          "raw": 3,
          "z_score": 1.0
        },
        "velocity_variance": {
          "raw": 9.797958971132712,
          "z_score": 1.1994897427831779
        },
        "non_chromatic_ratio": {
          "raw": 0.7142857142857143,
          "z_score": 0.8775510204081634
        }
      }
    },
    "piano_detail": {
      "total": 7.895097302833731,
      "tonic_bonus": 1.2,
      "register_failed": false,
      "avg_pitch": 68.66666666666667,
      "features": {
        "unique_chords": {
          "raw": 3,
          "capped": 3,
          "z_score": 1.0086206896551724,
          "weight": 1.0
        },
        "avg_chord_duration": {
          "raw": 1.5,
          "z_score": 3.0,
          "weight": 1.5
        },
        "cluster_ratio": {
          "raw": 0.0,
          "z_score": 0.6666666666666667,
          "weight": 1.0
        },
        "out_of_key_ratio": {
          "raw": 0.0,
          "z_score": 0.6039603960396039,
          "weight": 1.0
        },
        "chord_duration_variety": {
          "raw": 1,
          "z_score": -0.20000000000000018,
          "weight": 1.0
        }
      }
    },
    "drums_detail": {
      "total": 2.964878140209853,
      "features": {
        "duration_variety": {
          "raw": 3,
          "z_score": 1.3048327137546467
        },
        "kick_off_beat_ratio": {
          "raw": 0.5,
          "z_score": 0.23571428571428552
        },
        "velocity_variance": {
          "raw": 12.133516482134198,
          "z_score": 1.424331140740921
        }
      }
    },
    "ensemble_detail": {
      "total": 1.0447213595499958,
      "dynamic_coherence": 0.7236067977499789
    }
  },
  "has_midi": true,
  "error": null,
  "timestamp": "2025-12-02T15:08:39.160407"
}