{
  "step": 0,
  "rollout_id": 21,
  "key": "D",
  "tempo": 160,
  "reward": 0.18437878639122043,
  "has_midi": true,
  "error": null,
  "timestamp": "2025-11-30T15:56:07.882992"
}