{
  "step": 27,
  "rollout_id": 25,
  "key": "F",
  "tempo": 160,
  "reward": 0.3689209168871133,
  "breakdown": {
    "sax": -0.5475422984678028,
    "sax_sig": 0.40974292802626494,
    "bass": -2.128863793603678,
    "bass_sig": 0.1947803586016382,
    "piano": -0.9440010517874653,
    "piano_sig": 0.34766155878780197,
    "drums": 1.7267123053364664,
    "drums_sig": 0.7597193615517343,
    "ensemble": -1.3273984463393766,
    "ensemble_sig": 0.2921567293227189,
    "z_sum": -3.2210932848618565,
    "combined": 0.3689209168871133,
    "sax_detail": {
      "total": -0.5475422984678028,
      "variety_gate": 0.5,
      "features": {
        "melodic_entropy": {
          "raw": 1.974937501201927,
          "z_score": 0.25509937489942897
        },
        "dur_cv": {
          "raw": 0.0,
          "z_score": -0.2978723404255319
        },
        "sax_arpeggio_runs": {
          "raw": 4,
          "z_score": 2.5784099197665937
        },
        "peak_not_late": {
          "raw": 0,
          "z_score": -2.325068870523416
        },
        "blue_ratio": {
          "raw": 0.0,
          "z_score": -1.1730769230769231
        },
        "rhythm_2grams": {
          "raw": 1,
          "z_score": -0.13257575757575726
        }
      }
    },
    "bass_detail": {
      "total": -2.128863793603678,
      "direction_gate": 1.0,
      "features": {
        "ioi_swing": {
          "raw": 0.0,
          "z_score": -0.24855491329479767
        },
        "non_chromatic_ratio": {
          "raw": 0.0,
          "z_score": -1.88030888030888
        }
      }
    },
    "piano_detail": {
      "total": -0.9440010517874653,
      "variety_gate": 1.0,
      "features": {
        "avg_chord_spread": {
          "raw": 9.0,
          "z_score": 0.4257300042319087
        },
        "gap_ratio": {
          "raw": 0.7,
          "z_score": -0.5823529411764704
        },
        "register_separation": {
          "raw": 1.75,
          "z_score": -0.5566088840736728
        },
        "velocity_variance": {
          "raw": 0.0,
          "z_score": -0.23076923076923078
        }
      }
    },
    "drums_detail": {
      "total": 1.7267123053364664,
      "features": {
        "kick_off_beat_ratio": {
          "raw": 0.5,
          "z_score": 0.2411347517730495
        },
        "snare_backbeat_ratio": {
          "raw": 0.0,
          "z_score": -0.3584905660377358
        },
        "velocity_variance": {
          "raw": 7.637626158259733,
          "z_score": 0.5148601988090733
        },
        "duration_variety": {
          "raw": 3,
          "z_score": 1.3292079207920793
        }
      }
    },
    "ensemble_detail": {
      "total": -1.3273984463393766,
      "duration_gate": 1.0,
      "features": {
        "collision_rate": {
          "raw": 0.1,
          "z_score": 0.6914893617021277
        },
        "phrase_alignment": {
          "raw": 0.6666666666666666,
          "z_score": 0.16861219195849547
        },
        "texture_density": {
          "raw": 0.9279999999999999,
          "z_score": -0.9522058823529407
        },
        "harmonic_consonance": {
          "raw": 0.5,
          "z_score": -1.235294117647059
        }
      }
    }
  },
  "has_midi": true,
  "error": null,
  "timestamp": "2025-12-01T00:01:18.985108"
}