{
  "id": 18,
  "generation": 3,
  "reward": 0.47837718822133446,
  "breakdown": {
    "sax": -0.3346893217749838,
    "sax_sig": 0.4444487251393213,
    "bass": 1.0301393653994813,
    "bass_sig": 0.6652456912542147,
    "piano": -0.26110468326632486,
    "piano_sig": 0.4565921034700736,
    "drums": -0.11746352142761701,
    "drums_sig": 0.48043274476630254,
    "ensemble": -0.8361531942025923,
    "ensemble_sig": 0.3641410515362218,
    "z_sum": -0.5192713552720367,
    "combined": 0.47837718822133446,
    "sax_detail": {
      "total": -0.3346893217749838,
      "variety_gate": 0.25,
      "features": {
        "melodic_entropy": {
          "raw": 1.9362600275315274,
          "z_score": 0.1741841580157477
        },
        "dur_cv": {
          "raw": 0.0,
          "z_score": -0.2978723404255319
        },
        "sax_arpeggio_runs": {
          "raw": 0,
          "z_score": -0.3391684901531729
        },
        "peak_not_late": {
          "raw": 1,
          "z_score": 0.42975206611570255
        },
        "blue_ratio": {
          "raw": 0.0,
          "z_score": -1.1730769230769231
        },
        "rhythm_2grams": {
          "raw": 1,
          "z_score": -0.13257575757575726
        }
      }
    },
    "bass_detail": {
      "total": 1.0301393653994813,
      "direction_gate": 1.0,
      "features": {
        "ioi_swing": {
          "raw": 0.0,
          "z_score": -0.24855491329479767
        },
        "non_chromatic_ratio": {
          "raw": 0.8181818181818182,
          "z_score": 1.278694278694279
        }
      }
    },
    "piano_detail": {
      "total": -0.26110468326632486,
      "variety_gate": 0.5,
      "features": {
        "avg_chord_spread": {
          "raw": 9.0,
          "z_score": 0.4257300042319087
        },
        "gap_ratio": {
          "raw": 0.6666666666666666,
          "z_score": -0.3862745098039215
        },
        "register_separation": {
          "raw": 2.5833333333333286,
          "z_score": -0.33089563019140616
        },
        "velocity_variance": {
          "raw": 0.0,
          "z_score": -0.23076923076923078
        }
      }
    },
    "drums_detail": {
      "total": -0.11746352142761701,
      "features": {
        "kick_off_beat_ratio": {
          "raw": 0.5,
          "z_score": 0.2411347517730495
        },
        "snare_backbeat_ratio": {
          "raw": 0.0,
          "z_score": -0.3584905660377358
        },
        "velocity_variance": {
          "raw": 4.714045207910317,
          "z_score": -0.09169186557877233
        },
        "duration_variety": {
          "raw": 2,
          "z_score": 0.09158415841584167
        }
      }
    },
    "ensemble_detail": {
      "total": -0.8361531942025923,
      "duration_gate": 1.0,
      "features": {
        "collision_rate": {
          "raw": 0.25,
          "z_score": -0.1063829787234042
        },
        "phrase_alignment": {
          "raw": 1.0,
          "z_score": -1.1284046692607006
        },
        "texture_density": {
          "raw": 0.796,
          "z_score": -0.4669117647058823
        },
        "harmonic_consonance": {
          "raw": 0.75,
          "z_score": 0.8655462184873949
        }
      }
    }
  },
  "metrics": {
    "reward": 0.47837718822133446,
    "note_count": 48,
    "valid_midi": 1.0,
    "unique_durs": 1,
    "has_rests": false
  },
  "has_midi": true,
  "error": null,
  "timestamp": "2025-11-30T22:16:45.766913"
}