{
  "id": 4,
  "generation": 11,
  "reward": 0.8533713323617187,
  "breakdown": {
    "sax": -0.8635216605949927,
    "sax_sig": 0.3599269751594567,
    "bass": 1.2779043190467874,
    "bass_sig": 0.7009731494784915,
    "piano": 4.383893168099208,
    "piano_sig": 0.9489521741099435,
    "drums": 4.844319189224125,
    "drums_sig": 0.9619311357226396,
    "ensemble": 0.9251537294278587,
    "ensemble_sig": 0.6494833866948639,
    "z_sum": 10.567748745202985,
    "combined": 0.8533713323617187,
    "sax_detail": {
      "total": -0.8635216605949927,
      "variety_gate": 0.5,
      "features": {
        "melodic_entropy": {
          "raw": 2.1920058354921066,
          "z_score": 0.7092172290629846
        },
        "dur_cv": {
          "raw": 0.0,
          "z_score": -0.2978723404255319
        },
        "sax_arpeggio_runs": {
          "raw": 0,
          "z_score": -0.3391684901531729
        },
        "peak_not_late": {
          "raw": 0,
          "z_score": -2.325068870523416
        },
        "blue_ratio": {
          "raw": 0.2857142857142857,
          "z_score": 0.6584249084249083
        },
        "rhythm_2grams": {
          "raw": 1,
          "z_score": -0.13257575757575726
        }
      }
    },
    "bass_detail": {
      "total": 1.2779043190467874,
      "direction_gate": 1.0,
      "features": {
        "ioi_swing": {
          "raw": 0.0,
          "z_score": -0.24855491329479767
        },
        "non_chromatic_ratio": {
          "raw": 0.8823529411764706,
          "z_score": 1.526459232341585
        }
      }
    },
    "piano_detail": {
      "total": 4.383893168099208,
      "variety_gate": 1.0,
      "features": {
        "avg_chord_spread": {
          "raw": 8.0,
          "z_score": 0.0025391451544647596
        },
        "gap_ratio": {
          "raw": 0.45454545454545453,
          "z_score": 0.8614973262032085
        },
        "register_separation": {
          "raw": 0.9464285714285694,
          "z_score": -0.7742609503172889
        },
        "velocity_variance": {
          "raw": 0.058823529411764705,
          "z_score": 4.294117647058823
        }
      }
    },
    "drums_detail": {
      "total": 4.844319189224125,
      "features": {
        "kick_off_beat_ratio": {
          "raw": 0.6666666666666667,
          "z_score": 1.423167848699764
        },
        "snare_backbeat_ratio": {
          "raw": 0.0,
          "z_score": -0.3584905660377358
        },
        "velocity_variance": {
          "raw": 11.00174527675802,
          "z_score": 1.2128102233937803
        },
        "duration_variety": {
          "raw": 4,
          "z_score": 2.5668316831683167
        }
      }
    },
    "ensemble_detail": {
      "total": 0.9251537294278587,
      "duration_gate": 1.0,
      "features": {
        "collision_rate": {
          "raw": 0.0,
          "z_score": 1.223404255319149
        },
        "phrase_alignment": {
          "raw": 0.5,
          "z_score": 0.8171206225680933
        },
        "texture_density": {
          "raw": 0.484,
          "z_score": 0.6801470588235295
        },
        "harmonic_consonance": {
          "raw": 0.43333333333333335,
          "z_score": -1.7955182072829132
        }
      }
    }
  },
  "metrics": {
    "reward": 0.8533713323617187,
    "note_count": 99,
    "valid_midi": 1.0,
    "unique_durs": 1,
    "has_rests": true
  },
  "has_midi": true,
  "error": null,
  "timestamp": "2025-11-30T21:32:56.618732"
}