{
  "step": 10,
  "rollout_id": 11,
  "key": "C",
  "tempo": 120,
  "reward": 0.5169571400568795,
  "has_midi": true,
  "error": null,
  "timestamp": "2025-11-29T22:56:47.632661"
}