{
  "step": 3,
  "rollout_id": 18,
  "key": "D",
  "tempo": 160,
  "reward": 0.5294415297724379,
  "breakdown": {
    "sax": 0.06177538832405468,
    "sax_sig": 0.5102944430714619,
    "bass": -0.373862038601923,
    "bass_sig": 0.43801023530346195,
    "piano": 0.3708924276040261,
    "piano_sig": 0.5615023774861504,
    "drums": -0.11746352142761701,
    "drums_sig": 0.48043274476630254,
    "ensemble": 0.7660728025790993,
    "ensemble_sig": 0.624974119475634,
    "z_sum": 0.70741505847764,
    "combined": 0.5294415297724379,
    "sax_detail": {
      "total": 0.06177538832405468,
      "variety_gate": 0.25,
      "features": {
        "melodic_entropy": {
          "raw": 1.6729330318733675,
          "z_score": -0.37670913834023534
        },
        "dur_cv": {
          "raw": 0.0,
          "z_score": -0.2978723404255319
        },
        "sax_arpeggio_runs": {
          "raw": 0,
          "z_score": -0.3391684901531729
        },
        "peak_not_late": {
          "raw": 1,
          "z_score": 0.42975206611570255
        },
        "blue_ratio": {
          "raw": 0.3333333333333333,
          "z_score": 0.9636752136752136
        },
        "rhythm_2grams": {
          "raw": 1,
          "z_score": -0.13257575757575726
        }
      }
    },
    "bass_detail": {
      "total": -0.373862038601923,
      "direction_gate": 1.0,
      "features": {
        "ioi_swing": {
          "raw": 0.0,
          "z_score": -0.24855491329479767
        },
        "non_chromatic_ratio": {
          "raw": 0.45454545454545453,
          "z_score": -0.12530712530712532
        }
      }
    },
    "piano_detail": {
      "total": 0.3708924276040261,
      "variety_gate": 0.5,
      "features": {
        "avg_chord_spread": {
          "raw": 9.0,
          "z_score": 0.4257300042319087
        },
        "gap_ratio": {
          "raw": 0.6666666666666666,
          "z_score": -0.3862745098039215
        },
        "register_separation": {
          "raw": 7.25,
          "z_score": 0.9330985915492956
        },
        "velocity_variance": {
          "raw": 0.0,
          "z_score": -0.23076923076923078
        }
      }
    },
    "drums_detail": {
      "total": -0.11746352142761701,
      "features": {
        "kick_off_beat_ratio": {
          "raw": 0.5,
          "z_score": 0.2411347517730495
        },
        "snare_backbeat_ratio": {
          "raw": 0.0,
          "z_score": -0.3584905660377358
        },
        "velocity_variance": {
          "raw": 4.714045207910317,
          "z_score": -0.09169186557877233
        },
        "duration_variety": {
          "raw": 2,
          "z_score": 0.09158415841584167
        }
      }
    },
    "ensemble_detail": {
      "total": 0.7660728025790993,
      "duration_gate": 1.0,
      "features": {
        "collision_rate": {
          "raw": 0.16666666666666666,
          "z_score": 0.3368794326241136
        },
        "phrase_alignment": {
          "raw": 1.0,
          "z_score": -1.1284046692607006
        },
        "texture_density": {
          "raw": 0.576,
          "z_score": 0.34191176470588264
        },
        "harmonic_consonance": {
          "raw": 0.7916666666666666,
          "z_score": 1.2156862745098036
        }
      }
    }
  },
  "has_midi": true,
  "error": null,
  "timestamp": "2025-11-30T22:19:44.477181"
}