{
  "step": 3,
  "rollout_id": 3,
  "key": "Dm",
  "tempo": 160,
  "reward": 0.48116445354846943,
  "breakdown": {
    "sax": -0.6339323941250598,
    "sax_sig": 0.3958895957187241,
    "bass": -0.19836186310174744,
    "bass_sig": 0.46698778457036083,
    "piano": -0.1256767309369631,
    "piano_sig": 0.47906612278425303,
    "drums": -0.7232799729879674,
    "drums_sig": 0.38173591310850735,
    "ensemble": 1.2289838261688664,
    "ensemble_sig": 0.6940925175221903,
    "z_sum": -0.4522671349828713,
    "combined": 0.48116445354846943,
    "sax_detail": {
      "total": -0.6339323941250598,
      "variety_gate": 0.25,
      "features": {
        "melodic_entropy": {
          "raw": 2.0,
          "z_score": 0.30753138075313813
        },
        "dur_cv": {
          "raw": 0.0,
          "z_score": -0.2978723404255319
        },
        "sax_arpeggio_runs": {
          "raw": 0,
          "z_score": -0.3391684901531729
        },
        "peak_not_late": {
          "raw": 0,
          "z_score": -2.325068870523416
        },
        "blue_ratio": {
          "raw": 0.2222222222222222,
          "z_score": 0.25142450142450135
        },
        "rhythm_2grams": {
          "raw": 1,
          "z_score": -0.13257575757575726
        }
      }
    },
    "bass_detail": {
      "total": -0.19836186310174744,
      "direction_gate": 1.0,
      "features": {
        "ioi_swing": {
          "raw": 0.0,
          "z_score": -0.24855491329479767
        },
        "non_chromatic_ratio": {
          "raw": 0.5,
          "z_score": 0.05019305019305024
        }
      }
    },
    "piano_detail": {
      "total": -0.1256767309369631,
      "variety_gate": 0.5,
      "features": {
        "avg_chord_spread": {
          "raw": 9.0,
          "z_score": 0.4257300042319087
        },
        "gap_ratio": {
          "raw": 0.6666666666666666,
          "z_score": -0.3862745098039215
        },
        "register_separation": {
          "raw": 3.5833333333333357,
          "z_score": -0.06003972553268268
        },
        "velocity_variance": {
          "raw": 0.0,
          "z_score": -0.23076923076923078
        }
      }
    },
    "drums_detail": {
      "total": -0.7232799729879674,
      "features": {
        "kick_off_beat_ratio": {
          "raw": 0.5,
          "z_score": 0.2411347517730495
        },
        "snare_backbeat_ratio": {
          "raw": 0.0,
          "z_score": -0.3584905660377358
        },
        "velocity_variance": {
          "raw": 7.759356446042894,
          "z_score": 0.5401154452371149
        },
        "duration_variety": {
          "raw": 1,
          "z_score": -1.146039603960396
        }
      }
    },
    "ensemble_detail": {
      "total": 1.2289838261688664,
      "duration_gate": 0.8,
      "features": {
        "collision_rate": {
          "raw": 0.1111111111111111,
          "z_score": 0.632387706855792
        },
        "phrase_alignment": {
          "raw": 0.5,
          "z_score": 0.8171206225680933
        },
        "texture_density": {
          "raw": 0.78,
          "z_score": -0.4080882352941176
        },
        "harmonic_consonance": {
          "raw": 0.7058823529411765,
          "z_score": 0.49480968858131513
        }
      }
    }
  },
  "has_midi": true,
  "error": null,
  "timestamp": "2025-11-30T22:20:08.826507"
}