{
  "step": 12,
  "rollout_id": 2,
  "key": "C",
  "tempo": 120,
  "reward": 0.4055228421402772,
  "has_midi": true,
  "error": null,
  "timestamp": "2025-11-29T23:00:58.096122"
}