{
  "id": 17,
  "generation": 49,
  "reward": 0.5660913739458945,
  "breakdown": {
    "sax": 2.618883128338766,
    "sax_sig": 0.8514377192293466,
    "bass": 1.732140067400183,
    "bass_sig": 0.7603792842765911,
    "piano": -2.484216469973417,
    "piano_sig": 0.16028025624029493,
    "drums": -2.215749147528861,
    "drums_sig": 0.18585584503363473,
    "ensemble": 1.9444716038771472,
    "ensemble_sig": 0.7852140495993163,
    "z_sum": 1.5955291821138184,
    "combined": 0.5660913739458945,
    "sax_detail": {
      "total": 2.618883128338766,
      "variety_gate": 1.0,
      "features": {
        "melodic_entropy": {
          "raw": 2.2516291673878226,
          "z_score": 0.8339522330289176
        },
        "dur_cv": {
          "raw": 0.6324555320336758,
          "z_score": 3.0
        },
        "sax_arpeggio_runs": {
          "raw": 0,
          "z_score": -0.3391684901531729
        },
        "peak_not_late": {
          "raw": 1,
          "z_score": 0.42975206611570255
        },
        "blue_ratio": {
          "raw": 0.0,
          "z_score": -1.1730769230769231
        },
        "rhythm_2grams": {
          "raw": 1,
          "z_score": -0.13257575757575726
        }
      }
    },
    "bass_detail": {
      "total": 1.732140067400183,
      "direction_gate": 1.0,
      "features": {
        "ioi_swing": {
          "raw": 0.0,
          "z_score": -0.24855491329479767
        },
        "non_chromatic_ratio": {
          "raw": 1.0,
          "z_score": 1.9806949806949807
        }
      }
    },
    "piano_detail": {
      "total": -2.484216469973417,
      "variety_gate": 1.0,
      "features": {
        "avg_chord_spread": {
          "raw": 5.0,
          "z_score": -1.2670334320778671
        },
        "gap_ratio": {
          "raw": 0.6666666666666666,
          "z_score": -0.3862745098039215
        },
        "register_separation": {
          "raw": 1.5892857142857082,
          "z_score": -0.6001392973223976
        },
        "velocity_variance": {
          "raw": 0.0,
          "z_score": -0.23076923076923078
        }
      }
    },
    "drums_detail": {
      "total": -2.215749147528861,
      "features": {
        "kick_off_beat_ratio": {
          "raw": 0.0,
          "z_score": -3.0
        },
        "snare_backbeat_ratio": {
          "raw": 0.4,
          "z_score": 3.0
        },
        "velocity_variance": {
          "raw": 0.0,
          "z_score": -1.0697095435684647
        },
        "duration_variety": {
          "raw": 1,
          "z_score": -1.146039603960396
        }
      }
    },
    "ensemble_detail": {
      "total": 1.9444716038771472,
      "duration_gate": 1.0,
      "features": {
        "collision_rate": {
          "raw": 0.14285714285714285,
          "z_score": 0.4635258358662615
        },
        "phrase_alignment": {
          "raw": 0.5,
          "z_score": 0.8171206225680933
        },
        "texture_density": {
          "raw": 0.592,
          "z_score": 0.28308823529411786
        },
        "harmonic_consonance": {
          "raw": 0.6923076923076923,
          "z_score": 0.38073691014867456
        }
      }
    }
  },
  "metrics": {
    "reward": 0.5660913739458945,
    "note_count": 50,
    "valid_midi": 1.0,
    "unique_durs": 2,
    "has_rests": true
  },
  "has_midi": true,
  "error": null,
  "timestamp": "2025-12-01T04:36:36.215663"
}