{
  "id": 9,
  "generation": 59,
  "reward": 0.6999286919886454,
  "breakdown": {
    "sax": -1.2814344065484746,
    "sax_sig": 0.29853379001040453,
    "bass": -1.1876535626535627,
    "bass_sig": 0.3117889481187919,
    "piano": 8.05510982132696,
    "piano_sig": 0.9953677668687112,
    "drums": -2.0739764382976738,
    "drums_sig": 0.20058358158194256,
    "ensemble_mult": 1.0466666666666666,
    "z_sum": 3.5120454138272486,
    "base_reward": 0.6687216802439288,
    "combined": 0.6999286919886454,
    "sax_detail": {
      "total": -1.2814344065484746,
      "variety_gate": 0.5,
      "features": {
        "melodic_entropy": {
          "raw": 1.7924812503605778,
          "z_score": -0.12660826284397944
        },
        "dur_cv": {
          "raw": 0.0,
          "z_score": -0.2978723404255319
        },
        "sax_arpeggio_runs": {
          "raw": 0,
          "z_score": -0.3391684901531729
        },
        "peak_not_late": {
          "raw": 0,
          "z_score": -2.325068870523416
        },
        "blue_ratio": {
          "raw": 0.2857142857142857,
          "z_score": 0.6584249084249083
        },
        "rhythm_2grams": {
          "raw": 1,
          "z_score": -0.13257575757575726
        }
      }
    },
    "bass_detail": {
      "total": -1.1876535626535627,
      "chromatic_gate": 0.5,
      "direction_gate": 1.0,
      "features": {
        "duration_variety": {
          "raw": 1,
          "z_score": -1.0
        },
        "velocity_variance": {
          "raw": 0.0,
          "z_score": -1.25
        },
        "non_chromatic_ratio": {
          "raw": 0.45454545454545453,
          "z_score": -0.12530712530712532
        }
      }
    },
    "piano_detail": {
      "total": 8.05510982132696,
      "tonic_bonus": 1.0,
      "register_failed": false,
      "avg_pitch": 66.78571428571429,
      "features": {
        "unique_chords": {
          "raw": 1,
          "capped": 1,
          "z_score": -0.7155172413793105,
          "weight": 1.0
        },
        "avg_chord_duration": {
          "raw": 1.0,
          "z_score": 3.0,
          "weight": 1.5
        },
        "cluster_ratio": {
          "raw": 0.0,
          "z_score": 0.6666666666666667,
          "weight": 1.0
        },
        "out_of_key_ratio": {
          "raw": 0.0,
          "z_score": 0.6039603960396039,
          "weight": 1.0
        },
        "chord_duration_variety": {
          "raw": 2,
          "z_score": 3.0,
          "weight": 1.0
        }
      }
    },
    "drums_detail": {
      "total": -2.0739764382976738,
      "features": {
        "duration_variety": {
          "raw": 2,
          "z_score": 0.06567534076827748
        },
        "kick_off_beat_ratio": {
          "raw": 0.0,
          "z_score": -3.0
        },
        "velocity_variance": {
          "raw": 9.428090415820632,
          "z_score": 0.8603482209340488
        }
      }
    },
    "ensemble_detail": {
      "total": 1.0466666666666666,
      "dynamic_coherence": 0.7333333333333333
    }
  },
  "metrics": {
    "reward": 0.6999286919886454,
    "note_count": 45,
    "valid_midi": 1.0,
    "unique_durs": 1,
    "has_rests": true
  },
  "has_midi": true,
  "error": null,
  "timestamp": "2025-12-02T16:57:14.078342"
}