{
  "step": 7,
  "rollout_id": 19,
  "key": "F",
  "tempo": 160,
  "reward": 0.5669784126430383,
  "breakdown": {
    "sax": 3.41729454641407,
    "sax_sig": 0.9070551009050397,
    "bass": -0.02286168760157209,
    "bass_sig": 0.4961897924894788,
    "piano": -1.7640043269235708,
    "piano_sig": 0.2357716491819423,
    "drums": -1.0954811994173095,
    "drums_sig": 0.3251243340991838,
    "ensemble": 1.0822545553806695,
    "ensemble_sig": 0.6729379101373912,
    "z_sum": 1.6172018878522874,
    "combined": 0.5669784126430383,
    "sax_detail": {
      "total": 3.41729454641407,
      "variety_gate": 1.0,
      "features": {
        "melodic_entropy": {
          "raw": 1.75,
          "z_score": -0.21548117154811713
        },
        "dur_cv": {
          "raw": 0.282842712474619,
          "z_score": 2.711092685900202
        },
        "sax_arpeggio_runs": {
          "raw": 0,
          "z_score": -0.3391684901531729
        },
        "peak_not_late": {
          "raw": 1,
          "z_score": 0.42975206611570255
        },
        "blue_ratio": {
          "raw": 0.3333333333333333,
          "z_score": 0.9636752136752136
        },
        "rhythm_2grams": {
          "raw": 1,
          "z_score": -0.13257575757575726
        }
      }
    },
    "bass_detail": {
      "total": -0.02286168760157209,
      "direction_gate": 1.0,
      "features": {
        "ioi_swing": {
          "raw": 0.0,
          "z_score": -0.24855491329479767
        },
        "non_chromatic_ratio": {
          "raw": 0.5454545454545454,
          "z_score": 0.22569322569322559
        }
      }
    },
    "piano_detail": {
      "total": -1.7640043269235708,
      "variety_gate": 1.0,
      "features": {
        "avg_chord_spread": {
          "raw": 6.0,
          "z_score": -0.8438425730004231
        },
        "gap_ratio": {
          "raw": 0.6363636363636364,
          "z_score": -0.2080213903743316
        },
        "register_separation": {
          "raw": 2.0277777777777715,
          "z_score": -0.4813711327795852
        },
        "velocity_variance": {
          "raw": 0.0,
          "z_score": -0.23076923076923078
        }
      }
    },
    "drums_detail": {
      "total": -1.0954811994173095,
      "features": {
        "kick_off_beat_ratio": {
          "raw": 0.5,
          "z_score": 0.2411347517730495
        },
        "snare_backbeat_ratio": {
          "raw": 0.0,
          "z_score": -0.3584905660377358
        },
        "velocity_variance": {
          "raw": 0.0,
          "z_score": -1.0697095435684647
        },
        "duration_variety": {
          "raw": 2,
          "z_score": 0.09158415841584167
        }
      }
    },
    "ensemble_detail": {
      "total": 1.0822545553806695,
      "duration_gate": 0.8,
      "features": {
        "collision_rate": {
          "raw": 0.1111111111111111,
          "z_score": 0.632387706855792
        },
        "phrase_alignment": {
          "raw": 0.25,
          "z_score": 1.7898832684824901
        },
        "texture_density": {
          "raw": 0.8960000000000001,
          "z_score": -0.834558823529412
        },
        "harmonic_consonance": {
          "raw": 0.6190476190476191,
          "z_score": -0.23489395758303322
        }
      }
    }
  },
  "has_midi": true,
  "error": null,
  "timestamp": "2025-11-30T21:51:13.448107"
}