{
  "step": 4,
  "rollout_id": 27,
  "key": "Dm",
  "tempo": 160,
  "reward": 0.33951137089144107,
  "breakdown": {
    "sax": -0.05705583098533225,
    "sax_sig": 0.49049184119904116,
    "bass": 0.328138663398779,
    "bass_sig": 0.5544727151659504,
    "piano": -0.9156516275730928,
    "piano_sig": 0.351960107583381,
    "drums": -3.2231407738853957,
    "drums_sig": 0.1044471050360241,
    "ensemble": -0.125125243408068,
    "ensemble_sig": 0.4791578769596599,
    "z_sum": -3.99283481245311,
    "combined": 0.33951137089144107,
    "sax_detail": {
      "total": -0.05705583098533225,
      "variety_gate": 0.5,
      "features": {
        "melodic_entropy": {
          "raw": 2.5216406363433186,
          "z_score": 1.398829783145018
        },
        "dur_cv": {
          "raw": 0.0,
          "z_score": -0.2978723404255319
        },
        "sax_arpeggio_runs": {
          "raw": 0,
          "z_score": -0.3391684901531729
        },
        "peak_not_late": {
          "raw": 1,
          "z_score": 0.42975206611570255
        },
        "blue_ratio": {
          "raw": 0.0,
          "z_score": -1.1730769230769231
        },
        "rhythm_2grams": {
          "raw": 1,
          "z_score": -0.13257575757575726
        }
      }
    },
    "bass_detail": {
      "total": 0.328138663398779,
      "direction_gate": 1.0,
      "features": {
        "ioi_swing": {
          "raw": 0.0,
          "z_score": -0.24855491329479767
        },
        "non_chromatic_ratio": {
          "raw": 0.6363636363636364,
          "z_score": 0.5766935766935767
        }
      }
    },
    "piano_detail": {
      "total": -0.9156516275730928,
      "variety_gate": 0.5,
      "features": {
        "avg_chord_spread": {
          "raw": 7.0,
          "z_score": -0.4206517139229792
        },
        "gap_ratio": {
          "raw": 0.6666666666666666,
          "z_score": -0.3862745098039215
        },
        "register_separation": {
          "raw": 0.875,
          "z_score": -0.7936078006500542
        },
        "velocity_variance": {
          "raw": 0.0,
          "z_score": -0.23076923076923078
        }
      }
    },
    "drums_detail": {
      "total": -3.2231407738853957,
      "features": {
        "kick_off_beat_ratio": {
          "raw": 0.19999999999999996,
          "z_score": -1.8865248226950362
        },
        "snare_backbeat_ratio": {
          "raw": 0.0,
          "z_score": -0.3584905660377358
        },
        "velocity_variance": {
          "raw": 0.0,
          "z_score": -1.0697095435684647
        },
        "duration_variety": {
          "raw": 2,
          "z_score": 0.09158415841584167
        }
      }
    },
    "ensemble_detail": {
      "total": -0.125125243408068,
      "duration_gate": 0.8,
      "features": {
        "collision_rate": {
          "raw": 0.125,
          "z_score": 0.5585106382978724
        },
        "phrase_alignment": {
          "raw": 0.5,
          "z_score": 0.8171206225680933
        },
        "texture_density": {
          "raw": 0.8640000000000001,
          "z_score": -0.7169117647058826
        },
        "harmonic_consonance": {
          "raw": 0.55,
          "z_score": -0.815126050420168
        }
      }
    }
  },
  "has_midi": true,
  "error": null,
  "timestamp": "2025-11-30T21:32:34.880343"
}