{
  "step": 5,
  "rollout_id": 0,
  "key": "C",
  "tempo": 120,
  "reward": 0.5201391232615348,
  "has_midi": true,
  "error": null,
  "timestamp": "2025-11-29T22:39:26.310810"
}