{
  "id": 29,
  "generation": 18,
  "reward": 0.28221194713284514,
  "breakdown": {
    "sax": 0.2348898404656427,
    "sax_sig": 0.5390685046908947,
    "bass": -1.134037441842681,
    "bass_sig": 0.3195099116055864,
    "piano": -0.9568151443913309,
    "piano_sig": 0.34572665761121335,
    "drums": -3.4347059462242795,
    "drums_sig": 0.09197092002038944,
    "ensemble": -0.31042706957568644,
    "ensemble_sig": 0.4484460237569047,
    "z_sum": -5.6010957615683346,
    "combined": 0.28221194713284514,
    "sax_detail": {
      "total": 0.2348898404656427,
      "variety_gate": 0.0,
      "features": {}
    },
    "bass_detail": {
      "total": -1.134037441842681,
      "direction_gate": 1.0,
      "features": {
        "ioi_swing": {
          "raw": 0.0,
          "z_score": -0.8105992171032821
        },
        "non_chromatic_ratio": {
          "raw": 0.6153846153846154,
          "z_score": -0.32343822473939904
        }
      }
    },
    "piano_detail": {
      "total": -0.9568151443913309,
      "variety_gate": 0.5,
      "features": {
        "avg_chord_spread": {
          "raw": 7.5,
          "z_score": -0.30497816593886473
        },
        "gap_ratio": {
          "raw": 0.45454545454545453,
          "z_score": -0.04859656472559689
        },
        "register_separation": {
          "raw": 0.3333333333333286,
          "z_score": -0.9811081896971474
        },
        "velocity_variance": {
          "raw": 0.0,
          "z_score": -0.5789473684210527
        }
      }
    },
    "drums_detail": {
      "total": -3.4347059462242795,
      "features": {
        "kick_off_beat_ratio": {
          "raw": 0.5,
          "z_score": -0.8253055108539016
        },
        "snare_backbeat_ratio": {
          "raw": 0.0,
          "z_score": -0.5855710048313247
        },
        "velocity_variance": {
          "raw": 7.637626158259733,
          "z_score": -0.605414075688574
        },
        "duration_variety": {
          "raw": 1,
          "z_score": -1.418415354850479
        }
      }
    },
    "ensemble_detail": {
      "total": -0.31042706957568644,
      "duration_gate": 1.0,
      "features": {
        "collision_rate": {
          "raw": 0.0,
          "z_score": 1.4514925373134329
        },
        "phrase_alignment": {
          "raw": 0.5,
          "z_score": -0.10624999999999991
        },
        "texture_density": {
          "raw": 0.9800000000000001,
          "z_score": -1.2168021680216805
        },
        "harmonic_consonance": {
          "raw": 0.7142857142857143,
          "z_score": -0.43886743886743884
        }
      }
    }
  },
  "metrics": {
    "reward": 0.28221194713284514,
    "note_count": 53,
    "valid_midi": 1.0,
    "unique_durs": 1,
    "has_rests": false
  },
  "has_midi": true,
  "error": null,
  "timestamp": "2025-11-30T17:25:00.409060"
}