{
  "id": 25,
  "generation": 7,
  "reward": 0.5850320156608098,
  "breakdown": {
    "sax": 0.0067569404407510775,
    "sax_sig": 0.5011261548358296,
    "bass": 0.328138663398779,
    "bass_sig": 0.5544727151659504,
    "piano": -0.30341517239334587,
    "piano_sig": 0.4496025256863204,
    "drums": 1.6588789415345624,
    "drums_sig": 0.7513675592909108,
    "ensemble": 0.3704318406723561,
    "ensemble_sig": 0.5614267730301012,
    "z_sum": 2.060791213653103,
    "combined": 0.5850320156608098,
    "sax_detail": {
      "total": 0.0067569404407510775,
      "variety_gate": 0.5,
      "features": {
        "melodic_entropy": {
          "raw": 1.561278124459133,
          "z_score": -0.610296810754952
        },
        "dur_cv": {
          "raw": 0.0,
          "z_score": -0.2978723404255319
        },
        "sax_arpeggio_runs": {
          "raw": 0,
          "z_score": -0.3391684901531729
        },
        "peak_not_late": {
          "raw": 1,
          "z_score": 0.42975206611570255
        },
        "blue_ratio": {
          "raw": 0.3333333333333333,
          "z_score": 0.9636752136752136
        },
        "rhythm_2grams": {
          "raw": 1,
          "z_score": -0.13257575757575726
        }
      }
    },
    "bass_detail": {
      "total": 0.328138663398779,
      "direction_gate": 1.0,
      "features": {
        "ioi_swing": {
          "raw": 0.0,
          "z_score": -0.24855491329479767
        },
        "non_chromatic_ratio": {
          "raw": 0.6363636363636364,
          "z_score": 0.5766935766935767
        }
      }
    },
    "piano_detail": {
      "total": -0.30341517239334587,
      "variety_gate": 0.5,
      "features": {
        "avg_chord_spread": {
          "raw": 8.0,
          "z_score": 0.0025391451544647596
        },
        "gap_ratio": {
          "raw": 0.6666666666666666,
          "z_score": -0.3862745098039215
        },
        "register_separation": {
          "raw": 3.8333333333333286,
          "z_score": 0.007674250631995784
        },
        "velocity_variance": {
          "raw": 0.0,
          "z_score": -0.23076923076923078
        }
      }
    },
    "drums_detail": {
      "total": 1.6588789415345624,
      "features": {
        "kick_off_beat_ratio": {
          "raw": 0.6666666666666667,
          "z_score": 1.423167848699764
        },
        "snare_backbeat_ratio": {
          "raw": 0.16666666666666666,
          "z_score": 1.2138364779874213
        },
        "velocity_variance": {
          "raw": 0.0,
          "z_score": -1.0697095435684647
        },
        "duration_variety": {
          "raw": 2,
          "z_score": 0.09158415841584167
        }
      }
    },
    "ensemble_detail": {
      "total": 0.3704318406723561,
      "duration_gate": 1.0,
      "features": {
        "collision_rate": {
          "raw": 0.0,
          "z_score": 1.223404255319149
        },
        "phrase_alignment": {
          "raw": 0.5,
          "z_score": 0.8171206225680933
        },
        "texture_density": {
          "raw": 0.624,
          "z_score": 0.16544117647058837
        },
        "harmonic_consonance": {
          "raw": 0.42857142857142855,
          "z_score": -1.8355342136854746
        }
      }
    }
  },
  "metrics": {
    "reward": 0.5850320156608098,
    "note_count": 65,
    "valid_midi": 1.0,
    "unique_durs": 1,
    "has_rests": true
  },
  "has_midi": true,
  "error": null,
  "timestamp": "2025-11-30T22:37:28.669133"
}