{
  "step": 8,
  "rollout_id": 10,
  "key": "F",
  "tempo": 160,
  "reward": 0.8283176234689028,
  "breakdown": {
    "sax": 0.6047564844229967,
    "sax_sig": 0.5994492854628128,
    "bass": -1.3223060723060722,
    "bass_sig": 0.29285929700889063,
    "piano": 5.754165244110618,
    "piano_sig": 0.9788783782875253,
    "drums": 1.6746387064140251,
    "drums_sig": 0.7533251381487623,
    "ensemble_mult": 1.0447213595499958,
    "z_sum": 6.711254362641568,
    "base_reward": 0.79285985291398,
    "combined": 0.8283176234689028,
    "sax_detail": {
      "total": 0.6047564844229967,
      "variety_gate": 0.5,
      "features": {
        "melodic_entropy": {
          "raw": 2.5503407095463886,
          "z_score": 1.4588717772937
        },
        "dur_cv": {
          "raw": 0.0,
          "z_score": -0.2978723404255319
        },
        "sax_arpeggio_runs": {
          "raw": 1,
          "z_score": 0.39022611232676874
        },
        "peak_not_late": {
          "raw": 1,
          "z_score": 0.42975206611570255
        },
        "blue_ratio": {
          "raw": 0.08333333333333333,
          "z_score": -0.6388888888888888
        },
        "rhythm_2grams": {
          "raw": 1,
          "z_score": -0.13257575757575726
        }
      }
    },
    "bass_detail": {
      "total": -1.3223060723060722,
      "chromatic_gate": 1.0,
      "direction_gate": 1.0,
      "features": {
        "duration_variety": {
          "raw": 1,
          "z_score": -1.0
        },
        "velocity_variance": {
          "raw": 0.0,
          "z_score": -1.25
        },
        "non_chromatic_ratio": {
          "raw": 0.7272727272727273,
          "z_score": 0.9276939276939278
        }
      }
    },
    "piano_detail": {
      "total": 5.754165244110618,
      "tonic_bonus": 1.0,
      "register_failed": false,
      "avg_pitch": 83.83333333333333,
      "features": {
        "unique_chords": {
          "raw": 3,
          "capped": 3,
          "z_score": 1.0086206896551724,
          "weight": 1.0
        },
        "avg_chord_duration": {
          "raw": 1.5,
          "z_score": 3.0,
          "weight": 1.5
        },
        "cluster_ratio": {
          "raw": 0.0,
          "z_score": 0.6666666666666667,
          "weight": 1.0
        },
        "out_of_key_ratio": {
          "raw": 0.08333333333333333,
          "z_score": -0.22112211221122108,
          "weight": 1.0
        },
        "chord_duration_variety": {
          "raw": 1,
          "z_score": -0.20000000000000018,
          "weight": 1.0
        }
      }
    },
    "drums_detail": {
      "total": 1.6746387064140251,
      "features": {
        "duration_variety": {
          "raw": 4,
          "z_score": 2.5439900867410157
        },
        "kick_off_beat_ratio": {
          "raw": 0.5,
          "z_score": 0.23571428571428552
        },
        "velocity_variance": {
          "raw": 0.0,
          "z_score": -1.1050656660412759
        }
      }
    },
    "ensemble_detail": {
      "total": 1.0447213595499958,
      "dynamic_coherence": 0.7236067977499789
    }
  },
  "has_midi": true,
  "error": null,
  "timestamp": "2025-12-01T22:07:07.654463"
}