{
  "step": 39,
  "rollout_id": 27,
  "key": "F",
  "tempo": 160,
  "reward": 0.9086501254923268,
  "breakdown": {
    "sax": -1.1779518139127763,
    "sax_sig": 0.3131784802822622,
    "bass": 5.842072616004589,
    "bass_sig": 0.9800566589060479,
    "piano": 5.512381435616957,
    "piano_sig": 0.9752753943055675,
    "drums": 2.6594696339411263,
    "drums_sig": 0.8548278415504731,
    "ensemble": 0.9476073917438486,
    "ensemble_sig": 0.6528835030875939,
    "z_sum": 13.783579263393744,
    "combined": 0.9086501254923268,
    "sax_detail": {
      "total": -1.1779518139127763,
      "variety_gate": 0.5,
      "features": {
        "melodic_entropy": {
          "raw": 0.6840384356390417,
          "z_score": -2.4455262852739716
        },
        "dur_cv": {
          "raw": 0.0,
          "z_score": -0.2978723404255319
        },
        "sax_arpeggio_runs": {
          "raw": 0,
          "z_score": -0.3391684901531729
        },
        "peak_not_late": {
          "raw": 1,
          "z_score": 0.42975206611570255
        },
        "blue_ratio": {
          "raw": 0.25,
          "z_score": 0.4294871794871795
        },
        "rhythm_2grams": {
          "raw": 1,
          "z_score": -0.13257575757575726
        }
      }
    },
    "bass_detail": {
      "total": 5.842072616004589,
      "direction_gate": 1.0,
      "features": {
        "ioi_swing": {
          "raw": 0.8931875130777444,
          "z_score": 4.914378688310661
        },
        "non_chromatic_ratio": {
          "raw": 0.7272727272727273,
          "z_score": 0.9276939276939278
        }
      }
    },
    "piano_detail": {
      "total": 5.512381435616957,
      "variety_gate": 1.0,
      "features": {
        "avg_chord_spread": {
          "raw": 5.0,
          "z_score": -1.2670334320778671
        },
        "gap_ratio": {
          "raw": 0.6842105263157895,
          "z_score": -0.4894736842105265
        },
        "register_separation": {
          "raw": 12.25,
          "z_score": 2.2873781148429035
        },
        "velocity_variance": {
          "raw": 0.06775963568181181,
          "z_score": 4.981510437062448
        }
      }
    },
    "drums_detail": {
      "total": 2.6594696339411263,
      "features": {
        "kick_off_beat_ratio": {
          "raw": 0.5,
          "z_score": 0.2411347517730495
        },
        "snare_backbeat_ratio": {
          "raw": 0.0,
          "z_score": -0.3584905660377358
        },
        "velocity_variance": {
          "raw": 12.133516482134196,
          "z_score": 1.4476175274137335
        },
        "duration_variety": {
          "raw": 3,
          "z_score": 1.3292079207920793
        }
      }
    },
    "ensemble_detail": {
      "total": 0.9476073917438486,
      "duration_gate": 1.0,
      "features": {
        "collision_rate": {
          "raw": 0.25,
          "z_score": -0.1063829787234042
        },
        "phrase_alignment": {
          "raw": 0.5,
          "z_score": 0.8171206225680933
        },
        "texture_density": {
          "raw": 0.8400000000000001,
          "z_score": -0.6286764705882354
        },
        "harmonic_consonance": {
          "raw": 0.75,
          "z_score": 0.8655462184873949
        }
      }
    }
  },
  "has_midi": true,
  "error": null,
  "timestamp": "2025-12-01T02:28:21.625956"
}