{
  "step": 45,
  "rollout_id": 6,
  "key": "F",
  "tempo": 160,
  "reward": 0.8198756931404421,
  "breakdown": {
    "sax": -1.716905074362942,
    "sax_sig": 0.24147617721336279,
    "bass": -0.373862038601923,
    "bass_sig": 0.43801023530346195,
    "piano": 3.220172050095058,
    "piano_sig": 0.8953676245101877,
    "drums": 5.0763386793362315,
    "drums_sig": 0.9672078984703386,
    "ensemble": 2.887289556521343,
    "ensemble_sig": 0.8726793744779435,
    "z_sum": 9.093033172987766,
    "combined": 0.8198756931404421,
    "sax_detail": {
      "total": -1.716905074362942,
      "variety_gate": 0.5,
      "features": {
        "melodic_entropy": {
          "raw": 2.2516291673878226,
          "z_score": 0.8339522330289176
        },
        "dur_cv": {
          "raw": 0.0,
          "z_score": -0.2978723404255319
        },
        "sax_arpeggio_runs": {
          "raw": 0,
          "z_score": -0.3391684901531729
        },
        "peak_not_late": {
          "raw": 0,
          "z_score": -2.325068870523416
        },
        "blue_ratio": {
          "raw": 0.0,
          "z_score": -1.1730769230769231
        },
        "rhythm_2grams": {
          "raw": 1,
          "z_score": -0.13257575757575726
        }
      }
    },
    "bass_detail": {
      "total": -0.373862038601923,
      "direction_gate": 1.0,
      "features": {
        "ioi_swing": {
          "raw": 0.0,
          "z_score": -0.24855491329479767
        },
        "non_chromatic_ratio": {
          "raw": 0.45454545454545453,
          "z_score": -0.12530712530712532
        }
      }
    },
    "piano_detail": {
      "total": 3.220172050095058,
      "variety_gate": 1.0,
      "features": {
        "avg_chord_spread": {
          "raw": 7.0,
          "z_score": -0.4206517139229792
        },
        "gap_ratio": {
          "raw": 0.6666666666666666,
          "z_score": -0.3862745098039215
        },
        "register_separation": {
          "raw": 1.3809523809523796,
          "z_score": -0.6565676107929633
        },
        "velocity_variance": {
          "raw": 0.06388765649999399,
          "z_score": 4.683665884614922
        }
      }
    },
    "drums_detail": {
      "total": 5.0763386793362315,
      "features": {
        "kick_off_beat_ratio": {
          "raw": 0.5,
          "z_score": 0.2411347517730495
        },
        "snare_backbeat_ratio": {
          "raw": 0.125,
          "z_score": 0.820754716981132
        },
        "velocity_variance": {
          "raw": 12.133516482134196,
          "z_score": 1.4476175274137335
        },
        "duration_variety": {
          "raw": 4,
          "z_score": 2.5668316831683167
        }
      }
    },
    "ensemble_detail": {
      "total": 2.887289556521343,
      "duration_gate": 1.0,
      "features": {
        "collision_rate": {
          "raw": 0.0,
          "z_score": 1.223404255319149
        },
        "phrase_alignment": {
          "raw": 0.6666666666666666,
          "z_score": 0.16861219195849547
        },
        "texture_density": {
          "raw": 0.6119999999999999,
          "z_score": 0.20955882352941235
        },
        "harmonic_consonance": {
          "raw": 0.8,
          "z_score": 1.285714285714286
        }
      }
    }
  },
  "has_midi": true,
  "error": null,
  "timestamp": "2025-12-01T03:14:05.225029"
}