{
  "id": 31,
  "generation": 28,
  "reward": 0.7355779461533132,
  "breakdown": {
    "sax": -0.08634791827045303,
    "sax_sig": 0.4856126530883328,
    "bass": 1.732140067400183,
    "bass_sig": 0.7603792842765911,
    "piano": 1.1192406938834683,
    "piano_sig": 0.6783415082670267,
    "drums": 3.9581091709288456,
    "drums_sig": 0.9333135512636013,
    "ensemble": -0.5844820373160987,
    "ensemble_sig": 0.40380042944709976,
    "z_sum": 6.138659976625945,
    "combined": 0.7355779461533132,
    "sax_detail": {
      "total": -0.08634791827045303,
      "variety_gate": 0.5,
      "features": {
        "melodic_entropy": {
          "raw": 2.396240625180289,
          "z_score": 1.13648666355709
        },
        "dur_cv": {
          "raw": 0.0,
          "z_score": -0.2978723404255319
        },
        "sax_arpeggio_runs": {
          "raw": 0,
          "z_score": -0.3391684901531729
        },
        "peak_not_late": {
          "raw": 0,
          "z_score": -2.325068870523416
        },
        "blue_ratio": {
          "raw": 0.46153846153846156,
          "z_score": 1.7855029585798818
        },
        "rhythm_2grams": {
          "raw": 1,
          "z_score": -0.13257575757575726
        }
      }
    },
    "bass_detail": {
      "total": 1.732140067400183,
      "direction_gate": 1.0,
      "features": {
        "ioi_swing": {
          "raw": 0.0,
          "z_score": -0.24855491329479767
        },
        "non_chromatic_ratio": {
          "raw": 1.0,
          "z_score": 1.9806949806949807
        }
      }
    },
    "piano_detail": {
      "total": 1.1192406938834683,
      "variety_gate": 1.0,
      "features": {
        "avg_chord_spread": {
          "raw": 10.0,
          "z_score": 0.8489208633093526
        },
        "gap_ratio": {
          "raw": 0.5,
          "z_score": 0.5941176470588233
        },
        "register_separation": {
          "raw": 3.46153846153846,
          "z_score": -0.09302858571547677
        },
        "velocity_variance": {
          "raw": 0.0,
          "z_score": -0.23076923076923078
        }
      }
    },
    "drums_detail": {
      "total": 3.9581091709288456,
      "features": {
        "kick_off_beat_ratio": {
          "raw": 0.5,
          "z_score": 0.2411347517730495
        },
        "snare_backbeat_ratio": {
          "raw": 0.25,
          "z_score": 2.0
        },
        "velocity_variance": {
          "raw": 12.99038105676658,
          "z_score": 1.6253902607399544
        },
        "duration_variety": {
          "raw": 2,
          "z_score": 0.09158415841584167
        }
      }
    },
    "ensemble_detail": {
      "total": -0.5844820373160987,
      "duration_gate": 1.0,
      "features": {
        "collision_rate": {
          "raw": 0.5384615384615384,
          "z_score": -1.6407528641571194
        },
        "phrase_alignment": {
          "raw": 0.6666666666666666,
          "z_score": 0.16861219195849547
        },
        "texture_density": {
          "raw": 0.6279999999999999,
          "z_score": 0.15073529411764758
        },
        "harmonic_consonance": {
          "raw": 0.7346938775510204,
          "z_score": 0.7369233407648775
        }
      }
    }
  },
  "metrics": {
    "reward": 0.7355779461533132,
    "note_count": 66,
    "valid_midi": 1.0,
    "unique_durs": 1,
    "has_rests": true
  },
  "has_midi": true,
  "error": null,
  "timestamp": "2025-11-30T21:43:55.293698"
}