{
  "id": 31,
  "generation": 32,
  "reward": 0.5509668334287632,
  "breakdown": {
    "sax": 0.9477796403773355,
    "sax_sig": 0.652909526716096,
    "bass": -0.373862038601923,
    "bass_sig": 0.43801023530346195,
    "piano": -0.585189700511594,
    "piano_sig": 0.4036868567164843,
    "drums": -1.0954811994173095,
    "drums_sig": 0.3251243340991838,
    "ensemble": 2.3342204657787002,
    "ensemble_sig": 0.8257997738827266,
    "z_sum": 1.2274671676252091,
    "combined": 0.5509668334287632,
    "sax_detail": {
      "total": 0.9477796403773355,
      "variety_gate": 0.5,
      "features": {
        "melodic_entropy": {
          "raw": 1.950212064914747,
          "z_score": 0.2033725207421485
        },
        "dur_cv": {
          "raw": 0.0,
          "z_score": -0.2978723404255319
        },
        "sax_arpeggio_runs": {
          "raw": 0,
          "z_score": -0.3391684901531729
        },
        "peak_not_late": {
          "raw": 1,
          "z_score": 0.42975206611570255
        },
        "blue_ratio": {
          "raw": 0.5,
          "z_score": 2.032051282051282
        },
        "rhythm_2grams": {
          "raw": 1,
          "z_score": -0.13257575757575726
        }
      }
    },
    "bass_detail": {
      "total": -0.373862038601923,
      "direction_gate": 1.0,
      "features": {
        "ioi_swing": {
          "raw": 0.0,
          "z_score": -0.24855491329479767
        },
        "non_chromatic_ratio": {
          "raw": 0.45454545454545453,
          "z_score": -0.12530712530712532
        }
      }
    },
    "piano_detail": {
      "total": -0.585189700511594,
      "variety_gate": 1.0,
      "features": {
        "avg_chord_spread": {
          "raw": 6.0,
          "z_score": -0.8438425730004231
        },
        "gap_ratio": {
          "raw": 0.5555555555555556,
          "z_score": 0.2673202614379082
        },
        "register_separation": {
          "raw": 4.625,
          "z_score": 0.22210184182015164
        },
        "velocity_variance": {
          "raw": 0.0,
          "z_score": -0.23076923076923078
        }
      }
    },
    "drums_detail": {
      "total": -1.0954811994173095,
      "features": {
        "kick_off_beat_ratio": {
          "raw": 0.5,
          "z_score": 0.2411347517730495
        },
        "snare_backbeat_ratio": {
          "raw": 0.0,
          "z_score": -0.3584905660377358
        },
        "velocity_variance": {
          "raw": 0.0,
          "z_score": -1.0697095435684647
        },
        "duration_variety": {
          "raw": 2,
          "z_score": 0.09158415841584167
        }
      }
    },
    "ensemble_detail": {
      "total": 2.3342204657787002,
      "duration_gate": 1.0,
      "features": {
        "collision_rate": {
          "raw": 0.125,
          "z_score": 0.5585106382978724
        },
        "phrase_alignment": {
          "raw": 0.5,
          "z_score": 0.8171206225680933
        },
        "texture_density": {
          "raw": 0.33599999999999997,
          "z_score": 1.224264705882353
        },
        "harmonic_consonance": {
          "raw": 0.6153846153846154,
          "z_score": -0.2656755009696185
        }
      }
    }
  },
  "metrics": {
    "reward": 0.5509668334287632,
    "note_count": 56,
    "valid_midi": 1.0,
    "unique_durs": 1,
    "has_rests": true
  },
  "has_midi": true,
  "error": null,
  "timestamp": "2025-12-01T01:57:01.667156"
}