{
  "step": 5,
  "rollout_id": 1,
  "key": "C",
  "tempo": 120,
  "reward": 0.5130317894303693,
  "has_midi": true,
  "error": null,
  "timestamp": "2025-11-29T22:37:49.230892"
}