{
  "step": 46,
  "rollout_id": 3,
  "key": "Fm",
  "tempo": 160,
  "reward": 0.9688880131838313,
  "breakdown": {
    "sax": 2.186949785827014,
    "sax_sig": 0.8112214628728286,
    "bass": 0.6503619558281717,
    "bass_sig": 0.6067269349567951,
    "piano": 6.935864688924858,
    "piano_sig": 0.9902810364182326,
    "drums": 2.964878140209853,
    "drums_sig": 0.8783166957205382,
    "ensemble_mult": 1.0447213595499958,
    "z_sum": 12.738054570789897,
    "base_reward": 0.92741284968192,
    "combined": 0.9688880131838313,
    "sax_detail": {
      "total": 2.186949785827014,
      "variety_gate": 0.5,
      "features": {
        "melodic_entropy": {
          "raw": 3.2776134368191165,
          "z_score": 2.9803628385337166
        },
        "dur_cv": {
          "raw": 0.13608276348795434,
          "z_score": 1.1498166328505781
        },
        "sax_arpeggio_runs": {
          "raw": 2,
          "z_score": 1.1196207148067103
        },
        "peak_not_late": {
          "raw": 1,
          "z_score": 0.42975206611570255
        },
        "blue_ratio": {
          "raw": 0.0,
          "z_score": -1.1730769230769231
        },
        "rhythm_2grams": {
          "raw": 1,
          "z_score": -0.13257575757575726
        }
      }
    },
    "bass_detail": {
      "total": 0.6503619558281717,
      "chromatic_gate": 0.5,
      "direction_gate": 1.0,
      "features": {
        "duration_variety": {
          "raw": 3,
          "z_score": 1.0
        },
        "velocity_variance": {
          "raw": 4.898979485566356,
          "z_score": -0.02525512860841106
        },
        "non_chromatic_ratio": {
          "raw": 0.5714285714285714,
          "z_score": 0.32597904026475444
        }
      }
    },
    "piano_detail": {
      "total": 6.935864688924858,
      "tonic_bonus": 1.2,
      "register_failed": false,
      "avg_pitch": 68.75,
      "features": {
        "unique_chords": {
          "raw": 3,
          "capped": 3,
          "z_score": 1.0086206896551724,
          "weight": 1.0
        },
        "avg_chord_duration": {
          "raw": 1.5,
          "z_score": 3.0,
          "weight": 1.5
        },
        "cluster_ratio": {
          "raw": 0.3333333333333333,
          "z_score": -0.13269384492406067,
          "weight": 1.0
        },
        "out_of_key_ratio": {
          "raw": 0.0,
          "z_score": 0.6039603960396039,
          "weight": 1.0
        },
        "chord_duration_variety": {
          "raw": 1,
          "z_score": -0.20000000000000018,
          "weight": 1.0
        }
      }
    },
    "drums_detail": {
      "total": 2.964878140209853,
      "features": {
        "duration_variety": {
          "raw": 3,
          "z_score": 1.3048327137546467
        },
        "kick_off_beat_ratio": {
          "raw": 0.5,
          "z_score": 0.23571428571428552
        },
        "velocity_variance": {
          "raw": 12.133516482134198,
          "z_score": 1.424331140740921
        }
      }
    },
    "ensemble_detail": {
      "total": 1.0447213595499958,
      "dynamic_coherence": 0.7236067977499789
    }
  },
  "has_midi": true,
  "error": null,
  "timestamp": "2025-12-02T14:48:16.693292"
}