{
  "id": 12,
  "generation": 2,
  "reward": 0.3882383001873767,
  "breakdown": {
    "sax": -0.3113807921214528,
    "sax_sig": 0.4482887650364402,
    "bass": 0.44513878039889593,
    "bass_sig": 0.5736500826361283,
    "piano": 0.6852768782361145,
    "piano_sig": 0.612266940339676,
    "drums": -3.2196297844885824,
    "drums_sig": 0.10466624823117876,
    "ensemble": -0.3277460847738387,
    "ensemble_sig": 0.44559193893331106,
    "z_sum": -2.7283410027488637,
    "combined": 0.3882383001873767,
    "sax_detail": {
      "total": -0.3113807921214528,
      "variety_gate": 0.25,
      "features": {
        "melodic_entropy": {
          "raw": 1.9808259362290785,
          "z_score": 0.2674182766298715
        },
        "dur_cv": {
          "raw": 0.0,
          "z_score": -0.2978723404255319
        },
        "sax_arpeggio_runs": {
          "raw": 0,
          "z_score": -0.3391684901531729
        },
        "peak_not_late": {
          "raw": 1,
          "z_score": 0.42975206611570255
        },
        "blue_ratio": {
          "raw": 0.0,
          "z_score": -1.1730769230769231
        },
        "rhythm_2grams": {
          "raw": 1,
          "z_score": -0.13257575757575726
        }
      }
    },
    "bass_detail": {
      "total": 0.44513878039889593,
      "direction_gate": 1.0,
      "features": {
        "ioi_swing": {
          "raw": 0.0,
          "z_score": -0.24855491329479767
        },
        "non_chromatic_ratio": {
          "raw": 0.6666666666666666,
          "z_score": 0.6936936936936936
        }
      }
    },
    "piano_detail": {
      "total": 0.6852768782361145,
      "variety_gate": 1.0,
      "features": {
        "avg_chord_spread": {
          "raw": 9.0,
          "z_score": 0.4257300042319087
        },
        "gap_ratio": {
          "raw": 0.4,
          "z_score": 1.1823529411764702
        },
        "register_separation": {
          "raw": 1.25,
          "z_score": -0.6920368364030336
        },
        "velocity_variance": {
          "raw": 0.0,
          "z_score": -0.23076923076923078
        }
      }
    },
    "drums_detail": {
      "total": -3.2196297844885824,
      "features": {
        "kick_off_beat_ratio": {
          "raw": 0.375,
          "z_score": -0.6453900709219861
        },
        "snare_backbeat_ratio": {
          "raw": 0.0,
          "z_score": -0.3584905660377358
        },
        "velocity_variance": {
          "raw": 0.0,
          "z_score": -1.0697095435684647
        },
        "duration_variety": {
          "raw": 1,
          "z_score": -1.146039603960396
        }
      }
    },
    "ensemble_detail": {
      "total": -0.3277460847738387,
      "duration_gate": 0.8,
      "features": {
        "collision_rate": {
          "raw": 0.25,
          "z_score": -0.1063829787234042
        },
        "phrase_alignment": {
          "raw": 1.0,
          "z_score": -1.1284046692607006
        },
        "texture_density": {
          "raw": 0.68,
          "z_score": -0.040441176470588265
        },
        "harmonic_consonance": {
          "raw": 0.75,
          "z_score": 0.8655462184873949
        }
      }
    }
  },
  "metrics": {
    "reward": 0.3882383001873767,
    "note_count": 66,
    "valid_midi": 1.0,
    "unique_durs": 1,
    "has_rests": false
  },
  "has_midi": true,
  "error": null,
  "timestamp": "2025-11-30T22:11:11.887883"
}