{
  "step": 28,
  "rollout_id": 24,
  "key": "Dm",
  "tempo": 160,
  "reward": 0.8816664529426634,
  "breakdown": {
    "sax": -0.4847615299674672,
    "sax_sig": 0.41990232902285163,
    "bass": 1.6503619558281717,
    "bass_sig": 0.750305315944653,
    "piano": 4.308155527819599,
    "piano_sig": 0.9464500678664567,
    "drums": 2.964878140209853,
    "drums_sig": 0.8783166957205382,
    "ensemble_mult": 1.0447213595499958,
    "z_sum": 8.438634093890157,
    "base_reward": 0.8439249804583618,
    "combined": 0.8816664529426634,
    "sax_detail": {
      "total": -0.4847615299674672,
      "variety_gate": 0.5,
      "features": {
        "melodic_entropy": {
          "raw": 2.663532754804255,
          "z_score": 1.695675219255764
        },
        "dur_cv": {
          "raw": 0.0,
          "z_score": -0.2978723404255319
        },
        "sax_arpeggio_runs": {
          "raw": 0,
          "z_score": -0.3391684901531729
        },
        "peak_not_late": {
          "raw": 0,
          "z_score": -2.325068870523416
        },
        "blue_ratio": {
          "raw": 0.25,
          "z_score": 0.4294871794871795
        },
        "rhythm_2grams": {
          "raw": 1,
          "z_score": -0.13257575757575726
        }
      }
    },
    "bass_detail": {
      "total": 1.6503619558281717,
      "chromatic_gate": 0.5,
      "direction_gate": 1.0,
      "features": {
        "duration_variety": {
          "raw": 5,
          "z_score": 3.0
        },
        "velocity_variance": {
          "raw": 4.898979485566356,
          "z_score": -0.02525512860841106
        },
        "non_chromatic_ratio": {
          "raw": 0.5714285714285714,
          "z_score": 0.32597904026475444
        }
      }
    },
    "piano_detail": {
      "total": 4.308155527819599,
      "tonic_bonus": 1.2,
      "register_failed": false,
      "avg_pitch": 65.33333333333333,
      "features": {
        "unique_chords": {
          "raw": 2,
          "capped": 2,
          "z_score": 0.146551724137931,
          "weight": 1.0
        },
        "avg_chord_duration": {
          "raw": 0.5,
          "z_score": 1.5819672131147542,
          "weight": 1.5
        },
        "cluster_ratio": {
          "raw": 0.0,
          "z_score": 0.6666666666666667,
          "weight": 1.0
        },
        "out_of_key_ratio": {
          "raw": 0.0,
          "z_score": 0.6039603960396039,
          "weight": 1.0
        },
        "chord_duration_variety": {
          "raw": 1,
          "z_score": -0.20000000000000018,
          "weight": 1.0
        }
      }
    },
    "drums_detail": {
      "total": 2.964878140209853,
      "features": {
        "duration_variety": {
          "raw": 3,
          "z_score": 1.3048327137546467
        },
        "kick_off_beat_ratio": {
          "raw": 0.5,
          "z_score": 0.23571428571428552
        },
        "velocity_variance": {
          "raw": 12.133516482134198,
          "z_score": 1.424331140740921
        }
      }
    },
    "ensemble_detail": {
      "total": 1.0447213595499958,
      "dynamic_coherence": 0.7236067977499789
    }
  },
  "has_midi": true,
  "error": null,
  "timestamp": "2025-12-02T14:06:37.753324"
}