{
  "step": 41,
  "rollout_id": 7,
  "key": "Fm",
  "tempo": 160,
  "reward": 0.8911520710238945,
  "breakdown": {
    "sax": -0.45123104210615045,
    "sax_sig": 0.4253568698060653,
    "bass": -1.7778634426033268,
    "bass_sig": 0.23411092714843731,
    "piano": 6.169999883267921,
    "piano_sig": 0.9839099491355345,
    "drums": 7.413141677662692,
    "drums_sig": 0.9929109838531782,
    "ensemble": 1.2613328819399263,
    "ensemble_sig": 0.6986523298866804,
    "z_sum": 12.615379958161062,
    "combined": 0.8911520710238945,
    "sax_detail": {
      "total": -0.45123104210615045,
      "variety_gate": 0.5,
      "features": {
        "melodic_entropy": {
          "raw": 1.3787834934861753,
          "z_score": -0.992084741660721
        },
        "dur_cv": {
          "raw": 0.0,
          "z_score": -0.2978723404255319
        },
        "sax_arpeggio_runs": {
          "raw": 0,
          "z_score": -0.3391684901531729
        },
        "peak_not_late": {
          "raw": 1,
          "z_score": 0.42975206611570255
        },
        "blue_ratio": {
          "raw": 0.25,
          "z_score": 0.4294871794871795
        },
        "rhythm_2grams": {
          "raw": 1,
          "z_score": -0.13257575757575726
        }
      }
    },
    "bass_detail": {
      "total": -1.7778634426033268,
      "direction_gate": 1.0,
      "features": {
        "ioi_swing": {
          "raw": 0.0,
          "z_score": -0.24855491329479767
        },
        "non_chromatic_ratio": {
          "raw": 0.09090909090909091,
          "z_score": -1.5293085293085291
        }
      }
    },
    "piano_detail": {
      "total": 6.169999883267921,
      "variety_gate": 1.0,
      "features": {
        "avg_chord_spread": {
          "raw": 8.6,
          "z_score": 0.25645366060093094
        },
        "gap_ratio": {
          "raw": 0.5833333333333334,
          "z_score": 0.10392156862745063
        },
        "register_separation": {
          "raw": 11.200000000000003,
          "z_score": 2.0029794149512465
        },
        "velocity_variance": {
          "raw": 0.052486388108147805,
          "z_score": 3.8066452390882928
        }
      }
    },
    "drums_detail": {
      "total": 7.413141677662692,
      "features": {
        "kick_off_beat_ratio": {
          "raw": 0.6666666666666667,
          "z_score": 1.423167848699764
        },
        "snare_backbeat_ratio": {
          "raw": 0.16666666666666666,
          "z_score": 1.2138364779874213
        },
        "velocity_variance": {
          "raw": 15.80485331883065,
          "z_score": 2.2093056678071887
        },
        "duration_variety": {
          "raw": 4,
          "z_score": 2.5668316831683167
        }
      }
    },
    "ensemble_detail": {
      "total": 1.2613328819399263,
      "duration_gate": 1.0,
      "features": {
        "collision_rate": {
          "raw": 0.25,
          "z_score": -0.1063829787234042
        },
        "phrase_alignment": {
          "raw": 0.5,
          "z_score": 0.8171206225680933
        },
        "texture_density": {
          "raw": 0.4880000000000001,
          "z_score": 0.665441176470588
        },
        "harmonic_consonance": {
          "raw": 0.6333333333333333,
          "z_score": -0.11484593837535056
        }
      }
    }
  },
  "has_midi": true,
  "error": null,
  "timestamp": "2025-12-01T02:41:21.096666"
}