{
  "step": 20,
  "rollout_id": 0,
  "key": "D",
  "tempo": 160,
  "reward": 0.709688170588566,
  "breakdown": {
    "sax": 0.529097498095762,
    "sax_sig": 0.5872798435498043,
    "bass": -0.971305721305721,
    "bass_sig": 0.3435447499169439,
    "piano": 2.9153133261319346,
    "piano_sig": 0.8747407774156434,
    "drums": 1.2798752908870186,
    "drums_sig": 0.7012485000588926,
    "ensemble_mult": 1.0447213595499958,
    "z_sum": 3.7529803938089943,
    "base_reward": 0.6793085678790541,
    "combined": 0.709688170588566,
    "sax_detail": {
      "total": 0.529097498095762,
      "variety_gate": 0.5,
      "features": {
        "melodic_entropy": {
          "raw": 2.571319458261084,
          "z_score": 1.5027603729311383
        },
        "dur_cv": {
          "raw": 0.0,
          "z_score": -0.2978723404255319
        },
        "sax_arpeggio_runs": {
          "raw": 0,
          "z_score": -0.3391684901531729
        },
        "peak_not_late": {
          "raw": 1,
          "z_score": 0.42975206611570255
        },
        "blue_ratio": {
          "raw": 0.16666666666666666,
          "z_score": -0.10470085470085473
        },
        "rhythm_2grams": {
          "raw": 1,
          "z_score": -0.13257575757575726
        }
      }
    },
    "bass_detail": {
      "total": -0.971305721305721,
      "chromatic_gate": 1.0,
      "direction_gate": 1.0,
      "features": {
        "duration_variety": {
          "raw": 1,
          "z_score": -1.0
        },
        "velocity_variance": {
          "raw": 0.0,
          "z_score": -1.25
        },
        "non_chromatic_ratio": {
          "raw": 0.8181818181818182,
          "z_score": 1.278694278694279
        }
      }
    },
    "piano_detail": {
      "total": 2.9153133261319346,
      "tonic_bonus": 1.0,
      "register_failed": false,
      "avg_pitch": 67.46153846153847,
      "features": {
        "unique_chords": {
          "raw": 3,
          "capped": 3,
          "z_score": 1.0086206896551724,
          "weight": 1.0
        },
        "avg_chord_duration": {
          "raw": 0.375,
          "z_score": 0.5573770491803279,
          "weight": 1.5
        },
        "cluster_ratio": {
          "raw": 0.0,
          "z_score": 0.6666666666666667,
          "weight": 1.0
        },
        "out_of_key_ratio": {
          "raw": 0.0,
          "z_score": 0.6039603960396039,
          "weight": 1.0
        },
        "chord_duration_variety": {
          "raw": 1,
          "z_score": -0.20000000000000018,
          "weight": 1.0
        }
      }
    },
    "drums_detail": {
      "total": 1.2798752908870186,
      "features": {
        "duration_variety": {
          "raw": 2,
          "z_score": 0.06567534076827748
        },
        "kick_off_beat_ratio": {
          "raw": 0.5,
          "z_score": 0.23571428571428552
        },
        "velocity_variance": {
          "raw": 9.994795732148173,
          "z_score": 0.9784856644044555
        }
      }
    },
    "ensemble_detail": {
      "total": 1.0447213595499958,
      "dynamic_coherence": 0.7236067977499789
    }
  },
  "has_midi": true,
  "error": null,
  "timestamp": "2025-12-02T13:49:22.358548"
}