{
  "step": 1,
  "rollout_id": 7,
  "key": "Fm",
  "tempo": 160,
  "reward": 0.17341251104305452,
  "has_midi": true,
  "error": null,
  "timestamp": "2025-11-30T16:01:34.043683"
}