{
  "step": 19,
  "rollout_id": 12,
  "key": "Fm",
  "tempo": 160,
  "reward": 0.5756931254359078,
  "breakdown": {
    "sax": -0.3559201465860499,
    "sax_sig": 0.4409567363596943,
    "bass": -0.971305721305721,
    "bass_sig": 0.3435447499169439,
    "piano": -1.1329332251418978,
    "piano_sig": 0.3196699878471109,
    "drums": 3.1473580713388127,
    "drums_sig": 0.8907318732552499,
    "ensemble_mult": 1.0774596669241483,
    "z_sum": 0.687198978305144,
    "base_reward": 0.5343059634699401,
    "combined": 0.5756931254359078,
    "sax_detail": {
      "total": -0.3559201465860499,
      "variety_gate": 0.5,
      "features": {
        "melodic_entropy": {
          "raw": 2.2359263506290326,
          "z_score": 0.8011011519435828
        },
        "dur_cv": {
          "raw": 0.0,
          "z_score": -0.2978723404255319
        },
        "sax_arpeggio_runs": {
          "raw": 0,
          "z_score": -0.3391684901531729
        },
        "peak_not_late": {
          "raw": 1,
          "z_score": 0.42975206611570255
        },
        "blue_ratio": {
          "raw": 0.0,
          "z_score": -1.1730769230769231
        },
        "rhythm_2grams": {
          "raw": 1,
          "z_score": -0.13257575757575726
        }
      }
    },
    "bass_detail": {
      "total": -0.971305721305721,
      "chromatic_gate": 1.0,
      "direction_gate": 1.0,
      "features": {
        "duration_variety": {
          "raw": 1,
          "z_score": -1.0
        },
        "velocity_variance": {
          "raw": 0.0,
          "z_score": -1.25
        },
        "non_chromatic_ratio": {
          "raw": 0.8181818181818182,
          "z_score": 1.278694278694279
        }
      }
    },
    "piano_detail": {
      "total": -1.1329332251418978,
      "tonic_bonus": 1.0,
      "register_failed": false,
      "avg_pitch": 69.75,
      "features": {
        "unique_chords": {
          "raw": 3,
          "capped": 3,
          "z_score": 1.0086206896551724,
          "weight": 1.0
        },
        "avg_chord_duration": {
          "raw": 0.375,
          "z_score": 0.5573770491803279,
          "weight": 1.5
        },
        "cluster_ratio": {
          "raw": 1.0,
          "z_score": -1.7314148681055157,
          "weight": 1.0
        },
        "out_of_key_ratio": {
          "raw": 0.16666666666666666,
          "z_score": -1.046204620462046,
          "weight": 1.0
        },
        "chord_duration_variety": {
          "raw": 1,
          "z_score": -0.20000000000000018,
          "weight": 1.0
        }
      }
    },
    "drums_detail": {
      "total": 3.1473580713388127,
      "features": {
        "duration_variety": {
          "raw": 3,
          "z_score": 1.3048327137546467
        },
        "kick_off_beat_ratio": {
          "raw": 0.5,
          "z_score": 0.23571428571428552
        },
        "velocity_variance": {
          "raw": 13.008872711759818,
          "z_score": 1.6068110718698807
        }
      }
    },
    "ensemble_detail": {
      "total": 1.0774596669241483,
      "dynamic_coherence": 0.8872983346207417
    }
  },
  "has_midi": true,
  "error": null,
  "timestamp": "2025-12-02T13:47:31.369734"
}