{
  "id": 20,
  "generation": 28,
  "reward": 0.25592353775095483,
  "breakdown": {
    "sax": -0.012997199173657326,
    "sax_sig": 0.4978338136905868,
    "bass": 0.05888279355975401,
    "bass_sig": 0.5098125388896634,
    "piano": -0.7070170100471138,
    "piano_sig": 0.38429802687749576,
    "drums": -3.6988488012781247,
    "drums_sig": 0.07828361825302967,
    "ensemble": -2.043610276184448,
    "ensemble_sig": 0.2038494044175205,
    "z_sum": -6.403590493123589,
    "combined": 0.25592353775095483,
    "sax_detail": {
      "total": -0.012997199173657326,
      "variety_gate": 0.5,
      "features": {
        "melodic_entropy": {
          "raw": 1.9808259362290785,
          "z_score": -0.8585344008483103
        },
        "dur_cv": {
          "raw": 0.0,
          "z_score": -0.8880854560394412
        },
        "sax_arpeggio_runs": {
          "raw": 0,
          "z_score": -0.4150099290132615
        },
        "peak_not_late": {
          "raw": 1,
          "z_score": 0.6122586439155816
        },
        "blue_ratio": {
          "raw": 0.5,
          "z_score": 2.4097444089456865
        },
        "rhythm_2grams": {
          "raw": 1,
          "z_score": -0.8863676653075695
        }
      }
    },
    "bass_detail": {
      "total": 0.05888279355975401,
      "direction_gate": 1.0,
      "features": {
        "ioi_swing": {
          "raw": 0.565685424949238,
          "z_score": 0.8927594849419994
        },
        "non_chromatic_ratio": {
          "raw": 0.45454545454545453,
          "z_score": -0.8338766913822454
        }
      }
    },
    "piano_detail": {
      "total": -0.7070170100471138,
      "variety_gate": 0.5,
      "features": {
        "avg_chord_spread": {
          "raw": 12.0,
          "z_score": 0.48104803493449777
        },
        "gap_ratio": {
          "raw": 0.625,
          "z_score": -0.8341013824884792
        },
        "register_separation": {
          "raw": 3.75,
          "z_score": -0.48203330411919365
        },
        "velocity_variance": {
          "raw": 0.0,
          "z_score": -0.5789473684210527
        }
      }
    },
    "drums_detail": {
      "total": -3.6988488012781247,
      "features": {
        "kick_off_beat_ratio": {
          "raw": 0.0,
          "z_score": -2.7365401301933026
        },
        "snare_backbeat_ratio": {
          "raw": 0.0,
          "z_score": -0.5855710048313247
        },
        "velocity_variance": {
          "raw": 0.0,
          "z_score": -1.3587178965954583
        },
        "duration_variety": {
          "raw": 3,
          "z_score": 0.9819802303419605
        }
      }
    },
    "ensemble_detail": {
      "total": -2.043610276184448,
      "duration_gate": 1.0,
      "features": {
        "collision_rate": {
          "raw": 0.25,
          "z_score": 0.5186567164179104
        },
        "phrase_alignment": {
          "raw": 0.5,
          "z_score": -0.10624999999999991
        },
        "texture_density": {
          "raw": 0.8400000000000001,
          "z_score": -0.83739837398374
        },
        "harmonic_consonance": {
          "raw": 0.5833333333333334,
          "z_score": -1.6186186186186184
        }
      }
    }
  },
  "metrics": {
    "reward": 0.25592353775095483,
    "note_count": 56,
    "valid_midi": 1.0,
    "unique_durs": 1,
    "has_rests": true
  },
  "has_midi": true,
  "error": null,
  "timestamp": "2025-11-30T17:31:13.827632"
}