{
  "step": 10,
  "rollout_id": 21,
  "key": "Fm",
  "tempo": 160,
  "reward": 0.3238059221384449,
  "breakdown": {
    "sax": 0.14649758909528426,
    "sax_sig": 0.5243968755385068,
    "bass": -1.4268630916029759,
    "bass_sig": 0.27863510207761855,
    "piano": -0.7879029884243776,
    "piano_sig": 0.3716210726119119,
    "drums": -1.0954811994173095,
    "drums_sig": 0.3251243340991838,
    "ensemble": -1.2542651198239043,
    "ensemble_sig": 0.3023406158332565,
    "z_sum": -4.418014810173283,
    "combined": 0.3238059221384449,
    "sax_detail": {
      "total": 0.14649758909528426,
      "variety_gate": 0.5,
      "features": {
        "melodic_entropy": {
          "raw": 1.950212064914747,
          "z_score": 0.2033725207421485
        },
        "dur_cv": {
          "raw": 0.0,
          "z_score": -0.2978723404255319
        },
        "sax_arpeggio_runs": {
          "raw": 0,
          "z_score": -0.3391684901531729
        },
        "peak_not_late": {
          "raw": 1,
          "z_score": 0.42975206611570255
        },
        "blue_ratio": {
          "raw": 0.25,
          "z_score": 0.4294871794871795
        },
        "rhythm_2grams": {
          "raw": 1,
          "z_score": -0.13257575757575726
        }
      }
    },
    "bass_detail": {
      "total": -1.4268630916029759,
      "direction_gate": 1.0,
      "features": {
        "ioi_swing": {
          "raw": 0.0,
          "z_score": -0.24855491329479767
        },
        "non_chromatic_ratio": {
          "raw": 0.18181818181818182,
          "z_score": -1.1783081783081781
        }
      }
    },
    "piano_detail": {
      "total": -0.7879029884243776,
      "variety_gate": 0.5,
      "features": {
        "avg_chord_spread": {
          "raw": 5.0,
          "z_score": -1.2670334320778671
        },
        "gap_ratio": {
          "raw": 0.6923076923076923,
          "z_score": -0.53710407239819
        },
        "register_separation": {
          "raw": 5.5,
          "z_score": 0.45910075839653297
        },
        "velocity_variance": {
          "raw": 0.0,
          "z_score": -0.23076923076923078
        }
      }
    },
    "drums_detail": {
      "total": -1.0954811994173095,
      "features": {
        "kick_off_beat_ratio": {
          "raw": 0.5,
          "z_score": 0.2411347517730495
        },
        "snare_backbeat_ratio": {
          "raw": 0.0,
          "z_score": -0.3584905660377358
        },
        "velocity_variance": {
          "raw": 0.0,
          "z_score": -1.0697095435684647
        },
        "duration_variety": {
          "raw": 2,
          "z_score": 0.09158415841584167
        }
      }
    },
    "ensemble_detail": {
      "total": -1.2542651198239043,
      "duration_gate": 1.0,
      "features": {
        "collision_rate": {
          "raw": 0.0,
          "z_score": 1.223404255319149
        },
        "phrase_alignment": {
          "raw": 1.0,
          "z_score": -1.1284046692607006
        },
        "texture_density": {
          "raw": 0.7,
          "z_score": -0.1139705882352938
        },
        "harmonic_consonance": {
          "raw": 0.5,
          "z_score": -1.235294117647059
        }
      }
    }
  },
  "has_midi": true,
  "error": null,
  "timestamp": "2025-12-01T00:01:32.958170"
}