{
  "id": 22,
  "generation": 41,
  "reward": 0.5585521350206459,
  "breakdown": {
    "sax": 0.23525351690735147,
    "sax_sig": 0.5391287467957054,
    "bass": 0.22256939019944796,
    "bass_sig": 0.5370269895433712,
    "piano": 0.3821454225313907,
    "piano_sig": 0.5633486395131949,
    "drums": 1.1952574382109944,
    "drums_sig": 0.6892977552514622,
    "ensemble": -0.6234975549123531,
    "ensemble_sig": 0.3975545327209898,
    "z_sum": 1.4117282129368316,
    "combined": 0.5585521350206459,
    "sax_detail": {
      "total": 0.23525351690735147,
      "variety_gate": 0.0,
      "features": {}
    },
    "bass_detail": {
      "total": 0.22256939019944796,
      "direction_gate": 0.5,
      "features": {
        "ioi_swing": {
          "raw": 0.0,
          "z_score": -0.24855491329479767
        },
        "non_chromatic_ratio": {
          "raw": 0.6666666666666666,
          "z_score": 0.6936936936936936
        }
      }
    },
    "piano_detail": {
      "total": 0.3821454225313907,
      "variety_gate": 0.5,
      "features": {
        "avg_chord_spread": {
          "raw": 8.333333333333334,
          "z_score": 0.1436027648469463
        },
        "gap_ratio": {
          "raw": 0.4,
          "z_score": 1.1823529411764702
        },
        "register_separation": {
          "raw": 2.5833333333333357,
          "z_score": -0.3308956301914042
        },
        "velocity_variance": {
          "raw": 0.0,
          "z_score": -0.23076923076923078
        }
      }
    },
    "drums_detail": {
      "total": 1.1952574382109944,
      "features": {
        "kick_off_beat_ratio": {
          "raw": 0.5,
          "z_score": 0.2411347517730495
        },
        "snare_backbeat_ratio": {
          "raw": 0.16666666666666666,
          "z_score": 1.2138364779874213
        },
        "velocity_variance": {
          "raw": 9.428090415820632,
          "z_score": 0.8863258124109196
        },
        "duration_variety": {
          "raw": 1,
          "z_score": -1.146039603960396
        }
      }
    },
    "ensemble_detail": {
      "total": -0.6234975549123531,
      "duration_gate": 1.0,
      "features": {
        "collision_rate": {
          "raw": 0.6666666666666666,
          "z_score": -2.3226950354609928
        },
        "phrase_alignment": {
          "raw": 0.3333333333333333,
          "z_score": 1.4656290531776912
        },
        "texture_density": {
          "raw": 0.5960000000000001,
          "z_score": 0.2683823529411763
        },
        "harmonic_consonance": {
          "raw": 0.6428571428571429,
          "z_score": -0.03481392557022786
        }
      }
    }
  },
  "metrics": {
    "reward": 0.5585521350206459,
    "note_count": 55,
    "valid_midi": 1.0,
    "unique_durs": 1,
    "has_rests": true
  },
  "has_midi": true,
  "error": null,
  "timestamp": "2025-12-01T03:02:33.669958"
}