{
  "step": 1,
  "rollout_id": 28,
  "key": "Dm",
  "tempo": 160,
  "reward": 0.91477399687109,
  "breakdown": {
    "sax": -0.0765524416938765,
    "sax_sig": 0.48724402824637303,
    "bass": -0.26930501930501927,
    "bass_sig": 0.45523600694864574,
    "piano": 6.579247752361443,
    "piano_sig": 0.9877046815086293,
    "drums": 2.4008952204029814,
    "drums_sig": 0.8321017815382851,
    "ensemble_mult": 1.0774596669241483,
    "z_sum": 8.63428551176553,
    "base_reward": 0.8490099675679914,
    "combined": 0.91477399687109,
    "sax_detail": {
      "total": -0.0765524416938765,
      "variety_gate": 0.5,
      "features": {
        "melodic_entropy": {
          "raw": 0.9709505944546686,
          "z_score": -1.845291643400275
        },
        "dur_cv": {
          "raw": 0.0,
          "z_score": -0.2978723404255319
        },
        "sax_arpeggio_runs": {
          "raw": 0,
          "z_score": -0.3391684901531729
        },
        "peak_not_late": {
          "raw": 1,
          "z_score": 0.42975206611570255
        },
        "blue_ratio": {
          "raw": 0.5,
          "z_score": 2.032051282051282
        },
        "rhythm_2grams": {
          "raw": 1,
          "z_score": -0.13257575757575726
        }
      }
    },
    "bass_detail": {
      "total": -0.26930501930501927,
      "chromatic_gate": 1.0,
      "direction_gate": 1.0,
      "features": {
        "duration_variety": {
          "raw": 1,
          "z_score": -1.0
        },
        "velocity_variance": {
          "raw": 0.0,
          "z_score": -1.25
        },
        "non_chromatic_ratio": {
          "raw": 1.0,
          "z_score": 1.9806949806949807
        }
      }
    },
    "piano_detail": {
      "total": 6.579247752361443,
      "tonic_bonus": 1.0,
      "register_failed": false,
      "avg_pitch": 63.0,
      "features": {
        "unique_chords": {
          "raw": 3,
          "capped": 3,
          "z_score": 1.0086206896551724,
          "weight": 1.0
        },
        "avg_chord_duration": {
          "raw": 0.75,
          "z_score": 3.0,
          "weight": 1.5
        },
        "cluster_ratio": {
          "raw": 0.0,
          "z_score": 0.6666666666666667,
          "weight": 1.0
        },
        "out_of_key_ratio": {
          "raw": 0.0,
          "z_score": 0.6039603960396039,
          "weight": 1.0
        },
        "chord_duration_variety": {
          "raw": 1,
          "z_score": -0.20000000000000018,
          "weight": 1.0
        }
      }
    },
    "drums_detail": {
      "total": 2.4008952204029814,
      "features": {
        "duration_variety": {
          "raw": 3,
          "z_score": 1.3048327137546467
        },
        "kick_off_beat_ratio": {
          "raw": 0.5,
          "z_score": 0.23571428571428552
        },
        "velocity_variance": {
          "raw": 9.428090415820634,
          "z_score": 0.8603482209340492
        }
      }
    },
    "ensemble_detail": {
      "total": 1.0774596669241483,
      "dynamic_coherence": 0.8872983346207417
    }
  },
  "has_midi": true,
  "error": null,
  "timestamp": "2025-12-01T20:25:40.512143"
}