{
  "step": 17,
  "rollout_id": 6,
  "key": "C",
  "tempo": 120,
  "reward": 0.5125875998480343,
  "has_midi": true,
  "error": null,
  "timestamp": "2025-11-29T23:17:12.095473"
}