{
  "step": 39,
  "rollout_id": 11,
  "key": "F",
  "tempo": 160,
  "reward": 1.021246405761804,
  "breakdown": {
    "sax": 9.17603683899567,
    "sax_sig": 0.997800575929486,
    "bass": 0.9434231309231309,
    "bass_sig": 0.6522510571469775,
    "piano": 5.779887240770715,
    "piano_sig": 0.9792300254203592,
    "drums": 2.964878140209853,
    "drums_sig": 0.8783166957205382,
    "ensemble_mult": 1.0447213595499958,
    "z_sum": 18.864225350899368,
    "base_reward": 0.9775299379364624,
    "combined": 1.021246405761804,
    "sax_detail": {
      "total": 9.17603683899567,
      "variety_gate": 1.0,
      "features": {
        "melodic_entropy": {
          "raw": 2.7321588913645707,
          "z_score": 1.8392445426037045
        },
        "dur_cv": {
          "raw": 0.23129622216290363,
          "z_score": 2.162725767690464
        },
        "sax_arpeggio_runs": {
          "raw": 3,
          "z_score": 1.8490153172866521
        },
        "peak_not_late": {
          "raw": 1,
          "z_score": 0.42975206611570255
        },
        "blue_ratio": {
          "raw": 0.16666666666666666,
          "z_score": -0.10470085470085473
        },
        "rhythm_2grams": {
          "raw": 3,
          "z_score": 3.0
        }
      }
    },
    "bass_detail": {
      "total": 0.9434231309231309,
      "chromatic_gate": 0.5,
      "direction_gate": 0.5,
      "features": {
        "duration_variety": {
          "raw": 5,
          "z_score": 3.0
        },
        "velocity_variance": {
          "raw": 10.0,
          "z_score": 1.25
        },
        "non_chromatic_ratio": {
          "raw": 0.36363636363636365,
          "z_score": -0.4763074763074762
        }
      }
    },
    "piano_detail": {
      "total": 5.779887240770715,
      "tonic_bonus": 1.0,
      "register_failed": false,
      "avg_pitch": 67.5,
      "features": {
        "unique_chords": {
          "raw": 3,
          "capped": 3,
          "z_score": 1.0086206896551724,
          "weight": 1.0
        },
        "avg_chord_duration": {
          "raw": 1.5,
          "z_score": 3.0,
          "weight": 1.5
        },
        "cluster_ratio": {
          "raw": 0.3333333333333333,
          "z_score": -0.13269384492406067,
          "weight": 1.0
        },
        "out_of_key_ratio": {
          "raw": 0.0,
          "z_score": 0.6039603960396039,
          "weight": 1.0
        },
        "chord_duration_variety": {
          "raw": 1,
          "z_score": -0.20000000000000018,
          "weight": 1.0
        }
      }
    },
    "drums_detail": {
      "total": 2.964878140209853,
      "features": {
        "duration_variety": {
          "raw": 3,
          "z_score": 1.3048327137546467
        },
        "kick_off_beat_ratio": {
          "raw": 0.5,
          "z_score": 0.23571428571428552
        },
        "velocity_variance": {
          "raw": 12.133516482134196,
          "z_score": 1.4243311407409207
        }
      }
    },
    "ensemble_detail": {
      "total": 1.0447213595499958,
      "dynamic_coherence": 0.7236067977499789
    }
  },
  "has_midi": true,
  "error": null,
  "timestamp": "2025-12-02T14:30:49.021490"
}