{
  "step": 50,
  "rollout_id": 28,
  "key": "Fm",
  "tempo": 160,
  "reward": 0.7635785504269923,
  "breakdown": {
    "sax": -1.7341947455133961,
    "sax_sig": 0.23937122624455187,
    "bass": 1.3811397163998318,
    "bass_sig": 0.7151968971168157,
    "piano": -0.49921067416030807,
    "piano_sig": 0.4175577657373959,
    "drums": 4.934440996273409,
    "drums_sig": 0.9640712478812821,
    "ensemble": 2.9522246214564065,
    "ensemble_sig": 0.8774122389615387,
    "z_sum": 7.0343999144559435,
    "combined": 0.7635785504269923,
    "sax_detail": {
      "total": -1.7341947455133961,
      "variety_gate": 0.5,
      "features": {
        "melodic_entropy": {
          "raw": 0.9182958340544896,
          "z_score": -1.9554480459111097
        },
        "dur_cv": {
          "raw": 0.0,
          "z_score": -0.2978723404255319
        },
        "sax_arpeggio_runs": {
          "raw": 0,
          "z_score": -0.3391684901531729
        },
        "peak_not_late": {
          "raw": 1,
          "z_score": 0.42975206611570255
        },
        "blue_ratio": {
          "raw": 0.0,
          "z_score": -1.1730769230769231
        },
        "rhythm_2grams": {
          "raw": 1,
          "z_score": -0.13257575757575726
        }
      }
    },
    "bass_detail": {
      "total": 1.3811397163998318,
      "direction_gate": 1.0,
      "features": {
        "ioi_swing": {
          "raw": 0.0,
          "z_score": -0.24855491329479767
        },
        "non_chromatic_ratio": {
          "raw": 0.9090909090909091,
          "z_score": 1.6296946296946295
        }
      }
    },
    "piano_detail": {
      "total": -0.49921067416030807,
      "variety_gate": 0.5,
      "features": {
        "avg_chord_spread": {
          "raw": 7.0,
          "z_score": -0.4206517139229792
        },
        "gap_ratio": {
          "raw": 0.6666666666666666,
          "z_score": -0.3862745098039215
        },
        "register_separation": {
          "raw": 3.950000000000003,
          "z_score": 0.03927410617551535
        },
        "velocity_variance": {
          "raw": 0.0,
          "z_score": -0.23076923076923078
        }
      }
    },
    "drums_detail": {
      "total": 4.934440996273409,
      "features": {
        "kick_off_beat_ratio": {
          "raw": 0.6666666666666667,
          "z_score": 1.423167848699764
        },
        "snare_backbeat_ratio": {
          "raw": 0.0,
          "z_score": -0.3584905660377358
        },
        "velocity_variance": {
          "raw": 11.436132386735569,
          "z_score": 1.302932030443064
        },
        "duration_variety": {
          "raw": 4,
          "z_score": 2.5668316831683167
        }
      }
    },
    "ensemble_detail": {
      "total": 2.9522246214564065,
      "duration_gate": 1.0,
      "features": {
        "collision_rate": {
          "raw": 0.0,
          "z_score": 1.223404255319149
        },
        "phrase_alignment": {
          "raw": 0.6666666666666666,
          "z_score": 0.16861219195849547
        },
        "texture_density": {
          "raw": 0.532,
          "z_score": 0.5036764705882353
        },
        "harmonic_consonance": {
          "raw": 0.7727272727272727,
          "z_score": 1.0565317035905268
        }
      }
    }
  },
  "has_midi": true,
  "error": null,
  "timestamp": "2025-12-01T03:53:38.366551"
}