{
  "step": 18,
  "rollout_id": 27,
  "key": "Fm",
  "tempo": 160,
  "reward": 0.6587042286963866,
  "breakdown": {
    "sax": -1.017039161199332,
    "sax_sig": 0.3367019972481976,
    "bass": 0.67913901439913,
    "bass_sig": 0.611295091810923,
    "piano": 1.0124787697724043,
    "piano_sig": 0.6626186730926457,
    "drums": 2.7902834798559915,
    "drums_sig": 0.8653189744504002,
    "ensemble": 0.4802887942903581,
    "ensemble_sig": 0.5793711723530917,
    "z_sum": 3.9451508971185523,
    "combined": 0.6587042286963866,
    "sax_detail": {
      "total": -1.017039161199332,
      "variety_gate": 0.5,
      "features": {
        "melodic_entropy": {
          "raw": 0.9910760598382222,
          "z_score": -1.8031881593342631
        },
        "dur_cv": {
          "raw": 0.0,
          "z_score": -0.2978723404255319
        },
        "sax_arpeggio_runs": {
          "raw": 0,
          "z_score": -0.3391684901531729
        },
        "peak_not_late": {
          "raw": 1,
          "z_score": 0.42975206611570255
        },
        "blue_ratio": {
          "raw": 0.2,
          "z_score": 0.10897435897435907
        },
        "rhythm_2grams": {
          "raw": 1,
          "z_score": -0.13257575757575726
        }
      }
    },
    "bass_detail": {
      "total": 0.67913901439913,
      "direction_gate": 1.0,
      "features": {
        "ioi_swing": {
          "raw": 0.0,
          "z_score": -0.24855491329479767
        },
        "non_chromatic_ratio": {
          "raw": 0.7272727272727273,
          "z_score": 0.9276939276939278
        }
      }
    },
    "piano_detail": {
      "total": 1.0124787697724043,
      "variety_gate": 0.5,
      "features": {
        "avg_chord_spread": {
          "raw": 9.333333333333334,
          "z_score": 0.5667936239243903
        },
        "gap_ratio": {
          "raw": 0.6666666666666666,
          "z_score": -0.3862745098039215
        },
        "register_separation": {
          "raw": 11.466666666666661,
          "z_score": 2.0752076561935704
        },
        "velocity_variance": {
          "raw": 0.0,
          "z_score": -0.23076923076923078
        }
      }
    },
    "drums_detail": {
      "total": 2.7902834798559915,
      "features": {
        "kick_off_beat_ratio": {
          "raw": 0.5,
          "z_score": 0.2411347517730495
        },
        "snare_backbeat_ratio": {
          "raw": 0.0,
          "z_score": -0.3584905660377358
        },
        "velocity_variance": {
          "raw": 6.79869268479038,
          "z_score": 0.340807610952361
        },
        "duration_variety": {
          "raw": 4,
          "z_score": 2.5668316831683167
        }
      }
    },
    "ensemble_detail": {
      "total": 0.4802887942903581,
      "duration_gate": 1.0,
      "features": {
        "collision_rate": {
          "raw": 0.3,
          "z_score": -0.37234042553191476
        },
        "phrase_alignment": {
          "raw": 0.6666666666666666,
          "z_score": 0.16861219195849547
        },
        "texture_density": {
          "raw": 0.568,
          "z_score": 0.371323529411765
        },
        "harmonic_consonance": {
          "raw": 0.6842105263157895,
          "z_score": 0.3126934984520124
        }
      }
    }
  },
  "has_midi": true,
  "error": null,
  "timestamp": "2025-12-01T00:52:18.288865"
}