{
  "id": 26,
  "generation": 12,
  "reward": 0.3217047091312251,
  "breakdown": {
    "sax": -0.1648752727540295,
    "sax_sig": 0.47254842082034443,
    "bass": -1.075862740602625,
    "bass_sig": 0.3280006403243589,
    "piano": 0.10003652294530452,
    "piano_sig": 0.5166665769659938,
    "drums": -1.9855170115091578,
    "drums_sig": 0.21020701969517733,
    "ensemble": -1.3494734159082964,
    "ensemble_sig": 0.28912264484560113,
    "z_sum": -4.475691917828804,
    "combined": 0.3217047091312251,
    "sax_detail": {
      "total": -0.1648752727540295,
      "variety_gate": 0.25,
      "features": {
        "melodic_entropy": {
          "raw": 1.4949188482339508,
          "z_score": -0.749123748464538
        },
        "dur_cv": {
          "raw": 0.0,
          "z_score": -0.2978723404255319
        },
        "sax_arpeggio_runs": {
          "raw": 0,
          "z_score": -0.3391684901531729
        },
        "peak_not_late": {
          "raw": 1,
          "z_score": 0.42975206611570255
        },
        "blue_ratio": {
          "raw": 0.25,
          "z_score": 0.4294871794871795
        },
        "rhythm_2grams": {
          "raw": 1,
          "z_score": -0.13257575757575726
        }
      }
    },
    "bass_detail": {
      "total": -1.075862740602625,
      "direction_gate": 1.0,
      "features": {
        "ioi_swing": {
          "raw": 0.0,
          "z_score": -0.24855491329479767
        },
        "non_chromatic_ratio": {
          "raw": 0.2727272727272727,
          "z_score": -0.8273078273078274
        }
      }
    },
    "piano_detail": {
      "total": 0.10003652294530452,
      "variety_gate": 0.5,
      "features": {
        "avg_chord_spread": {
          "raw": 9.0,
          "z_score": 0.4257300042319087
        },
        "gap_ratio": {
          "raw": 0.6666666666666666,
          "z_score": -0.3862745098039215
        },
        "register_separation": {
          "raw": 5.25,
          "z_score": 0.3913867822318526
        },
        "velocity_variance": {
          "raw": 0.0,
          "z_score": -0.23076923076923078
        }
      }
    },
    "drums_detail": {
      "total": -1.9855170115091578,
      "features": {
        "kick_off_beat_ratio": {
          "raw": 0.19999999999999996,
          "z_score": -1.8865248226950362
        },
        "snare_backbeat_ratio": {
          "raw": 0.0,
          "z_score": -0.3584905660377358
        },
        "velocity_variance": {
          "raw": 0.0,
          "z_score": -1.0697095435684647
        },
        "duration_variety": {
          "raw": 3,
          "z_score": 1.3292079207920793
        }
      }
    },
    "ensemble_detail": {
      "total": -1.3494734159082964,
      "duration_gate": 1.0,
      "features": {
        "collision_rate": {
          "raw": 0.16666666666666666,
          "z_score": 0.3368794326241136
        },
        "phrase_alignment": {
          "raw": 1.0,
          "z_score": -1.1284046692607006
        },
        "texture_density": {
          "raw": 0.5800000000000001,
          "z_score": 0.327205882352941
        },
        "harmonic_consonance": {
          "raw": 0.5416666666666666,
          "z_score": -0.8851540616246504
        }
      }
    }
  },
  "metrics": {
    "reward": 0.3217047091312251,
    "note_count": 55,
    "valid_midi": 1.0,
    "unique_durs": 1,
    "has_rests": false
  },
  "has_midi": true,
  "error": null,
  "timestamp": "2025-11-30T23:05:53.697042"
}