{
  "id": 27,
  "generation": 37,
  "reward": 0.44498044066890746,
  "breakdown": {
    "sax": -0.9255800829681126,
    "sax_sig": 0.35045190845838975,
    "bass": -2.06515444015444,
    "bass_sig": 0.20152831297446744,
    "piano": 0.5163591147130541,
    "piano_sig": 0.5852199572980934,
    "drums": 0.9820382461555723,
    "drums_sig": 0.6580670507839442,
    "ensemble_mult": 1.0447213595499958,
    "z_sum": -1.492337162253926,
    "base_reward": 0.4259321747385147,
    "combined": 0.44498044066890746,
    "sax_detail": {
      "total": -0.9255800829681126,
      "variety_gate": 0.5,
      "features": {
        "melodic_entropy": {
          "raw": 0.9940302114769565,
          "z_score": -1.797007925780426
        },
        "dur_cv": {
          "raw": 0.0,
          "z_score": -0.2978723404255319
        },
        "sax_arpeggio_runs": {
          "raw": 2,
          "z_score": 1.1196207148067103
        },
        "peak_not_late": {
          "raw": 1,
          "z_score": 0.42975206611570255
        },
        "blue_ratio": {
          "raw": 0.0,
          "z_score": -1.1730769230769231
        },
        "rhythm_2grams": {
          "raw": 1,
          "z_score": -0.13257575757575726
        }
      }
    },
    "bass_detail": {
      "total": -2.06515444015444,
      "chromatic_gate": 0.5,
      "direction_gate": 1.0,
      "features": {
        "duration_variety": {
          "raw": 1,
          "z_score": -1.0
        },
        "velocity_variance": {
          "raw": 0.0,
          "z_score": -1.25
        },
        "non_chromatic_ratio": {
          "raw": 0.0,
          "z_score": -1.88030888030888
        }
      }
    },
    "piano_detail": {
      "total": 0.5163591147130541,
      "tonic_bonus": 1.0,
      "register_failed": false,
      "avg_pitch": 82.83333333333333,
      "features": {
        "unique_chords": {
          "raw": 2,
          "capped": 2,
          "z_score": 0.146551724137931,
          "weight": 1.0
        },
        "avg_chord_duration": {
          "raw": 0.25,
          "z_score": -0.4672131147540983,
          "weight": 1.5
        },
        "cluster_ratio": {
          "raw": 0.0,
          "z_score": 0.6666666666666667,
          "weight": 1.0
        },
        "out_of_key_ratio": {
          "raw": 0.0,
          "z_score": 0.6039603960396039,
          "weight": 1.0
        },
        "chord_duration_variety": {
          "raw": 1,
          "z_score": -0.20000000000000018,
          "weight": 1.0
        }
      }
    },
    "drums_detail": {
      "total": 0.9820382461555723,
      "features": {
        "duration_variety": {
          "raw": 2,
          "z_score": 0.06567534076827748
        },
        "kick_off_beat_ratio": {
          "raw": 0.75,
          "z_score": 2.021428571428571
        },
        "velocity_variance": {
          "raw": 0.0,
          "z_score": -1.1050656660412759
        }
      }
    },
    "ensemble_detail": {
      "total": 1.0447213595499958,
      "dynamic_coherence": 0.7236067977499789
    }
  },
  "metrics": {
    "reward": 0.44498044066890746,
    "note_count": 84,
    "valid_midi": 1.0,
    "unique_durs": 1,
    "has_rests": true
  },
  "has_midi": true,
  "error": null,
  "timestamp": "2025-12-02T14:48:39.097095"
}