{
  "id": 17,
  "generation": 44,
  "reward": 0.3776711859373851,
  "breakdown": {
    "sax": -0.6407172032742373,
    "sax_sig": 0.3948083321418555,
    "bass": -0.26930501930501927,
    "bass_sig": 0.45523600694864574,
    "piano": -1.169919682408314,
    "piano_sig": 0.3143314263630818,
    "drums": -0.8036760395587128,
    "drums_sig": 0.36916886904512747,
    "ensemble_mult": 1.05,
    "z_sum": -2.883617944546283,
    "base_reward": 0.3596868437498905,
    "combined": 0.3776711859373851,
    "sax_detail": {
      "total": -0.6407172032742373,
      "variety_gate": 0.25,
      "features": {
        "melodic_entropy": {
          "raw": 1.7924812503605778,
          "z_score": -0.12660826284397944
        },
        "dur_cv": {
          "raw": 0.0,
          "z_score": -0.2978723404255319
        },
        "sax_arpeggio_runs": {
          "raw": 0,
          "z_score": -0.3391684901531729
        },
        "peak_not_late": {
          "raw": 0,
          "z_score": -2.325068870523416
        },
        "blue_ratio": {
          "raw": 0.2857142857142857,
          "z_score": 0.6584249084249083
        },
        "rhythm_2grams": {
          "raw": 1,
          "z_score": -0.13257575757575726
        }
      }
    },
    "bass_detail": {
      "total": -0.26930501930501927,
      "chromatic_gate": 1.0,
      "direction_gate": 1.0,
      "features": {
        "duration_variety": {
          "raw": 1,
          "z_score": -1.0
        },
        "velocity_variance": {
          "raw": 0.0,
          "z_score": -1.25
        },
        "non_chromatic_ratio": {
          "raw": 1.0,
          "z_score": 1.9806949806949807
        }
      }
    },
    "piano_detail": {
      "total": -1.169919682408314,
      "tonic_bonus": 1.0,
      "register_failed": false,
      "avg_pitch": 60.583333333333336,
      "features": {
        "unique_chords": {
          "raw": 2,
          "capped": 2,
          "z_score": 0.146551724137931,
          "weight": 1.0
        },
        "avg_chord_duration": {
          "raw": 0.375,
          "z_score": 0.5573770491803279,
          "weight": 1.5
        },
        "cluster_ratio": {
          "raw": 1.0,
          "z_score": -1.7314148681055157,
          "weight": 1.0
        },
        "out_of_key_ratio": {
          "raw": 0.08333333333333333,
          "z_score": -0.22112211221122108,
          "weight": 1.0
        },
        "chord_duration_variety": {
          "raw": 1,
          "z_score": -0.20000000000000018,
          "weight": 1.0
        }
      }
    },
    "drums_detail": {
      "total": -0.8036760395587128,
      "features": {
        "duration_variety": {
          "raw": 2,
          "z_score": 0.06567534076827748
        },
        "kick_off_beat_ratio": {
          "raw": 0.5,
          "z_score": 0.23571428571428552
        },
        "velocity_variance": {
          "raw": 0.0,
          "z_score": -1.1050656660412759
        }
      }
    },
    "ensemble_detail": {
      "total": 1.05,
      "dynamic_coherence": 0.75
    }
  },
  "metrics": {
    "reward": 0.3776711859373851,
    "note_count": 75,
    "valid_midi": 1.0,
    "unique_durs": 1,
    "has_rests": false
  },
  "has_midi": true,
  "error": null,
  "timestamp": "2025-12-02T15:23:23.777556"
}