{
  "id": 20,
  "generation": 8,
  "reward": 0.5622552610145976,
  "breakdown": {
    "sax": 0.6946565585020047,
    "sax_sig": 0.6137503606734313,
    "bass": 0.67913901439913,
    "bass_sig": 0.611295091810923,
    "piano": -0.7463666871613919,
    "piano_sig": 0.37811006541844905,
    "drums": 1.552659717479754,
    "drums_sig": 0.7379046947647485,
    "ensemble": -0.6781686327151107,
    "ensemble_sig": 0.3888586363811483,
    "z_sum": 1.5019199705043862,
    "combined": 0.5622552610145976,
    "sax_detail": {
      "total": 0.6946565585020047,
      "variety_gate": 1.0,
      "features": {
        "melodic_entropy": {
          "raw": 2.2359263506290326,
          "z_score": 0.8011011519435828
        },
        "dur_cv": {
          "raw": 0.24052284646041733,
          "z_score": 2.2608813453235888
        },
        "sax_arpeggio_runs": {
          "raw": 0,
          "z_score": -0.3391684901531729
        },
        "peak_not_late": {
          "raw": 0,
          "z_score": -2.325068870523416
        },
        "blue_ratio": {
          "raw": 0.25,
          "z_score": 0.4294871794871795
        },
        "rhythm_2grams": {
          "raw": 1,
          "z_score": -0.13257575757575726
        }
      }
    },
    "bass_detail": {
      "total": 0.67913901439913,
      "direction_gate": 1.0,
      "features": {
        "ioi_swing": {
          "raw": 0.0,
          "z_score": -0.24855491329479767
        },
        "non_chromatic_ratio": {
          "raw": 0.7272727272727273,
          "z_score": 0.9276939276939278
        }
      }
    },
    "piano_detail": {
      "total": -0.7463666871613919,
      "variety_gate": 0.5,
      "features": {
        "avg_chord_spread": {
          "raw": 7.0,
          "z_score": -0.4206517139229792
        },
        "gap_ratio": {
          "raw": 0.6666666666666666,
          "z_score": -0.3862745098039215
        },
        "register_separation": {
          "raw": 2.125,
          "z_score": -0.45503791982665226
        },
        "velocity_variance": {
          "raw": 0.0,
          "z_score": -0.23076923076923078
        }
      }
    },
    "drums_detail": {
      "total": 1.552659717479754,
      "features": {
        "kick_off_beat_ratio": {
          "raw": 0.5,
          "z_score": 0.2411347517730495
        },
        "snare_backbeat_ratio": {
          "raw": 0.0,
          "z_score": -0.3584905660377358
        },
        "velocity_variance": {
          "raw": 6.79869268479038,
          "z_score": 0.340807610952361
        },
        "duration_variety": {
          "raw": 3,
          "z_score": 1.3292079207920793
        }
      }
    },
    "ensemble_detail": {
      "total": -0.6781686327151107,
      "duration_gate": 1.0,
      "features": {
        "collision_rate": {
          "raw": 0.375,
          "z_score": -0.7712765957446808
        },
        "phrase_alignment": {
          "raw": 0.8333333333333334,
          "z_score": -0.47989623865110276
        },
        "texture_density": {
          "raw": 0.5199999999999999,
          "z_score": 0.5477941176470593
        },
        "harmonic_consonance": {
          "raw": 0.65,
          "z_score": 0.02521008403361347
        }
      }
    }
  },
  "metrics": {
    "reward": 0.5622552610145976,
    "note_count": 77,
    "valid_midi": 1.0,
    "unique_durs": 2,
    "has_rests": true
  },
  "has_midi": true,
  "error": null,
  "timestamp": "2025-11-30T21:31:20.785289"
}