{
  "id": 27,
  "generation": 28,
  "reward": 0.3106386806404303,
  "breakdown": {
    "sax": 0.5234113304168403,
    "sax_sig": 0.5863607232209829,
    "bass": 0.328138663398779,
    "bass_sig": 0.5544727151659504,
    "piano": 0.3285532825412596,
    "piano_sig": 0.5545409971346641,
    "drums": -5.574239713566596,
    "drums_sig": 0.023749451928373962,
    "ensemble": -0.38867420260595376,
    "ensemble_sig": 0.4355809941733722,
    "z_sum": -4.782810639815672,
    "combined": 0.3106386806404303,
    "sax_detail": {
      "total": 0.5234113304168403,
      "variety_gate": 0.25,
      "features": {
        "melodic_entropy": {
          "raw": 1.9808259362290785,
          "z_score": 0.2674182766298715
        },
        "dur_cv": {
          "raw": 0.0,
          "z_score": -0.2978723404255319
        },
        "sax_arpeggio_runs": {
          "raw": 10,
          "z_score": 3.0
        },
        "peak_not_late": {
          "raw": 1,
          "z_score": 0.42975206611570255
        },
        "blue_ratio": {
          "raw": 0.0,
          "z_score": -1.1730769230769231
        },
        "rhythm_2grams": {
          "raw": 1,
          "z_score": -0.13257575757575726
        }
      }
    },
    "bass_detail": {
      "total": 0.328138663398779,
      "direction_gate": 1.0,
      "features": {
        "ioi_swing": {
          "raw": 0.0,
          "z_score": -0.24855491329479767
        },
        "non_chromatic_ratio": {
          "raw": 0.6363636363636364,
          "z_score": 0.5766935766935767
        }
      }
    },
    "piano_detail": {
      "total": 0.3285532825412596,
      "variety_gate": 0.5,
      "features": {
        "avg_chord_spread": {
          "raw": 10.666666666666666,
          "z_score": 1.1310481026943149
        },
        "gap_ratio": {
          "raw": 0.6666666666666666,
          "z_score": -0.3862745098039215
        },
        "register_separation": {
          "raw": 4.333333333333329,
          "z_score": 0.14310220296135656
        },
        "velocity_variance": {
          "raw": 0.0,
          "z_score": -0.23076923076923078
        }
      }
    },
    "drums_detail": {
      "total": -5.574239713566596,
      "features": {
        "kick_off_beat_ratio": {
          "raw": 0.0,
          "z_score": -3.0
        },
        "snare_backbeat_ratio": {
          "raw": 0.0,
          "z_score": -0.3584905660377358
        },
        "velocity_variance": {
          "raw": 0.0,
          "z_score": -1.0697095435684647
        },
        "duration_variety": {
          "raw": 1,
          "z_score": -1.146039603960396
        }
      }
    },
    "ensemble_detail": {
      "total": -0.38867420260595376,
      "duration_gate": 1.0,
      "features": {
        "collision_rate": {
          "raw": 0.25,
          "z_score": -0.1063829787234042
        },
        "phrase_alignment": {
          "raw": 1.0,
          "z_score": -1.1284046692607006
        },
        "texture_density": {
          "raw": 0.96,
          "z_score": -1.0698529411764703
        },
        "harmonic_consonance": {
          "raw": 0.875,
          "z_score": 1.9159663865546217
        }
      }
    }
  },
  "metrics": {
    "reward": 0.3106386806404303,
    "note_count": 44,
    "valid_midi": 1.0,
    "unique_durs": 1,
    "has_rests": false
  },
  "has_midi": true,
  "error": null,
  "timestamp": "2025-12-01T01:14:25.522878"
}