{
  "step": 52,
  "rollout_id": 3,
  "key": "Fm",
  "tempo": 160,
  "reward": 0.8109944282573792,
  "breakdown": {
    "sax": -1.04829433888305,
    "sax_sig": 0.3320643873809647,
    "bass": -0.373862038601923,
    "bass_sig": 0.43801023530346195,
    "piano": 3.7725402700110964,
    "piano_sig": 0.925188566627299,
    "drums": 6.5067680402985655,
    "drums_sig": 0.9871038363240595,
    "ensemble": -0.11824379801970075,
    "ensemble_sig": 0.4803028991590827,
    "z_sum": 8.738908134804987,
    "combined": 0.8109944282573792,
    "sax_detail": {
      "total": -1.04829433888305,
      "variety_gate": 0.5,
      "features": {
        "melodic_entropy": {
          "raw": 1.295461844238322,
          "z_score": -1.1663978154010002
        },
        "dur_cv": {
          "raw": 0.0,
          "z_score": -0.2978723404255319
        },
        "sax_arpeggio_runs": {
          "raw": 0,
          "z_score": -0.3391684901531729
        },
        "peak_not_late": {
          "raw": 1,
          "z_score": 0.42975206611570255
        },
        "blue_ratio": {
          "raw": 0.09090909090909091,
          "z_score": -0.5903263403263402
        },
        "rhythm_2grams": {
          "raw": 1,
          "z_score": -0.13257575757575726
        }
      }
    },
    "bass_detail": {
      "total": -0.373862038601923,
      "direction_gate": 1.0,
      "features": {
        "ioi_swing": {
          "raw": 0.0,
          "z_score": -0.24855491329479767
        },
        "non_chromatic_ratio": {
          "raw": 0.45454545454545453,
          "z_score": -0.12530712530712532
        }
      }
    },
    "piano_detail": {
      "total": 3.7725402700110964,
      "variety_gate": 1.0,
      "features": {
        "avg_chord_spread": {
          "raw": 9.0,
          "z_score": 0.4257300042319087
        },
        "gap_ratio": {
          "raw": 0.6666666666666666,
          "z_score": -0.3862745098039215
        },
        "register_separation": {
          "raw": 0.29545454545454675,
          "z_score": -0.9505811090318129
        },
        "velocity_variance": {
          "raw": 0.06388765649999399,
          "z_score": 4.683665884614922
        }
      }
    },
    "drums_detail": {
      "total": 6.5067680402985655,
      "features": {
        "kick_off_beat_ratio": {
          "raw": 0.6666666666666667,
          "z_score": 1.423167848699764
        },
        "snare_backbeat_ratio": {
          "raw": 0.16666666666666666,
          "z_score": 1.2138364779874213
        },
        "velocity_variance": {
          "raw": 11.436132386735569,
          "z_score": 1.302932030443064
        },
        "duration_variety": {
          "raw": 4,
          "z_score": 2.5668316831683167
        }
      }
    },
    "ensemble_detail": {
      "total": -0.11824379801970075,
      "duration_gate": 1.0,
      "features": {
        "collision_rate": {
          "raw": 0.18181818181818182,
          "z_score": 0.2562862669245648
        },
        "phrase_alignment": {
          "raw": 0.6666666666666666,
          "z_score": 0.16861219195849547
        },
        "texture_density": {
          "raw": 0.6439999999999999,
          "z_score": 0.09191176470588283
        },
        "harmonic_consonance": {
          "raw": 0.5714285714285714,
          "z_score": -0.6350540216086439
        }
      }
    }
  },
  "has_midi": true,
  "error": null,
  "timestamp": "2025-12-01T04:11:15.397039"
}