{
  "step": 49,
  "rollout_id": 3,
  "key": "Dm",
  "tempo": 160,
  "reward": 0.6966901121315828,
  "breakdown": {
    "sax": -0.12109376002747359,
    "sax_sig": 0.4798286605258449,
    "bass": 0.67913901439913,
    "bass_sig": 0.611295091810923,
    "piano": -0.49487912478724405,
    "piano_sig": 0.4182602304881761,
    "drums": 3.686819530166296,
    "drums_sig": 0.9211357708649345,
    "ensemble": 1.2395285065760713,
    "ensemble_sig": 0.6955830988575907,
    "z_sum": 4.98951416632678,
    "combined": 0.6966901121315828,
    "sax_detail": {
      "total": -0.12109376002747359,
      "variety_gate": 0.5,
      "features": {
        "melodic_entropy": {
          "raw": 1.584962500721156,
          "z_score": -0.5607479064410961
        },
        "dur_cv": {
          "raw": 0.0,
          "z_score": -0.2978723404255319
        },
        "sax_arpeggio_runs": {
          "raw": 0,
          "z_score": -0.3391684901531729
        },
        "peak_not_late": {
          "raw": 1,
          "z_score": 0.42975206611570255
        },
        "blue_ratio": {
          "raw": 0.2857142857142857,
          "z_score": 0.6584249084249083
        },
        "rhythm_2grams": {
          "raw": 1,
          "z_score": -0.13257575757575726
        }
      }
    },
    "bass_detail": {
      "total": 0.67913901439913,
      "direction_gate": 1.0,
      "features": {
        "ioi_swing": {
          "raw": 0.0,
          "z_score": -0.24855491329479767
        },
        "non_chromatic_ratio": {
          "raw": 0.7272727272727273,
          "z_score": 0.9276939276939278
        }
      }
    },
    "piano_detail": {
      "total": -0.49487912478724405,
      "variety_gate": 0.5,
      "features": {
        "avg_chord_spread": {
          "raw": 9.0,
          "z_score": 0.4257300042319087
        },
        "gap_ratio": {
          "raw": 0.6666666666666666,
          "z_score": -0.3862745098039215
        },
        "register_separation": {
          "raw": 0.8571428571428612,
          "z_score": -0.7984445132332445
        },
        "velocity_variance": {
          "raw": 0.0,
          "z_score": -0.23076923076923078
        }
      }
    },
    "drums_detail": {
      "total": 3.686819530166296,
      "features": {
        "kick_off_beat_ratio": {
          "raw": 0.5,
          "z_score": 0.2411347517730495
        },
        "snare_backbeat_ratio": {
          "raw": 0.0,
          "z_score": -0.3584905660377358
        },
        "velocity_variance": {
          "raw": 11.119996447286049,
          "z_score": 1.2373436612626656
        },
        "duration_variety": {
          "raw": 4,
          "z_score": 2.5668316831683167
        }
      }
    },
    "ensemble_detail": {
      "total": 1.2395285065760713,
      "duration_gate": 1.0,
      "features": {
        "collision_rate": {
          "raw": 0.0,
          "z_score": 1.223404255319149
        },
        "phrase_alignment": {
          "raw": 0.3333333333333333,
          "z_score": 1.4656290531776912
        },
        "texture_density": {
          "raw": 0.5640000000000001,
          "z_score": 0.3860294117647058
        },
        "harmonic_consonance": {
          "raw": 0.42857142857142855,
          "z_score": -1.8355342136854746
        }
      }
    }
  },
  "has_midi": true,
  "error": null,
  "timestamp": "2025-12-01T03:43:46.882539"
}