{
  "step": 0,
  "rollout_id": 1,
  "key": "C",
  "tempo": 120,
  "reward": 0.14753432615633655,
  "has_midi": true,
  "error": null,
  "timestamp": "2025-11-30T09:14:49.721644"
}