{
  "step": 12,
  "rollout_id": 4,
  "key": "F",
  "tempo": 160,
  "reward": 0.5556412016101921,
  "breakdown": {
    "sax": -0.19101763652823425,
    "sax_sig": 0.4682066810546888,
    "bass": -1.1876535626535627,
    "bass_sig": 0.3117889481187919,
    "piano": 1.2281618523638684,
    "piano_sig": 0.6939761530607511,
    "drums": 0.788491181258409,
    "drums_sig": 0.6284704921872947,
    "ensemble_mult": 1.0447213595499958,
    "z_sum": 0.6379818344404804,
    "base_reward": 0.5318558834190291,
    "combined": 0.5556412016101921,
    "sax_detail": {
      "total": -0.19101763652823425,
      "variety_gate": 0.25,
      "features": {
        "melodic_entropy": {
          "raw": 2.413088436425758,
          "z_score": 1.1717331305978198
        },
        "dur_cv": {
          "raw": 0.0,
          "z_score": -0.2978723404255319
        },
        "sax_arpeggio_runs": {
          "raw": 1,
          "z_score": 0.39022611232676874
        },
        "peak_not_late": {
          "raw": 0,
          "z_score": -2.325068870523416
        },
        "blue_ratio": {
          "raw": 0.25,
          "z_score": 0.4294871794871795
        },
        "rhythm_2grams": {
          "raw": 1,
          "z_score": -0.13257575757575726
        }
      }
    },
    "bass_detail": {
      "total": -1.1876535626535627,
      "chromatic_gate": 0.5,
      "direction_gate": 1.0,
      "features": {
        "duration_variety": {
          "raw": 1,
          "z_score": -1.0
        },
        "velocity_variance": {
          "raw": 0.0,
          "z_score": -1.25
        },
        "non_chromatic_ratio": {
          "raw": 0.45454545454545453,
          "z_score": -0.12530712530712532
        }
      }
    },
    "piano_detail": {
      "total": 1.2281618523638684,
      "tonic_bonus": 1.0,
      "register_failed": false,
      "avg_pitch": 72.25,
      "features": {
        "unique_chords": {
          "raw": 2,
          "capped": 2,
          "z_score": 0.146551724137931,
          "weight": 1.0
        },
        "avg_chord_duration": {
          "raw": 0.375,
          "z_score": 0.5573770491803279,
          "weight": 1.5
        },
        "cluster_ratio": {
          "raw": 0.0,
          "z_score": 0.6666666666666667,
          "weight": 1.0
        },
        "out_of_key_ratio": {
          "raw": 0.08333333333333333,
          "z_score": -0.22112211221122108,
          "weight": 1.0
        },
        "chord_duration_variety": {
          "raw": 1,
          "z_score": -0.20000000000000018,
          "weight": 1.0
        }
      }
    },
    "drums_detail": {
      "total": 0.788491181258409,
      "features": {
        "duration_variety": {
          "raw": 2,
          "z_score": 0.06567534076827748
        },
        "kick_off_beat_ratio": {
          "raw": 0.5,
          "z_score": 0.23571428571428552
        },
        "velocity_variance": {
          "raw": 7.637626158259733,
          "z_score": 0.487101554775846
        }
      }
    },
    "ensemble_detail": {
      "total": 1.0447213595499958,
      "dynamic_coherence": 0.7236067977499789
    }
  },
  "has_midi": true,
  "error": null,
  "timestamp": "2025-12-01T23:32:43.952802"
}