{
  "id": 8,
  "generation": 27,
  "reward": 0.6569061655903515,
  "breakdown": {
    "sax": -0.6029914682529124,
    "sax_sig": 0.40083327940326746,
    "bass": -0.6611530361530361,
    "bass_sig": 0.391557820880965,
    "piano": 3.6271160637827498,
    "piano_sig": 0.9181954473660574,
    "drums": 0.788491181258409,
    "drums_sig": 0.6284704921872947,
    "ensemble_mult": 1.0066666666666666,
    "z_sum": 3.1514627406352105,
    "base_reward": 0.6525557936327996,
    "combined": 0.6569061655903515,
    "sax_detail": {
      "total": -0.6029914682529124,
      "variety_gate": 0.5,
      "features": {
        "melodic_entropy": {
          "raw": 1.9219280948873623,
          "z_score": 0.14420103532920983
        },
        "dur_cv": {
          "raw": 0.0,
          "z_score": -0.2978723404255319
        },
        "sax_arpeggio_runs": {
          "raw": 4,
          "z_score": 2.5784099197665937
        },
        "peak_not_late": {
          "raw": 0,
          "z_score": -2.325068870523416
        },
        "blue_ratio": {
          "raw": 0.0,
          "z_score": -1.1730769230769231
        },
        "rhythm_2grams": {
          "raw": 1,
          "z_score": -0.13257575757575726
        }
      }
    },
    "bass_detail": {
      "total": -0.6611530361530361,
      "chromatic_gate": 1.0,
      "direction_gate": 0.5,
      "features": {
        "duration_variety": {
          "raw": 1,
          "z_score": -1.0
        },
        "velocity_variance": {
          "raw": 0.0,
          "z_score": -1.25
        },
        "non_chromatic_ratio": {
          "raw": 0.7272727272727273,
          "z_score": 0.9276939276939278
        }
      }
    },
    "piano_detail": {
      "total": 3.6271160637827498,
      "tonic_bonus": 1.0,
      "register_failed": false,
      "avg_pitch": 76.0,
      "features": {
        "unique_chords": {
          "raw": 3,
          "capped": 3,
          "z_score": 1.0086206896551724,
          "weight": 1.0
        },
        "avg_chord_duration": {
          "raw": 0.5,
          "z_score": 1.5819672131147542,
          "weight": 1.5
        },
        "cluster_ratio": {
          "raw": 0.0,
          "z_score": 0.6666666666666667,
          "weight": 1.0
        },
        "out_of_key_ratio": {
          "raw": 0.08333333333333333,
          "z_score": -0.22112211221122108,
          "weight": 1.0
        },
        "chord_duration_variety": {
          "raw": 1,
          "z_score": -0.20000000000000018,
          "weight": 1.0
        }
      }
    },
    "drums_detail": {
      "total": 0.788491181258409,
      "features": {
        "duration_variety": {
          "raw": 2,
          "z_score": 0.06567534076827748
        },
        "kick_off_beat_ratio": {
          "raw": 0.5,
          "z_score": 0.23571428571428552
        },
        "velocity_variance": {
          "raw": 7.637626158259733,
          "z_score": 0.487101554775846
        }
      }
    },
    "ensemble_detail": {
      "total": 1.0066666666666666,
      "dynamic_coherence": 0.5333333333333333
    }
  },
  "metrics": {
    "reward": 0.6569061655903515,
    "note_count": 42,
    "valid_midi": 1.0,
    "unique_durs": 1,
    "has_rests": true
  },
  "has_midi": true,
  "error": null,
  "timestamp": "2025-12-02T13:48:47.427393"
}