{
  "id": 25,
  "generation": 38,
  "reward": 0.5999594620354559,
  "breakdown": {
    "sax": 0.4309949851119489,
    "sax_sig": 0.571342345005348,
    "bass": 1.732140067400183,
    "bass_sig": 0.7603792842765911,
    "piano": 0.16518292726726072,
    "piano_sig": 0.5275027000804382,
    "drums": 1.0817841933958214,
    "drums_sig": 0.6728688909715308,
    "ensemble": -0.9783249565245418,
    "ensemble_sig": 0.342490197083004,
    "z_sum": 2.431777216650673,
    "combined": 0.5999594620354559,
    "sax_detail": {
      "total": 0.4309949851119489,
      "variety_gate": 0.5,
      "features": {
        "melodic_entropy": {
          "raw": 2.2221915755066783,
          "z_score": 0.7723673127754778
        },
        "dur_cv": {
          "raw": 0.0,
          "z_score": -0.2978723404255319
        },
        "sax_arpeggio_runs": {
          "raw": 0,
          "z_score": -0.3391684901531729
        },
        "peak_not_late": {
          "raw": 1,
          "z_score": 0.42975206611570255
        },
        "blue_ratio": {
          "raw": 0.25,
          "z_score": 0.4294871794871795
        },
        "rhythm_2grams": {
          "raw": 1,
          "z_score": -0.13257575757575726
        }
      }
    },
    "bass_detail": {
      "total": 1.732140067400183,
      "direction_gate": 1.0,
      "features": {
        "ioi_swing": {
          "raw": 0.0,
          "z_score": -0.24855491329479767
        },
        "non_chromatic_ratio": {
          "raw": 1.0,
          "z_score": 1.9806949806949807
        }
      }
    },
    "piano_detail": {
      "total": 0.16518292726726072,
      "variety_gate": 0.5,
      "features": {
        "avg_chord_spread": {
          "raw": 7.0,
          "z_score": -0.4206517139229792
        },
        "gap_ratio": {
          "raw": 0.7692307692307693,
          "z_score": -0.9895927601809957
        },
        "register_separation": {
          "raw": 11.083333333333329,
          "z_score": 1.971379559407727
        },
        "velocity_variance": {
          "raw": 0.0,
          "z_score": -0.23076923076923078
        }
      }
    },
    "drums_detail": {
      "total": 1.0817841933958214,
      "features": {
        "kick_off_beat_ratio": {
          "raw": 0.5,
          "z_score": 0.2411347517730495
        },
        "snare_backbeat_ratio": {
          "raw": 0.125,
          "z_score": 0.820754716981132
        },
        "velocity_variance": {
          "raw": 4.810456929208347,
          "z_score": -0.0716894337742018
        },
        "duration_variety": {
          "raw": 2,
          "z_score": 0.09158415841584167
        }
      }
    },
    "ensemble_detail": {
      "total": -0.9783249565245418,
      "duration_gate": 1.0,
      "features": {
        "collision_rate": {
          "raw": 0.16666666666666666,
          "z_score": 0.3368794326241136
        },
        "phrase_alignment": {
          "raw": 1.0,
          "z_score": -1.1284046692607006
        },
        "texture_density": {
          "raw": 0.86,
          "z_score": -0.7022058823529409
        },
        "harmonic_consonance": {
          "raw": 0.7083333333333334,
          "z_score": 0.5154061624649862
        }
      }
    }
  },
  "metrics": {
    "reward": 0.5999594620354559,
    "note_count": 69,
    "valid_midi": 1.0,
    "unique_durs": 1,
    "has_rests": true
  },
  "has_midi": true,
  "error": null,
  "timestamp": "2025-12-01T02:27:47.212810"
}