{
  "id": 10,
  "generation": 19,
  "reward": 0.32537636985659335,
  "breakdown": {
    "sax": -1.2419764254731924,
    "sax_sig": 0.30407145141460407,
    "bass": -2.2214933055600494,
    "bass_sig": 0.18527709639408393,
    "piano": 1.3862477784198455,
    "piano_sig": 0.7158900302757013,
    "drums": -1.5382437886017153,
    "drums_sig": 0.2639582571680919,
    "ensemble": -0.759568520785183,
    "ensemble_sig": 0.37604275206829246,
    "z_sum": -4.375034262000295,
    "combined": 0.32537636985659335,
    "sax_detail": {
      "total": -1.2419764254731924,
      "variety_gate": 0.5,
      "features": {
        "melodic_entropy": {
          "raw": 2.108393476855505,
          "z_score": -0.5951827480274468
        },
        "dur_cv": {
          "raw": 0.16666666666666666,
          "z_score": -0.6141878937277458
        },
        "sax_arpeggio_runs": {
          "raw": 0,
          "z_score": -0.4150099290132615
        },
        "peak_not_late": {
          "raw": 1,
          "z_score": 0.6122586439155816
        },
        "blue_ratio": {
          "raw": 0.125,
          "z_score": -0.5854632587859425
        },
        "rhythm_2grams": {
          "raw": 1,
          "z_score": -0.8863676653075695
        }
      }
    },
    "bass_detail": {
      "total": -2.2214933055600494,
      "direction_gate": 1.0,
      "features": {
        "ioi_swing": {
          "raw": 0.0,
          "z_score": -0.8105992171032821
        },
        "non_chromatic_ratio": {
          "raw": 0.2727272727272727,
          "z_score": -1.4108940884567673
        }
      }
    },
    "piano_detail": {
      "total": 1.3862477784198455,
      "variety_gate": 1.0,
      "features": {
        "avg_chord_spread": {
          "raw": 10.0,
          "z_score": 0.1317030567685589
        },
        "gap_ratio": {
          "raw": 0.23076923076923078,
          "z_score": 0.9826302729528535
        },
        "register_separation": {
          "raw": 12.875,
          "z_score": 0.8508618171194858
        },
        "velocity_variance": {
          "raw": 0.0,
          "z_score": -0.5789473684210527
        }
      }
    },
    "drums_detail": {
      "total": -1.5382437886017153,
      "features": {
        "kick_off_beat_ratio": {
          "raw": 0.5,
          "z_score": -0.8253055108539016
        },
        "snare_backbeat_ratio": {
          "raw": 0.0,
          "z_score": -0.5855710048313247
        },
        "velocity_variance": {
          "raw": 14.696938456699069,
          "z_score": 0.09085028933777026
        },
        "duration_variety": {
          "raw": 2,
          "z_score": -0.21821756225425926
        }
      }
    },
    "ensemble_detail": {
      "total": -0.759568520785183,
      "duration_gate": 1.0,
      "features": {
        "collision_rate": {
          "raw": 0.25,
          "z_score": 0.5186567164179104
        },
        "phrase_alignment": {
          "raw": 1.0,
          "z_score": -1.66875
        },
        "texture_density": {
          "raw": 0,
          "z_score": 1.4390243902439026
        },
        "harmonic_consonance": {
          "raw": 0.6466165413533834,
          "z_score": -1.0484996274469962
        }
      }
    }
  },
  "metrics": {
    "reward": 0.32537636985659335,
    "note_count": 75,
    "valid_midi": 1.0,
    "unique_durs": 2,
    "has_rests": false
  },
  "has_midi": true,
  "error": null,
  "timestamp": "2025-11-30T17:25:48.340057"
}