{
  "step": 0,
  "rollout_id": 7,
  "key": "Dm",
  "tempo": 160,
  "reward": 0.18941193798241174,
  "has_midi": true,
  "error": null,
  "timestamp": "2025-11-30T15:54:57.295256"
}