{
  "id": 2,
  "generation": 8,
  "reward": 0.9380180158023523,
  "breakdown": {
    "sax": 5.364808523216751,
    "sax_sig": 0.9727888177551475,
    "bass": -0.5386539136539137,
    "bass_sig": 0.4111768163167702,
    "piano": 5.342638286440289,
    "piano_sig": 0.9723948301600603,
    "drums": 1.6746387064140251,
    "drums_sig": 0.7533251381487623,
    "ensemble_mult": 1.025819888974716,
    "z_sum": 11.843431602417152,
    "base_reward": 0.9144081001781709,
    "combined": 0.9380180158023523,
    "sax_detail": {
      "total": 5.364808523216751,
      "variety_gate": 1.0,
      "features": {
        "melodic_entropy": {
          "raw": 2.0,
          "z_score": 0.30753138075313813
        },
        "dur_cv": {
          "raw": 0.282842712474619,
          "z_score": 2.711092685900202
        },
        "sax_arpeggio_runs": {
          "raw": 0,
          "z_score": -0.3391684901531729
        },
        "peak_not_late": {
          "raw": 1,
          "z_score": 0.42975206611570255
        },
        "blue_ratio": {
          "raw": 0.5555555555555556,
          "z_score": 2.3881766381766383
        },
        "rhythm_2grams": {
          "raw": 1,
          "z_score": -0.13257575757575726
        }
      }
    },
    "bass_detail": {
      "total": -0.5386539136539137,
      "chromatic_gate": 0.5,
      "direction_gate": 1.0,
      "features": {
        "duration_variety": {
          "raw": 3,
          "z_score": 1.0
        },
        "velocity_variance": {
          "raw": 0.0,
          "z_score": -1.25
        },
        "non_chromatic_ratio": {
          "raw": 0.2727272727272727,
          "z_score": -0.8273078273078274
        }
      }
    },
    "piano_detail": {
      "total": 5.342638286440289,
      "tonic_bonus": 1.2,
      "register_failed": false,
      "avg_pitch": 58.083333333333336,
      "features": {
        "unique_chords": {
          "raw": 3,
          "capped": 3,
          "z_score": 1.0086206896551724,
          "weight": 1.0
        },
        "avg_chord_duration": {
          "raw": 0.5,
          "z_score": 1.5819672131147542,
          "weight": 1.5
        },
        "cluster_ratio": {
          "raw": 0.0,
          "z_score": 0.6666666666666667,
          "weight": 1.0
        },
        "out_of_key_ratio": {
          "raw": 0.0,
          "z_score": 0.6039603960396039,
          "weight": 1.0
        },
        "chord_duration_variety": {
          "raw": 1,
          "z_score": -0.20000000000000018,
          "weight": 1.0
        }
      }
    },
    "drums_detail": {
      "total": 1.6746387064140251,
      "features": {
        "duration_variety": {
          "raw": 4,
          "z_score": 2.5439900867410157
        },
        "kick_off_beat_ratio": {
          "raw": 0.5,
          "z_score": 0.23571428571428552
        },
        "velocity_variance": {
          "raw": 0.0,
          "z_score": -1.1050656660412759
        }
      }
    },
    "ensemble_detail": {
      "total": 1.025819888974716,
      "dynamic_coherence": 0.6290994448735805
    }
  },
  "metrics": {
    "reward": 0.9380180158023523,
    "note_count": 81,
    "valid_midi": 1.0,
    "unique_durs": 2,
    "has_rests": true
  },
  "has_midi": true,
  "error": null,
  "timestamp": "2025-12-01T22:19:55.170801"
}