{
  "id": 28,
  "generation": 12,
  "reward": 0.579781833344934,
  "breakdown": {
    "sax": -1.428000484784684,
    "sax_sig": 0.2784827188100033,
    "bass": -1.064431896801839,
    "bass_sig": 0.3296825322844519,
    "piano": 0.2392684142879347,
    "piano_sig": 0.5397937282879541,
    "drums": 4.715208812929352,
    "drums_sig": 0.9586507499324619,
    "ensemble": -0.5307776703694146,
    "ensemble_sig": 0.41244868708460014,
    "z_sum": 1.9312671752613486,
    "combined": 0.579781833344934,
    "sax_detail": {
      "total": -1.428000484784684,
      "variety_gate": 0.5,
      "features": {
        "melodic_entropy": {
          "raw": 1.3787834934861753,
          "z_score": -0.992084741660721
        },
        "dur_cv": {
          "raw": 0.0,
          "z_score": -0.2978723404255319
        },
        "sax_arpeggio_runs": {
          "raw": 0,
          "z_score": -0.3391684901531729
        },
        "peak_not_late": {
          "raw": 0,
          "z_score": -2.325068870523416
        },
        "blue_ratio": {
          "raw": 0.375,
          "z_score": 1.2307692307692308
        },
        "rhythm_2grams": {
          "raw": 1,
          "z_score": -0.13257575757575726
        }
      }
    },
    "bass_detail": {
      "total": -1.064431896801839,
      "direction_gate": 0.5,
      "features": {
        "ioi_swing": {
          "raw": 0.0,
          "z_score": -0.24855491329479767
        },
        "non_chromatic_ratio": {
          "raw": 0.0,
          "z_score": -1.88030888030888
        }
      }
    },
    "piano_detail": {
      "total": 0.2392684142879347,
      "variety_gate": 0.5,
      "features": {
        "avg_chord_spread": {
          "raw": 12.0,
          "z_score": 1.6953025814642404
        },
        "gap_ratio": {
          "raw": 0.7142857142857143,
          "z_score": -0.6663865546218489
        },
        "register_separation": {
          "raw": 2.625,
          "z_score": -0.3196099674972915
        },
        "velocity_variance": {
          "raw": 0.0,
          "z_score": -0.23076923076923078
        }
      }
    },
    "drums_detail": {
      "total": 4.715208812929352,
      "features": {
        "kick_off_beat_ratio": {
          "raw": 0.6666666666666667,
          "z_score": 1.423167848699764
        },
        "snare_backbeat_ratio": {
          "raw": 0.0,
          "z_score": -0.3584905660377358
        },
        "velocity_variance": {
          "raw": 8.2915619758885,
          "z_score": 0.6505315302673238
        },
        "duration_variety": {
          "raw": 6,
          "z_score": 3.0
        }
      }
    },
    "ensemble_detail": {
      "total": -0.5307776703694146,
      "duration_gate": 1.0,
      "features": {
        "collision_rate": {
          "raw": 0.0,
          "z_score": 1.223404255319149
        },
        "phrase_alignment": {
          "raw": 0.6666666666666666,
          "z_score": 0.16861219195849547
        },
        "texture_density": {
          "raw": 0.8560000000000001,
          "z_score": -0.6875000000000001
        },
        "harmonic_consonance": {
          "raw": 0.5,
          "z_score": -1.235294117647059
        }
      }
    }
  },
  "metrics": {
    "reward": 0.579781833344934,
    "note_count": 52,
    "valid_midi": 1.0,
    "unique_durs": 1,
    "has_rests": true
  },
  "has_midi": true,
  "error": null,
  "timestamp": "2025-11-30T23:05:51.881112"
}