{
  "id": 26,
  "generation": 27,
  "reward": 0.9685746780802428,
  "breakdown": {
    "sax": 14.059319860266559,
    "sax_sig": 0.9999150089755267,
    "bass": -0.6180361958195584,
    "bass_sig": 0.39842687207272864,
    "piano": 4.2783167440415495,
    "piano_sig": 0.9454328681119706,
    "drums": 0.9344274341476972,
    "drums_sig": 0.6508895510880889,
    "ensemble": 1.915241687369542,
    "ensemble_sig": 0.7819093125719284,
    "z_sum": 20.569269530005787,
    "combined": 0.9685746780802428,
    "sax_detail": {
      "total": 14.059319860266559,
      "variety_gate": 1.0,
      "features": {
        "melodic_entropy": {
          "raw": 2.4996981431844145,
          "z_score": 1.3529249857414531
        },
        "dur_cv": {
          "raw": 0.8003905296791062,
          "z_score": 8.216920528501129
        },
        "sax_arpeggio_runs": {
          "raw": 2,
          "z_score": 1.1196207148067103
        },
        "peak_not_late": {
          "raw": 1,
          "z_score": 0.42975206611570255
        },
        "blue_ratio": {
          "raw": 0.07142857142857142,
          "z_score": -0.7152014652014652
        },
        "rhythm_2grams": {
          "raw": 2,
          "z_score": 3.6553030303030303
        }
      }
    },
    "bass_detail": {
      "total": -0.6180361958195584,
      "direction_gate": 1.0,
      "features": {
        "ioi_swing": {
          "raw": 0.0,
          "z_score": -0.24855491329479767
        },
        "non_chromatic_ratio": {
          "raw": 0.391304347826087,
          "z_score": -0.36948128252476065
        }
      }
    },
    "piano_detail": {
      "total": 4.2783167440415495,
      "variety_gate": 1.0,
      "features": {
        "avg_chord_spread": {
          "raw": 9.5,
          "z_score": 0.6373254337706307
        },
        "gap_ratio": {
          "raw": 0.7777777777777778,
          "z_score": -1.0398692810457517
        },
        "register_separation": {
          "raw": 3.794642857142854,
          "z_score": -0.0028052932982519127
        },
        "velocity_variance": {
          "raw": 0.06388765649999399,
          "z_score": 4.683665884614922
        }
      }
    },
    "drums_detail": {
      "total": 0.9344274341476972,
      "features": {
        "kick_off_beat_ratio": {
          "raw": 0.5,
          "z_score": 0.2411347517730495
        },
        "snare_backbeat_ratio": {
          "raw": 0.0,
          "z_score": -0.3584905660377358
        },
        "velocity_variance": {
          "raw": 3.8188130791298667,
          "z_score": -0.27742467237969565
        },
        "duration_variety": {
          "raw": 3,
          "z_score": 1.3292079207920793
        }
      }
    },
    "ensemble_detail": {
      "total": 1.915241687369542,
      "duration_gate": 0.8,
      "features": {
        "collision_rate": {
          "raw": 0.07142857142857142,
          "z_score": 0.8434650455927052
        },
        "phrase_alignment": {
          "raw": 0.16666666666666666,
          "z_score": 2.1141374837872893
        },
        "texture_density": {
          "raw": 0.772,
          "z_score": -0.37867647058823517
        },
        "harmonic_consonance": {
          "raw": 0.625,
          "z_score": -0.1848739495798321
        }
      }
    }
  },
  "metrics": {
    "reward": 0.9685746780802428,
    "note_count": 90,
    "valid_midi": 1.0,
    "unique_durs": 4,
    "has_rests": true
  },
  "has_midi": true,
  "error": null,
  "timestamp": "2025-11-30T21:43:24.478568"
}