{
  "id": 23,
  "generation": 31,
  "reward": 0.6798489213989731,
  "breakdown": {
    "sax": -0.5560005556738911,
    "sax_sig": 0.40837985172183167,
    "bass": -0.7775124422523267,
    "bass_sig": 0.3732400981817319,
    "piano": 1.7091369820465072,
    "piano_sig": 0.7575739892535219,
    "drums": 1.8488935245970164,
    "drums_sig": 0.7742725565934845,
    "ensemble": 2.293948055668993,
    "ensemble_sig": 0.8219036830355239,
    "z_sum": 4.5184655643862985,
    "combined": 0.6798489213989731,
    "sax_detail": {
      "total": -0.5560005556738911,
      "variety_gate": 0.5,
      "features": {
        "melodic_entropy": {
          "raw": 2.2890179898186576,
          "z_score": 0.9121715268172753
        },
        "dur_cv": {
          "raw": 0.0,
          "z_score": -0.2978723404255319
        },
        "sax_arpeggio_runs": {
          "raw": 0,
          "z_score": -0.3391684901531729
        },
        "peak_not_late": {
          "raw": 0,
          "z_score": -2.325068870523416
        },
        "blue_ratio": {
          "raw": 0.35,
          "z_score": 1.0705128205128205
        },
        "rhythm_2grams": {
          "raw": 1,
          "z_score": -0.13257575757575726
        }
      }
    },
    "bass_detail": {
      "total": -0.7775124422523267,
      "direction_gate": 1.0,
      "features": {
        "ioi_swing": {
          "raw": 0.0,
          "z_score": -0.24855491329479767
        },
        "non_chromatic_ratio": {
          "raw": 0.35,
          "z_score": -0.528957528957529
        }
      }
    },
    "piano_detail": {
      "total": 1.7091369820465072,
      "variety_gate": 1.0,
      "features": {
        "avg_chord_spread": {
          "raw": 9.0,
          "z_score": 0.4257300042319087
        },
        "gap_ratio": {
          "raw": 0.7222222222222222,
          "z_score": -0.7130718954248366
        },
        "register_separation": {
          "raw": 0.09999999999999432,
          "z_score": -1.0035211267605648
        },
        "velocity_variance": {
          "raw": 0.06775963568181181,
          "z_score": 3.0
        }
      }
    },
    "drums_detail": {
      "total": 1.8488935245970164,
      "features": {
        "kick_off_beat_ratio": {
          "raw": 0.5,
          "z_score": 0.2411347517730495
        },
        "snare_backbeat_ratio": {
          "raw": 0.3333333333333333,
          "z_score": 2.7861635220125787
        },
        "velocity_variance": {
          "raw": 5.0,
          "z_score": -0.0323651452282157
        },
        "duration_variety": {
          "raw": 1,
          "z_score": -1.146039603960396
        }
      }
    },
    "ensemble_detail": {
      "total": 2.293948055668993,
      "duration_gate": 1.0,
      "features": {
        "collision_rate": {
          "raw": 0.15,
          "z_score": 0.4255319148936171
        },
        "phrase_alignment": {
          "raw": 0.5,
          "z_score": 0.8171206225680933
        },
        "texture_density": {
          "raw": 0.42799999999999994,
          "z_score": 0.8860294117647062
        },
        "harmonic_consonance": {
          "raw": 0.6666666666666666,
          "z_score": 0.16526610644257655
        }
      }
    }
  },
  "metrics": {
    "reward": 0.6798489213989731,
    "note_count": 89,
    "valid_midi": 1.0,
    "unique_durs": 1,
    "has_rests": true
  },
  "has_midi": true,
  "error": null,
  "timestamp": "2025-12-01T01:51:59.608283"
}