{
  "id": 15,
  "generation": 14,
  "reward": 0.2969437056436091,
  "breakdown": {
    "sax": -2.103928936548499,
    "sax_sig": 0.19740079847323533,
    "bass": 0.339569507199565,
    "bass_sig": 0.5563544532418501,
    "piano": -0.4360109630732727,
    "piano_sig": 0.42783887474828913,
    "drums": -1.6976343057379706,
    "drums_sig": 0.2438371453484215,
    "ensemble": -1.2733616320938508,
    "ensemble_sig": 0.2996620310800186,
    "z_sum": -5.171366330254028,
    "combined": 0.2969437056436091,
    "sax_detail": {
      "total": -2.103928936548499,
      "variety_gate": 0.5,
      "features": {
        "melodic_entropy": {
          "raw": 1.3709505944546687,
          "z_score": -1.0084715597182663
        },
        "dur_cv": {
          "raw": 0.0,
          "z_score": -0.2978723404255319
        },
        "sax_arpeggio_runs": {
          "raw": 0,
          "z_score": -0.3391684901531729
        },
        "peak_not_late": {
          "raw": 0,
          "z_score": -2.325068870523416
        },
        "blue_ratio": {
          "raw": 0.16666666666666666,
          "z_score": -0.10470085470085473
        },
        "rhythm_2grams": {
          "raw": 1,
          "z_score": -0.13257575757575726
        }
      }
    },
    "bass_detail": {
      "total": 0.339569507199565,
      "direction_gate": 0.5,
      "features": {
        "ioi_swing": {
          "raw": 0.0,
          "z_score": -0.24855491329479767
        },
        "non_chromatic_ratio": {
          "raw": 0.7272727272727273,
          "z_score": 0.9276939276939278
        }
      }
    },
    "piano_detail": {
      "total": -0.4360109630732727,
      "variety_gate": 0.5,
      "features": {
        "avg_chord_spread": {
          "raw": 7.0,
          "z_score": -0.4206517139229792
        },
        "gap_ratio": {
          "raw": 0.6666666666666666,
          "z_score": -0.3862745098039215
        },
        "register_separation": {
          "raw": 4.416666666666671,
          "z_score": 0.16567352834958593
        },
        "velocity_variance": {
          "raw": 0.0,
          "z_score": -0.23076923076923078
        }
      }
    },
    "drums_detail": {
      "total": -1.6976343057379706,
      "features": {
        "kick_off_beat_ratio": {
          "raw": 0.19999999999999996,
          "z_score": -1.8865248226950362
        },
        "snare_backbeat_ratio": {
          "raw": 0.0,
          "z_score": -0.3584905660377358
        },
        "velocity_variance": {
          "raw": 7.352941176470586,
          "z_score": 0.4557969245789598
        },
        "duration_variety": {
          "raw": 2,
          "z_score": 0.09158415841584167
        }
      }
    },
    "ensemble_detail": {
      "total": -1.2733616320938508,
      "duration_gate": 0.8,
      "features": {
        "collision_rate": {
          "raw": 0.0,
          "z_score": 1.223404255319149
        },
        "phrase_alignment": {
          "raw": 0.6666666666666666,
          "z_score": 0.16861219195849547
        },
        "texture_density": {
          "raw": 0.916,
          "z_score": -0.9080882352941175
        },
        "harmonic_consonance": {
          "raw": 0.4,
          "z_score": -2.0756302521008405
        }
      }
    }
  },
  "metrics": {
    "reward": 0.2969437056436091,
    "note_count": 64,
    "valid_midi": 1.0,
    "unique_durs": 1,
    "has_rests": true
  },
  "has_midi": true,
  "error": null,
  "timestamp": "2025-11-30T21:34:43.838325"
}