{
  "id": 28,
  "generation": 37,
  "reward": 0.3969804136253313,
  "breakdown": {
    "sax": -1.259029616487484,
    "sax_sig": 0.30167105081053025,
    "bass": -0.7248623896022739,
    "bass_sig": 0.38148696295716106,
    "piano": -1.3174180582334758,
    "piano_sig": 0.2935346003603961,
    "drums": 0.18422210918865112,
    "drums_sig": 0.5306651498370938,
    "ensemble": 0.6087115497190962,
    "ensemble_sig": 0.6000822191915305,
    "z_sum": -2.5083764054154862,
    "combined": 0.3969804136253313,
    "sax_detail": {
      "total": -1.259029616487484,
      "variety_gate": 0.5,
      "features": {
        "melodic_entropy": {
          "raw": 2.2516291673878226,
          "z_score": 0.8339522330289176
        },
        "dur_cv": {
          "raw": 0.0,
          "z_score": -0.2978723404255319
        },
        "sax_arpeggio_runs": {
          "raw": 0,
          "z_score": -0.3391684901531729
        },
        "peak_not_late": {
          "raw": 0,
          "z_score": -2.325068870523416
        },
        "blue_ratio": {
          "raw": 0.14285714285714285,
          "z_score": -0.25732600732600736
        },
        "rhythm_2grams": {
          "raw": 1,
          "z_score": -0.13257575757575726
        }
      }
    },
    "bass_detail": {
      "total": -0.7248623896022739,
      "direction_gate": 1.0,
      "features": {
        "ioi_swing": {
          "raw": 0.0,
          "z_score": -0.24855491329479767
        },
        "non_chromatic_ratio": {
          "raw": 0.36363636363636365,
          "z_score": -0.4763074763074762
        }
      }
    },
    "piano_detail": {
      "total": -1.3174180582334758,
      "variety_gate": 0.5,
      "features": {
        "avg_chord_spread": {
          "raw": 7.0,
          "z_score": -0.4206517139229792
        },
        "gap_ratio": {
          "raw": 0.7777777777777778,
          "z_score": -1.0398692810457517
        },
        "register_separation": {
          "raw": 0.3214285714285694,
          "z_score": -0.9435458907289899
        },
        "velocity_variance": {
          "raw": 0.0,
          "z_score": -0.23076923076923078
        }
      }
    },
    "drums_detail": {
      "total": 0.18422210918865112,
      "features": {
        "kick_off_beat_ratio": {
          "raw": 0.5,
          "z_score": 0.2411347517730495
        },
        "snare_backbeat_ratio": {
          "raw": 0.0,
          "z_score": -0.3584905660377358
        },
        "velocity_variance": {
          "raw": 12.133516482134196,
          "z_score": 1.4476175274137335
        },
        "duration_variety": {
          "raw": 1,
          "z_score": -1.146039603960396
        }
      }
    },
    "ensemble_detail": {
      "total": 0.6087115497190962,
      "duration_gate": 1.0,
      "features": {
        "collision_rate": {
          "raw": 0.2857142857142857,
          "z_score": -0.29635258358662603
        },
        "phrase_alignment": {
          "raw": 0.5,
          "z_score": 0.8171206225680933
        },
        "texture_density": {
          "raw": 0.944,
          "z_score": -1.0110294117647054
        },
        "harmonic_consonance": {
          "raw": 0.7777777777777778,
          "z_score": 1.0989729225023344
        }
      }
    }
  },
  "metrics": {
    "reward": 0.3969804136253313,
    "note_count": 39,
    "valid_midi": 1.0,
    "unique_durs": 1,
    "has_rests": true
  },
  "has_midi": true,
  "error": null,
  "timestamp": "2025-12-01T02:22:57.577425"
}