{
  "step": 31,
  "rollout_id": 24,
  "key": "Dm",
  "tempo": 160,
  "reward": 0.9747162001764996,
  "breakdown": {
    "sax": 3.6663386179347977,
    "sax_sig": 0.9201381639900978,
    "bass": 0.3796946296946295,
    "bass_sig": 0.5629466892964662,
    "piano": 4.917818275253473,
    "piano_sig": 0.9636854170885173,
    "drums": 4.204035513196222,
    "drums_sig": 0.9428210320949701,
    "ensemble_mult": 1.0447213595499958,
    "z_sum": 13.167887036079122,
    "base_reward": 0.9329915496284577,
    "combined": 0.9747162001764996,
    "sax_detail": {
      "total": 3.6663386179347977,
      "variety_gate": 1.0,
      "features": {
        "melodic_entropy": {
          "raw": 1.9749375012019272,
          "z_score": 0.2550993748994294
        },
        "dur_cv": {
          "raw": 0.1697250257391052,
          "z_score": 1.507713039777715
        },
        "sax_arpeggio_runs": {
          "raw": 2,
          "z_score": 1.1196207148067103
        },
        "peak_not_late": {
          "raw": 0,
          "z_score": -2.325068870523416
        },
        "blue_ratio": {
          "raw": 0.2,
          "z_score": 0.10897435897435907
        },
        "rhythm_2grams": {
          "raw": 3,
          "z_score": 3.0
        }
      }
    },
    "bass_detail": {
      "total": 0.3796946296946295,
      "chromatic_gate": 1.0,
      "direction_gate": 1.0,
      "features": {
        "duration_variety": {
          "raw": 2,
          "z_score": 0.0
        },
        "velocity_variance": {
          "raw": 0.0,
          "z_score": -1.25
        },
        "non_chromatic_ratio": {
          "raw": 0.9090909090909091,
          "z_score": 1.6296946296946295
        }
      }
    },
    "piano_detail": {
      "total": 4.917818275253473,
      "tonic_bonus": 1.0,
      "register_failed": false,
      "avg_pitch": 59.416666666666664,
      "features": {
        "unique_chords": {
          "raw": 2,
          "capped": 2,
          "z_score": 0.146551724137931,
          "weight": 1.0
        },
        "avg_chord_duration": {
          "raw": 1.5,
          "z_score": 3.0,
          "weight": 1.5
        },
        "cluster_ratio": {
          "raw": 0.3333333333333333,
          "z_score": -0.13269384492406067,
          "weight": 1.0
        },
        "out_of_key_ratio": {
          "raw": 0.0,
          "z_score": 0.6039603960396039,
          "weight": 1.0
        },
        "chord_duration_variety": {
          "raw": 1,
          "z_score": -0.20000000000000018,
          "weight": 1.0
        }
      }
    },
    "drums_detail": {
      "total": 4.204035513196222,
      "features": {
        "duration_variety": {
          "raw": 4,
          "z_score": 2.5439900867410157
        },
        "kick_off_beat_ratio": {
          "raw": 0.5,
          "z_score": 0.23571428571428552
        },
        "velocity_variance": {
          "raw": 12.133516482134198,
          "z_score": 1.424331140740921
        }
      }
    },
    "ensemble_detail": {
      "total": 1.0447213595499958,
      "dynamic_coherence": 0.7236067977499789
    }
  },
  "has_midi": true,
  "error": null,
  "timestamp": "2025-12-02T14:14:18.026358"
}