{
  "id": 31,
  "generation": 28,
  "reward": 0.33853021068229183,
  "breakdown": {
    "sax": 0.08329928877773791,
    "sax_sig": 0.5138796480275257,
    "bass": -1.064431896801839,
    "bass_sig": 0.3296825322844519,
    "piano": -1.8308552641050908,
    "piano_sig": 0.22783612574138407,
    "drums": -2.333104961793547,
    "drums_sig": 0.17430723222270691,
    "ensemble": 1.1259869810164318,
    "ensemble_sig": 0.6793220544173015,
    "z_sum": -4.019105852906307,
    "combined": 0.33853021068229183,
    "sax_detail": {
      "total": 0.08329928877773791,
      "variety_gate": 0.5,
      "features": {
        "melodic_entropy": {
          "raw": 2.145136370153053,
          "z_score": 0.6111639542950901
        },
        "dur_cv": {
          "raw": 0.0,
          "z_score": -0.2978723404255319
        },
        "sax_arpeggio_runs": {
          "raw": 0,
          "z_score": -0.3391684901531729
        },
        "peak_not_late": {
          "raw": 1,
          "z_score": 0.42975206611570255
        },
        "blue_ratio": {
          "raw": 0.16666666666666666,
          "z_score": -0.10470085470085473
        },
        "rhythm_2grams": {
          "raw": 1,
          "z_score": -0.13257575757575726
        }
      }
    },
    "bass_detail": {
      "total": -1.064431896801839,
      "direction_gate": 0.5,
      "features": {
        "ioi_swing": {
          "raw": 0.0,
          "z_score": -0.24855491329479767
        },
        "non_chromatic_ratio": {
          "raw": 0.0,
          "z_score": -1.88030888030888
        }
      }
    },
    "piano_detail": {
      "total": -1.8308552641050908,
      "variety_gate": 0.5,
      "features": {
        "avg_chord_spread": {
          "raw": 5.0,
          "z_score": -1.2670334320778671
        },
        "gap_ratio": {
          "raw": 0.8064516129032258,
          "z_score": -1.2085388994307398
        },
        "register_separation": {
          "raw": 0.2777777777777857,
          "z_score": -0.9553689659323441
        },
        "velocity_variance": {
          "raw": 0.0,
          "z_score": -0.23076923076923078
        }
      }
    },
    "drums_detail": {
      "total": -2.333104961793547,
      "features": {
        "kick_off_beat_ratio": {
          "raw": 0.5,
          "z_score": 0.2411347517730495
        },
        "snare_backbeat_ratio": {
          "raw": 0.0,
          "z_score": -0.3584905660377358
        },
        "velocity_variance": {
          "raw": 0.0,
          "z_score": -1.0697095435684647
        },
        "duration_variety": {
          "raw": 1,
          "z_score": -1.146039603960396
        }
      }
    },
    "ensemble_detail": {
      "total": 1.1259869810164318,
      "duration_gate": 1.0,
      "features": {
        "collision_rate": {
          "raw": 0.0,
          "z_score": 1.223404255319149
        },
        "phrase_alignment": {
          "raw": 1.0,
          "z_score": -1.1284046692607006
        },
        "texture_density": {
          "raw": 0.624,
          "z_score": 0.16544117647058837
        },
        "harmonic_consonance": {
          "raw": 0.75,
          "z_score": 0.8655462184873949
        }
      }
    }
  },
  "metrics": {
    "reward": 0.33853021068229183,
    "note_count": 60,
    "valid_midi": 1.0,
    "unique_durs": 1,
    "has_rests": true
  },
  "has_midi": true,
  "error": null,
  "timestamp": "2025-12-01T01:14:25.365005"
}