{
  "id": 17,
  "generation": 25,
  "reward": 0.5237406146437094,
  "breakdown": {
    "sax": 0.08926023351957288,
    "sax_sig": 0.5148723171959256,
    "bass": -0.8889317213016634,
    "bass_sig": 0.35603366760706934,
    "piano": -1.0736437413067443,
    "piano_sig": 0.32832679221075745,
    "drums": 1.7250649851858448,
    "drums_sig": 0.7595188300665388,
    "ensemble": 0.718453754960052,
    "ensemble_sig": 0.6175044297420955,
    "z_sum": 0.570203511057062,
    "combined": 0.5237406146437094,
    "sax_detail": {
      "total": 0.08926023351957288,
      "variety_gate": 0.25,
      "features": {
        "melodic_entropy": {
          "raw": 1.9808259362290785,
          "z_score": 0.2674182766298715
        },
        "dur_cv": {
          "raw": 0.0,
          "z_score": -0.2978723404255319
        },
        "sax_arpeggio_runs": {
          "raw": 0,
          "z_score": -0.3391684901531729
        },
        "peak_not_late": {
          "raw": 1,
          "z_score": 0.42975206611570255
        },
        "blue_ratio": {
          "raw": 0.25,
          "z_score": 0.4294871794871795
        },
        "rhythm_2grams": {
          "raw": 1,
          "z_score": -0.13257575757575726
        }
      }
    },
    "bass_detail": {
      "total": -0.8889317213016634,
      "direction_gate": 0.5,
      "features": {
        "ioi_swing": {
          "raw": 0.0,
          "z_score": -0.24855491329479767
        },
        "non_chromatic_ratio": {
          "raw": 0.09090909090909091,
          "z_score": -1.5293085293085291
        }
      }
    },
    "piano_detail": {
      "total": -1.0736437413067443,
      "variety_gate": 0.5,
      "features": {
        "avg_chord_spread": {
          "raw": 6.333333333333333,
          "z_score": -0.7027789533079419
        },
        "gap_ratio": {
          "raw": 0.6666666666666666,
          "z_score": -0.3862745098039215
        },
        "register_separation": {
          "raw": 0.75,
          "z_score": -0.8274647887323944
        },
        "velocity_variance": {
          "raw": 0.0,
          "z_score": -0.23076923076923078
        }
      }
    },
    "drums_detail": {
      "total": 1.7250649851858448,
      "features": {
        "kick_off_beat_ratio": {
          "raw": 0.5,
          "z_score": 0.2411347517730495
        },
        "snare_backbeat_ratio": {
          "raw": 0.125,
          "z_score": 0.820754716981132
        },
        "velocity_variance": {
          "raw": 7.91107034563626,
          "z_score": 0.5715913580158215
        },
        "duration_variety": {
          "raw": 2,
          "z_score": 0.09158415841584167
        }
      }
    },
    "ensemble_detail": {
      "total": 0.718453754960052,
      "duration_gate": 1.0,
      "features": {
        "collision_rate": {
          "raw": 0.16666666666666666,
          "z_score": 0.3368794326241136
        },
        "phrase_alignment": {
          "raw": 1.0,
          "z_score": -1.1284046692607006
        },
        "texture_density": {
          "raw": 0.20799999999999985,
          "z_score": 1.6948529411764712
        },
        "harmonic_consonance": {
          "raw": 0.625,
          "z_score": -0.1848739495798321
        }
      }
    }
  },
  "metrics": {
    "reward": 0.5237406146437094,
    "note_count": 78,
    "valid_midi": 1.0,
    "unique_durs": 1,
    "has_rests": false
  },
  "has_midi": true,
  "error": null,
  "timestamp": "2025-12-01T00:59:23.209504"
}