{
  "step": 28,
  "rollout_id": 31,
  "key": "D",
  "tempo": 160,
  "reward": 0.661992598705182,
  "breakdown": {
    "sax": -1.5096930883792294,
    "sax_sig": 0.26767280208112676,
    "bass": 1.0301393653994813,
    "bass_sig": 0.6652456912542147,
    "piano": -0.32881865943100524,
    "piano_sig": 0.44541530008688546,
    "drums": 3.908979399763371,
    "drums_sig": 0.9312458533013702,
    "ensemble": 0.9325124812811876,
    "ensemble_sig": 0.6505994024176877,
    "z_sum": 4.033119498633805,
    "combined": 0.661992598705182,
    "sax_detail": {
      "total": -1.5096930883792294,
      "variety_gate": 0.5,
      "features": {
        "melodic_entropy": {
          "raw": 1.5304930567574824,
          "z_score": -0.6747007180805807
        },
        "dur_cv": {
          "raw": 0.0,
          "z_score": -0.2978723404255319
        },
        "sax_arpeggio_runs": {
          "raw": 0,
          "z_score": -0.3391684901531729
        },
        "peak_not_late": {
          "raw": 0,
          "z_score": -2.325068870523416
        },
        "blue_ratio": {
          "raw": 0.3,
          "z_score": 0.75
        },
        "rhythm_2grams": {
          "raw": 1,
          "z_score": -0.13257575757575726
        }
      }
    },
    "bass_detail": {
      "total": 1.0301393653994813,
      "direction_gate": 1.0,
      "features": {
        "ioi_swing": {
          "raw": 0.0,
          "z_score": -0.24855491329479767
        },
        "non_chromatic_ratio": {
          "raw": 0.8181818181818182,
          "z_score": 1.278694278694279
        }
      }
    },
    "piano_detail": {
      "total": -0.32881865943100524,
      "variety_gate": 0.5,
      "features": {
        "avg_chord_spread": {
          "raw": 9.0,
          "z_score": 0.4257300042319087
        },
        "gap_ratio": {
          "raw": 0.6666666666666666,
          "z_score": -0.3862745098039215
        },
        "register_separation": {
          "raw": 2.0833333333333286,
          "z_score": -0.46632358252076694
        },
        "velocity_variance": {
          "raw": 0.0,
          "z_score": -0.23076923076923078
        }
      }
    },
    "drums_detail": {
      "total": 3.908979399763371,
      "features": {
        "kick_off_beat_ratio": {
          "raw": 0.5,
          "z_score": 0.2411347517730495
        },
        "snare_backbeat_ratio": {
          "raw": 0.125,
          "z_score": 0.820754716981132
        },
        "velocity_variance": {
          "raw": 12.47219128924647,
          "z_score": 1.51788201021711
        },
        "duration_variety": {
          "raw": 3,
          "z_score": 1.3292079207920793
        }
      }
    },
    "ensemble_detail": {
      "total": 0.9325124812811876,
      "duration_gate": 1.0,
      "features": {
        "collision_rate": {
          "raw": 0.2,
          "z_score": 0.15957446808510636
        },
        "phrase_alignment": {
          "raw": 0.6666666666666666,
          "z_score": 0.16861219195849547
        },
        "texture_density": {
          "raw": 0.792,
          "z_score": -0.4522058823529411
        },
        "harmonic_consonance": {
          "raw": 0.7727272727272727,
          "z_score": 1.0565317035905268
        }
      }
    }
  },
  "has_midi": true,
  "error": null,
  "timestamp": "2025-12-01T00:08:20.705612"
}