{
  "step": 47,
  "rollout_id": 4,
  "key": "F",
  "tempo": 160,
  "reward": 1.004134064285772,
  "breakdown": {
    "sax": 5.790087086482388,
    "sax_sig": 0.9793678759442365,
    "bass": 1.1189233064233064,
    "bass_sig": 0.6782953384337943,
    "piano": 4.929082735859793,
    "piano_sig": 0.9639473100462868,
    "drums": 4.204035513196222,
    "drums_sig": 0.9428210320949701,
    "ensemble_mult": 1.0447213595499958,
    "z_sum": 16.042128641961707,
    "base_reward": 0.9611501240084662,
    "combined": 1.004134064285772,
    "sax_detail": {
      "total": 5.790087086482388,
      "variety_gate": 1.0,
      "features": {
        "melodic_entropy": {
          "raw": 2.725480556997868,
          "z_score": 1.8252731317947029
        },
        "dur_cv": {
          "raw": 0.169811320754717,
          "z_score": 1.5086310718586915
        },
        "sax_arpeggio_runs": {
          "raw": 1,
          "z_score": 0.39022611232676874
        },
        "peak_not_late": {
          "raw": 0,
          "z_score": -2.325068870523416
        },
        "blue_ratio": {
          "raw": 0.4,
          "z_score": 1.3910256410256412
        },
        "rhythm_2grams": {
          "raw": 3,
          "z_score": 3.0
        }
      }
    },
    "bass_detail": {
      "total": 1.1189233064233064,
      "chromatic_gate": 0.5,
      "direction_gate": 0.5,
      "features": {
        "duration_variety": {
          "raw": 5,
          "z_score": 3.0
        },
        "velocity_variance": {
          "raw": 10.0,
          "z_score": 1.25
        },
        "non_chromatic_ratio": {
          "raw": 0.5454545454545454,
          "z_score": 0.22569322569322559
        }
      }
    },
    "piano_detail": {
      "total": 4.929082735859793,
      "tonic_bonus": 1.0,
      "register_failed": false,
      "avg_pitch": 62.916666666666664,
      "features": {
        "unique_chords": {
          "raw": 3,
          "capped": 3,
          "z_score": 1.0086206896551724,
          "weight": 1.0
        },
        "avg_chord_duration": {
          "raw": 1.5,
          "z_score": 3.0,
          "weight": 1.5
        },
        "cluster_ratio": {
          "raw": 0.0,
          "z_score": 0.6666666666666667,
          "weight": 1.0
        },
        "out_of_key_ratio": {
          "raw": 0.16666666666666666,
          "z_score": -1.046204620462046,
          "weight": 1.0
        },
        "chord_duration_variety": {
          "raw": 1,
          "z_score": -0.20000000000000018,
          "weight": 1.0
        }
      }
    },
    "drums_detail": {
      "total": 4.204035513196222,
      "features": {
        "duration_variety": {
          "raw": 4,
          "z_score": 2.5439900867410157
        },
        "kick_off_beat_ratio": {
          "raw": 0.5,
          "z_score": 0.23571428571428552
        },
        "velocity_variance": {
          "raw": 12.133516482134198,
          "z_score": 1.424331140740921
        }
      }
    },
    "ensemble_detail": {
      "total": 1.0447213595499958,
      "dynamic_coherence": 0.7236067977499789
    }
  },
  "has_midi": true,
  "error": null,
  "timestamp": "2025-12-02T14:50:22.979726"
}