{
  "id": 22,
  "generation": 0,
  "reward": 0.9270391259941089,
  "breakdown": {
    "sax": 0.6679501941676486,
    "sax_sig": 0.6095212183153016,
    "bass": -0.26930501930501927,
    "bass_sig": 0.45523600694864574,
    "piano": 7.15252304540799,
    "piano_sig": 0.9915771515985706,
    "drums": 2.2444443503424365,
    "drums_sig": 0.8170214226887633,
    "ensemble_mult": 1.0577350269189625,
    "z_sum": 9.795612570613056,
    "base_reward": 0.876437956956429,
    "combined": 0.9270391259941089,
    "sax_detail": {
      "total": 0.6679501941676486,
      "variety_gate": 0.25,
      "features": {
        "melodic_entropy": {
          "raw": 2.807354922057604,
          "z_score": 1.9965584143464523
        },
        "dur_cv": {
          "raw": 0.0,
          "z_score": -0.2978723404255319
        },
        "sax_arpeggio_runs": {
          "raw": 3,
          "z_score": 1.8490153172866521
        },
        "peak_not_late": {
          "raw": 1,
          "z_score": 0.42975206611570255
        },
        "blue_ratio": {
          "raw": 0.0,
          "z_score": -1.1730769230769231
        },
        "rhythm_2grams": {
          "raw": 1,
          "z_score": -0.13257575757575726
        }
      }
    },
    "bass_detail": {
      "total": -0.26930501930501927,
      "chromatic_gate": 1.0,
      "direction_gate": 1.0,
      "features": {
        "duration_variety": {
          "raw": 1,
          "z_score": -1.0
        },
        "velocity_variance": {
          "raw": 0.0,
          "z_score": -1.25
        },
        "non_chromatic_ratio": {
          "raw": 1.0,
          "z_score": 1.9806949806949807
        }
      }
    },
    "piano_detail": {
      "total": 7.15252304540799,
      "tonic_bonus": 1.2,
      "register_failed": false,
      "avg_pitch": 66.5625,
      "features": {
        "unique_chords": {
          "raw": 3,
          "capped": 3,
          "z_score": 1.0086206896551724,
          "weight": 1.0
        },
        "avg_chord_duration": {
          "raw": 0.75,
          "z_score": 3.0,
          "weight": 1.5
        },
        "cluster_ratio": {
          "raw": 0.0,
          "z_score": 0.6666666666666667,
          "weight": 1.0
        },
        "out_of_key_ratio": {
          "raw": 0.0625,
          "z_score": -0.014851485148514863,
          "weight": 1.0
        },
        "chord_duration_variety": {
          "raw": 1,
          "z_score": -0.20000000000000018,
          "weight": 1.0
        }
      }
    },
    "drums_detail": {
      "total": 2.2444443503424365,
      "features": {
        "duration_variety": {
          "raw": 1,
          "z_score": -1.1734820322180917
        },
        "kick_off_beat_ratio": {
          "raw": 0.75,
          "z_score": 2.021428571428571
        },
        "velocity_variance": {
          "raw": 12.0,
          "z_score": 1.3964978111319575
        }
      }
    },
    "ensemble_detail": {
      "total": 1.0577350269189625,
      "dynamic_coherence": 0.7886751345948129
    }
  },
  "metrics": {
    "reward": 0.9270391259941089,
    "note_count": 62,
    "valid_midi": 1.0,
    "unique_durs": 1,
    "has_rests": false
  },
  "has_midi": true,
  "error": null,
  "timestamp": "2025-12-01T20:18:03.391925"
}