{
  "step": 12,
  "rollout_id": 14,
  "key": "Dm",
  "tempo": 160,
  "reward": 0.2151154777844824,
  "breakdown": {
    "sax": -4.678160707850555,
    "sax_sig": 0.042339462263921795,
    "bass": -2.2214933055600494,
    "bass_sig": 0.18527709639408393,
    "piano": -2.0217193390978387,
    "piano_sig": 0.20622816709766317,
    "drums": 0.9179616522650724,
    "drums_sig": 0.6483910656929278,
    "ensemble": 0.23724203069625344,
    "ensemble_sig": 0.5394581189393576,
    "z_sum": -7.766169669547117,
    "combined": 0.2151154777844824,
    "sax_detail": {
      "total": -4.678160707850555,
      "variety_gate": 1.0,
      "features": {
        "melodic_entropy": {
          "raw": 1.5,
          "z_score": -1.851156069364162
        },
        "dur_cv": {
          "raw": 0.20327890704543541,
          "z_score": -0.5540198733846583
        },
        "sax_arpeggio_runs": {
          "raw": 0,
          "z_score": -0.4150099290132615
        },
        "peak_not_late": {
          "raw": 1,
          "z_score": 0.6122586439155816
        },
        "blue_ratio": {
          "raw": 0.0,
          "z_score": -1.5838658146964857
        },
        "rhythm_2grams": {
          "raw": 1,
          "z_score": -0.8863676653075695
        }
      }
    },
    "bass_detail": {
      "total": -2.2214933055600494,
      "direction_gate": 1.0,
      "features": {
        "ioi_swing": {
          "raw": 0.0,
          "z_score": -0.8105992171032821
        },
        "non_chromatic_ratio": {
          "raw": 0.2727272727272727,
          "z_score": -1.4108940884567673
        }
      }
    },
    "piano_detail": {
      "total": -2.0217193390978387,
      "variety_gate": 1.0,
      "features": {
        "avg_chord_spread": {
          "raw": 9.0,
          "z_score": -0.04296943231441056
        },
        "gap_ratio": {
          "raw": 0.6363636363636364,
          "z_score": -0.886468370339338
        },
        "register_separation": {
          "raw": 3.5357142857142847,
          "z_score": -0.5133341680230376
        },
        "velocity_variance": {
          "raw": 0.0,
          "z_score": -0.5789473684210527
        }
      }
    },
    "drums_detail": {
      "total": 0.9179616522650724,
      "features": {
        "kick_off_beat_ratio": {
          "raw": 0.5,
          "z_score": -0.8253055108539016
        },
        "snare_backbeat_ratio": {
          "raw": 0.125,
          "z_score": 0.16650321586936775
        },
        "velocity_variance": {
          "raw": 7.637626158259733,
          "z_score": -0.605414075688574
        },
        "duration_variety": {
          "raw": 4,
          "z_score": 2.18217802293818
        }
      }
    },
    "ensemble_detail": {
      "total": 0.23724203069625344,
      "duration_gate": 1.0,
      "features": {
        "collision_rate": {
          "raw": 0.23809523809523808,
          "z_score": 0.5630774697938877
        },
        "phrase_alignment": {
          "raw": 0.5,
          "z_score": -0.10624999999999991
        },
        "texture_density": {
          "raw": 0.508,
          "z_score": 0.06233062330623312
        },
        "harmonic_consonance": {
          "raw": 0.7317073170731707,
          "z_score": -0.2819160624038675
        }
      }
    }
  },
  "has_midi": true,
  "error": null,
  "timestamp": "2025-11-30T18:28:06.191255"
}