{
  "step": 16,
  "rollout_id": 20,
  "key": "F",
  "tempo": 160,
  "reward": 0.1885905622491962,
  "breakdown": {
    "sax": -0.4688952497736786,
    "sax_sig": 0.42248100823063,
    "bass": -2.9003373021183103,
    "bass_sig": 0.1263572638364029,
    "piano": -1.1130676821920347,
    "piano_sig": 0.3225570939844757,
    "drums": -1.4836635331335588,
    "drums_sig": 0.27108809838697967,
    "ensemble": -2.7892029585490636,
    "ensemble_sig": 0.13476499842054285,
    "z_sum": -8.755166725766646,
    "combined": 0.1885905622491962,
    "sax_detail": {
      "total": -0.4688952497736786,
      "variety_gate": 0.25,
      "features": {
        "melodic_entropy": {
          "raw": 2.3745560483818835,
          "z_score": -0.04571418583426208
        },
        "dur_cv": {
          "raw": 0.0,
          "z_score": -0.8880854560394412
        },
        "sax_arpeggio_runs": {
          "raw": 0,
          "z_score": -0.4150099290132615
        },
        "peak_not_late": {
          "raw": 1,
          "z_score": 0.6122586439155816
        },
        "blue_ratio": {
          "raw": 0.16666666666666666,
          "z_score": -0.2526624068157615
        },
        "rhythm_2grams": {
          "raw": 1,
          "z_score": -0.8863676653075695
        }
      }
    },
    "bass_detail": {
      "total": -2.9003373021183103,
      "direction_gate": 1.0,
      "features": {
        "ioi_swing": {
          "raw": 0.0,
          "z_score": -0.8105992171032821
        },
        "non_chromatic_ratio": {
          "raw": 0.058823529411764705,
          "z_score": -2.089738085015028
        }
      }
    },
    "piano_detail": {
      "total": -1.1130676821920347,
      "variety_gate": 0.5,
      "features": {
        "avg_chord_spread": {
          "raw": 9.0,
          "z_score": -0.04296943231441056
        },
        "gap_ratio": {
          "raw": 0.625,
          "z_score": -0.8341013824884792
        },
        "register_separation": {
          "raw": 1.7777777777777715,
          "z_score": -0.7701171811601268
        },
        "velocity_variance": {
          "raw": 0.0,
          "z_score": -0.5789473684210527
        }
      }
    },
    "drums_detail": {
      "total": -1.4836635331335588,
      "features": {
        "kick_off_beat_ratio": {
          "raw": 0.5,
          "z_score": -0.8253055108539016
        },
        "snare_backbeat_ratio": {
          "raw": 0.25,
          "z_score": 0.9185774365700603
        },
        "velocity_variance": {
          "raw": 0.0,
          "z_score": -1.3587178965954583
        },
        "duration_variety": {
          "raw": 2,
          "z_score": -0.21821756225425926
        }
      }
    },
    "ensemble_detail": {
      "total": -2.7892029585490636,
      "duration_gate": 1.0,
      "features": {
        "collision_rate": {
          "raw": 0.3333333333333333,
          "z_score": 0.20771144278606976
        },
        "phrase_alignment": {
          "raw": 1.0,
          "z_score": -1.66875
        },
        "texture_density": {
          "raw": 0.78,
          "z_score": -0.6747967479674797
        },
        "harmonic_consonance": {
          "raw": 0.6904761904761905,
          "z_score": -0.6533676533676536
        }
      }
    }
  },
  "has_midi": true,
  "error": null,
  "timestamp": "2025-11-30T20:34:26.604684"
}