{
  "id": 30,
  "generation": 26,
  "reward": 0.5302728393057746,
  "breakdown": {
    "sax": -0.12109376002747359,
    "sax_sig": 0.4798286605258449,
    "bass": -0.841862506602391,
    "bass_sig": 0.3632602096976504,
    "piano": -0.6012438177138401,
    "piano_sig": 0.4011131291533068,
    "drums": -1.6020668123859008,
    "drums_sig": 0.2557751361247146,
    "ensemble": 3.8937047862142093,
    "ensemble_sig": 0.9305909912625502,
    "z_sum": 0.7274378894846039,
    "combined": 0.5302728393057746,
    "sax_detail": {
      "total": -0.12109376002747359,
      "variety_gate": 0.5,
      "features": {
        "melodic_entropy": {
          "raw": 1.584962500721156,
          "z_score": -0.5607479064410961
        },
        "dur_cv": {
          "raw": 0.0,
          "z_score": -0.2978723404255319
        },
        "sax_arpeggio_runs": {
          "raw": 0,
          "z_score": -0.3391684901531729
        },
        "peak_not_late": {
          "raw": 1,
          "z_score": 0.42975206611570255
        },
        "blue_ratio": {
          "raw": 0.2857142857142857,
          "z_score": 0.6584249084249083
        },
        "rhythm_2grams": {
          "raw": 1,
          "z_score": -0.13257575757575726
        }
      }
    },
    "bass_detail": {
      "total": -0.841862506602391,
      "direction_gate": 1.0,
      "features": {
        "ioi_swing": {
          "raw": 0.0,
          "z_score": -0.24855491329479767
        },
        "non_chromatic_ratio": {
          "raw": 0.3333333333333333,
          "z_score": -0.5933075933075933
        }
      }
    },
    "piano_detail": {
      "total": -0.6012438177138401,
      "variety_gate": 0.5,
      "features": {
        "avg_chord_spread": {
          "raw": 5.0,
          "z_score": -1.2670334320778671
        },
        "gap_ratio": {
          "raw": 0.6666666666666666,
          "z_score": -0.3862745098039215
        },
        "register_separation": {
          "raw": 6.321428571428569,
          "z_score": 0.6815895372233394
        },
        "velocity_variance": {
          "raw": 0.0,
          "z_score": -0.23076923076923078
        }
      }
    },
    "drums_detail": {
      "total": -1.6020668123859008,
      "features": {
        "kick_off_beat_ratio": {
          "raw": 0.4285714285714286,
          "z_score": -0.265450861195542
        },
        "snare_backbeat_ratio": {
          "raw": 0.0,
          "z_score": -0.3584905660377358
        },
        "velocity_variance": {
          "raw": 0.0,
          "z_score": -1.0697095435684647
        },
        "duration_variety": {
          "raw": 2,
          "z_score": 0.09158415841584167
        }
      }
    },
    "ensemble_detail": {
      "total": 3.8937047862142093,
      "duration_gate": 1.0,
      "features": {
        "collision_rate": {
          "raw": 0.0,
          "z_score": 1.223404255319149
        },
        "phrase_alignment": {
          "raw": 0.5,
          "z_score": 0.8171206225680933
        },
        "texture_density": {
          "raw": 0.764,
          "z_score": -0.3492647058823528
        },
        "harmonic_consonance": {
          "raw": 0.9090909090909091,
          "z_score": 2.2024446142093197
        }
      }
    }
  },
  "metrics": {
    "reward": 0.5302728393057746,
    "note_count": 50,
    "valid_midi": 1.0,
    "unique_durs": 1,
    "has_rests": true
  },
  "has_midi": true,
  "error": null,
  "timestamp": "2025-11-30T21:42:30.964718"
}