{
  "id": 8,
  "generation": 51,
  "reward": 0.4799780029118743,
  "breakdown": {
    "sax": 0.14649758909528426,
    "sax_sig": 0.5243968755385068,
    "bass": -1.3223060723060722,
    "bass_sig": 0.29285929700889063,
    "piano": -1.829985689008974,
    "piano_sig": 0.22793812955663761,
    "drums": 1.725720767223484,
    "drums_sig": 0.7595986733890197,
    "ensemble_mult": 1.1,
    "z_sum": -1.2800734049962779,
    "base_reward": 0.4363436390107948,
    "combined": 0.4799780029118743,
    "sax_detail": {
      "total": 0.14649758909528426,
      "variety_gate": 0.5,
      "features": {
        "melodic_entropy": {
          "raw": 1.950212064914747,
          "z_score": 0.2033725207421485
        },
        "dur_cv": {
          "raw": 0.0,
          "z_score": -0.2978723404255319
        },
        "sax_arpeggio_runs": {
          "raw": 0,
          "z_score": -0.3391684901531729
        },
        "peak_not_late": {
          "raw": 1,
          "z_score": 0.42975206611570255
        },
        "blue_ratio": {
          "raw": 0.25,
          "z_score": 0.4294871794871795
        },
        "rhythm_2grams": {
          "raw": 1,
          "z_score": -0.13257575757575726
        }
      }
    },
    "bass_detail": {
      "total": -1.3223060723060722,
      "chromatic_gate": 1.0,
      "direction_gate": 1.0,
      "features": {
        "duration_variety": {
          "raw": 1,
          "z_score": -1.0
        },
        "velocity_variance": {
          "raw": 0.0,
          "z_score": -1.25
        },
        "non_chromatic_ratio": {
          "raw": 0.7272727272727273,
          "z_score": 0.9276939276939278
        }
      }
    },
    "piano_detail": {
      "total": -1.829985689008974,
      "tonic_bonus": 1.0,
      "register_failed": false,
      "avg_pitch": 68.2,
      "features": {
        "unique_chords": {
          "raw": 2,
          "capped": 2,
          "z_score": 0.146551724137931,
          "weight": 1.0
        },
        "avg_chord_duration": {
          "raw": 0.375,
          "z_score": 0.5573770491803279,
          "weight": 1.5
        },
        "cluster_ratio": {
          "raw": 1.0,
          "z_score": -1.7314148681055157,
          "weight": 1.0
        },
        "out_of_key_ratio": {
          "raw": 0.15,
          "z_score": -0.8811881188118811,
          "weight": 1.0
        },
        "chord_duration_variety": {
          "raw": 1,
          "z_score": -0.20000000000000018,
          "weight": 1.0
        }
      }
    },
    "drums_detail": {
      "total": 1.725720767223484,
      "features": {
        "duration_variety": {
          "raw": 2,
          "z_score": 0.06567534076827748
        },
        "kick_off_beat_ratio": {
          "raw": 0.5,
          "z_score": 0.23571428571428552
        },
        "velocity_variance": {
          "raw": 12.133516482134198,
          "z_score": 1.424331140740921
        }
      }
    },
    "ensemble_detail": {
      "total": 1.1,
      "dynamic_coherence": 1.0
    }
  },
  "metrics": {
    "reward": 0.4799780029118743,
    "note_count": 64,
    "valid_midi": 1.0,
    "unique_durs": 1,
    "has_rests": true
  },
  "has_midi": true,
  "error": null,
  "timestamp": "2025-12-02T16:01:53.694203"
}