{
  "id": 0,
  "generation": 17,
  "reward": 0.2006853414122056,
  "breakdown": {
    "sax": 0.3470501006238079,
    "sax_sig": 0.5575850323821585,
    "bass": -0.08480292601339856,
    "bass_sig": 0.4858699423832829,
    "piano": -1.1403942039978445,
    "piano_sig": 0.31858921162754034,
    "drums": -5.87920425257369,
    "drums_sig": 0.019465207243726173,
    "ensemble": -1.5347475255521525,
    "ensemble_sig": 0.2644113522476451,
    "z_sum": -8.292098807513277,
    "combined": 0.2006853414122056,
    "sax_detail": {
      "total": 0.3470501006238079,
      "variety_gate": 0.25,
      "features": {
        "melodic_entropy": {
          "raw": 2.218378281790496,
          "z_score": 0.7643897108587778
        },
        "dur_cv": {
          "raw": 0.0,
          "z_score": -0.2978723404255319
        },
        "sax_arpeggio_runs": {
          "raw": 0,
          "z_score": -0.3391684901531729
        },
        "peak_not_late": {
          "raw": 1,
          "z_score": 0.42975206611570255
        },
        "blue_ratio": {
          "raw": 0.3333333333333333,
          "z_score": 0.9636752136752136
        },
        "rhythm_2grams": {
          "raw": 1,
          "z_score": -0.13257575757575726
        }
      }
    },
    "bass_detail": {
      "total": -0.08480292601339856,
      "direction_gate": 1.0,
      "features": {
        "ioi_swing": {
          "raw": 0.0,
          "z_score": -0.24855491329479767
        },
        "non_chromatic_ratio": {
          "raw": 0.5294117647058824,
          "z_score": 0.16375198728139911
        }
      }
    },
    "piano_detail": {
      "total": -1.1403942039978445,
      "variety_gate": 1.0,
      "features": {
        "avg_chord_spread": {
          "raw": 7.0,
          "z_score": -0.4206517139229792
        },
        "gap_ratio": {
          "raw": 0.6470588235294118,
          "z_score": -0.27093425605536364
        },
        "register_separation": {
          "raw": 3.0,
          "z_score": -0.2180390032502709
        },
        "velocity_variance": {
          "raw": 0.0,
          "z_score": -0.23076923076923078
        }
      }
    },
    "drums_detail": {
      "total": -5.87920425257369,
      "features": {
        "kick_off_beat_ratio": {
          "raw": 0.0,
          "z_score": -3.3049645390070927
        },
        "snare_backbeat_ratio": {
          "raw": 0.0,
          "z_score": -0.3584905660377358
        },
        "velocity_variance": {
          "raw": 0.0,
          "z_score": -1.0697095435684647
        },
        "duration_variety": {
          "raw": 1,
          "z_score": -1.146039603960396
        }
      }
    },
    "ensemble_detail": {
      "total": -1.5347475255521525,
      "duration_gate": 1.0,
      "features": {
        "collision_rate": {
          "raw": 0.16666666666666666,
          "z_score": 0.3368794326241136
        },
        "phrase_alignment": {
          "raw": 1.0,
          "z_score": -1.1284046692607006
        },
        "texture_density": {
          "raw": 0.6439999999999999,
          "z_score": 0.09191176470588283
        },
        "harmonic_consonance": {
          "raw": 0.5476190476190477,
          "z_score": -0.8351340536214483
        }
      }
    }
  },
  "metrics": {
    "reward": 0.2006853414122056,
    "note_count": 75,
    "valid_midi": 1.0,
    "unique_durs": 1,
    "has_rests": false
  },
  "has_midi": true,
  "error": null,
  "timestamp": "2025-11-30T21:36:53.208445"
}