{
  "id": 18,
  "generation": 38,
  "reward": 0.42778626094707806,
  "breakdown": {
    "sax": -1.6129730928158972,
    "sax_sig": 0.25439355787227313,
    "bass": -0.6203053703053705,
    "bass_sig": 0.39806433963414856,
    "piano": 0.5163591147130541,
    "piano_sig": 0.5852199572980934,
    "drums": 0.041802818432612465,
    "drums_sig": 0.5069666855181919,
    "ensemble_mult": 1.025819888974716,
    "z_sum": -1.6751165299756012,
    "base_reward": 0.4170188797710296,
    "combined": 0.42778626094707806,
    "sax_detail": {
      "total": -1.6129730928158972,
      "variety_gate": 0.5,
      "features": {
        "melodic_entropy": {
          "raw": 1.584962500721156,
          "z_score": -0.5607479064410961
        },
        "dur_cv": {
          "raw": 0.0,
          "z_score": -0.2978723404255319
        },
        "sax_arpeggio_runs": {
          "raw": 0,
          "z_score": -0.3391684901531729
        },
        "peak_not_late": {
          "raw": 0,
          "z_score": -2.325068870523416
        },
        "blue_ratio": {
          "raw": 0.25,
          "z_score": 0.4294871794871795
        },
        "rhythm_2grams": {
          "raw": 1,
          "z_score": -0.13257575757575726
        }
      }
    },
    "bass_detail": {
      "total": -0.6203053703053705,
      "chromatic_gate": 1.0,
      "direction_gate": 1.0,
      "features": {
        "duration_variety": {
          "raw": 1,
          "z_score": -1.0
        },
        "velocity_variance": {
          "raw": 0.0,
          "z_score": -1.25
        },
        "non_chromatic_ratio": {
          "raw": 0.9090909090909091,
          "z_score": 1.6296946296946295
        }
      }
    },
    "piano_detail": {
      "total": 0.5163591147130541,
      "tonic_bonus": 1.0,
      "register_failed": false,
      "avg_pitch": 73.58333333333333,
      "features": {
        "unique_chords": {
          "raw": 2,
          "capped": 2,
          "z_score": 0.146551724137931,
          "weight": 1.0
        },
        "avg_chord_duration": {
          "raw": 0.25,
          "z_score": -0.4672131147540983,
          "weight": 1.5
        },
        "cluster_ratio": {
          "raw": 0.0,
          "z_score": 0.6666666666666667,
          "weight": 1.0
        },
        "out_of_key_ratio": {
          "raw": 0.0,
          "z_score": 0.6039603960396039,
          "weight": 1.0
        },
        "chord_duration_variety": {
          "raw": 1,
          "z_score": -0.20000000000000018,
          "weight": 1.0
        }
      }
    },
    "drums_detail": {
      "total": 0.041802818432612465,
      "features": {
        "duration_variety": {
          "raw": 1,
          "z_score": -1.1734820322180917
        },
        "kick_off_beat_ratio": {
          "raw": 0.5,
          "z_score": 0.23571428571428552
        },
        "velocity_variance": {
          "raw": 10.0,
          "z_score": 0.9795705649364186
        }
      }
    },
    "ensemble_detail": {
      "total": 1.025819888974716,
      "dynamic_coherence": 0.6290994448735805
    }
  },
  "metrics": {
    "reward": 0.42778626094707806,
    "note_count": 60,
    "valid_midi": 1.0,
    "unique_durs": 1,
    "has_rests": true
  },
  "has_midi": true,
  "error": null,
  "timestamp": "2025-12-02T14:53:08.012938"
}