{
  "step": 1,
  "rollout_id": 2,
  "key": "C",
  "tempo": 120,
  "reward": -0.24654211557409178,
  "has_midi": true,
  "error": null,
  "timestamp": "2025-11-29T20:24:49.479846"
}