{
  "step": 6,
  "rollout_id": 20,
  "key": "D",
  "tempo": 160,
  "reward": 0.28693764883346523,
  "breakdown": {
    "sax": 0.16315154874401055,
    "sax_sig": 0.5271651488269823,
    "bass": -0.373862038601923,
    "bass_sig": 0.43801023530346195,
    "piano": -0.9871960367639065,
    "piano_sig": 0.34115965077238264,
    "drums": -5.574239713566596,
    "drums_sig": 0.023749451928373962,
    "ensemble": 1.3103226906293597,
    "ensemble_sig": 0.7054835219734865,
    "z_sum": -5.461823549559055,
    "combined": 0.28693764883346523,
    "sax_detail": {
      "total": 0.16315154874401055,
      "variety_gate": 0.5,
      "features": {
        "melodic_entropy": {
          "raw": 2.7321588913645702,
          "z_score": 1.8392445426037036
        },
        "dur_cv": {
          "raw": 0.0,
          "z_score": -0.2978723404255319
        },
        "sax_arpeggio_runs": {
          "raw": 0,
          "z_score": -0.3391684901531729
        },
        "peak_not_late": {
          "raw": 1,
          "z_score": 0.42975206611570255
        },
        "blue_ratio": {
          "raw": 0.0,
          "z_score": -1.1730769230769231
        },
        "rhythm_2grams": {
          "raw": 1,
          "z_score": -0.13257575757575726
        }
      }
    },
    "bass_detail": {
      "total": -0.373862038601923,
      "direction_gate": 1.0,
      "features": {
        "ioi_swing": {
          "raw": 0.0,
          "z_score": -0.24855491329479767
        },
        "non_chromatic_ratio": {
          "raw": 0.45454545454545453,
          "z_score": -0.12530712530712532
        }
      }
    },
    "piano_detail": {
      "total": -0.9871960367639065,
      "variety_gate": 1.0,
      "features": {
        "avg_chord_spread": {
          "raw": 7.0,
          "z_score": -0.4206517139229792
        },
        "gap_ratio": {
          "raw": 0.6363636363636364,
          "z_score": -0.2080213903743316
        },
        "register_separation": {
          "raw": 3.3333333333333286,
          "z_score": -0.127753701697365
        },
        "velocity_variance": {
          "raw": 0.0,
          "z_score": -0.23076923076923078
        }
      }
    },
    "drums_detail": {
      "total": -5.574239713566596,
      "features": {
        "kick_off_beat_ratio": {
          "raw": 0.0,
          "z_score": -3.0
        },
        "snare_backbeat_ratio": {
          "raw": 0.0,
          "z_score": -0.3584905660377358
        },
        "velocity_variance": {
          "raw": 0.0,
          "z_score": -1.0697095435684647
        },
        "duration_variety": {
          "raw": 1,
          "z_score": -1.146039603960396
        }
      }
    },
    "ensemble_detail": {
      "total": 1.3103226906293597,
      "duration_gate": 1.0,
      "features": {
        "collision_rate": {
          "raw": 0.08333333333333333,
          "z_score": 0.7801418439716312
        },
        "phrase_alignment": {
          "raw": 0.5,
          "z_score": 0.8171206225680933
        },
        "texture_density": {
          "raw": 0.792,
          "z_score": -0.4522058823529411
        },
        "harmonic_consonance": {
          "raw": 0.6666666666666666,
          "z_score": 0.16526610644257655
        }
      }
    }
  },
  "has_midi": true,
  "error": null,
  "timestamp": "2025-11-30T22:36:23.227408"
}