{
  "id": 10,
  "generation": 28,
  "reward": 0.8397595951470317,
  "breakdown": {
    "sax": -0.6745894608764132,
    "sax_sig": 0.3894258409242654,
    "bass": -1.3568276015323941,
    "bass_sig": 0.28811601345799204,
    "piano": -1.581438165154662,
    "piano_sig": 0.2584017500099156,
    "drums": 14.2412863990833,
    "drums_sig": 0.9999247177532437,
    "ensemble": -0.6897885511623221,
    "ensemble_sig": 0.3870192654211897,
    "z_sum": 9.93864262035751,
    "combined": 0.8397595951470317,
    "sax_detail": {
      "total": -0.6745894608764132,
      "variety_gate": 0.25,
      "features": {
        "melodic_entropy": {
          "raw": 1.865437105319908,
          "z_score": -1.0967442086707104
        },
        "dur_cv": {
          "raw": 0.0,
          "z_score": -0.8880854560394412
        },
        "sax_arpeggio_runs": {
          "raw": 2,
          "z_score": -0.18675675058775193
        },
        "peak_not_late": {
          "raw": 1,
          "z_score": 0.6122586439155816
        },
        "blue_ratio": {
          "raw": 0.16666666666666666,
          "z_score": -0.2526624068157615
        },
        "rhythm_2grams": {
          "raw": 1,
          "z_score": -0.8863676653075695
        }
      }
    },
    "bass_detail": {
      "total": -1.3568276015323941,
      "direction_gate": 0.5,
      "features": {
        "ioi_swing": {
          "raw": 0.0,
          "z_score": -0.8105992171032821
        },
        "non_chromatic_ratio": {
          "raw": 0.11764705882352941,
          "z_score": -1.9030559859615064
        }
      }
    },
    "piano_detail": {
      "total": -1.581438165154662,
      "variety_gate": 1.0,
      "features": {
        "avg_chord_spread": {
          "raw": 8.0,
          "z_score": -0.21764192139738
        },
        "gap_ratio": {
          "raw": 0.6,
          "z_score": -0.7188940092165897
        },
        "register_separation": {
          "raw": 0.8333333333333286,
          "z_score": -0.9080728405881787
        },
        "velocity_variance": {
          "raw": 0.08000120757451121,
          "z_score": 0.2631706060474864
        }
      }
    },
    "drums_detail": {
      "total": 14.2412863990833,
      "features": {
        "kick_off_beat_ratio": {
          "raw": 0.7142857142857143,
          "z_score": -0.006204959708443896
        },
        "snare_backbeat_ratio": {
          "raw": 0.2857142857142857,
          "z_score": 1.1334557853416867
        },
        "velocity_variance": {
          "raw": 15.094655989978117,
          "z_score": 0.13007741714589974
        },
        "duration_variety": {
          "raw": 13,
          "z_score": 12.983958156304158
        }
      }
    },
    "ensemble_detail": {
      "total": -0.6897885511623221,
      "duration_gate": 1.0,
      "features": {
        "collision_rate": {
          "raw": 0.2222222222222222,
          "z_score": 0.6223051409618574
        },
        "phrase_alignment": {
          "raw": 1.0,
          "z_score": -1.66875
        },
        "texture_density": {
          "raw": 0,
          "z_score": 1.4390243902439026
        },
        "harmonic_consonance": {
          "raw": 0.6428571428571429,
          "z_score": -1.0823680823680821
        }
      }
    }
  },
  "metrics": {
    "reward": 0.8397595951470317,
    "note_count": 102,
    "valid_midi": 1.0,
    "unique_durs": 1,
    "has_rests": false
  },
  "has_midi": true,
  "error": null,
  "timestamp": "2025-11-30T17:31:22.359886"
}