{
  "id": 5,
  "generation": 37,
  "reward": 0.5871277258199402,
  "breakdown": {
    "sax": 1.8080074850889183,
    "sax_sig": 0.7694730799443887,
    "bass": -0.7248623896022739,
    "bass_sig": 0.38148696295716106,
    "piano": -0.3902211430051127,
    "piano_sig": 0.4353274673097673,
    "drums": 2.263009366620426,
    "drums_sig": 0.8188644490584246,
    "ensemble": -0.8433086869982693,
    "ensemble_sig": 0.36303723594356563,
    "z_sum": 2.1126246321036883,
    "combined": 0.5871277258199402,
    "sax_detail": {
      "total": 1.8080074850889183,
      "variety_gate": 0.5,
      "features": {
        "melodic_entropy": {
          "raw": 1.584962500721156,
          "z_score": -0.5607479064410961
        },
        "dur_cv": {
          "raw": 0.24037008503093266,
          "z_score": 2.2592562237333262
        },
        "sax_arpeggio_runs": {
          "raw": 0,
          "z_score": -0.3391684901531729
        },
        "peak_not_late": {
          "raw": 1,
          "z_score": 0.42975206611570255
        },
        "blue_ratio": {
          "raw": 0.0,
          "z_score": -1.1730769230769231
        },
        "rhythm_2grams": {
          "raw": 2,
          "z_score": 3.0
        }
      }
    },
    "bass_detail": {
      "total": -0.7248623896022739,
      "direction_gate": 1.0,
      "features": {
        "ioi_swing": {
          "raw": 0.0,
          "z_score": -0.24855491329479767
        },
        "non_chromatic_ratio": {
          "raw": 0.36363636363636365,
          "z_score": -0.4763074763074762
        }
      }
    },
    "piano_detail": {
      "total": -0.3902211430051127,
      "variety_gate": 0.5,
      "features": {
        "avg_chord_spread": {
          "raw": 6.2,
          "z_score": -0.7592044011849343
        },
        "gap_ratio": {
          "raw": 0.4444444444444444,
          "z_score": 0.9209150326797385
        },
        "register_separation": {
          "raw": 1.1785714285714306,
          "z_score": -0.7113836867357989
        },
        "velocity_variance": {
          "raw": 0.0,
          "z_score": -0.23076923076923078
        }
      }
    },
    "drums_detail": {
      "total": 2.263009366620426,
      "features": {
        "kick_off_beat_ratio": {
          "raw": 0.5,
          "z_score": 0.2411347517730495
        },
        "snare_backbeat_ratio": {
          "raw": 0.375,
          "z_score": 3.0
        },
        "velocity_variance": {
          "raw": 0.0,
          "z_score": -1.0697095435684647
        },
        "duration_variety": {
          "raw": 2,
          "z_score": 0.09158415841584167
        }
      }
    },
    "ensemble_detail": {
      "total": -0.8433086869982693,
      "duration_gate": 0.8,
      "features": {
        "collision_rate": {
          "raw": 0.5714285714285714,
          "z_score": -1.816109422492401
        },
        "phrase_alignment": {
          "raw": 0.5,
          "z_score": 0.8171206225680933
        },
        "texture_density": {
          "raw": 0.748,
          "z_score": -0.2904411764705881
        },
        "harmonic_consonance": {
          "raw": 0.675,
          "z_score": 0.23529411764705904
        }
      }
    }
  },
  "metrics": {
    "reward": 0.5871277258199402,
    "note_count": 86,
    "valid_midi": 1.0,
    "unique_durs": 4,
    "has_rests": false
  },
  "has_midi": true,
  "error": null,
  "timestamp": "2025-12-01T02:22:58.983571"
}