{
  "id": 26,
  "generation": 0,
  "reward": 0.30991805330283984,
  "metrics": {
    "reward": 0.30991805330283984,
    "note_count": 66,
    "valid_midi": 1.0,
    "unique_durs": 1,
    "has_rests": false
  },
  "has_midi": true,
  "error": null,
  "timestamp": "2025-11-30T15:54:27.707145"
}