{
  "id": 3,
  "generation": 1,
  "reward": 0.5979365697354783,
  "breakdown": {
    "sax": -3.1116052138329553,
    "sax_sig": 0.11160967360885483,
    "bass": -1.1876535626535627,
    "bass_sig": 0.3117889481187919,
    "piano": 3.4983759913583214,
    "piano_sig": 0.9115130365579718,
    "drums": 1.9043458609554795,
    "drums_sig": 0.7806680868943477,
    "ensemble_mult": 1.0774596669241483,
    "z_sum": 1.1034630758272832,
    "base_reward": 0.5549503040261573,
    "combined": 0.5979365697354783,
    "sax_detail": {
      "total": -3.1116052138329553,
      "variety_gate": 0.5,
      "features": {
        "melodic_entropy": {
          "raw": 0.9182958340544896,
          "z_score": -1.9554480459111097
        },
        "dur_cv": {
          "raw": 0.0,
          "z_score": -0.2978723404255319
        },
        "sax_arpeggio_runs": {
          "raw": 0,
          "z_score": -0.3391684901531729
        },
        "peak_not_late": {
          "raw": 0,
          "z_score": -2.325068870523416
        },
        "blue_ratio": {
          "raw": 0.0,
          "z_score": -1.1730769230769231
        },
        "rhythm_2grams": {
          "raw": 1,
          "z_score": -0.13257575757575726
        }
      }
    },
    "bass_detail": {
      "total": -1.1876535626535627,
      "chromatic_gate": 0.5,
      "direction_gate": 1.0,
      "features": {
        "duration_variety": {
          "raw": 1,
          "z_score": -1.0
        },
        "velocity_variance": {
          "raw": 0.0,
          "z_score": -1.25
        },
        "non_chromatic_ratio": {
          "raw": 0.45454545454545453,
          "z_score": -0.12530712530712532
        }
      }
    },
    "piano_detail": {
      "total": 3.4983759913583214,
      "tonic_bonus": 1.2,
      "register_failed": false,
      "avg_pitch": 68.58333333333333,
      "features": {
        "unique_chords": {
          "raw": 3,
          "capped": 3,
          "z_score": 1.0086206896551724,
          "weight": 1.0
        },
        "avg_chord_duration": {
          "raw": 0.375,
          "z_score": 0.5573770491803279,
          "weight": 1.5
        },
        "cluster_ratio": {
          "raw": 0.0,
          "z_score": 0.6666666666666667,
          "weight": 1.0
        },
        "out_of_key_ratio": {
          "raw": 0.0,
          "z_score": 0.6039603960396039,
          "weight": 1.0
        },
        "chord_duration_variety": {
          "raw": 1,
          "z_score": -0.20000000000000018,
          "weight": 1.0
        }
      }
    },
    "drums_detail": {
      "total": 1.9043458609554795,
      "features": {
        "duration_variety": {
          "raw": 2,
          "z_score": 0.06567534076827748
        },
        "kick_off_beat_ratio": {
          "raw": 0.5,
          "z_score": 0.23571428571428552
        },
        "velocity_variance": {
          "raw": 12.99038105676658,
          "z_score": 1.6029562344729165
        }
      }
    },
    "ensemble_detail": {
      "total": 1.0774596669241483,
      "dynamic_coherence": 0.8872983346207417
    }
  },
  "metrics": {
    "reward": 0.5979365697354783,
    "note_count": 52,
    "valid_midi": 1.0,
    "unique_durs": 1,
    "has_rests": true
  },
  "has_midi": true,
  "error": null,
  "timestamp": "2025-12-01T20:23:06.334261"
}