{
  "id": 11,
  "generation": 22,
  "reward": 0.6647546626110628,
  "breakdown": {
    "sax": 0.2161512051684126,
    "sax_sig": 0.5359629913038754,
    "bass": 2.3909362552872193,
    "bass_sig": 0.8311721677904566,
    "piano": -0.01104971753185463,
    "piano_sig": 0.49815838873927015,
    "drums": 1.2630093666204263,
    "drums_sig": 0.6988875859476961,
    "ensemble": 0.24828547032688367,
    "ensemble_sig": 0.5412866900757822,
    "z_sum": 4.107332579871087,
    "combined": 0.6647546626110628,
    "sax_detail": {
      "total": 0.2161512051684126,
      "variety_gate": 0.0,
      "features": {}
    },
    "bass_detail": {
      "total": 2.3909362552872193,
      "direction_gate": 1.0,
      "features": {
        "ioi_swing": {
          "raw": 0.19924242151981914,
          "z_score": 0.9031353845076252
        },
        "non_chromatic_ratio": {
          "raw": 0.8723404255319149,
          "z_score": 1.4878008707795942
        }
      }
    },
    "piano_detail": {
      "total": -0.01104971753185463,
      "variety_gate": 1.0,
      "features": {
        "avg_chord_spread": {
          "raw": 7.0,
          "z_score": -0.4206517139229792
        },
        "gap_ratio": {
          "raw": 0.7313432835820896,
          "z_score": -0.7667251975417033
        },
        "register_separation": {
          "raw": 9.0,
          "z_score": 1.4070964247020585
        },
        "velocity_variance": {
          "raw": 0.0,
          "z_score": -0.23076923076923078
        }
      }
    },
    "drums_detail": {
      "total": 1.2630093666204263,
      "features": {
        "kick_off_beat_ratio": {
          "raw": 0.5,
          "z_score": 0.2411347517730495
        },
        "snare_backbeat_ratio": {
          "raw": 0.25,
          "z_score": 2.0
        },
        "velocity_variance": {
          "raw": 0.0,
          "z_score": -1.0697095435684647
        },
        "duration_variety": {
          "raw": 2,
          "z_score": 0.09158415841584167
        }
      }
    },
    "ensemble_detail": {
      "total": 0.24828547032688367,
      "duration_gate": 0.8,
      "features": {
        "collision_rate": {
          "raw": 0.0,
          "z_score": 1.223404255319149
        },
        "phrase_alignment": {
          "raw": 0.3333333333333333,
          "z_score": 1.4656290531776912
        },
        "texture_density": {
          "raw": 0.9800000000000001,
          "z_score": -1.1433823529411766
        },
        "harmonic_consonance": {
          "raw": 0.5,
          "z_score": -1.235294117647059
        }
      }
    }
  },
  "metrics": {
    "reward": 0.6647546626110628,
    "note_count": 100,
    "valid_midi": 1.0,
    "unique_durs": 1,
    "has_rests": true
  },
  "has_midi": true,
  "error": null,
  "timestamp": "2025-11-30T21:39:57.106628"
}