{
  "id": 31,
  "generation": 25,
  "reward": 0.49815515110511777,
  "breakdown": {
    "sax": 0.42557742590503767,
    "sax_sig": 0.5704575740656188,
    "bass": -1.075862740602625,
    "bass_sig": 0.3280006403243589,
    "piano": 1.0621500135943758,
    "piano_sig": 0.6699811954248363,
    "drums": -1.3550872838038546,
    "drums_sig": 0.2883540373944142,
    "ensemble": 0.8989460105039891,
    "ensemble_sig": 0.6454955323201844,
    "z_sum": -0.044276574403077085,
    "combined": 0.49815515110511777,
    "sax_detail": {
      "total": 0.42557742590503767,
      "variety_gate": 0.25,
      "features": {
        "melodic_entropy": {
          "raw": 2.368522527728207,
          "z_score": 1.0784990119836966
        },
        "dur_cv": {
          "raw": 0.0,
          "z_score": -0.2978723404255319
        },
        "sax_arpeggio_runs": {
          "raw": 0,
          "z_score": -0.3391684901531729
        },
        "peak_not_late": {
          "raw": 1,
          "z_score": 0.42975206611570255
        },
        "blue_ratio": {
          "raw": 0.3333333333333333,
          "z_score": 0.9636752136752136
        },
        "rhythm_2grams": {
          "raw": 1,
          "z_score": -0.13257575757575726
        }
      }
    },
    "bass_detail": {
      "total": -1.075862740602625,
      "direction_gate": 1.0,
      "features": {
        "ioi_swing": {
          "raw": 0.0,
          "z_score": -0.24855491329479767
        },
        "non_chromatic_ratio": {
          "raw": 0.2727272727272727,
          "z_score": -0.8273078273078274
        }
      }
    },
    "piano_detail": {
      "total": 1.0621500135943758,
      "variety_gate": 0.5,
      "features": {
        "avg_chord_spread": {
          "raw": 8.0,
          "z_score": 0.0025391451544647596
        },
        "gap_ratio": {
          "raw": 0.6666666666666666,
          "z_score": -0.3862745098039215
        },
        "register_separation": {
          "raw": 13.916666666666664,
          "z_score": 2.738804622607439
        },
        "velocity_variance": {
          "raw": 0.0,
          "z_score": -0.23076923076923078
        }
      }
    },
    "drums_detail": {
      "total": -1.3550872838038546,
      "features": {
        "kick_off_beat_ratio": {
          "raw": 0.5,
          "z_score": 0.2411347517730495
        },
        "snare_backbeat_ratio": {
          "raw": 0.0,
          "z_score": -0.3584905660377358
        },
        "velocity_variance": {
          "raw": 4.714045207910317,
          "z_score": -0.09169186557877233
        },
        "duration_variety": {
          "raw": 1,
          "z_score": -1.146039603960396
        }
      }
    },
    "ensemble_detail": {
      "total": 0.8989460105039891,
      "duration_gate": 0.8,
      "features": {
        "collision_rate": {
          "raw": 0.16666666666666666,
          "z_score": 0.3368794326241136
        },
        "phrase_alignment": {
          "raw": 1.0,
          "z_score": -1.1284046692607006
        },
        "texture_density": {
          "raw": 0.31999999999999995,
          "z_score": 1.283088235294118
        },
        "harmonic_consonance": {
          "raw": 0.7222222222222222,
          "z_score": 0.6321195144724554
        }
      }
    }
  },
  "metrics": {
    "reward": 0.49815515110511777,
    "note_count": 84,
    "valid_midi": 1.0,
    "unique_durs": 1,
    "has_rests": false
  },
  "has_midi": true,
  "error": null,
  "timestamp": "2025-12-01T00:59:25.168144"
}