{
  "step": 52,
  "rollout_id": 28,
  "key": "Dm",
  "tempo": 160,
  "reward": 0.828504863795092,
  "breakdown": {
    "sax": -0.8642113083318999,
    "sax_sig": 0.3598210614930968,
    "bass": 1.3811397163998318,
    "bass_sig": 0.7151968971168157,
    "piano": 3.6691479788890766,
    "piano_sig": 0.9202756843142553,
    "drums": 2.9643360677127037,
    "drums_sig": 0.8782780672403498,
    "ensemble": 2.299994354752691,
    "ensemble_sig": 0.8224929478242582,
    "z_sum": 9.450406809422404,
    "combined": 0.828504863795092,
    "sax_detail": {
      "total": -0.8642113083318999,
      "variety_gate": 0.5,
      "features": {
        "melodic_entropy": {
          "raw": 1.75,
          "z_score": -0.21548117154811713
        },
        "dur_cv": {
          "raw": 0.0,
          "z_score": -0.2978723404255319
        },
        "sax_arpeggio_runs": {
          "raw": 0,
          "z_score": -0.3391684901531729
        },
        "peak_not_late": {
          "raw": 1,
          "z_score": 0.42975206611570255
        },
        "blue_ratio": {
          "raw": 0.0,
          "z_score": -1.1730769230769231
        },
        "rhythm_2grams": {
          "raw": 1,
          "z_score": -0.13257575757575726
        }
      }
    },
    "bass_detail": {
      "total": 1.3811397163998318,
      "direction_gate": 1.0,
      "features": {
        "ioi_swing": {
          "raw": 0.0,
          "z_score": -0.24855491329479767
        },
        "non_chromatic_ratio": {
          "raw": 0.9090909090909091,
          "z_score": 1.6296946296946295
        }
      }
    },
    "piano_detail": {
      "total": 3.6691479788890766,
      "variety_gate": 1.0,
      "features": {
        "avg_chord_spread": {
          "raw": 7.0,
          "z_score": -0.4206517139229792
        },
        "gap_ratio": {
          "raw": 0.6666666666666666,
          "z_score": -0.3862745098039215
        },
        "register_separation": {
          "raw": 0.7222222222222285,
          "z_score": -0.8349885638618016
        },
        "velocity_variance": {
          "raw": 0.07204381596421112,
          "z_score": 5.311062766477779
        }
      }
    },
    "drums_detail": {
      "total": 2.9643360677127037,
      "features": {
        "kick_off_beat_ratio": {
          "raw": 0.5,
          "z_score": 0.2411347517730495
        },
        "snare_backbeat_ratio": {
          "raw": 0.0,
          "z_score": -0.3584905660377358
        },
        "velocity_variance": {
          "raw": 7.637626158259733,
          "z_score": 0.5148601988090733
        },
        "duration_variety": {
          "raw": 4,
          "z_score": 2.5668316831683167
        }
      }
    },
    "ensemble_detail": {
      "total": 2.299994354752691,
      "duration_gate": 1.0,
      "features": {
        "collision_rate": {
          "raw": 0.2222222222222222,
          "z_score": 0.0413711583924351
        },
        "phrase_alignment": {
          "raw": 0.6666666666666666,
          "z_score": 0.16861219195849547
        },
        "texture_density": {
          "raw": 0.4720000000000001,
          "z_score": 0.7242647058823527
        },
        "harmonic_consonance": {
          "raw": 0.8095238095238095,
          "z_score": 1.3657462985194078
        }
      }
    }
  },
  "has_midi": true,
  "error": null,
  "timestamp": "2025-12-01T04:13:22.918079"
}