{
  "id": 29,
  "generation": 29,
  "reward": 0.5691661247234325,
  "breakdown": {
    "sax": 0.17852046703914576,
    "sax_sig": 0.5297183412892482,
    "bass": 0.9869484014522618,
    "bass_sig": 0.6588032409709661,
    "piano": 1.1904515340204207,
    "piano_sig": 0.6886111640851396,
    "drums": -1.5924611996939724,
    "drums_sig": 0.2569960206063835,
    "ensemble_mult": 1.0577350269189625,
    "z_sum": 0.7634592028178562,
    "base_reward": 0.5380989664125387,
    "combined": 0.5691661247234325,
    "sax_detail": {
      "total": 0.17852046703914576,
      "variety_gate": 0.5,
      "features": {
        "melodic_entropy": {
          "raw": 1.9808259362290785,
          "z_score": 0.2674182766298715
        },
        "dur_cv": {
          "raw": 0.0,
          "z_score": -0.2978723404255319
        },
        "sax_arpeggio_runs": {
          "raw": 0,
          "z_score": -0.3391684901531729
        },
        "peak_not_late": {
          "raw": 1,
          "z_score": 0.42975206611570255
        },
        "blue_ratio": {
          "raw": 0.25,
          "z_score": 0.4294871794871795
        },
        "rhythm_2grams": {
          "raw": 1,
          "z_score": -0.13257575757575726
        }
      }
    },
    "bass_detail": {
      "total": 0.9869484014522618,
      "chromatic_gate": 0.5,
      "direction_gate": 1.0,
      "features": {
        "duration_variety": {
          "raw": 3,
          "z_score": 1.0
        },
        "velocity_variance": {
          "raw": 9.797958971132712,
          "z_score": 1.1994897427831779
        },
        "non_chromatic_ratio": {
          "raw": 0.42857142857142855,
          "z_score": -0.2255929398786542
        }
      }
    },
    "piano_detail": {
      "total": 1.1904515340204207,
      "tonic_bonus": 1.0,
      "register_failed": false,
      "avg_pitch": 61.416666666666664,
      "features": {
        "unique_chords": {
          "raw": 3,
          "capped": 3,
          "z_score": 1.0086206896551724,
          "weight": 1.0
        },
        "avg_chord_duration": {
          "raw": 0.5,
          "z_score": 1.5819672131147542,
          "weight": 1.5
        },
        "cluster_ratio": {
          "raw": 0.5,
          "z_score": -0.5323741007194244,
          "weight": 1.0
        },
        "out_of_key_ratio": {
          "raw": 0.20833333333333334,
          "z_score": -1.4587458745874589,
          "weight": 1.0
        },
        "chord_duration_variety": {
          "raw": 1,
          "z_score": -0.20000000000000018,
          "weight": 1.0
        }
      }
    },
    "drums_detail": {
      "total": -1.5924611996939724,
      "features": {
        "duration_variety": {
          "raw": 2,
          "z_score": 0.06567534076827748
        },
        "kick_off_beat_ratio": {
          "raw": 0.16666666666666663,
          "z_score": -2.1452380952380956
        },
        "velocity_variance": {
          "raw": 7.637626158259733,
          "z_score": 0.487101554775846
        }
      }
    },
    "ensemble_detail": {
      "total": 1.0577350269189625,
      "dynamic_coherence": 0.7886751345948129
    }
  },
  "metrics": {
    "reward": 0.5691661247234325,
    "note_count": 87,
    "valid_midi": 1.0,
    "unique_durs": 1,
    "has_rests": true
  },
  "has_midi": true,
  "error": null,
  "timestamp": "2025-12-02T14:09:14.062022"
}