{
  "step": 2,
  "rollout_id": 7,
  "key": "F",
  "tempo": 160,
  "reward": 0.511312798296079,
  "breakdown": {
    "sax": -0.03765310711996387,
    "sax_sig": 0.49372481165020926,
    "bass": -0.5379313703013126,
    "bass_sig": 0.4112934448315461,
    "piano": -0.30970382447467487,
    "piano_sig": 0.4485652860694213,
    "drums": -0.748535219416009,
    "drums_sig": 0.3777701821425709,
    "ensemble": 1.9053770244196144,
    "ensemble_sig": 0.7807857717848169,
    "z_sum": 0.27155350310765414,
    "combined": 0.511312798296079,
    "sax_detail": {
      "total": -0.03765310711996387,
      "variety_gate": 0.25,
      "features": {
        "melodic_entropy": {
          "raw": 1.584962500721156,
          "z_score": -0.5607479064410961
        },
        "dur_cv": {
          "raw": 0.0,
          "z_score": -0.2978723404255319
        },
        "sax_arpeggio_runs": {
          "raw": 0,
          "z_score": -0.3391684901531729
        },
        "peak_not_late": {
          "raw": 1,
          "z_score": 0.42975206611570255
        },
        "blue_ratio": {
          "raw": 0.3,
          "z_score": 0.75
        },
        "rhythm_2grams": {
          "raw": 1,
          "z_score": -0.13257575757575726
        }
      }
    },
    "bass_detail": {
      "total": -0.5379313703013126,
      "direction_gate": 0.5,
      "features": {
        "ioi_swing": {
          "raw": 0.0,
          "z_score": -0.24855491329479767
        },
        "non_chromatic_ratio": {
          "raw": 0.2727272727272727,
          "z_score": -0.8273078273078274
        }
      }
    },
    "piano_detail": {
      "total": -0.30970382447467487,
      "variety_gate": 1.0,
      "features": {
        "avg_chord_spread": {
          "raw": 7.0,
          "z_score": -0.4206517139229792
        },
        "gap_ratio": {
          "raw": 0.7,
          "z_score": -0.5823529411764704
        },
        "register_separation": {
          "raw": 7.216666666666669,
          "z_score": 0.9240700613940055
        },
        "velocity_variance": {
          "raw": 0.0,
          "z_score": -0.23076923076923078
        }
      }
    },
    "drums_detail": {
      "total": -0.748535219416009,
      "features": {
        "kick_off_beat_ratio": {
          "raw": 0.5,
          "z_score": 0.2411347517730495
        },
        "snare_backbeat_ratio": {
          "raw": 0.0,
          "z_score": -0.3584905660377358
        },
        "velocity_variance": {
          "raw": 7.637626158259733,
          "z_score": 0.5148601988090733
        },
        "duration_variety": {
          "raw": 1,
          "z_score": -1.146039603960396
        }
      }
    },
    "ensemble_detail": {
      "total": 1.9053770244196144,
      "duration_gate": 1.0,
      "features": {
        "collision_rate": {
          "raw": 0.1,
          "z_score": 0.6914893617021277
        },
        "phrase_alignment": {
          "raw": 0.5,
          "z_score": 0.8171206225680933
        },
        "texture_density": {
          "raw": 0.86,
          "z_score": -0.7022058823529409
        },
        "harmonic_consonance": {
          "raw": 0.7777777777777778,
          "z_score": 1.0989729225023344
        }
      }
    }
  },
  "has_midi": true,
  "error": null,
  "timestamp": "2025-11-30T21:22:33.468412"
}