{
  "step": 18,
  "rollout_id": 29,
  "key": "D",
  "tempo": 160,
  "reward": 0.671316022338434,
  "breakdown": {
    "sax": 1.6529833541173782,
    "sax_sig": 0.7506325805432782,
    "bass": -1.1876535626535627,
    "bass_sig": 0.3117889481187919,
    "piano": 2.0283950406012945,
    "piano_sig": 0.7944994135932771,
    "drums": 0.23864207593013437,
    "drums_sig": 0.5396899980611237,
    "ensemble_mult": 1.06,
    "z_sum": 2.732366907995244,
    "base_reward": 0.6333170022060698,
    "combined": 0.671316022338434,
    "sax_detail": {
      "total": 1.6529833541173782,
      "variety_gate": 1.0,
      "features": {
        "melodic_entropy": {
          "raw": 1.789929075309999,
          "z_score": -0.13194754119247065
        },
        "dur_cv": {
          "raw": 0.3333333333333333,
          "z_score": 3.0
        },
        "sax_arpeggio_runs": {
          "raw": 0,
          "z_score": -0.3391684901531729
        },
        "peak_not_late": {
          "raw": 1,
          "z_score": 0.42975206611570255
        },
        "blue_ratio": {
          "raw": 0.0,
          "z_score": -1.1730769230769231
        },
        "rhythm_2grams": {
          "raw": 1,
          "z_score": -0.13257575757575726
        }
      }
    },
    "bass_detail": {
      "total": -1.1876535626535627,
      "chromatic_gate": 0.5,
      "direction_gate": 1.0,
      "features": {
        "duration_variety": {
          "raw": 1,
          "z_score": -1.0
        },
        "velocity_variance": {
          "raw": 0.0,
          "z_score": -1.25
        },
        "non_chromatic_ratio": {
          "raw": 0.45454545454545453,
          "z_score": -0.12530712530712532
        }
      }
    },
    "piano_detail": {
      "total": 2.0283950406012945,
      "tonic_bonus": 1.0,
      "register_failed": false,
      "avg_pitch": 68.58333333333333,
      "features": {
        "unique_chords": {
          "raw": 3,
          "capped": 3,
          "z_score": 1.0086206896551724,
          "weight": 1.0
        },
        "avg_chord_duration": {
          "raw": 0.5,
          "z_score": 1.5819672131147542,
          "weight": 1.5
        },
        "cluster_ratio": {
          "raw": 0.6666666666666666,
          "z_score": -0.9320543565147881,
          "weight": 1.0
        },
        "out_of_key_ratio": {
          "raw": 0.08333333333333333,
          "z_score": -0.22112211221122108,
          "weight": 1.0
        },
        "chord_duration_variety": {
          "raw": 1,
          "z_score": -0.20000000000000018,
          "weight": 1.0
        }
      }
    },
    "drums_detail": {
      "total": 0.23864207593013437,
      "features": {
        "duration_variety": {
          "raw": 2,
          "z_score": 0.06567534076827748
        },
        "kick_off_beat_ratio": {
          "raw": 0.5,
          "z_score": 0.23571428571428552
        },
        "velocity_variance": {
          "raw": 5.0,
          "z_score": -0.06274755055242864
        }
      }
    },
    "ensemble_detail": {
      "total": 1.06,
      "dynamic_coherence": 0.7999999999999999
    }
  },
  "has_midi": true,
  "error": null,
  "timestamp": "2025-12-02T13:45:41.148321"
}