{
  "id": 2,
  "generation": 11,
  "reward": 0.3451761438560238,
  "breakdown": {
    "sax": -0.8064865464079486,
    "sax_sig": 0.3687326295292408,
    "bass": 0.67913901439913,
    "bass_sig": 0.611295091810923,
    "piano": -1.3896279687740472,
    "piano_sig": 0.28365185814329796,
    "drums": 1.1772265080730067,
    "drums_sig": 0.6867175025685116,
    "ensemble": -3.5021195807572143,
    "ensemble_sig": 0.08828587222668902,
    "z_sum": -3.8418685734670737,
    "combined": 0.3451761438560238,
    "sax_detail": {
      "total": -0.8064865464079486,
      "variety_gate": 0.25,
      "features": {
        "melodic_entropy": {
          "raw": 1.584962500721156,
          "z_score": -0.5607479064410961
        },
        "dur_cv": {
          "raw": 0.0,
          "z_score": -0.2978723404255319
        },
        "sax_arpeggio_runs": {
          "raw": 0,
          "z_score": -0.3391684901531729
        },
        "peak_not_late": {
          "raw": 0,
          "z_score": -2.325068870523416
        },
        "blue_ratio": {
          "raw": 0.25,
          "z_score": 0.4294871794871795
        },
        "rhythm_2grams": {
          "raw": 1,
          "z_score": -0.13257575757575726
        }
      }
    },
    "bass_detail": {
      "total": 0.67913901439913,
      "direction_gate": 1.0,
      "features": {
        "ioi_swing": {
          "raw": 0.0,
          "z_score": -0.24855491329479767
        },
        "non_chromatic_ratio": {
          "raw": 0.7272727272727273,
          "z_score": 0.9276939276939278
        }
      }
    },
    "piano_detail": {
      "total": -1.3896279687740472,
      "variety_gate": 0.5,
      "features": {
        "avg_chord_spread": {
          "raw": 5.0,
          "z_score": -1.2670334320778671
        },
        "gap_ratio": {
          "raw": 0.6666666666666666,
          "z_score": -0.3862745098039215
        },
        "register_separation": {
          "raw": 0.5,
          "z_score": -0.8951787648970747
        },
        "velocity_variance": {
          "raw": 0.0,
          "z_score": -0.23076923076923078
        }
      }
    },
    "drums_detail": {
      "total": 1.1772265080730067,
      "features": {
        "kick_off_beat_ratio": {
          "raw": 0.5,
          "z_score": 0.2411347517730495
        },
        "snare_backbeat_ratio": {
          "raw": 0.0,
          "z_score": -0.3584905660377358
        },
        "velocity_variance": {
          "raw": 10.954451150103322,
          "z_score": 1.2029981639218512
        },
        "duration_variety": {
          "raw": 2,
          "z_score": 0.09158415841584167
        }
      }
    },
    "ensemble_detail": {
      "total": -3.5021195807572143,
      "duration_gate": 1.0,
      "features": {
        "collision_rate": {
          "raw": 0.25,
          "z_score": -0.1063829787234042
        },
        "phrase_alignment": {
          "raw": 1.0,
          "z_score": -1.1284046692607006
        },
        "texture_density": {
          "raw": 0.664,
          "z_score": 0.018382352941176485
        },
        "harmonic_consonance": {
          "raw": 0.375,
          "z_score": -2.285714285714286
        }
      }
    }
  },
  "metrics": {
    "reward": 0.3451761438560238,
    "note_count": 43,
    "valid_midi": 1.0,
    "unique_durs": 1,
    "has_rests": false
  },
  "has_midi": true,
  "error": null,
  "timestamp": "2025-11-30T23:00:30.329737"
}