{
  "id": 16,
  "generation": 45,
  "reward": 0.6017647349370865,
  "breakdown": {
    "sax": -0.11778131224816898,
    "sax_sig": 0.48037986096560487,
    "bass": 0.2842636195237352,
    "bass_sig": 0.5472359862469517,
    "piano": 2.1326523727802535,
    "piano_sig": 0.805615472332117,
    "drums": 0.8605541565620749,
    "drums_sig": 0.6396171304977055,
    "ensemble": -0.6827471509342216,
    "ensemble_sig": 0.3881335003713289,
    "z_sum": 2.476941685683673,
    "combined": 0.6017647349370865,
    "sax_detail": {
      "total": -0.11778131224816898,
      "variety_gate": 0.25,
      "features": {
        "melodic_entropy": {
          "raw": 1.584962500721156,
          "z_score": -0.5607479064410961
        },
        "dur_cv": {
          "raw": 0.0,
          "z_score": -0.2978723404255319
        },
        "sax_arpeggio_runs": {
          "raw": 0,
          "z_score": -0.3391684901531729
        },
        "peak_not_late": {
          "raw": 1,
          "z_score": 0.42975206611570255
        },
        "blue_ratio": {
          "raw": 0.25,
          "z_score": 0.4294871794871795
        },
        "rhythm_2grams": {
          "raw": 1,
          "z_score": -0.13257575757575726
        }
      }
    },
    "bass_detail": {
      "total": 0.2842636195237352,
      "direction_gate": 1.0,
      "features": {
        "ioi_swing": {
          "raw": 0.0,
          "z_score": -0.24855491329479767
        },
        "non_chromatic_ratio": {
          "raw": 0.625,
          "z_score": 0.5328185328185329
        }
      }
    },
    "piano_detail": {
      "total": 2.1326523727802535,
      "variety_gate": 1.0,
      "features": {
        "avg_chord_spread": {
          "raw": 9.5,
          "z_score": 0.6373254337706307
        },
        "gap_ratio": {
          "raw": 0.4,
          "z_score": 1.1823529411764702
        },
        "register_separation": {
          "raw": 5.8125,
          "z_score": 0.5437432286023834
        },
        "velocity_variance": {
          "raw": 0.0,
          "z_score": -0.23076923076923078
        }
      }
    },
    "drums_detail": {
      "total": 0.8605541565620749,
      "features": {
        "kick_off_beat_ratio": {
          "raw": 0.5,
          "z_score": 0.2411347517730495
        },
        "snare_backbeat_ratio": {
          "raw": 0.0,
          "z_score": -0.3584905660377358
        },
        "velocity_variance": {
          "raw": 9.428090415820632,
          "z_score": 0.8863258124109196
        },
        "duration_variety": {
          "raw": 2,
          "z_score": 0.09158415841584167
        }
      }
    },
    "ensemble_detail": {
      "total": -0.6827471509342216,
      "duration_gate": 1.0,
      "features": {
        "collision_rate": {
          "raw": 0.5,
          "z_score": -1.4361702127659575
        },
        "phrase_alignment": {
          "raw": 1.0,
          "z_score": -1.1284046692607006
        },
        "texture_density": {
          "raw": 0.9640000000000001,
          "z_score": -1.084558823529412
        },
        "harmonic_consonance": {
          "raw": 1.0,
          "z_score": 2.966386554621849
        }
      }
    }
  },
  "metrics": {
    "reward": 0.6017647349370865,
    "note_count": 65,
    "valid_midi": 1.0,
    "unique_durs": 1,
    "has_rests": false
  },
  "has_midi": true,
  "error": null,
  "timestamp": "2025-12-01T03:24:08.438526"
}