{
  "step": 4,
  "rollout_id": 4,
  "key": "F",
  "tempo": 160,
  "reward": 0.5652129334672786,
  "breakdown": {
    "sax": 0.48990125916059846,
    "sax_sig": 0.5809320795957053,
    "bass": -1.4268630916029759,
    "bass_sig": 0.27863510207761855,
    "piano": 0.1423470120723255,
    "piano_sig": 0.52370671352047,
    "drums": 1.7405590474140378,
    "drums_sig": 0.7614004294661547,
    "ensemble": 0.6281325200831214,
    "ensemble_sig": 0.6031852971550445,
    "z_sum": 1.574076747127107,
    "combined": 0.5652129334672786,
    "sax_detail": {
      "total": 0.48990125916059846,
      "variety_gate": 0.25,
      "features": {
        "melodic_entropy": {
          "raw": 1.9808259362290785,
          "z_score": 0.2674182766298715
        },
        "dur_cv": {
          "raw": 0.0,
          "z_score": -0.2978723404255319
        },
        "sax_arpeggio_runs": {
          "raw": 0,
          "z_score": -0.3391684901531729
        },
        "peak_not_late": {
          "raw": 1,
          "z_score": 0.42975206611570255
        },
        "blue_ratio": {
          "raw": 0.5,
          "z_score": 2.032051282051282
        },
        "rhythm_2grams": {
          "raw": 1,
          "z_score": -0.13257575757575726
        }
      }
    },
    "bass_detail": {
      "total": -1.4268630916029759,
      "direction_gate": 1.0,
      "features": {
        "ioi_swing": {
          "raw": 0.0,
          "z_score": -0.24855491329479767
        },
        "non_chromatic_ratio": {
          "raw": 0.18181818181818182,
          "z_score": -1.1783081783081781
        }
      }
    },
    "piano_detail": {
      "total": 0.1423470120723255,
      "variety_gate": 0.5,
      "features": {
        "avg_chord_spread": {
          "raw": 10.0,
          "z_score": 0.8489208633093526
        },
        "gap_ratio": {
          "raw": 0.6666666666666666,
          "z_score": -0.3862745098039215
        },
        "register_separation": {
          "raw": 4.0,
          "z_score": 0.05281690140845066
        },
        "velocity_variance": {
          "raw": 0.0,
          "z_score": -0.23076923076923078
        }
      }
    },
    "drums_detail": {
      "total": 1.7405590474140378,
      "features": {
        "kick_off_beat_ratio": {
          "raw": 0.5,
          "z_score": 0.2411347517730495
        },
        "snare_backbeat_ratio": {
          "raw": 0.0,
          "z_score": -0.3584905660377358
        },
        "velocity_variance": {
          "raw": 7.704367455073628,
          "z_score": 0.5287069408866448
        },
        "duration_variety": {
          "raw": 3,
          "z_score": 1.3292079207920793
        }
      }
    },
    "ensemble_detail": {
      "total": 0.6281325200831214,
      "duration_gate": 1.0,
      "features": {
        "collision_rate": {
          "raw": 0.25,
          "z_score": -0.1063829787234042
        },
        "phrase_alignment": {
          "raw": 1.0,
          "z_score": -1.1284046692607006
        },
        "texture_density": {
          "raw": 0.1120000000000001,
          "z_score": 2.0477941176470584
        },
        "harmonic_consonance": {
          "raw": 0.625,
          "z_score": -0.1848739495798321
        }
      }
    }
  },
  "has_midi": true,
  "error": null,
  "timestamp": "2025-11-30T21:35:22.109217"
}