{
  "step": 40,
  "rollout_id": 25,
  "key": "F",
  "tempo": 160,
  "reward": 0.8908791114778793,
  "breakdown": {
    "sax": 0.17852046703914576,
    "sax_sig": 0.5297183412892482,
    "bass": 6.892488956250203,
    "bass_sig": 0.9899987405164116,
    "piano": 2.787820603246181,
    "piano_sig": 0.8651275071925578,
    "drums": 2.659469633941127,
    "drums_sig": 0.8548278415504731,
    "ensemble": 0.08021476493569467,
    "ensemble_sig": 0.5133659423842934,
    "z_sum": 12.59851442541235,
    "combined": 0.8908791114778793,
    "sax_detail": {
      "total": 0.17852046703914576,
      "variety_gate": 0.5,
      "features": {
        "melodic_entropy": {
          "raw": 1.9808259362290785,
          "z_score": 0.2674182766298715
        },
        "dur_cv": {
          "raw": 0.0,
          "z_score": -0.2978723404255319
        },
        "sax_arpeggio_runs": {
          "raw": 0,
          "z_score": -0.3391684901531729
        },
        "peak_not_late": {
          "raw": 1,
          "z_score": 0.42975206611570255
        },
        "blue_ratio": {
          "raw": 0.25,
          "z_score": 0.4294871794871795
        },
        "rhythm_2grams": {
          "raw": 1,
          "z_score": -0.13257575757575726
        }
      }
    },
    "bass_detail": {
      "total": 6.892488956250203,
      "direction_gate": 1.0,
      "features": {
        "ioi_swing": {
          "raw": 1.2570787221094175,
          "z_score": 7.017796081557328
        },
        "non_chromatic_ratio": {
          "raw": 0.45454545454545453,
          "z_score": -0.12530712530712532
        }
      }
    },
    "piano_detail": {
      "total": 2.787820603246181,
      "variety_gate": 1.0,
      "features": {
        "avg_chord_spread": {
          "raw": 11.0,
          "z_score": 1.2721117223867966
        },
        "gap_ratio": {
          "raw": 0.7692307692307693,
          "z_score": -0.9895927601809957
        },
        "register_separation": {
          "raw": 2.75,
          "z_score": -0.28575297941495126
        },
        "velocity_variance": {
          "raw": 0.03928371006591931,
          "z_score": 2.7910546204553315
        }
      }
    },
    "drums_detail": {
      "total": 2.659469633941127,
      "features": {
        "kick_off_beat_ratio": {
          "raw": 0.5,
          "z_score": 0.2411347517730495
        },
        "snare_backbeat_ratio": {
          "raw": 0.0,
          "z_score": -0.3584905660377358
        },
        "velocity_variance": {
          "raw": 12.133516482134198,
          "z_score": 1.447617527413734
        },
        "duration_variety": {
          "raw": 3,
          "z_score": 1.3292079207920793
        }
      }
    },
    "ensemble_detail": {
      "total": 0.08021476493569467,
      "duration_gate": 0.8,
      "features": {
        "collision_rate": {
          "raw": 0.25,
          "z_score": -0.1063829787234042
        },
        "phrase_alignment": {
          "raw": 0.5,
          "z_score": 0.8171206225680933
        },
        "texture_density": {
          "raw": 0.8800000000000001,
          "z_score": -0.7757352941176473
        },
        "harmonic_consonance": {
          "raw": 0.6666666666666666,
          "z_score": 0.16526610644257655
        }
      }
    }
  },
  "has_midi": true,
  "error": null,
  "timestamp": "2025-12-01T02:31:01.657694"
}