{
  "id": 16,
  "generation": 28,
  "reward": 0.18983258798175282,
  "breakdown": {
    "sax": -0.26682003786098263,
    "sax_sig": 0.4556468812696382,
    "bass": -0.373862038601923,
    "bass_sig": 0.43801023530346195,
    "piano": -0.9573850669786497,
    "piano_sig": 0.3456407184238547,
    "drums": -3.042324819949575,
    "drums_sig": 0.116272051630799,
    "ensemble": -4.066198076312555,
    "ensemble_sig": 0.06233914763723106,
    "z_sum": -8.706590039703686,
    "combined": 0.18983258798175282,
    "sax_detail": {
      "total": -0.26682003786098263,
      "variety_gate": 0.5,
      "features": {
        "melodic_entropy": {
          "raw": 1.6140054628542204,
          "z_score": -0.4999885714346853
        },
        "dur_cv": {
          "raw": 0.0,
          "z_score": -0.2978723404255319
        },
        "sax_arpeggio_runs": {
          "raw": 0,
          "z_score": -0.3391684901531729
        },
        "peak_not_late": {
          "raw": 1,
          "z_score": 0.42975206611570255
        },
        "blue_ratio": {
          "raw": 0.23076923076923078,
          "z_score": 0.3062130177514794
        },
        "rhythm_2grams": {
          "raw": 1,
          "z_score": -0.13257575757575726
        }
      }
    },
    "bass_detail": {
      "total": -0.373862038601923,
      "direction_gate": 1.0,
      "features": {
        "ioi_swing": {
          "raw": 0.0,
          "z_score": -0.24855491329479767
        },
        "non_chromatic_ratio": {
          "raw": 0.45454545454545453,
          "z_score": -0.12530712530712532
        }
      }
    },
    "piano_detail": {
      "total": -0.9573850669786497,
      "variety_gate": 0.5,
      "features": {
        "avg_chord_spread": {
          "raw": 6.0,
          "z_score": -0.8438425730004231
        },
        "gap_ratio": {
          "raw": 0.625,
          "z_score": -0.1411764705882354
        },
        "register_separation": {
          "raw": 1.224358974358978,
          "z_score": -0.6989818595994101
        },
        "velocity_variance": {
          "raw": 0.0,
          "z_score": -0.23076923076923078
        }
      }
    },
    "drums_detail": {
      "total": -3.042324819949575,
      "features": {
        "kick_off_beat_ratio": {
          "raw": 0.4,
          "z_score": -0.4680851063829788
        },
        "snare_backbeat_ratio": {
          "raw": 0.0,
          "z_score": -0.3584905660377358
        },
        "velocity_variance": {
          "raw": 0.0,
          "z_score": -1.0697095435684647
        },
        "duration_variety": {
          "raw": 1,
          "z_score": -1.146039603960396
        }
      }
    },
    "ensemble_detail": {
      "total": -4.066198076312555,
      "duration_gate": 1.0,
      "features": {
        "collision_rate": {
          "raw": 0.38461538461538464,
          "z_score": -0.8224222585924714
        },
        "phrase_alignment": {
          "raw": 1.0,
          "z_score": -1.1284046692607006
        },
        "texture_density": {
          "raw": 0.9560000000000001,
          "z_score": -1.0551470588235294
        },
        "harmonic_consonance": {
          "raw": 0.5208333333333334,
          "z_score": -1.0602240896358543
        }
      }
    }
  },
  "metrics": {
    "reward": 0.18983258798175282,
    "note_count": 79,
    "valid_midi": 1.0,
    "unique_durs": 1,
    "has_rests": true
  },
  "has_midi": true,
  "error": null,
  "timestamp": "2025-12-01T01:14:28.282025"
}