{
  "step": 59,
  "rollout_id": 6,
  "key": "Fm",
  "tempo": 160,
  "reward": 0.7237622807902873,
  "breakdown": {
    "sax": -0.8628998260516779,
    "sax_sig": 0.36002248601145564,
    "bass": -1.7778634426033268,
    "bass_sig": 0.23411092714843731,
    "piano": 4.758087890222816,
    "piano_sig": 0.9597691469471854,
    "drums": 3.6968172338971717,
    "drums_sig": 0.9216186003525102,
    "ensemble": -0.034934652311127745,
    "ensemble_sig": 0.49417782111470643,
    "z_sum": 5.779207203153856,
    "combined": 0.7237622807902873,
    "sax_detail": {
      "total": -0.8628998260516779,
      "variety_gate": 0.5,
      "features": {
        "melodic_entropy": {
          "raw": 0.9852281360342515,
          "z_score": -1.8154223095517752
        },
        "dur_cv": {
          "raw": 0.0,
          "z_score": -0.2978723404255319
        },
        "sax_arpeggio_runs": {
          "raw": 0,
          "z_score": -0.3391684901531729
        },
        "peak_not_late": {
          "raw": 1,
          "z_score": 0.42975206611570255
        },
        "blue_ratio": {
          "raw": 0.25,
          "z_score": 0.4294871794871795
        },
        "rhythm_2grams": {
          "raw": 1,
          "z_score": -0.13257575757575726
        }
      }
    },
    "bass_detail": {
      "total": -1.7778634426033268,
      "direction_gate": 1.0,
      "features": {
        "ioi_swing": {
          "raw": 0.0,
          "z_score": -0.24855491329479767
        },
        "non_chromatic_ratio": {
          "raw": 0.09090909090909091,
          "z_score": -1.5293085293085291
        }
      }
    },
    "piano_detail": {
      "total": 4.758087890222816,
      "variety_gate": 1.0,
      "features": {
        "avg_chord_spread": {
          "raw": 5.0,
          "z_score": -1.2670334320778671
        },
        "gap_ratio": {
          "raw": 0.7272727272727273,
          "z_score": -0.7427807486631018
        },
        "register_separation": {
          "raw": 11.5,
          "z_score": 2.0842361863488623
        },
        "velocity_variance": {
          "raw": 0.06388765649999399,
          "z_score": 4.683665884614922
        }
      }
    },
    "drums_detail": {
      "total": 3.6968172338971717,
      "features": {
        "kick_off_beat_ratio": {
          "raw": 0.6666666666666667,
          "z_score": 1.423167848699764
        },
        "snare_backbeat_ratio": {
          "raw": 0.0,
          "z_score": -0.3584905660377358
        },
        "velocity_variance": {
          "raw": 11.436132386735569,
          "z_score": 1.302932030443064
        },
        "duration_variety": {
          "raw": 3,
          "z_score": 1.3292079207920793
        }
      }
    },
    "ensemble_detail": {
      "total": -0.034934652311127745,
      "duration_gate": 1.0,
      "features": {
        "collision_rate": {
          "raw": 0.25,
          "z_score": -0.1063829787234042
        },
        "phrase_alignment": {
          "raw": 0.6666666666666666,
          "z_score": 0.16861219195849547
        },
        "texture_density": {
          "raw": 0.5880000000000001,
          "z_score": 0.29779411764705865
        },
        "harmonic_consonance": {
          "raw": 0.6,
          "z_score": -0.3949579831932777
        }
      }
    }
  },
  "has_midi": true,
  "error": null,
  "timestamp": "2025-12-01T05:09:55.387471"
}