{
  "step": 3,
  "rollout_id": 4,
  "key": "C",
  "tempo": 120,
  "reward": -0.5725089928172875,
  "has_midi": true,
  "error": null,
  "timestamp": "2025-11-29T20:28:58.757550"
}