{
  "id": 15,
  "generation": 0,
  "reward": 0.4425340570993922,
  "breakdown": {
    "sax": 0.2801450580847623,
    "sax_sig": 0.5465555978523917,
    "bass": 0.339569507199565,
    "bass_sig": 0.5563544532418501,
    "piano": 1.0099008817928126,
    "piano_sig": 0.6622343656640586,
    "drums": -4.641580490197452,
    "drums_sig": 0.04333938064383655,
    "ensemble": 1.626661128211919,
    "ensemble_sig": 0.7473334341951385,
    "z_sum": -1.3853039149083928,
    "combined": 0.4425340570993922,
    "sax_detail": {
      "total": 0.2801450580847623,
      "variety_gate": 0.25,
      "features": {
        "melodic_entropy": {
          "raw": 1.75,
          "z_score": -0.21548117154811713
        },
        "dur_cv": {
          "raw": 0.0,
          "z_score": -0.2978723404255319
        },
        "sax_arpeggio_runs": {
          "raw": 0,
          "z_score": -0.3391684901531729
        },
        "peak_not_late": {
          "raw": 1,
          "z_score": 0.42975206611570255
        },
        "blue_ratio": {
          "raw": 0.4444444444444444,
          "z_score": 1.6759259259259258
        },
        "rhythm_2grams": {
          "raw": 1,
          "z_score": -0.13257575757575726
        }
      }
    },
    "bass_detail": {
      "total": 0.339569507199565,
      "direction_gate": 0.5,
      "features": {
        "ioi_swing": {
          "raw": 0.0,
          "z_score": -0.24855491329479767
        },
        "non_chromatic_ratio": {
          "raw": 0.7272727272727273,
          "z_score": 0.9276939276939278
        }
      }
    },
    "piano_detail": {
      "total": 1.0099008817928126,
      "variety_gate": 0.5,
      "features": {
        "avg_chord_spread": {
          "raw": 12.0,
          "z_score": 1.6953025814642404
        },
        "gap_ratio": {
          "raw": 0.6,
          "z_score": 0.005882352941176476
        },
        "register_separation": {
          "raw": 5.833333333333329,
          "z_score": 0.5493860599494389
        },
        "velocity_variance": {
          "raw": 0.0,
          "z_score": -0.23076923076923078
        }
      }
    },
    "drums_detail": {
      "total": -4.641580490197452,
      "features": {
        "kick_off_beat_ratio": {
          "raw": 0.0,
          "z_score": -3.3049645390070927
        },
        "snare_backbeat_ratio": {
          "raw": 0.0,
          "z_score": -0.3584905660377358
        },
        "velocity_variance": {
          "raw": 0.0,
          "z_score": -1.0697095435684647
        },
        "duration_variety": {
          "raw": 2,
          "z_score": 0.09158415841584167
        }
      }
    },
    "ensemble_detail": {
      "total": 1.626661128211919,
      "duration_gate": 0.8,
      "features": {
        "collision_rate": {
          "raw": 0.0,
          "z_score": 1.223404255319149
        },
        "phrase_alignment": {
          "raw": 0.5,
          "z_score": 0.8171206225680933
        },
        "texture_density": {
          "raw": 0.9400000000000001,
          "z_score": -0.9963235294117647
        },
        "harmonic_consonance": {
          "raw": 0.7647058823529411,
          "z_score": 0.9891250617894211
        }
      }
    }
  },
  "metrics": {
    "reward": 0.4425340570993922,
    "note_count": 41,
    "valid_midi": 1.0,
    "unique_durs": 1,
    "has_rests": false
  },
  "has_midi": true,
  "error": null,
  "timestamp": "2025-11-30T21:26:54.516657"
}