{
  "id": 20,
  "generation": 24,
  "reward": 0.4482372306665585,
  "breakdown": {
    "sax": -0.19601934046292993,
    "sax_sig": 0.4673765230416788,
    "bass": 0.67913901439913,
    "bass_sig": 0.611295091810923,
    "piano": -0.6194137278285204,
    "piano_sig": 0.39820677870766447,
    "drums": -2.333104961793547,
    "drums_sig": 0.17430723222270691,
    "ensemble": 1.222625636478616,
    "ensemble_sig": 0.6931917629356321,
    "z_sum": -1.2467733792072513,
    "combined": 0.4482372306665585,
    "sax_detail": {
      "total": -0.19601934046292993,
      "variety_gate": 0.25,
      "features": {
        "melodic_entropy": {
          "raw": 1.4353713907745331,
          "z_score": -0.8737000193001399
        },
        "dur_cv": {
          "raw": 0.0,
          "z_score": -0.2978723404255319
        },
        "sax_arpeggio_runs": {
          "raw": 0,
          "z_score": -0.3391684901531729
        },
        "peak_not_late": {
          "raw": 1,
          "z_score": 0.42975206611570255
        },
        "blue_ratio": {
          "raw": 0.25,
          "z_score": 0.4294871794871795
        },
        "rhythm_2grams": {
          "raw": 1,
          "z_score": -0.13257575757575726
        }
      }
    },
    "bass_detail": {
      "total": 0.67913901439913,
      "direction_gate": 1.0,
      "features": {
        "ioi_swing": {
          "raw": 0.0,
          "z_score": -0.24855491329479767
        },
        "non_chromatic_ratio": {
          "raw": 0.7272727272727273,
          "z_score": 0.9276939276939278
        }
      }
    },
    "piano_detail": {
      "total": -0.6194137278285204,
      "variety_gate": 0.5,
      "features": {
        "avg_chord_spread": {
          "raw": 8.0,
          "z_score": 0.0025391451544647596
        },
        "gap_ratio": {
          "raw": 0.6666666666666666,
          "z_score": -0.3862745098039215
        },
        "register_separation": {
          "raw": 1.5,
          "z_score": -0.6243228602383533
        },
        "velocity_variance": {
          "raw": 0.0,
          "z_score": -0.23076923076923078
        }
      }
    },
    "drums_detail": {
      "total": -2.333104961793547,
      "features": {
        "kick_off_beat_ratio": {
          "raw": 0.5,
          "z_score": 0.2411347517730495
        },
        "snare_backbeat_ratio": {
          "raw": 0.0,
          "z_score": -0.3584905660377358
        },
        "velocity_variance": {
          "raw": 0.0,
          "z_score": -1.0697095435684647
        },
        "duration_variety": {
          "raw": 1,
          "z_score": -1.146039603960396
        }
      }
    },
    "ensemble_detail": {
      "total": 1.222625636478616,
      "duration_gate": 1.0,
      "features": {
        "collision_rate": {
          "raw": 0.0,
          "z_score": 1.223404255319149
        },
        "phrase_alignment": {
          "raw": 1.0,
          "z_score": -1.1284046692607006
        },
        "texture_density": {
          "raw": 0.31200000000000006,
          "z_score": 1.3124999999999998
        },
        "harmonic_consonance": {
          "raw": 0.625,
          "z_score": -0.1848739495798321
        }
      }
    }
  },
  "metrics": {
    "reward": 0.4482372306665585,
    "note_count": 68,
    "valid_midi": 1.0,
    "unique_durs": 1,
    "has_rests": false
  },
  "has_midi": true,
  "error": null,
  "timestamp": "2025-12-01T00:54:22.538437"
}