{
  "id": 20,
  "generation": 13,
  "reward": 0.2490659291419975,
  "breakdown": {
    "sax": -1.738045572503071,
    "sax_sig": 0.23890411887503202,
    "bass": 0.08657628273803797,
    "bass_sig": 0.5144253760592437,
    "piano": -0.8298700549844455,
    "piano_sig": 0.36511147756486556,
    "drums": -0.48912760781806086,
    "drums_sig": 0.41919348925514,
    "ensemble": -3.651134381536327,
    "ensemble_sig": 0.0806098597555413,
    "z_sum": -6.621601334103866,
    "combined": 0.2490659291419975,
    "sax_detail": {
      "total": -1.738045572503071,
      "variety_gate": 0.5,
      "features": {
        "melodic_entropy": {
          "raw": 0.954434002924965,
          "z_score": -2.977427739626414
        },
        "dur_cv": {
          "raw": 0.0,
          "z_score": -0.8880854560394412
        },
        "sax_arpeggio_runs": {
          "raw": 0,
          "z_score": -0.4150099290132615
        },
        "peak_not_late": {
          "raw": 1,
          "z_score": 0.6122586439155816
        },
        "blue_ratio": {
          "raw": 0.3333333333333333,
          "z_score": 1.0785410010649625
        },
        "rhythm_2grams": {
          "raw": 1,
          "z_score": -0.8863676653075695
        }
      }
    },
    "bass_detail": {
      "total": 0.08657628273803797,
      "direction_gate": 1.0,
      "features": {
        "ioi_swing": {
          "raw": 0.0,
          "z_score": -0.8105992171032821
        },
        "non_chromatic_ratio": {
          "raw": 1.0,
          "z_score": 0.8971754998413201
        }
      }
    },
    "piano_detail": {
      "total": -0.8298700549844455,
      "variety_gate": 1.0,
      "features": {
        "avg_chord_spread": {
          "raw": 7.0,
          "z_score": -0.39231441048034943
        },
        "gap_ratio": {
          "raw": 0.6875,
          "z_score": -1.1221198156682028
        },
        "register_separation": {
          "raw": 15.700000000000003,
          "z_score": 1.2635115395851595
        },
        "velocity_variance": {
          "raw": 0.0,
          "z_score": -0.5789473684210527
        }
      }
    },
    "drums_detail": {
      "total": -0.48912760781806086,
      "features": {
        "kick_off_beat_ratio": {
          "raw": 0.5,
          "z_score": -0.8253055108539016
        },
        "snare_backbeat_ratio": {
          "raw": 0.3333333333333333,
          "z_score": 1.4199602503705218
        },
        "velocity_variance": {
          "raw": 5.0,
          "z_score": -0.8655647850804218
        },
        "duration_variety": {
          "raw": 2,
          "z_score": -0.21821756225425926
        }
      }
    },
    "ensemble_detail": {
      "total": -3.651134381536327,
      "duration_gate": 1.0,
      "features": {
        "collision_rate": {
          "raw": 0.3333333333333333,
          "z_score": 0.20771144278606976
        },
        "phrase_alignment": {
          "raw": 0.8333333333333334,
          "z_score": -1.1479166666666667
        },
        "texture_density": {
          "raw": 0.8320000000000001,
          "z_score": -0.8157181571815719
        },
        "harmonic_consonance": {
          "raw": 0.5526315789473685,
          "z_score": -1.895211000474158
        }
      }
    }
  },
  "metrics": {
    "reward": 0.2490659291419975,
    "note_count": 68,
    "valid_midi": 1.0,
    "unique_durs": 1,
    "has_rests": true
  },
  "has_midi": true,
  "error": null,
  "timestamp": "2025-11-30T17:22:22.480664"
}