{
  "step": 18,
  "rollout_id": 15,
  "key": "Fm",
  "tempo": 160,
  "reward": 0.781969215959955,
  "breakdown": {
    "sax": -0.887815792148231,
    "sax_sig": 0.3562042546701301,
    "bass": -1.3223060723060722,
    "bass_sig": 0.29285929700889063,
    "piano": 3.4983759913583214,
    "piano_sig": 0.9115130365579718,
    "drums": 3.5776401356375764,
    "drums_sig": 0.9156835168467351,
    "ensemble_mult": 1.0774596669241483,
    "z_sum": 4.865894262541595,
    "base_reward": 0.7257526568880881,
    "combined": 0.781969215959955,
    "sax_detail": {
      "total": -0.887815792148231,
      "variety_gate": 0.5,
      "features": {
        "melodic_entropy": {
          "raw": 1.3787834934861753,
          "z_score": -0.992084741660721
        },
        "dur_cv": {
          "raw": 0.0,
          "z_score": -0.2978723404255319
        },
        "sax_arpeggio_runs": {
          "raw": 1,
          "z_score": 0.39022611232676874
        },
        "peak_not_late": {
          "raw": 1,
          "z_score": 0.42975206611570255
        },
        "blue_ratio": {
          "raw": 0.0,
          "z_score": -1.1730769230769231
        },
        "rhythm_2grams": {
          "raw": 1,
          "z_score": -0.13257575757575726
        }
      }
    },
    "bass_detail": {
      "total": -1.3223060723060722,
      "chromatic_gate": 1.0,
      "direction_gate": 1.0,
      "features": {
        "duration_variety": {
          "raw": 1,
          "z_score": -1.0
        },
        "velocity_variance": {
          "raw": 0.0,
          "z_score": -1.25
        },
        "non_chromatic_ratio": {
          "raw": 0.7272727272727273,
          "z_score": 0.9276939276939278
        }
      }
    },
    "piano_detail": {
      "total": 3.4983759913583214,
      "tonic_bonus": 1.2,
      "register_failed": false,
      "avg_pitch": 73.33333333333333,
      "features": {
        "unique_chords": {
          "raw": 3,
          "capped": 3,
          "z_score": 1.0086206896551724,
          "weight": 1.0
        },
        "avg_chord_duration": {
          "raw": 0.375,
          "z_score": 0.5573770491803279,
          "weight": 1.5
        },
        "cluster_ratio": {
          "raw": 0.0,
          "z_score": 0.6666666666666667,
          "weight": 1.0
        },
        "out_of_key_ratio": {
          "raw": 0.0,
          "z_score": 0.6039603960396039,
          "weight": 1.0
        },
        "chord_duration_variety": {
          "raw": 1,
          "z_score": -0.20000000000000018,
          "weight": 1.0
        }
      }
    },
    "drums_detail": {
      "total": 3.5776401356375764,
      "features": {
        "duration_variety": {
          "raw": 3,
          "z_score": 1.3048327137546467
        },
        "kick_off_beat_ratio": {
          "raw": 0.6923076923076923,
          "z_score": 1.609340659340659
        },
        "velocity_variance": {
          "raw": 8.483650059915272,
          "z_score": 0.6634667625422705
        }
      }
    },
    "ensemble_detail": {
      "total": 1.0774596669241483,
      "dynamic_coherence": 0.8872983346207417
    }
  },
  "has_midi": true,
  "error": null,
  "timestamp": "2025-12-02T13:45:46.252358"
}