{
  "id": 11,
  "generation": 0,
  "reward": 0.26583388461547874,
  "breakdown": {
    "sax": -1.6301094414159776,
    "sax_sig": 0.2522327248174939,
    "bass": -1.3223060723060722,
    "bass_sig": 0.29285929700889063,
    "piano": -2.3496188800712674,
    "piano_sig": 0.1727284073880763,
    "drums": -0.2788043808580577,
    "drums_sig": 0.45366592034444747,
    "ensemble_mult": 1.0774596669241483,
    "z_sum": -5.580838774651375,
    "base_reward": 0.24672281736017235,
    "combined": 0.26583388461547874,
    "sax_detail": {
      "total": -1.6301094414159776,
      "variety_gate": 0.5,
      "features": {
        "melodic_entropy": {
          "raw": 1.4591479170272448,
          "z_score": -0.8239583325789858
        },
        "dur_cv": {
          "raw": 0.0,
          "z_score": -0.2978723404255319
        },
        "sax_arpeggio_runs": {
          "raw": 0,
          "z_score": -0.3391684901531729
        },
        "peak_not_late": {
          "raw": 0,
          "z_score": -2.325068870523416
        },
        "blue_ratio": {
          "raw": 0.2857142857142857,
          "z_score": 0.6584249084249083
        },
        "rhythm_2grams": {
          "raw": 1,
          "z_score": -0.13257575757575726
        }
      }
    },
    "bass_detail": {
      "total": -1.3223060723060722,
      "chromatic_gate": 1.0,
      "direction_gate": 1.0,
      "features": {
        "duration_variety": {
          "raw": 1,
          "z_score": -1.0
        },
        "velocity_variance": {
          "raw": 0.0,
          "z_score": -1.25
        },
        "non_chromatic_ratio": {
          "raw": 0.7272727272727273,
          "z_score": 0.9276939276939278
        }
      }
    },
    "piano_detail": {
      "total": -2.3496188800712674,
      "tonic_bonus": 1.2,
      "register_failed": false,
      "avg_pitch": 62.25,
      "features": {
        "unique_chords": {
          "raw": 3,
          "capped": 3,
          "z_score": 1.0086206896551724,
          "weight": 1.0
        },
        "avg_chord_duration": {
          "raw": 0.375,
          "z_score": 0.5573770491803279,
          "weight": 1.5
        },
        "cluster_ratio": {
          "raw": 1.0,
          "z_score": -1.7314148681055157,
          "weight": 1.0
        },
        "out_of_key_ratio": {
          "raw": 0.25,
          "z_score": -1.8712871287128712,
          "weight": 1.0
        },
        "chord_duration_variety": {
          "raw": 1,
          "z_score": -0.20000000000000018,
          "weight": 1.0
        }
      }
    },
    "drums_detail": {
      "total": -0.2788043808580577,
      "features": {
        "duration_variety": {
          "raw": 3,
          "z_score": 1.3048327137546467
        },
        "kick_off_beat_ratio": {
          "raw": 0.4,
          "z_score": -0.47857142857142854
        },
        "velocity_variance": {
          "raw": 0.0,
          "z_score": -1.1050656660412759
        }
      }
    },
    "ensemble_detail": {
      "total": 1.0774596669241483,
      "dynamic_coherence": 0.8872983346207417
    }
  },
  "metrics": {
    "reward": 0.26583388461547874,
    "note_count": 73,
    "valid_midi": 1.0,
    "unique_durs": 1,
    "has_rests": true
  },
  "has_midi": true,
  "error": null,
  "timestamp": "2025-12-01T20:18:06.166043"
}