{
  "id": 15,
  "generation": 29,
  "reward": 0.2999415866394598,
  "breakdown": {
    "sax": -1.1108767755297992,
    "sax_sig": 0.32287633920873876,
    "bass": 0.08657628273803797,
    "bass_sig": 0.5144253760592437,
    "piano": 6.649793609728368,
    "piano_sig": 0.988262920292989,
    "drums": -10.0,
    "drums_sig": 0.001271016263081358,
    "ensemble": -0.7109493252808692,
    "ensemble_sig": 0.3836779239112383,
    "z_sum": -5.0854562083442625,
    "combined": 0.2999415866394598,
    "sax_detail": {
      "total": -1.1108767755297992,
      "variety_gate": 0.25,
      "features": {
        "melodic_entropy": {
          "raw": 2.125,
          "z_score": -0.5609000825763832
        },
        "dur_cv": {
          "raw": 0.0,
          "z_score": -0.8880854560394412
        },
        "sax_arpeggio_runs": {
          "raw": 1,
          "z_score": -0.30088333980050674
        },
        "peak_not_late": {
          "raw": 0,
          "z_score": -1.6329142343960483
        },
        "blue_ratio": {
          "raw": 0.17647058823529413,
          "z_score": -0.1743563239992482
        },
        "rhythm_2grams": {
          "raw": 1,
          "z_score": -0.8863676653075695
        }
      }
    },
    "bass_detail": {
      "total": 0.08657628273803797,
      "direction_gate": 1.0,
      "features": {
        "ioi_swing": {
          "raw": 0.0,
          "z_score": -0.8105992171032821
        },
        "non_chromatic_ratio": {
          "raw": 1.0,
          "z_score": 0.8971754998413201
        }
      }
    },
    "piano_detail": {
      "total": 6.649793609728368,
      "variety_gate": 1.0,
      "features": {
        "avg_chord_spread": {
          "raw": 5.5,
          "z_score": -0.6543231441048036
        },
        "gap_ratio": {
          "raw": 0.0,
          "z_score": 2.046082949308756
        },
        "register_separation": {
          "raw": 28.48039215686274,
          "z_score": 3.1303523454371516
        },
        "velocity_variance": {
          "raw": 0.25712973861329,
          "z_score": 2.1276814590872637
        }
      }
    },
    "drums_detail": {
      "total": -10.0,
      "features": {}
    },
    "ensemble_detail": {
      "total": -0.7109493252808692,
      "duration_gate": 1.0,
      "features": {
        "collision_rate": {
          "raw": 0.0,
          "z_score": 1.4514925373134329
        },
        "phrase_alignment": {
          "raw": 0.0,
          "z_score": 1.45625
        },
        "texture_density": {
          "raw": 0.992,
          "z_score": -1.2493224932249323
        },
        "harmonic_consonance": {
          "raw": 0.5,
          "z_score": -2.3693693693693696
        }
      }
    }
  },
  "metrics": {
    "reward": 0.2999415866394598,
    "note_count": 44,
    "valid_midi": 1.0,
    "unique_durs": 1,
    "has_rests": false
  },
  "has_midi": true,
  "error": null,
  "timestamp": "2025-11-30T17:31:46.867203"
}