{
  "id": 5,
  "generation": 6,
  "reward": 0.5445503789943658,
  "breakdown": {
    "sax": 0.12913467674363277,
    "sax_sig": 0.5215091632554907,
    "bass": -1.5772918134602694,
    "bass_sig": 0.2589318147073362,
    "piano": 0.7408724269418481,
    "piano_sig": 0.6210282601903243,
    "drums": 0.6247598744184791,
    "drums_sig": 0.6026470043855423,
    "ensemble": 1.1545769499951648,
    "ensemble_sig": 0.6834598811043994,
    "z_sum": 1.0720521146388555,
    "combined": 0.5445503789943658,
    "sax_detail": {
      "total": 0.12913467674363277,
      "variety_gate": 0.5,
      "features": {
        "melodic_entropy": {
          "raw": 1.584962500721156,
          "z_score": -0.5607479064410961
        },
        "dur_cv": {
          "raw": 0.0,
          "z_score": -0.2978723404255319
        },
        "sax_arpeggio_runs": {
          "raw": 1,
          "z_score": 0.39022611232676874
        },
        "peak_not_late": {
          "raw": 1,
          "z_score": 0.42975206611570255
        },
        "blue_ratio": {
          "raw": 0.25,
          "z_score": 0.4294871794871795
        },
        "rhythm_2grams": {
          "raw": 1,
          "z_score": -0.13257575757575726
        }
      }
    },
    "bass_detail": {
      "total": -1.5772918134602694,
      "direction_gate": 1.0,
      "features": {
        "ioi_swing": {
          "raw": 0.0,
          "z_score": -0.24855491329479767
        },
        "non_chromatic_ratio": {
          "raw": 0.14285714285714285,
          "z_score": -1.3287369001654716
        }
      }
    },
    "piano_detail": {
      "total": 0.7408724269418481,
      "variety_gate": 0.5,
      "features": {
        "avg_chord_spread": {
          "raw": 7.0,
          "z_score": -0.4206517139229792
        },
        "gap_ratio": {
          "raw": 0.45454545454545453,
          "z_score": 0.8614973262032085
        },
        "register_separation": {
          "raw": 8.5,
          "z_score": 1.2716684723726976
        },
        "velocity_variance": {
          "raw": 0.0,
          "z_score": -0.23076923076923078
        }
      }
    },
    "drums_detail": {
      "total": 0.6247598744184791,
      "features": {
        "kick_off_beat_ratio": {
          "raw": 0.5,
          "z_score": 0.2411347517730495
        },
        "snare_backbeat_ratio": {
          "raw": 0.0,
          "z_score": -0.3584905660377358
        },
        "velocity_variance": {
          "raw": 8.2915619758885,
          "z_score": 0.6505315302673238
        },
        "duration_variety": {
          "raw": 2,
          "z_score": 0.09158415841584167
        }
      }
    },
    "ensemble_detail": {
      "total": 1.1545769499951648,
      "duration_gate": 1.0,
      "features": {
        "collision_rate": {
          "raw": 0.25,
          "z_score": -0.1063829787234042
        },
        "phrase_alignment": {
          "raw": 0.375,
          "z_score": 1.3035019455252916
        },
        "texture_density": {
          "raw": 0.916,
          "z_score": -0.9080882352941175
        },
        "harmonic_consonance": {
          "raw": 0.75,
          "z_score": 0.8655462184873949
        }
      }
    }
  },
  "metrics": {
    "reward": 0.5445503789943658,
    "note_count": 44,
    "valid_midi": 1.0,
    "unique_durs": 1,
    "has_rests": true
  },
  "has_midi": true,
  "error": null,
  "timestamp": "2025-11-30T22:32:27.040658"
}