{
  "id": 2,
  "generation": 2,
  "reward": 0.47639222960057004,
  "breakdown": {
    "sax": -1.3579967529372132,
    "sax_sig": 0.2879561738602396,
    "bass": -0.28229672964530955,
    "bass_sig": 0.4530889230771993,
    "piano": -0.49942535042133696,
    "piano_sig": 0.4175229595012028,
    "drums": 2.659469633941127,
    "drums_sig": 0.8548278415504731,
    "ensemble": -1.0867588863852327,
    "ensemble_sig": 0.3264015204825629,
    "z_sum": -0.5670080854479658,
    "combined": 0.47639222960057004,
    "sax_detail": {
      "total": -1.3579967529372132,
      "variety_gate": 0.5,
      "features": {
        "melodic_entropy": {
          "raw": 1.9056390622295665,
          "z_score": 0.1101235611497207
        },
        "dur_cv": {
          "raw": 0.0,
          "z_score": -0.2978723404255319
        },
        "sax_arpeggio_runs": {
          "raw": 1,
          "z_score": 0.39022611232676874
        },
        "peak_not_late": {
          "raw": 0,
          "z_score": -2.325068870523416
        },
        "blue_ratio": {
          "raw": 0.1111111111111111,
          "z_score": -0.46082621082621084
        },
        "rhythm_2grams": {
          "raw": 1,
          "z_score": -0.13257575757575726
        }
      }
    },
    "bass_detail": {
      "total": -0.28229672964530955,
      "direction_gate": 1.0,
      "features": {
        "ioi_swing": {
          "raw": 0.0,
          "z_score": -0.24855491329479767
        },
        "non_chromatic_ratio": {
          "raw": 0.4782608695652174,
          "z_score": -0.0337418163505119
        }
      }
    },
    "piano_detail": {
      "total": -0.49942535042133696,
      "variety_gate": 1.0,
      "features": {
        "avg_chord_spread": {
          "raw": 9.4,
          "z_score": 0.5950063478628864
        },
        "gap_ratio": {
          "raw": 0.7777777777777778,
          "z_score": -1.0398692810457517
        },
        "register_separation": {
          "raw": 4.455555555555563,
          "z_score": 0.17620681353075912
        },
        "velocity_variance": {
          "raw": 0.0,
          "z_score": -0.23076923076923078
        }
      }
    },
    "drums_detail": {
      "total": 2.659469633941127,
      "features": {
        "kick_off_beat_ratio": {
          "raw": 0.5,
          "z_score": 0.2411347517730495
        },
        "snare_backbeat_ratio": {
          "raw": 0.0,
          "z_score": -0.3584905660377358
        },
        "velocity_variance": {
          "raw": 12.133516482134198,
          "z_score": 1.447617527413734
        },
        "duration_variety": {
          "raw": 3,
          "z_score": 1.3292079207920793
        }
      }
    },
    "ensemble_detail": {
      "total": -1.0867588863852327,
      "duration_gate": 1.0,
      "features": {
        "collision_rate": {
          "raw": 0.0,
          "z_score": 1.223404255319149
        },
        "phrase_alignment": {
          "raw": 0.6666666666666666,
          "z_score": 0.16861219195849547
        },
        "texture_density": {
          "raw": 0.9400000000000001,
          "z_score": -0.9963235294117647
        },
        "harmonic_consonance": {
          "raw": 0.47058823529411764,
          "z_score": -1.4824518042511126
        }
      }
    }
  },
  "metrics": {
    "reward": 0.47639222960057004,
    "note_count": 89,
    "valid_midi": 1.0,
    "unique_durs": 1,
    "has_rests": true
  },
  "has_midi": true,
  "error": null,
  "timestamp": "2025-11-30T22:11:24.165191"
}