{
  "id": 26,
  "generation": 46,
  "reward": 0.5405161080417589,
  "breakdown": {
    "sax": 0.3470501006238079,
    "sax_sig": 0.5575850323821585,
    "bass": -0.26930501930501927,
    "bass_sig": 0.45523600694864574,
    "piano": 0.8373365061148333,
    "piano_sig": 0.636041586757494,
    "drums": -1.0875330800548089,
    "drums_sig": 0.32628805266341376,
    "ensemble_mult": 1.1,
    "z_sum": -0.17245149262118686,
    "base_reward": 0.4913782800379626,
    "combined": 0.5405161080417589,
    "sax_detail": {
      "total": 0.3470501006238079,
      "variety_gate": 0.25,
      "features": {
        "melodic_entropy": {
          "raw": 2.218378281790496,
          "z_score": 0.7643897108587778
        },
        "dur_cv": {
          "raw": 0.0,
          "z_score": -0.2978723404255319
        },
        "sax_arpeggio_runs": {
          "raw": 0,
          "z_score": -0.3391684901531729
        },
        "peak_not_late": {
          "raw": 1,
          "z_score": 0.42975206611570255
        },
        "blue_ratio": {
          "raw": 0.3333333333333333,
          "z_score": 0.9636752136752136
        },
        "rhythm_2grams": {
          "raw": 1,
          "z_score": -0.13257575757575726
        }
      }
    },
    "bass_detail": {
      "total": -0.26930501930501927,
      "chromatic_gate": 1.0,
      "direction_gate": 1.0,
      "features": {
        "duration_variety": {
          "raw": 1,
          "z_score": -1.0
        },
        "velocity_variance": {
          "raw": 0.0,
          "z_score": -1.25
        },
        "non_chromatic_ratio": {
          "raw": 1.0,
          "z_score": 1.9806949806949807
        }
      }
    },
    "piano_detail": {
      "total": 0.8373365061148333,
      "tonic_bonus": 1.2,
      "register_failed": false,
      "avg_pitch": 70.75,
      "features": {
        "unique_chords": {
          "raw": 7,
          "capped": 3,
          "z_score": 1.0086206896551724,
          "weight": 1.0
        },
        "avg_chord_duration": {
          "raw": 0.375,
          "z_score": 0.5573770491803279,
          "weight": 1.5
        },
        "cluster_ratio": {
          "raw": 0.6666666666666666,
          "z_score": -0.9320543565147881,
          "weight": 1.0
        },
        "out_of_key_ratio": {
          "raw": 0.0625,
          "z_score": -0.014851485148514863,
          "weight": 1.0
        },
        "chord_duration_variety": {
          "raw": 1,
          "z_score": -0.20000000000000018,
          "weight": 1.0
        }
      }
    },
    "drums_detail": {
      "total": -1.0875330800548089,
      "features": {
        "duration_variety": {
          "raw": 1,
          "z_score": -1.1734820322180917
        },
        "kick_off_beat_ratio": {
          "raw": 0.5,
          "z_score": 0.23571428571428552
        },
        "velocity_variance": {
          "raw": 4.58257569495584,
          "z_score": -0.1497653335510028
        }
      }
    },
    "ensemble_detail": {
      "total": 1.1,
      "dynamic_coherence": 1.0
    }
  },
  "metrics": {
    "reward": 0.5405161080417589,
    "note_count": 108,
    "valid_midi": 1.0,
    "unique_durs": 1,
    "has_rests": false
  },
  "has_midi": true,
  "error": null,
  "timestamp": "2025-12-02T15:33:27.442592"
}