{
  "step": 50,
  "rollout_id": 19,
  "key": "F",
  "tempo": 160,
  "reward": 0.7513196744468721,
  "breakdown": {
    "sax": 0.9477796403773355,
    "sax_sig": 0.652909526716096,
    "bass": -0.7248623896022739,
    "bass_sig": 0.38148696295716106,
    "piano": 6.62952450445134,
    "piano_sig": 0.9881051431488699,
    "drums": 2.6594696339411263,
    "drums_sig": 0.8548278415504731,
    "ensemble": -2.87793346289588,
    "ensemble_sig": 0.12801527558261813,
    "z_sum": 6.633977926271648,
    "combined": 0.7513196744468721,
    "sax_detail": {
      "total": 0.9477796403773355,
      "variety_gate": 0.5,
      "features": {
        "melodic_entropy": {
          "raw": 1.950212064914747,
          "z_score": 0.2033725207421485
        },
        "dur_cv": {
          "raw": 0.0,
          "z_score": -0.2978723404255319
        },
        "sax_arpeggio_runs": {
          "raw": 0,
          "z_score": -0.3391684901531729
        },
        "peak_not_late": {
          "raw": 1,
          "z_score": 0.42975206611570255
        },
        "blue_ratio": {
          "raw": 0.5,
          "z_score": 2.032051282051282
        },
        "rhythm_2grams": {
          "raw": 1,
          "z_score": -0.13257575757575726
        }
      }
    },
    "bass_detail": {
      "total": -0.7248623896022739,
      "direction_gate": 1.0,
      "features": {
        "ioi_swing": {
          "raw": 0.0,
          "z_score": -0.24855491329479767
        },
        "non_chromatic_ratio": {
          "raw": 0.36363636363636365,
          "z_score": -0.4763074763074762
        }
      }
    },
    "piano_detail": {
      "total": 6.62952450445134,
      "variety_gate": 1.0,
      "features": {
        "avg_chord_spread": {
          "raw": 8.0,
          "z_score": 0.0025391451544647596
        },
        "gap_ratio": {
          "raw": 0.45454545454545453,
          "z_score": 0.8614973262032085
        },
        "register_separation": {
          "raw": 0.125,
          "z_score": -0.9967497291440953
        },
        "velocity_variance": {
          "raw": 0.09090909090909091,
          "z_score": 6.7622377622377625
        }
      }
    },
    "drums_detail": {
      "total": 2.6594696339411263,
      "features": {
        "kick_off_beat_ratio": {
          "raw": 0.5,
          "z_score": 0.2411347517730495
        },
        "snare_backbeat_ratio": {
          "raw": 0.0,
          "z_score": -0.3584905660377358
        },
        "velocity_variance": {
          "raw": 12.133516482134196,
          "z_score": 1.4476175274137335
        },
        "duration_variety": {
          "raw": 3,
          "z_score": 1.3292079207920793
        }
      }
    },
    "ensemble_detail": {
      "total": -2.87793346289588,
      "duration_gate": 1.0,
      "features": {
        "collision_rate": {
          "raw": 0.75,
          "z_score": -2.765957446808511
        },
        "phrase_alignment": {
          "raw": 0.5,
          "z_score": 0.8171206225680933
        },
        "texture_density": {
          "raw": 0.8,
          "z_score": -0.48161764705882354
        },
        "harmonic_consonance": {
          "raw": 0.59375,
          "z_score": -0.44747899159663884
        }
      }
    }
  },
  "has_midi": true,
  "error": null,
  "timestamp": "2025-12-01T03:51:47.554912"
}