{
  "step": 17,
  "rollout_id": 27,
  "key": "Fm",
  "tempo": 160,
  "reward": 0.18216777129810663,
  "breakdown": {
    "sax": -0.748083885554933,
    "sax_sig": 0.37784091172960116,
    "bass": -0.20193241579922305,
    "bass_sig": 0.46639533343011175,
    "piano": -0.8355828871501132,
    "piano_sig": 0.3642290895713238,
    "drums": -2.52286276211424,
    "drums_sig": 0.15684291631527522,
    "ensemble": -4.701912849780979,
    "ensemble_sig": 0.04170204549833182,
    "z_sum": -9.01037480039949,
    "combined": 0.18216777129810663,
    "sax_detail": {
      "total": -0.748083885554933,
      "variety_gate": 0.5,
      "features": {
        "melodic_entropy": {
          "raw": 2.2359263506290326,
          "z_score": -0.331902661789776
        },
        "dur_cv": {
          "raw": 0.0,
          "z_score": -0.8880854560394412
        },
        "sax_arpeggio_runs": {
          "raw": 0,
          "z_score": -0.4150099290132615
        },
        "peak_not_late": {
          "raw": 1,
          "z_score": 0.6122586439155816
        },
        "blue_ratio": {
          "raw": 0.25,
          "z_score": 0.4129392971246006
        },
        "rhythm_2grams": {
          "raw": 1,
          "z_score": -0.8863676653075695
        }
      }
    },
    "bass_detail": {
      "total": -0.20193241579922305,
      "direction_gate": 1.0,
      "features": {
        "ioi_swing": {
          "raw": 0.0,
          "z_score": -0.8105992171032821
        },
        "non_chromatic_ratio": {
          "raw": 0.9090909090909091,
          "z_score": 0.608666801304059
        }
      }
    },
    "piano_detail": {
      "total": -0.8355828871501132,
      "variety_gate": 0.5,
      "features": {
        "avg_chord_spread": {
          "raw": 11.0,
          "z_score": 0.3063755458515283
        },
        "gap_ratio": {
          "raw": 0.6666666666666666,
          "z_score": -1.0261136712749614
        },
        "register_separation": {
          "raw": 4.5,
          "z_score": -0.37248028045574055
        },
        "velocity_variance": {
          "raw": 0.0,
          "z_score": -0.5789473684210527
        }
      }
    },
    "drums_detail": {
      "total": -2.52286276211424,
      "features": {
        "kick_off_beat_ratio": {
          "raw": 0.5,
          "z_score": -0.8253055108539016
        },
        "snare_backbeat_ratio": {
          "raw": 0.0,
          "z_score": -0.5855710048313247
        },
        "velocity_variance": {
          "raw": 4.714045207910317,
          "z_score": -0.8937686841747543
        },
        "duration_variety": {
          "raw": 2,
          "z_score": -0.21821756225425926
        }
      }
    },
    "ensemble_detail": {
      "total": -4.701912849780979,
      "duration_gate": 1.0,
      "features": {
        "collision_rate": {
          "raw": 0.0,
          "z_score": 1.4514925373134329
        },
        "phrase_alignment": {
          "raw": 1.0,
          "z_score": -1.66875
        },
        "texture_density": {
          "raw": 0.8960000000000001,
          "z_score": -0.9891598915989163
        },
        "harmonic_consonance": {
          "raw": 0.375,
          "z_score": -3.4954954954954958
        }
      }
    }
  },
  "has_midi": true,
  "error": null,
  "timestamp": "2025-11-30T20:38:51.492228"
}