{
  "id": 18,
  "generation": 47,
  "reward": 0.2577574046879993,
  "breakdown": {
    "sax": 0.049573352088235885,
    "sax_sig": 0.5082614734093827,
    "bass": 0.349387895833909,
    "bass_sig": 0.5579694621955691,
    "piano": -2.0129302655527797,
    "piano_sig": 0.20718898805027056,
    "drums": -3.7550556675024165,
    "drums_sig": 0.07562223681540318,
    "ensemble": -0.9769190364381123,
    "ensemble_sig": 0.3427012949487369,
    "z_sum": -6.345943721571164,
    "combined": 0.2577574046879993,
    "sax_detail": {
      "total": 0.049573352088235885,
      "variety_gate": 0.25,
      "features": {
        "melodic_entropy": {
          "raw": 1.9049446189323622,
          "z_score": 0.10867075090452352
        },
        "dur_cv": {
          "raw": 0.0,
          "z_score": -0.2978723404255319
        },
        "sax_arpeggio_runs": {
          "raw": 0,
          "z_score": -0.3391684901531729
        },
        "peak_not_late": {
          "raw": 1,
          "z_score": 0.42975206611570255
        },
        "blue_ratio": {
          "raw": 0.25,
          "z_score": 0.4294871794871795
        },
        "rhythm_2grams": {
          "raw": 1,
          "z_score": -0.13257575757575726
        }
      }
    },
    "bass_detail": {
      "total": 0.349387895833909,
      "direction_gate": 1.0,
      "features": {
        "ioi_swing": {
          "raw": 0.09476070829586855,
          "z_score": 0.29919484564085874
        },
        "non_chromatic_ratio": {
          "raw": 0.5,
          "z_score": 0.05019305019305024
        }
      }
    },
    "piano_detail": {
      "total": -2.0129302655527797,
      "variety_gate": 1.0,
      "features": {
        "avg_chord_spread": {
          "raw": 7.0,
          "z_score": -0.4206517139229792
        },
        "gap_ratio": {
          "raw": 0.8260869565217391,
          "z_score": -1.3240409207161126
        },
        "register_separation": {
          "raw": 3.6666666666666643,
          "z_score": -0.03746840014445717
        },
        "velocity_variance": {
          "raw": 0.0,
          "z_score": -0.23076923076923078
        }
      }
    },
    "drums_detail": {
      "total": -3.7550556675024165,
      "features": {
        "kick_off_beat_ratio": {
          "raw": 0.125,
          "z_score": -2.418439716312057
        },
        "snare_backbeat_ratio": {
          "raw": 0.0,
          "z_score": -0.3584905660377358
        },
        "velocity_variance": {
          "raw": 0.0,
          "z_score": -1.0697095435684647
        },
        "duration_variety": {
          "raw": 2,
          "z_score": 0.09158415841584167
        }
      }
    },
    "ensemble_detail": {
      "total": -0.9769190364381123,
      "duration_gate": 0.8,
      "features": {
        "collision_rate": {
          "raw": 0.027777777777777776,
          "z_score": 1.0756501182033098
        },
        "phrase_alignment": {
          "raw": 1.0,
          "z_score": -1.1284046692607006
        },
        "texture_density": {
          "raw": 0.8880000000000001,
          "z_score": -0.8051470588235297
        },
        "harmonic_consonance": {
          "raw": 0.6037735849056604,
          "z_score": -0.3632471856667199
        }
      }
    }
  },
  "metrics": {
    "reward": 0.2577574046879993,
    "note_count": 107,
    "valid_midi": 1.0,
    "unique_durs": 1,
    "has_rests": false
  },
  "has_midi": true,
  "error": null,
  "timestamp": "2025-12-01T04:24:07.335380"
}