{
  "id": 20,
  "generation": 17,
  "reward": 0.2291821069027663,
  "breakdown": {
    "sax": -0.3687242067063262,
    "sax_sig": 0.43885355665250764,
    "bass": -1.6140632788031632,
    "bass_sig": 0.2542557266645046,
    "piano": -1.1133214322230132,
    "piano_sig": 0.3225201298020655,
    "drums": -2.9241215102569043,
    "drums_sig": 0.12461723247233414,
    "ensemble": -1.2573809865862065,
    "ensemble_sig": 0.3019026410383144,
    "z_sum": -7.277611414575613,
    "combined": 0.2291821069027663,
    "sax_detail": {
      "total": -0.3687242067063262,
      "variety_gate": 0.25,
      "features": {
        "melodic_entropy": {
          "raw": 0.9957274520849255,
          "z_score": -1.793457213211453
        },
        "dur_cv": {
          "raw": 0.0,
          "z_score": -0.2978723404255319
        },
        "sax_arpeggio_runs": {
          "raw": 0,
          "z_score": -0.3391684901531729
        },
        "peak_not_late": {
          "raw": 1,
          "z_score": 0.42975206611570255
        },
        "blue_ratio": {
          "raw": 0.2857142857142857,
          "z_score": 0.6584249084249083
        },
        "rhythm_2grams": {
          "raw": 1,
          "z_score": -0.13257575757575726
        }
      }
    },
    "bass_detail": {
      "total": -1.6140632788031632,
      "direction_gate": 1.0,
      "features": {
        "ioi_swing": {
          "raw": 0.0,
          "z_score": -0.24855491329479767
        },
        "non_chromatic_ratio": {
          "raw": 0.13333333333333333,
          "z_score": -1.3655083655083655
        }
      }
    },
    "piano_detail": {
      "total": -1.1133214322230132,
      "variety_gate": 0.5,
      "features": {
        "avg_chord_spread": {
          "raw": 7.0,
          "z_score": -0.4206517139229792
        },
        "gap_ratio": {
          "raw": 0.7692307692307693,
          "z_score": -0.9895927601809957
        },
        "register_separation": {
          "raw": 1.642857142857146,
          "z_score": -0.5856291595728207
        },
        "velocity_variance": {
          "raw": 0.0,
          "z_score": -0.23076923076923078
        }
      }
    },
    "drums_detail": {
      "total": -2.9241215102569043,
      "features": {
        "kick_off_beat_ratio": {
          "raw": 0.41666666666666663,
          "z_score": -0.3498817966903078
        },
        "snare_backbeat_ratio": {
          "raw": 0.0,
          "z_score": -0.3584905660377358
        },
        "velocity_variance": {
          "raw": 0.0,
          "z_score": -1.0697095435684647
        },
        "duration_variety": {
          "raw": 1,
          "z_score": -1.146039603960396
        }
      }
    },
    "ensemble_detail": {
      "total": -1.2573809865862065,
      "duration_gate": 1.0,
      "features": {
        "collision_rate": {
          "raw": 0.21428571428571427,
          "z_score": 0.08358662613981775
        },
        "phrase_alignment": {
          "raw": 0.5,
          "z_score": 0.8171206225680933
        },
        "texture_density": {
          "raw": 0.9199999999999999,
          "z_score": -0.9227941176470583
        },
        "harmonic_consonance": {
          "raw": 0.5,
          "z_score": -1.235294117647059
        }
      }
    }
  },
  "metrics": {
    "reward": 0.2291821069027663,
    "note_count": 78,
    "valid_midi": 1.0,
    "unique_durs": 1,
    "has_rests": false
  },
  "has_midi": true,
  "error": null,
  "timestamp": "2025-11-30T21:36:39.680183"
}