{
  "step": 52,
  "rollout_id": 4,
  "key": "Fm",
  "tempo": 160,
  "reward": 0.7091938881855733,
  "breakdown": {
    "sax": -0.05063522659946558,
    "sax_sig": 0.49156159686422857,
    "bass": -0.373862038601923,
    "bass_sig": 0.43801023530346195,
    "piano": 1.8182894140999737,
    "piano_sig": 0.7706867349809295,
    "drums": 3.766336153104055,
    "drums_sig": 0.9249017853763266,
    "ensemble": 0.18870485948463234,
    "ensemble_sig": 0.5314093958873262,
    "z_sum": 5.348833161487272,
    "combined": 0.7091938881855733,
    "sax_detail": {
      "total": -0.05063522659946558,
      "variety_gate": 0.5,
      "features": {
        "melodic_entropy": {
          "raw": 0.9957274520849255,
          "z_score": -1.793457213211453
        },
        "dur_cv": {
          "raw": 0.0,
          "z_score": -0.2978723404255319
        },
        "sax_arpeggio_runs": {
          "raw": 0,
          "z_score": -0.3391684901531729
        },
        "peak_not_late": {
          "raw": 1,
          "z_score": 0.42975206611570255
        },
        "blue_ratio": {
          "raw": 0.5,
          "z_score": 2.032051282051282
        },
        "rhythm_2grams": {
          "raw": 1,
          "z_score": -0.13257575757575726
        }
      }
    },
    "bass_detail": {
      "total": -0.373862038601923,
      "direction_gate": 1.0,
      "features": {
        "ioi_swing": {
          "raw": 0.0,
          "z_score": -0.24855491329479767
        },
        "non_chromatic_ratio": {
          "raw": 0.45454545454545453,
          "z_score": -0.12530712530712532
        }
      }
    },
    "piano_detail": {
      "total": 1.8182894140999737,
      "variety_gate": 0.5,
      "features": {
        "avg_chord_spread": {
          "raw": 8.0,
          "z_score": 0.0025391451544647596
        },
        "gap_ratio": {
          "raw": 0.6666666666666666,
          "z_score": -0.3862745098039215
        },
        "register_separation": {
          "raw": 19.5,
          "z_score": 4.251083423618635
        },
        "velocity_variance": {
          "raw": 0.0,
          "z_score": -0.23076923076923078
        }
      }
    },
    "drums_detail": {
      "total": 3.766336153104055,
      "features": {
        "kick_off_beat_ratio": {
          "raw": 0.5,
          "z_score": 0.2411347517730495
        },
        "snare_backbeat_ratio": {
          "raw": 0.0,
          "z_score": -0.3584905660377358
        },
        "velocity_variance": {
          "raw": 11.503266569846048,
          "z_score": 1.316860284200425
        },
        "duration_variety": {
          "raw": 4,
          "z_score": 2.5668316831683167
        }
      }
    },
    "ensemble_detail": {
      "total": 0.18870485948463234,
      "duration_gate": 1.0,
      "features": {
        "collision_rate": {
          "raw": 0.0,
          "z_score": 1.223404255319149
        },
        "phrase_alignment": {
          "raw": 0.6666666666666666,
          "z_score": 0.16861219195849547
        },
        "texture_density": {
          "raw": 0.54,
          "z_score": 0.4742647058823529
        },
        "harmonic_consonance": {
          "raw": 0.4473684210526316,
          "z_score": -1.677576293675365
        }
      }
    }
  },
  "has_midi": true,
  "error": null,
  "timestamp": "2025-12-01T04:14:14.618246"
}