{
  "id": 24,
  "generation": 15,
  "reward": 0.4105957875885893,
  "breakdown": {
    "sax": -0.3113807921214528,
    "sax_sig": 0.4482887650364402,
    "bass": -1.4268630916029759,
    "bass_sig": 0.27863510207761855,
    "piano": -0.25539737606384216,
    "piano_sig": 0.4575363068321898,
    "drums": -1.0954811994173095,
    "drums_sig": 0.3251243340991838,
    "ensemble": 0.9201046280752551,
    "ensemble_sig": 0.6487167004843328,
    "z_sum": -2.169017831130325,
    "combined": 0.4105957875885893,
    "sax_detail": {
      "total": -0.3113807921214528,
      "variety_gate": 0.25,
      "features": {
        "melodic_entropy": {
          "raw": 1.9808259362290785,
          "z_score": 0.2674182766298715
        },
        "dur_cv": {
          "raw": 0.0,
          "z_score": -0.2978723404255319
        },
        "sax_arpeggio_runs": {
          "raw": 0,
          "z_score": -0.3391684901531729
        },
        "peak_not_late": {
          "raw": 1,
          "z_score": 0.42975206611570255
        },
        "blue_ratio": {
          "raw": 0.0,
          "z_score": -1.1730769230769231
        },
        "rhythm_2grams": {
          "raw": 1,
          "z_score": -0.13257575757575726
        }
      }
    },
    "bass_detail": {
      "total": -1.4268630916029759,
      "direction_gate": 1.0,
      "features": {
        "ioi_swing": {
          "raw": 0.0,
          "z_score": -0.24855491329479767
        },
        "non_chromatic_ratio": {
          "raw": 0.18181818181818182,
          "z_score": -1.1783081783081781
        }
      }
    },
    "piano_detail": {
      "total": -0.25539737606384216,
      "variety_gate": 0.5,
      "features": {
        "avg_chord_spread": {
          "raw": 3.0,
          "z_score": -2.113415150232755
        },
        "gap_ratio": {
          "raw": 0.6666666666666666,
          "z_score": -0.3862745098039215
        },
        "register_separation": {
          "raw": 12.0,
          "z_score": 2.219664138678223
        },
        "velocity_variance": {
          "raw": 0.0,
          "z_score": -0.23076923076923078
        }
      }
    },
    "drums_detail": {
      "total": -1.0954811994173095,
      "features": {
        "kick_off_beat_ratio": {
          "raw": 0.5,
          "z_score": 0.2411347517730495
        },
        "snare_backbeat_ratio": {
          "raw": 0.0,
          "z_score": -0.3584905660377358
        },
        "velocity_variance": {
          "raw": 0.0,
          "z_score": -1.0697095435684647
        },
        "duration_variety": {
          "raw": 2,
          "z_score": 0.09158415841584167
        }
      }
    },
    "ensemble_detail": {
      "total": 0.9201046280752551,
      "duration_gate": 1.0,
      "features": {
        "collision_rate": {
          "raw": 0.0,
          "z_score": 1.223404255319149
        },
        "phrase_alignment": {
          "raw": 1.0,
          "z_score": -1.1284046692607006
        },
        "texture_density": {
          "raw": 0.68,
          "z_score": -0.040441176470588265
        },
        "harmonic_consonance": {
          "raw": 0.75,
          "z_score": 0.8655462184873949
        }
      }
    }
  },
  "metrics": {
    "reward": 0.4105957875885893,
    "note_count": 57,
    "valid_midi": 1.0,
    "unique_durs": 1,
    "has_rests": false
  },
  "has_midi": true,
  "error": null,
  "timestamp": "2025-11-30T23:21:39.447359"
}