{
  "id": 28,
  "generation": 4,
  "reward": 0.2675600485119497,
  "breakdown": {
    "sax": -1.0575336838191376,
    "sax_sig": 0.3306996268780582,
    "bass": -1.1107466527800247,
    "bass_sig": 0.3228953050825302,
    "piano": -2.607003074958339,
    "piano_sig": 0.14956688916066552,
    "drums": 0.5471579509587912,
    "drums_sig": 0.5901950999727751,
    "ensemble": -1.8140985702666628,
    "ensemble_sig": 0.2298073999619926,
    "z_sum": -6.0422240308653725,
    "combined": 0.2675600485119497,
    "sax_detail": {
      "total": -1.0575336838191376,
      "variety_gate": 0.25,
      "features": {
        "melodic_entropy": {
          "raw": 1.676737030052133,
          "z_score": -1.4862984515851922
        },
        "dur_cv": {
          "raw": 0.0,
          "z_score": -0.8880854560394412
        },
        "sax_arpeggio_runs": {
          "raw": 0,
          "z_score": -0.4150099290132615
        },
        "peak_not_late": {
          "raw": 0,
          "z_score": -1.6329142343960483
        },
        "blue_ratio": {
          "raw": 0.3333333333333333,
          "z_score": 1.0785410010649625
        },
        "rhythm_2grams": {
          "raw": 1,
          "z_score": -0.8863676653075695
        }
      }
    },
    "bass_detail": {
      "total": -1.1107466527800247,
      "direction_gate": 0.5,
      "features": {
        "ioi_swing": {
          "raw": 0.0,
          "z_score": -0.8105992171032821
        },
        "non_chromatic_ratio": {
          "raw": 0.2727272727272727,
          "z_score": -1.4108940884567673
        }
      }
    },
    "piano_detail": {
      "total": -2.607003074958339,
      "variety_gate": 1.0,
      "features": {
        "avg_chord_spread": {
          "raw": 7.0,
          "z_score": -0.39231441048034943
        },
        "gap_ratio": {
          "raw": 0.6666666666666666,
          "z_score": -1.0261136712749614
        },
        "register_separation": {
          "raw": 1.1666666666666714,
          "z_score": -0.8593826078488648
        },
        "velocity_variance": {
          "raw": 0.023726723391354485,
          "z_score": -0.3291923853541633
        }
      }
    },
    "drums_detail": {
      "total": 0.5471579509587912,
      "features": {
        "kick_off_beat_ratio": {
          "raw": 0.5,
          "z_score": -0.8253055108539016
        },
        "snare_backbeat_ratio": {
          "raw": 0.0,
          "z_score": -0.5855710048313247
        },
        "velocity_variance": {
          "raw": 11.503266569846048,
          "z_score": -0.22414355629416266
        },
        "duration_variety": {
          "raw": 4,
          "z_score": 2.18217802293818
        }
      }
    },
    "ensemble_detail": {
      "total": -1.8140985702666628,
      "duration_gate": 1.0,
      "features": {
        "collision_rate": {
          "raw": 0.16666666666666666,
          "z_score": 0.8296019900497513
        },
        "phrase_alignment": {
          "raw": 1.0,
          "z_score": -1.66875
        },
        "texture_density": {
          "raw": 0.43200000000000005,
          "z_score": 0.26829268292682923
        },
        "harmonic_consonance": {
          "raw": 0.625,
          "z_score": -1.2432432432432434
        }
      }
    }
  },
  "metrics": {
    "reward": 0.2675600485119497,
    "note_count": 82,
    "valid_midi": 1.0,
    "unique_durs": 1,
    "has_rests": false
  },
  "has_midi": true,
  "error": null,
  "timestamp": "2025-11-30T17:17:23.140268"
}