{
  "id": 26,
  "generation": 7,
  "reward": 0.5966674691488261,
  "breakdown": {
    "sax": 0.9477796403773355,
    "sax_sig": 0.652909526716096,
    "bass": 1.0606611350516855,
    "bass_sig": 0.6697616913649415,
    "piano": 1.9910018325504621,
    "piano_sig": 0.790399397141858,
    "drums": 0.8115491262567673,
    "drums_sig": 0.6320526291810337,
    "ensemble": -2.461400165361587,
    "ensemble_sig": 0.16233808877339104,
    "z_sum": 2.349591568874663,
    "combined": 0.5966674691488261,
    "sax_detail": {
      "total": 0.9477796403773355,
      "variety_gate": 0.5,
      "features": {
        "melodic_entropy": {
          "raw": 1.950212064914747,
          "z_score": 0.2033725207421485
        },
        "dur_cv": {
          "raw": 0.0,
          "z_score": -0.2978723404255319
        },
        "sax_arpeggio_runs": {
          "raw": 0,
          "z_score": -0.3391684901531729
        },
        "peak_not_late": {
          "raw": 1,
          "z_score": 0.42975206611570255
        },
        "blue_ratio": {
          "raw": 0.5,
          "z_score": 2.032051282051282
        },
        "rhythm_2grams": {
          "raw": 1,
          "z_score": -0.13257575757575726
        }
      }
    },
    "bass_detail": {
      "total": 1.0606611350516855,
      "direction_gate": 1.0,
      "features": {
        "ioi_swing": {
          "raw": 0.0,
          "z_score": -0.24855491329479767
        },
        "non_chromatic_ratio": {
          "raw": 0.8260869565217391,
          "z_score": 1.3092160483464832
        }
      }
    },
    "piano_detail": {
      "total": 1.9910018325504621,
      "variety_gate": 0.5,
      "features": {
        "avg_chord_spread": {
          "raw": 11.5,
          "z_score": 1.4837071519255185
        },
        "gap_ratio": {
          "raw": 0.6470588235294118,
          "z_score": -0.27093425605536364
        },
        "register_separation": {
          "raw": 18.75,
          "z_score": 3.0
        },
        "velocity_variance": {
          "raw": 0.0,
          "z_score": -0.23076923076923078
        }
      }
    },
    "drums_detail": {
      "total": 0.8115491262567673,
      "features": {
        "kick_off_beat_ratio": {
          "raw": 0.5,
          "z_score": 0.2411347517730495
        },
        "snare_backbeat_ratio": {
          "raw": 0.3333333333333333,
          "z_score": 2.7861635220125787
        },
        "velocity_variance": {
          "raw": 0.0,
          "z_score": -1.0697095435684647
        },
        "duration_variety": {
          "raw": 1,
          "z_score": -1.146039603960396
        }
      }
    },
    "ensemble_detail": {
      "total": -2.461400165361587,
      "duration_gate": 0.8,
      "features": {
        "collision_rate": {
          "raw": 0.5,
          "z_score": -1.4361702127659575
        },
        "phrase_alignment": {
          "raw": 1.0,
          "z_score": -1.1284046692607006
        },
        "texture_density": {
          "raw": 0.784,
          "z_score": -0.42279411764705876
        },
        "harmonic_consonance": {
          "raw": 0.6363636363636364,
          "z_score": -0.0893812070282661
        }
      }
    }
  },
  "metrics": {
    "reward": 0.5966674691488261,
    "note_count": 104,
    "valid_midi": 1.0,
    "unique_durs": 1,
    "has_rests": true
  },
  "has_midi": true,
  "error": null,
  "timestamp": "2025-11-30T22:37:33.647094"
}