{
  "step": 5,
  "rollout_id": 22,
  "key": "F",
  "tempo": 160,
  "reward": 0.19305638495264318,
  "breakdown": {
    "sax": 0.12090424230769245,
    "sax_sig": 0.5201398045148826,
    "bass": -1.6733064233064234,
    "bass_sig": 0.24683994787785302,
    "piano": -1.1586552218019952,
    "piano_sig": 0.315952210236788,
    "drums": -4.72140484111651,
    "drums_sig": 0.041185821658694166,
    "ensemble_mult": 1.0466666666666666,
    "z_sum": -7.432462243917237,
    "base_reward": 0.18444877543246166,
    "combined": 0.19305638495264318,
    "sax_detail": {
      "total": 0.12090424230769245,
      "variety_gate": 0.25,
      "features": {
        "melodic_entropy": {
          "raw": 2.807354922057604,
          "z_score": 1.9965584143464523
        },
        "dur_cv": {
          "raw": 0.0,
          "z_score": -0.2978723404255319
        },
        "sax_arpeggio_runs": {
          "raw": 0,
          "z_score": -0.3391684901531729
        },
        "peak_not_late": {
          "raw": 1,
          "z_score": 0.42975206611570255
        },
        "blue_ratio": {
          "raw": 0.0,
          "z_score": -1.1730769230769231
        },
        "rhythm_2grams": {
          "raw": 1,
          "z_score": -0.13257575757575726
        }
      }
    },
    "bass_detail": {
      "total": -1.6733064233064234,
      "chromatic_gate": 1.0,
      "direction_gate": 1.0,
      "features": {
        "duration_variety": {
          "raw": 1,
          "z_score": -1.0
        },
        "velocity_variance": {
          "raw": 0.0,
          "z_score": -1.25
        },
        "non_chromatic_ratio": {
          "raw": 0.6363636363636364,
          "z_score": 0.5766935766935767
        }
      }
    },
    "piano_detail": {
      "total": -1.1586552218019952,
      "tonic_bonus": 1.0,
      "register_failed": false,
      "avg_pitch": 64.5,
      "features": {
        "unique_chords": {
          "raw": 3,
          "capped": 3,
          "z_score": 1.0086206896551724,
          "weight": 1.0
        },
        "avg_chord_duration": {
          "raw": 0.375,
          "z_score": 0.5573770491803279,
          "weight": 1.5
        },
        "cluster_ratio": {
          "raw": 0.6666666666666666,
          "z_score": -0.9320543565147881,
          "weight": 1.0
        },
        "out_of_key_ratio": {
          "raw": 0.25,
          "z_score": -1.8712871287128712,
          "weight": 1.0
        },
        "chord_duration_variety": {
          "raw": 1,
          "z_score": -0.20000000000000018,
          "weight": 1.0
        }
      }
    },
    "drums_detail": {
      "total": -4.72140484111651,
      "features": {
        "duration_variety": {
          "raw": 1,
          "z_score": -1.1734820322180917
        },
        "kick_off_beat_ratio": {
          "raw": 0.125,
          "z_score": -2.4428571428571426
        },
        "velocity_variance": {
          "raw": 0.0,
          "z_score": -1.1050656660412759
        }
      }
    },
    "ensemble_detail": {
      "total": 1.0466666666666666,
      "dynamic_coherence": 0.7333333333333333
    }
  },
  "has_midi": true,
  "error": null,
  "timestamp": "2025-12-01T20:53:18.615708"
}