{
  "id": 28,
  "generation": 31,
  "reward": 0.5703306012341011,
  "breakdown": {
    "sax": 0.8093506860097325,
    "sax_sig": 0.6317117140030791,
    "bass": -1.075862740602625,
    "bass_sig": 0.3280006403243589,
    "piano": 1.245852102623902,
    "piano_sig": 0.6964750315034796,
    "drums": 2.0981779189383127,
    "drums_sig": 0.8019910599698883,
    "ensemble": -1.3783172352198327,
    "ensemble_sig": 0.2851865327144871,
    "z_sum": 1.6992007317494895,
    "combined": 0.5703306012341011,
    "sax_detail": {
      "total": 0.8093506860097325,
      "variety_gate": 0.25,
      "features": {
        "melodic_entropy": {
          "raw": 2.218378281790496,
          "z_score": 0.7643897108587778
        },
        "dur_cv": {
          "raw": 0.0,
          "z_score": -0.2978723404255319
        },
        "sax_arpeggio_runs": {
          "raw": 4,
          "z_score": 2.5784099197665937
        },
        "peak_not_late": {
          "raw": 1,
          "z_score": 0.42975206611570255
        },
        "blue_ratio": {
          "raw": 0.16666666666666666,
          "z_score": -0.10470085470085473
        },
        "rhythm_2grams": {
          "raw": 1,
          "z_score": -0.13257575757575726
        }
      }
    },
    "bass_detail": {
      "total": -1.075862740602625,
      "direction_gate": 1.0,
      "features": {
        "ioi_swing": {
          "raw": 0.0,
          "z_score": -0.24855491329479767
        },
        "non_chromatic_ratio": {
          "raw": 0.2727272727272727,
          "z_score": -0.8273078273078274
        }
      }
    },
    "piano_detail": {
      "total": 1.245852102623902,
      "variety_gate": 0.5,
      "features": {
        "avg_chord_spread": {
          "raw": 12.0,
          "z_score": 1.6953025814642404
        },
        "gap_ratio": {
          "raw": 0.45454545454545453,
          "z_score": 0.8614973262032085
        },
        "register_separation": {
          "raw": 4.416666666666671,
          "z_score": 0.16567352834958593
        },
        "velocity_variance": {
          "raw": 0.0,
          "z_score": -0.23076923076923078
        }
      }
    },
    "drums_detail": {
      "total": 2.0981779189383127,
      "features": {
        "kick_off_beat_ratio": {
          "raw": 0.5,
          "z_score": 0.2411347517730495
        },
        "snare_backbeat_ratio": {
          "raw": 0.0,
          "z_score": -0.3584905660377358
        },
        "velocity_variance": {
          "raw": 9.428090415820632,
          "z_score": 0.8863258124109196
        },
        "duration_variety": {
          "raw": 3,
          "z_score": 1.3292079207920793
        }
      }
    },
    "ensemble_detail": {
      "total": -1.3783172352198327,
      "duration_gate": 0.8,
      "features": {
        "collision_rate": {
          "raw": 0.5,
          "z_score": -1.4361702127659575
        },
        "phrase_alignment": {
          "raw": 1.0,
          "z_score": -1.1284046692607006
        },
        "texture_density": {
          "raw": 0.6119999999999999,
          "z_score": 0.20955882352941235
        },
        "harmonic_consonance": {
          "raw": 0.7222222222222222,
          "z_score": 0.6321195144724554
        }
      }
    }
  },
  "metrics": {
    "reward": 0.5703306012341011,
    "note_count": 78,
    "valid_midi": 1.0,
    "unique_durs": 1,
    "has_rests": false
  },
  "has_midi": true,
  "error": null,
  "timestamp": "2025-12-01T01:51:57.740461"
}