{
  "id": 0,
  "generation": 48,
  "reward": 0.7259961283923451,
  "breakdown": {
    "sax": 1.447429835118925,
    "sax_sig": 0.7241124261405683,
    "bass": -1.3223060723060722,
    "bass_sig": 0.29285929700889063,
    "piano": 2.047102431404143,
    "piano_sig": 0.7965281742292993,
    "drums": 1.9438502794649297,
    "drums_sig": 0.7851441825512099,
    "ensemble_mult": 1.0447213595499958,
    "z_sum": 4.116076473681925,
    "base_reward": 0.6949184313653368,
    "combined": 0.7259961283923451,
    "sax_detail": {
      "total": 1.447429835118925,
      "variety_gate": 0.5,
      "features": {
        "melodic_entropy": {
          "raw": 2.9139770731827523,
          "z_score": 2.219617307913708
        },
        "dur_cv": {
          "raw": 0.0,
          "z_score": -0.2978723404255319
        },
        "sax_arpeggio_runs": {
          "raw": 3,
          "z_score": 1.8490153172866521
        },
        "peak_not_late": {
          "raw": 1,
          "z_score": 0.42975206611570255
        },
        "blue_ratio": {
          "raw": 0.0,
          "z_score": -1.1730769230769231
        },
        "rhythm_2grams": {
          "raw": 1,
          "z_score": -0.13257575757575726
        }
      }
    },
    "bass_detail": {
      "total": -1.3223060723060722,
      "chromatic_gate": 1.0,
      "direction_gate": 1.0,
      "features": {
        "duration_variety": {
          "raw": 1,
          "z_score": -1.0
        },
        "velocity_variance": {
          "raw": 0.0,
          "z_score": -1.25
        },
        "non_chromatic_ratio": {
          "raw": 0.7272727272727273,
          "z_score": 0.9276939276939278
        }
      }
    },
    "piano_detail": {
      "total": 2.047102431404143,
      "tonic_bonus": 1.2,
      "register_failed": false,
      "avg_pitch": 69.83333333333333,
      "features": {
        "unique_chords": {
          "raw": 3,
          "capped": 3,
          "z_score": 1.0086206896551724,
          "weight": 1.0
        },
        "avg_chord_duration": {
          "raw": 1.5,
          "z_score": 3.0,
          "weight": 1.5
        },
        "cluster_ratio": {
          "raw": 1.0,
          "z_score": -1.7314148681055157,
          "weight": 1.0
        },
        "out_of_key_ratio": {
          "raw": 0.25,
          "z_score": -1.8712871287128712,
          "weight": 1.0
        },
        "chord_duration_variety": {
          "raw": 1,
          "z_score": -0.20000000000000018,
          "weight": 1.0
        }
      }
    },
    "drums_detail": {
      "total": 1.9438502794649297,
      "features": {
        "duration_variety": {
          "raw": 3,
          "z_score": 1.3048327137546467
        },
        "kick_off_beat_ratio": {
          "raw": 0.5,
          "z_score": 0.23571428571428552
        },
        "velocity_variance": {
          "raw": 7.2356458341408,
          "z_score": 0.40330327999599747
        }
      }
    },
    "ensemble_detail": {
      "total": 1.0447213595499958,
      "dynamic_coherence": 0.7236067977499789
    }
  },
  "metrics": {
    "reward": 0.7259961283923451,
    "note_count": 55,
    "valid_midi": 1.0,
    "unique_durs": 1,
    "has_rests": true
  },
  "has_midi": true,
  "error": null,
  "timestamp": "2025-12-02T15:44:06.237850"
}