{
  "step": 38,
  "rollout_id": 31,
  "key": "Fm",
  "tempo": 160,
  "reward": 0.7558553595838438,
  "breakdown": {
    "sax": 3.213385582331548,
    "sax_sig": 0.8949430080667807,
    "bass": 1.2782340664925051,
    "bass_sig": 0.7010192263052208,
    "piano": -1.338385768610141,
    "piano_sig": 0.2906442446307193,
    "drums": 2.4975210368076692,
    "drums_sig": 0.8409099285033411,
    "ensemble": 1.1297802608915077,
    "ensemble_sig": 0.6798726989159293,
    "z_sum": 6.780535177913089,
    "combined": 0.7558553595838438,
    "sax_detail": {
      "total": 3.213385582331548,
      "variety_gate": 0.5,
      "features": {
        "melodic_entropy": {
          "raw": 1.9937737543219836,
          "z_score": 0.294505762179882
        },
        "dur_cv": {
          "raw": 0.21194781197266463,
          "z_score": 1.9568916167304748
        },
        "sax_arpeggio_runs": {
          "raw": 0,
          "z_score": -0.3391684901531729
        },
        "peak_not_late": {
          "raw": 1,
          "z_score": 0.42975206611570255
        },
        "blue_ratio": {
          "raw": 0.25,
          "z_score": 0.4294871794871795
        },
        "rhythm_2grams": {
          "raw": 2,
          "z_score": 3.6553030303030303
        }
      }
    },
    "bass_detail": {
      "total": 1.2782340664925051,
      "direction_gate": 0.5,
      "features": {
        "ioi_swing": {
          "raw": 0.17776421155426297,
          "z_score": 0.7789838818165491
        },
        "non_chromatic_ratio": {
          "raw": 0.9473684210526315,
          "z_score": 1.7774842511684614
        }
      }
    },
    "piano_detail": {
      "total": -1.338385768610141,
      "variety_gate": 1.0,
      "features": {
        "avg_chord_spread": {
          "raw": 8.125,
          "z_score": 0.05543800253914525
        },
        "gap_ratio": {
          "raw": 0.6551724137931034,
          "z_score": -0.31866125760649083
        },
        "register_separation": {
          "raw": 0.6875,
          "z_score": -0.8443932827735645
        },
        "velocity_variance": {
          "raw": 0.0,
          "z_score": -0.23076923076923078
        }
      }
    },
    "drums_detail": {
      "total": 2.4975210368076692,
      "features": {
        "kick_off_beat_ratio": {
          "raw": 0.5,
          "z_score": 0.2411347517730495
        },
        "snare_backbeat_ratio": {
          "raw": 0.0,
          "z_score": -0.3584905660377358
        },
        "velocity_variance": {
          "raw": 11.352924243950932,
          "z_score": 1.2856689302802764
        },
        "duration_variety": {
          "raw": 3,
          "z_score": 1.3292079207920793
        }
      }
    },
    "ensemble_detail": {
      "total": 1.1297802608915077,
      "duration_gate": 1.0,
      "features": {
        "collision_rate": {
          "raw": 0.25,
          "z_score": -0.1063829787234042
        },
        "phrase_alignment": {
          "raw": 0.5,
          "z_score": 0.8171206225680933
        },
        "texture_density": {
          "raw": 0.6679999999999999,
          "z_score": 0.003676470588235705
        },
        "harmonic_consonance": {
          "raw": 0.6964285714285714,
          "z_score": 0.415366146458583
        }
      }
    }
  },
  "has_midi": true,
  "error": null,
  "timestamp": "2025-12-01T02:20:21.012689"
}