{
  "step": 8,
  "rollout_id": 1,
  "key": "Fm",
  "tempo": 160,
  "reward": 0.25960532225980304,
  "breakdown": {
    "sax": -0.655112332467461,
    "sax_sig": 0.39251766477232636,
    "bass": -1.9329846070227883,
    "bass_sig": 0.2160803150918429,
    "piano": -1.0416015739936721,
    "piano_sig": 0.3330547540825421,
    "drums": -1.1170548915909457,
    "drums_sig": 0.3219765274044585,
    "ensemble": -1.5413720304760523,
    "ensemble_sig": 0.2635532778254334,
    "z_sum": -6.288125435550919,
    "combined": 0.25960532225980304,
    "sax_detail": {
      "total": -0.655112332467461,
      "variety_gate": 0.5,
      "features": {
        "melodic_entropy": {
          "raw": 1.8423709931771084,
          "z_score": -1.144362111525375
        },
        "dur_cv": {
          "raw": 0.0,
          "z_score": -0.8880854560394412
        },
        "sax_arpeggio_runs": {
          "raw": 0,
          "z_score": -0.4150099290132615
        },
        "peak_not_late": {
          "raw": 1,
          "z_score": 0.6122586439155816
        },
        "blue_ratio": {
          "raw": 0.375,
          "z_score": 1.4113418530351436
        },
        "rhythm_2grams": {
          "raw": 1,
          "z_score": -0.8863676653075695
        }
      }
    },
    "bass_detail": {
      "total": -1.9329846070227883,
      "direction_gate": 1.0,
      "features": {
        "ioi_swing": {
          "raw": 0.0,
          "z_score": -0.8105992171032821
        },
        "non_chromatic_ratio": {
          "raw": 0.36363636363636365,
          "z_score": -1.1223853899195062
        }
      }
    },
    "piano_detail": {
      "total": -1.0416015739936721,
      "variety_gate": 0.5,
      "features": {
        "avg_chord_spread": {
          "raw": 10.0,
          "z_score": 0.1317030567685589
        },
        "gap_ratio": {
          "raw": 0.6666666666666666,
          "z_score": -1.0261136712749614
        },
        "register_separation": {
          "raw": 2.875,
          "z_score": -0.609845165059889
        },
        "velocity_variance": {
          "raw": 0.0,
          "z_score": -0.5789473684210527
        }
      }
    },
    "drums_detail": {
      "total": -1.1170548915909457,
      "features": {
        "kick_off_beat_ratio": {
          "raw": 0.5,
          "z_score": -0.8253055108539016
        },
        "snare_backbeat_ratio": {
          "raw": 0.0,
          "z_score": -0.5855710048313247
        },
        "velocity_variance": {
          "raw": 6.79869268479038,
          "z_score": -0.6881586062476798
        },
        "duration_variety": {
          "raw": 3,
          "z_score": 0.9819802303419605
        }
      }
    },
    "ensemble_detail": {
      "total": -1.5413720304760523,
      "duration_gate": 1.0,
      "features": {
        "collision_rate": {
          "raw": 0.375,
          "z_score": 0.0522388059701493
        },
        "phrase_alignment": {
          "raw": 0.6666666666666666,
          "z_score": -0.6270833333333331
        },
        "texture_density": {
          "raw": 0.5119999999999999,
          "z_score": 0.0514905149051494
        },
        "harmonic_consonance": {
          "raw": 0.65,
          "z_score": -1.0180180180180178
        }
      }
    }
  },
  "has_midi": true,
  "error": null,
  "timestamp": "2025-11-30T18:02:36.058037"
}