{
  "step": 29,
  "rollout_id": 17,
  "key": "F",
  "tempo": 160,
  "reward": 0.7202775661774218,
  "breakdown": {
    "sax": 0.09229830886243531,
    "sax_sig": 0.5153781996890794,
    "bass": -1.4268630916029759,
    "bass_sig": 0.27863510207761855,
    "piano": 3.159949692403363,
    "piano_sig": 0.891546214057547,
    "drums": 2.9941729155900463,
    "drums_sig": 0.8803886032487598,
    "ensemble": 0.8554752302168206,
    "ensemble_sig": 0.6388362765294171,
    "z_sum": 5.67503305546969,
    "combined": 0.7202775661774218,
    "sax_detail": {
      "total": 0.09229830886243531,
      "variety_gate": 0.25,
      "features": {
        "melodic_entropy": {
          "raw": 2.4040097573248604,
          "z_score": 1.1527400780854822
        },
        "dur_cv": {
          "raw": 0.0,
          "z_score": -0.2978723404255319
        },
        "sax_arpeggio_runs": {
          "raw": 1,
          "z_score": 0.39022611232676874
        },
        "peak_not_late": {
          "raw": 1,
          "z_score": 0.42975206611570255
        },
        "blue_ratio": {
          "raw": 0.0,
          "z_score": -1.1730769230769231
        },
        "rhythm_2grams": {
          "raw": 1,
          "z_score": -0.13257575757575726
        }
      }
    },
    "bass_detail": {
      "total": -1.4268630916029759,
      "direction_gate": 1.0,
      "features": {
        "ioi_swing": {
          "raw": 0.0,
          "z_score": -0.24855491329479767
        },
        "non_chromatic_ratio": {
          "raw": 0.18181818181818182,
          "z_score": -1.1783081783081781
        }
      }
    },
    "piano_detail": {
      "total": 3.159949692403363,
      "variety_gate": 1.0,
      "features": {
        "avg_chord_spread": {
          "raw": 7.0,
          "z_score": -0.4206517139229792
        },
        "gap_ratio": {
          "raw": 0.4,
          "z_score": 1.1823529411764702
        },
        "register_separation": {
          "raw": 1.5833333333333286,
          "z_score": -0.6017515348501277
        },
        "velocity_variance": {
          "raw": 0.07213122508063838,
          "z_score": 3.0
        }
      }
    },
    "drums_detail": {
      "total": 2.9941729155900463,
      "features": {
        "kick_off_beat_ratio": {
          "raw": 0.5,
          "z_score": 0.2411347517730495
        },
        "snare_backbeat_ratio": {
          "raw": 0.16666666666666666,
          "z_score": 1.2138364779874213
        },
        "velocity_variance": {
          "raw": 12.133516482134198,
          "z_score": 1.447617527413734
        },
        "duration_variety": {
          "raw": 2,
          "z_score": 0.09158415841584167
        }
      }
    },
    "ensemble_detail": {
      "total": 0.8554752302168206,
      "duration_gate": 1.0,
      "features": {
        "collision_rate": {
          "raw": 0.16666666666666666,
          "z_score": 0.3368794326241136
        },
        "phrase_alignment": {
          "raw": 1.0,
          "z_score": -1.1284046692607006
        },
        "texture_density": {
          "raw": 0.012000000000000122,
          "z_score": 2.415441176470588
        },
        "harmonic_consonance": {
          "raw": 0.5555555555555556,
          "z_score": -0.7684407096171803
        }
      }
    }
  },
  "has_midi": true,
  "error": null,
  "timestamp": "2025-12-01T02:45:30.590592"
}