{
  "step": 12,
  "rollout_id": 17,
  "key": "Dm",
  "tempo": 160,
  "reward": 0.18892239973013117,
  "breakdown": {
    "sax": -1.2864115526147053,
    "sax_sig": 0.297839407526305,
    "bass": 0.08657628273803797,
    "bass_sig": 0.5144253760592437,
    "piano": -1.3227839471938871,
    "piano_sig": 0.2927933250865609,
    "drums": -4.188009767131164,
    "drums_sig": 0.05775766053973085,
    "ensemble": -2.0315353372119835,
    "ensemble_sig": 0.20515898612485456,
    "z_sum": -8.742164321413703,
    "combined": 0.18892239973013117,
    "sax_detail": {
      "total": -1.2864115526147053,
      "variety_gate": 0.25,
      "features": {
        "melodic_entropy": {
          "raw": 1.4353713907745331,
          "z_score": -1.9845759893176445
        },
        "dur_cv": {
          "raw": 0.0,
          "z_score": -0.8880854560394412
        },
        "sax_arpeggio_runs": {
          "raw": 0,
          "z_score": -0.4150099290132615
        },
        "peak_not_late": {
          "raw": 1,
          "z_score": 0.6122586439155816
        },
        "blue_ratio": {
          "raw": 0.0,
          "z_score": -1.5838658146964857
        },
        "rhythm_2grams": {
          "raw": 1,
          "z_score": -0.8863676653075695
        }
      }
    },
    "bass_detail": {
      "total": 0.08657628273803797,
      "direction_gate": 1.0,
      "features": {
        "ioi_swing": {
          "raw": 0.0,
          "z_score": -0.8105992171032821
        },
        "non_chromatic_ratio": {
          "raw": 1.0,
          "z_score": 0.8971754998413201
        }
      }
    },
    "piano_detail": {
      "total": -1.3227839471938871,
      "variety_gate": 0.5,
      "features": {
        "avg_chord_spread": {
          "raw": 8.0,
          "z_score": -0.21764192139738
        },
        "gap_ratio": {
          "raw": 0.6666666666666666,
          "z_score": -1.0261136712749614
        },
        "register_separation": {
          "raw": 1.4166666666666714,
          "z_score": -0.8228649332943804
        },
        "velocity_variance": {
          "raw": 0.0,
          "z_score": -0.5789473684210527
        }
      }
    },
    "drums_detail": {
      "total": -4.188009767131164,
      "features": {
        "kick_off_beat_ratio": {
          "raw": 0.5,
          "z_score": -0.8253055108539016
        },
        "snare_backbeat_ratio": {
          "raw": 0.0,
          "z_score": -0.5855710048313247
        },
        "velocity_variance": {
          "raw": 0.0,
          "z_score": -1.3587178965954583
        },
        "duration_variety": {
          "raw": 1,
          "z_score": -1.418415354850479
        }
      }
    },
    "ensemble_detail": {
      "total": -2.0315353372119835,
      "duration_gate": 1.0,
      "features": {
        "collision_rate": {
          "raw": 0.08333333333333333,
          "z_score": 1.140547263681592
        },
        "phrase_alignment": {
          "raw": 1.0,
          "z_score": -1.66875
        },
        "texture_density": {
          "raw": 0.9039999999999999,
          "z_score": -1.0108401084010836
        },
        "harmonic_consonance": {
          "raw": 0.7083333333333334,
          "z_score": -0.4924924924924923
        }
      }
    }
  },
  "has_midi": true,
  "error": null,
  "timestamp": "2025-11-30T18:24:02.288080"
}