{
  "step": 28,
  "rollout_id": 5,
  "key": "Dm",
  "tempo": 160,
  "reward": 0.6179233141551849,
  "breakdown": {
    "sax": 0.6141441177178251,
    "sax_sig": 0.600951054616418,
    "bass": 0.29827534825834734,
    "bass_sig": 0.5495493944446468,
    "piano": 1.1000600857660703,
    "piano_sig": 0.6755451029402277,
    "drums": 1.875749408027587,
    "drums_sig": 0.7773863332709962,
    "ensemble": -1.0037708044506959,
    "ensemble_sig": 0.33868035670596947,
    "z_sum": 2.884458155319134,
    "combined": 0.6179233141551849,
    "sax_detail": {
      "total": 0.6141441177178251,
      "variety_gate": 0.25,
      "features": {
        "melodic_entropy": {
          "raw": 2.218378281790496,
          "z_score": 0.7643897108587778
        },
        "dur_cv": {
          "raw": 0.0,
          "z_score": -0.2978723404255319
        },
        "sax_arpeggio_runs": {
          "raw": 0,
          "z_score": -0.3391684901531729
        },
        "peak_not_late": {
          "raw": 1,
          "z_score": 0.42975206611570255
        },
        "blue_ratio": {
          "raw": 0.5,
          "z_score": 2.032051282051282
        },
        "rhythm_2grams": {
          "raw": 1,
          "z_score": -0.13257575757575726
        }
      }
    },
    "bass_detail": {
      "total": 0.29827534825834734,
      "direction_gate": 0.5,
      "features": {
        "ioi_swing": {
          "raw": 0.0,
          "z_score": -0.24855491329479767
        },
        "non_chromatic_ratio": {
          "raw": 0.7058823529411765,
          "z_score": 0.8451056098114924
        }
      }
    },
    "piano_detail": {
      "total": 1.1000600857660703,
      "variety_gate": 1.0,
      "features": {
        "avg_chord_spread": {
          "raw": 12.0,
          "z_score": 1.6953025814642404
        },
        "gap_ratio": {
          "raw": 0.7333333333333333,
          "z_score": -0.7784313725490194
        },
        "register_separation": {
          "raw": 5.333333333333336,
          "z_score": 0.41395810762008
        },
        "velocity_variance": {
          "raw": 0.0,
          "z_score": -0.23076923076923078
        }
      }
    },
    "drums_detail": {
      "total": 1.875749408027587,
      "features": {
        "kick_off_beat_ratio": {
          "raw": 0.5,
          "z_score": 0.2411347517730495
        },
        "snare_backbeat_ratio": {
          "raw": 0.0,
          "z_score": -0.3584905660377358
        },
        "velocity_variance": {
          "raw": 8.355984993230935,
          "z_score": 0.663897301500194
        },
        "duration_variety": {
          "raw": 3,
          "z_score": 1.3292079207920793
        }
      }
    },
    "ensemble_detail": {
      "total": -1.0037708044506959,
      "duration_gate": 1.0,
      "features": {
        "collision_rate": {
          "raw": 0.0,
          "z_score": 1.223404255319149
        },
        "phrase_alignment": {
          "raw": 1.0,
          "z_score": -1.1284046692607006
        },
        "texture_density": {
          "raw": 0.968,
          "z_score": -1.0992647058823526
        },
        "harmonic_consonance": {
          "raw": 0.6470588235294118,
          "z_score": 0.000494315373208217
        }
      }
    }
  },
  "has_midi": true,
  "error": null,
  "timestamp": "2025-12-01T00:10:18.953126"
}