{
  "step": 45,
  "rollout_id": 14,
  "key": "D",
  "tempo": 160,
  "reward": 0.7653826555384841,
  "breakdown": {
    "sax": -0.9663861423503813,
    "sax_sig": 0.34428477703553134,
    "bass": 0.339569507199565,
    "bass_sig": 0.5563544532418501,
    "piano": 6.388212204941793,
    "piano_sig": 0.9860579838780194,
    "drums": 2.6594696339411263,
    "drums_sig": 0.8548278415504731,
    "ensemble": -1.3263449245084251,
    "ensemble_sig": 0.2923019968908935,
    "z_sum": 7.094520279223677,
    "combined": 0.7653826555384841,
    "sax_detail": {
      "total": -0.9663861423503813,
      "variety_gate": 0.5,
      "features": {
        "melodic_entropy": {
          "raw": 0.9957274520849255,
          "z_score": -1.793457213211453
        },
        "dur_cv": {
          "raw": 0.0,
          "z_score": -0.2978723404255319
        },
        "sax_arpeggio_runs": {
          "raw": 0,
          "z_score": -0.3391684901531729
        },
        "peak_not_late": {
          "raw": 1,
          "z_score": 0.42975206611570255
        },
        "blue_ratio": {
          "raw": 0.21428571428571427,
          "z_score": 0.2005494505494505
        },
        "rhythm_2grams": {
          "raw": 1,
          "z_score": -0.13257575757575726
        }
      }
    },
    "bass_detail": {
      "total": 0.339569507199565,
      "direction_gate": 0.5,
      "features": {
        "ioi_swing": {
          "raw": 0.0,
          "z_score": -0.24855491329479767
        },
        "non_chromatic_ratio": {
          "raw": 0.7272727272727273,
          "z_score": 0.9276939276939278
        }
      }
    },
    "piano_detail": {
      "total": 6.388212204941793,
      "variety_gate": 1.0,
      "features": {
        "avg_chord_spread": {
          "raw": 12.0,
          "z_score": 1.6953025814642404
        },
        "gap_ratio": {
          "raw": 0.6363636363636364,
          "z_score": -0.2080213903743316
        },
        "register_separation": {
          "raw": 4.607142857142861,
          "z_score": 0.21726512923696126
        },
        "velocity_variance": {
          "raw": 0.06388765649999399,
          "z_score": 4.683665884614922
        }
      }
    },
    "drums_detail": {
      "total": 2.6594696339411263,
      "features": {
        "kick_off_beat_ratio": {
          "raw": 0.5,
          "z_score": 0.2411347517730495
        },
        "snare_backbeat_ratio": {
          "raw": 0.0,
          "z_score": -0.3584905660377358
        },
        "velocity_variance": {
          "raw": 12.133516482134196,
          "z_score": 1.4476175274137335
        },
        "duration_variety": {
          "raw": 3,
          "z_score": 1.3292079207920793
        }
      }
    },
    "ensemble_detail": {
      "total": -1.3263449245084251,
      "duration_gate": 1.0,
      "features": {
        "collision_rate": {
          "raw": 0.2857142857142857,
          "z_score": -0.29635258358662603
        },
        "phrase_alignment": {
          "raw": 0.8333333333333334,
          "z_score": -0.47989623865110276
        },
        "texture_density": {
          "raw": 0.8960000000000001,
          "z_score": -0.834558823529412
        },
        "harmonic_consonance": {
          "raw": 0.6808510638297872,
          "z_score": 0.28446272125871597
        }
      }
    }
  },
  "has_midi": true,
  "error": null,
  "timestamp": "2025-12-01T03:09:30.821171"
}