{
  "step": 14,
  "rollout_id": 6,
  "key": "C",
  "tempo": 120,
  "reward": 0.5616078920319576,
  "has_midi": true,
  "error": null,
  "timestamp": "2025-11-29T23:08:37.799921"
}