{
  "id": 10,
  "generation": 0,
  "reward": 0.08845515386074473,
  "metrics": {
    "reward": 0.08845515386074473,
    "note_count": 48,
    "valid_midi": 1.0,
    "unique_durs": 1,
    "has_rests": false
  },
  "has_midi": true,
  "error": null,
  "timestamp": "2025-11-30T15:54:15.357379"
}