{
  "step": 23,
  "rollout_id": 23,
  "key": "Dm",
  "tempo": 160,
  "reward": 0.707660444685614,
  "breakdown": {
    "sax": 0.17852046703914576,
    "sax_sig": 0.5297183412892482,
    "bass": 4.980694980694981,
    "bass_sig": 0.965124189959019,
    "piano": 0.1451407442015289,
    "piano_sig": 0.5241712681623145,
    "drums": 2.659469633941127,
    "drums_sig": 0.8548278415504731,
    "ensemble": -2.659535465399009,
    "ensemble_sig": 0.14516671220115074,
    "z_sum": 5.304290360477773,
    "combined": 0.707660444685614,
    "sax_detail": {
      "total": 0.17852046703914576,
      "variety_gate": 0.5,
      "features": {
        "melodic_entropy": {
          "raw": 1.9808259362290785,
          "z_score": 0.2674182766298715
        },
        "dur_cv": {
          "raw": 0.0,
          "z_score": -0.2978723404255319
        },
        "sax_arpeggio_runs": {
          "raw": 0,
          "z_score": -0.3391684901531729
        },
        "peak_not_late": {
          "raw": 1,
          "z_score": 0.42975206611570255
        },
        "blue_ratio": {
          "raw": 0.25,
          "z_score": 0.4294871794871795
        },
        "rhythm_2grams": {
          "raw": 1,
          "z_score": -0.13257575757575726
        }
      }
    },
    "bass_detail": {
      "total": 4.980694980694981,
      "direction_gate": 1.0,
      "features": {
        "ioi_swing": {
          "raw": 0.8931875130777444,
          "z_score": 3.0
        },
        "non_chromatic_ratio": {
          "raw": 1.0,
          "z_score": 1.9806949806949807
        }
      }
    },
    "piano_detail": {
      "total": 0.1451407442015289,
      "variety_gate": 1.0,
      "features": {
        "avg_chord_spread": {
          "raw": 5.0,
          "z_score": -1.2670334320778671
        },
        "gap_ratio": {
          "raw": 0.71875,
          "z_score": -0.6926470588235295
        },
        "register_separation": {
          "raw": 0.5,
          "z_score": -0.8951787648970747
        },
        "velocity_variance": {
          "raw": 0.04950186254261791,
          "z_score": 3.0
        }
      }
    },
    "drums_detail": {
      "total": 2.659469633941127,
      "features": {
        "kick_off_beat_ratio": {
          "raw": 0.5,
          "z_score": 0.2411347517730495
        },
        "snare_backbeat_ratio": {
          "raw": 0.0,
          "z_score": -0.3584905660377358
        },
        "velocity_variance": {
          "raw": 12.133516482134198,
          "z_score": 1.447617527413734
        },
        "duration_variety": {
          "raw": 3,
          "z_score": 1.3292079207920793
        }
      }
    },
    "ensemble_detail": {
      "total": -2.659535465399009,
      "duration_gate": 1.0,
      "features": {
        "collision_rate": {
          "raw": 0.25,
          "z_score": -0.1063829787234042
        },
        "phrase_alignment": {
          "raw": 0.5,
          "z_score": 0.8171206225680933
        },
        "texture_density": {
          "raw": 0.9640000000000001,
          "z_score": -1.084558823529412
        },
        "harmonic_consonance": {
          "raw": 0.375,
          "z_score": -2.285714285714286
        }
      }
    }
  },
  "has_midi": true,
  "error": null,
  "timestamp": "2025-12-01T01:29:10.516544"
}