{
  "step": 1,
  "rollout_id": 27,
  "key": "F",
  "tempo": 160,
  "reward": 0.3205399900482831,
  "breakdown": {
    "sax": -0.28313348620099726,
    "sax_sig": 0.4529506948771595,
    "bass": -0.7248623896022739,
    "bass_sig": 0.38148696295716106,
    "piano": -0.5108807199349179,
    "piano_sig": 0.41566685918397267,
    "drums": -2.727115994102452,
    "drums_sig": 0.13966473815904712,
    "ensemble": -0.26175543319405753,
    "ensemble_sig": 0.45648446462591236,
    "z_sum": -4.507748023034699,
    "combined": 0.3205399900482831,
    "sax_detail": {
      "total": -0.28313348620099726,
      "variety_gate": 0.5,
      "features": {
        "melodic_entropy": {
          "raw": 1.5394847569315018,
          "z_score": -0.6558896298504147
        },
        "dur_cv": {
          "raw": 0.0,
          "z_score": -0.2978723404255319
        },
        "sax_arpeggio_runs": {
          "raw": 0,
          "z_score": -0.3391684901531729
        },
        "peak_not_late": {
          "raw": 1,
          "z_score": 0.42975206611570255
        },
        "blue_ratio": {
          "raw": 0.25,
          "z_score": 0.4294871794871795
        },
        "rhythm_2grams": {
          "raw": 1,
          "z_score": -0.13257575757575726
        }
      }
    },
    "bass_detail": {
      "total": -0.7248623896022739,
      "direction_gate": 1.0,
      "features": {
        "ioi_swing": {
          "raw": 0.0,
          "z_score": -0.24855491329479767
        },
        "non_chromatic_ratio": {
          "raw": 0.36363636363636365,
          "z_score": -0.4763074763074762
        }
      }
    },
    "piano_detail": {
      "total": -0.5108807199349179,
      "variety_gate": 1.0,
      "features": {
        "avg_chord_spread": {
          "raw": 7.0,
          "z_score": -0.4206517139229792
        },
        "gap_ratio": {
          "raw": 0.6666666666666666,
          "z_score": -0.3862745098039215
        },
        "register_separation": {
          "raw": 5.75,
          "z_score": 0.5268147345612134
        },
        "velocity_variance": {
          "raw": 0.0,
          "z_score": -0.23076923076923078
        }
      }
    },
    "drums_detail": {
      "total": -2.727115994102452,
      "features": {
        "kick_off_beat_ratio": {
          "raw": 0.4444444444444444,
          "z_score": -0.15287628053585536
        },
        "snare_backbeat_ratio": {
          "raw": 0.0,
          "z_score": -0.3584905660377358
        },
        "velocity_variance": {
          "raw": 0.0,
          "z_score": -1.0697095435684647
        },
        "duration_variety": {
          "raw": 1,
          "z_score": -1.146039603960396
        }
      }
    },
    "ensemble_detail": {
      "total": -0.26175543319405753,
      "duration_gate": 0.8,
      "features": {
        "collision_rate": {
          "raw": 0.0,
          "z_score": 1.223404255319149
        },
        "phrase_alignment": {
          "raw": 1.0,
          "z_score": -1.1284046692607006
        },
        "texture_density": {
          "raw": 0.8560000000000001,
          "z_score": -0.6875000000000001
        },
        "harmonic_consonance": {
          "raw": 0.6785714285714286,
          "z_score": 0.2653061224489797
        }
      }
    }
  },
  "has_midi": true,
  "error": null,
  "timestamp": "2025-11-30T21:15:09.552859"
}