{
  "step": 18,
  "rollout_id": 11,
  "key": "D",
  "tempo": 160,
  "reward": 0.8196256560295263,
  "breakdown": {
    "sax": -1.2525130933882018,
    "sax_sig": 0.30258704355217203,
    "bass": -1.3223060723060722,
    "bass_sig": 0.29285929700889063,
    "piano": 6.685665916245927,
    "piano_sig": 0.9885371019341253,
    "drums": 2.789298829707443,
    "drums_sig": 0.8652424540070993,
    "ensemble_mult": 1.025819888974716,
    "z_sum": 6.900145580259096,
    "base_reward": 0.7989956763742646,
    "combined": 0.8196256560295263,
    "sax_detail": {
      "total": -1.2525130933882018,
      "variety_gate": 0.5,
      "features": {
        "melodic_entropy": {
          "raw": 1.3787834934861753,
          "z_score": -0.992084741660721
        },
        "dur_cv": {
          "raw": 0.0,
          "z_score": -0.2978723404255319
        },
        "sax_arpeggio_runs": {
          "raw": 0,
          "z_score": -0.3391684901531729
        },
        "peak_not_late": {
          "raw": 1,
          "z_score": 0.42975206611570255
        },
        "blue_ratio": {
          "raw": 0.0,
          "z_score": -1.1730769230769231
        },
        "rhythm_2grams": {
          "raw": 1,
          "z_score": -0.13257575757575726
        }
      }
    },
    "bass_detail": {
      "total": -1.3223060723060722,
      "chromatic_gate": 1.0,
      "direction_gate": 1.0,
      "features": {
        "duration_variety": {
          "raw": 1,
          "z_score": -1.0
        },
        "velocity_variance": {
          "raw": 0.0,
          "z_score": -1.25
        },
        "non_chromatic_ratio": {
          "raw": 0.7272727272727273,
          "z_score": 0.9276939276939278
        }
      }
    },
    "piano_detail": {
      "total": 6.685665916245927,
      "tonic_bonus": 1.0,
      "register_failed": false,
      "avg_pitch": 70.84615384615384,
      "features": {
        "unique_chords": {
          "raw": 3,
          "capped": 3,
          "z_score": 1.0086206896551724,
          "weight": 1.0
        },
        "avg_chord_duration": {
          "raw": 0.48333333333333334,
          "z_score": 1.4453551912568308,
          "weight": 1.5
        },
        "cluster_ratio": {
          "raw": 0.0,
          "z_score": 0.6666666666666667,
          "weight": 1.0
        },
        "out_of_key_ratio": {
          "raw": 0.07692307692307693,
          "z_score": -0.1576542269611577,
          "weight": 1.0
        },
        "chord_duration_variety": {
          "raw": 2,
          "z_score": 3.0,
          "weight": 1.0
        }
      }
    },
    "drums_detail": {
      "total": 2.789298829707443,
      "features": {
        "duration_variety": {
          "raw": 3,
          "z_score": 1.3048327137546467
        },
        "kick_off_beat_ratio": {
          "raw": 0.5,
          "z_score": 0.23571428571428552
        },
        "velocity_variance": {
          "raw": 11.291262529654135,
          "z_score": 1.2487518302385106
        }
      }
    },
    "ensemble_detail": {
      "total": 1.025819888974716,
      "dynamic_coherence": 0.6290994448735805
    }
  },
  "has_midi": true,
  "error": null,
  "timestamp": "2025-12-02T13:45:47.113846"
}