{
  "id": 29,
  "generation": 29,
  "reward": 0.28198316617612623,
  "breakdown": {
    "sax": -0.07415955005365327,
    "sax_sig": 0.48764259197302057,
    "bass": 0.2968911026016825,
    "bass_sig": 0.5493209420854925,
    "piano": -2.5578422494821496,
    "piano_sig": 0.15378366937994822,
    "drums": -1.3858706413172026,
    "drums_sig": 0.2841611101526443,
    "ensemble": -1.886892498539295,
    "ensemble_sig": 0.2213307244067401,
    "z_sum": -5.607873836790618,
    "combined": 0.28198316617612623,
    "sax_detail": {
      "total": -0.07415955005365327,
      "variety_gate": 0.25,
      "features": {
        "melodic_entropy": {
          "raw": 2.6235166412180155,
          "z_score": 0.4682424467754242
        },
        "dur_cv": {
          "raw": 0.0,
          "z_score": -0.8880854560394412
        },
        "sax_arpeggio_runs": {
          "raw": 1,
          "z_score": -0.30088333980050674
        },
        "peak_not_late": {
          "raw": 1,
          "z_score": 0.6122586439155816
        },
        "blue_ratio": {
          "raw": 0.2857142857142857,
          "z_score": 0.6981971702418985
        },
        "rhythm_2grams": {
          "raw": 1,
          "z_score": -0.8863676653075695
        }
      }
    },
    "bass_detail": {
      "total": 0.2968911026016825,
      "direction_gate": 1.0,
      "features": {
        "ioi_swing": {
          "raw": 0.3333333333333333,
          "z_score": 0.19311452373782992
        },
        "non_chromatic_ratio": {
          "raw": 0.75,
          "z_score": 0.1037765788638526
        }
      }
    },
    "piano_detail": {
      "total": -2.5578422494821496,
      "variety_gate": 1.0,
      "features": {
        "avg_chord_spread": {
          "raw": 9.0,
          "z_score": -0.04296943231441056
        },
        "gap_ratio": {
          "raw": 0.6666666666666666,
          "z_score": -1.0261136712749614
        },
        "register_separation": {
          "raw": 0.8214285714285694,
          "z_score": -0.9098117774717251
        },
        "velocity_variance": {
          "raw": 0.0,
          "z_score": -0.5789473684210527
        }
      }
    },
    "drums_detail": {
      "total": -1.3858706413172026,
      "features": {
        "kick_off_beat_ratio": {
          "raw": 0.5714285714285714,
          "z_score": -0.5522719938054158
        },
        "snare_backbeat_ratio": {
          "raw": 0.125,
          "z_score": 0.16650321586936775
        },
        "velocity_variance": {
          "raw": 18.017035141535352,
          "z_score": 0.4183134914693243
        },
        "duration_variety": {
          "raw": 1,
          "z_score": -1.418415354850479
        }
      }
    },
    "ensemble_detail": {
      "total": -1.886892498539295,
      "duration_gate": 1.0,
      "features": {
        "collision_rate": {
          "raw": 0.35714285714285715,
          "z_score": 0.11886993603411515
        },
        "phrase_alignment": {
          "raw": 1.0,
          "z_score": -1.66875
        },
        "texture_density": {
          "raw": 0.74,
          "z_score": -0.5663956639566394
        },
        "harmonic_consonance": {
          "raw": 0.7884615384615384,
          "z_score": 0.22938322938322905
        }
      }
    }
  },
  "metrics": {
    "reward": 0.28198316617612623,
    "note_count": 76,
    "valid_midi": 1.0,
    "unique_durs": 1,
    "has_rests": false
  },
  "has_midi": true,
  "error": null,
  "timestamp": "2025-11-30T17:31:49.262841"
}