{
  "step": 55,
  "rollout_id": 19,
  "key": "Fm",
  "tempo": 160,
  "reward": 0.9447165988199651,
  "breakdown": {
    "sax": -0.04326687043308985,
    "sax_sig": 0.49278935486484454,
    "bass": -1.064431896801839,
    "bass_sig": 0.3296825322844519,
    "piano": 9.702065570576433,
    "piano_sig": 0.9984501463465486,
    "drums": 6.5067680402985655,
    "drums_sig": 0.9871038363240595,
    "ensemble": 1.9293388550147361,
    "ensemble_sig": 0.783507699133113,
    "z_sum": 17.030473698654806,
    "combined": 0.9447165988199651,
    "sax_detail": {
      "total": -0.04326687043308985,
      "variety_gate": 0.25,
      "features": {
        "melodic_entropy": {
          "raw": 1.3787834934861753,
          "z_score": -0.992084741660721
        },
        "dur_cv": {
          "raw": 0.0,
          "z_score": -0.2978723404255319
        },
        "sax_arpeggio_runs": {
          "raw": 1,
          "z_score": 0.39022611232676874
        },
        "peak_not_late": {
          "raw": 1,
          "z_score": 0.42975206611570255
        },
        "blue_ratio": {
          "raw": 0.25,
          "z_score": 0.4294871794871795
        },
        "rhythm_2grams": {
          "raw": 1,
          "z_score": -0.13257575757575726
        }
      }
    },
    "bass_detail": {
      "total": -1.064431896801839,
      "direction_gate": 0.5,
      "features": {
        "ioi_swing": {
          "raw": 0.0,
          "z_score": -0.24855491329479767
        },
        "non_chromatic_ratio": {
          "raw": 0.0,
          "z_score": -1.88030888030888
        }
      }
    },
    "piano_detail": {
      "total": 9.702065570576433,
      "variety_gate": 1.0,
      "features": {
        "avg_chord_spread": {
          "raw": 12.0,
          "z_score": 1.6953025814642404
        },
        "gap_ratio": {
          "raw": 0.6666666666666666,
          "z_score": -0.3862745098039215
        },
        "register_separation": {
          "raw": 17.5,
          "z_score": 3.7093716143011917
        },
        "velocity_variance": {
          "raw": 0.06388765649999399,
          "z_score": 4.683665884614922
        }
      }
    },
    "drums_detail": {
      "total": 6.5067680402985655,
      "features": {
        "kick_off_beat_ratio": {
          "raw": 0.6666666666666667,
          "z_score": 1.423167848699764
        },
        "snare_backbeat_ratio": {
          "raw": 0.16666666666666666,
          "z_score": 1.2138364779874213
        },
        "velocity_variance": {
          "raw": 11.436132386735569,
          "z_score": 1.302932030443064
        },
        "duration_variety": {
          "raw": 4,
          "z_score": 2.5668316831683167
        }
      }
    },
    "ensemble_detail": {
      "total": 1.9293388550147361,
      "duration_gate": 1.0,
      "features": {
        "collision_rate": {
          "raw": 0.125,
          "z_score": 0.5585106382978724
        },
        "phrase_alignment": {
          "raw": 0.5,
          "z_score": 0.8171206225680933
        },
        "texture_density": {
          "raw": 0.648,
          "z_score": 0.07720588235294124
        },
        "harmonic_consonance": {
          "raw": 0.7037037037037037,
          "z_score": 0.47650171179582945
        }
      }
    }
  },
  "has_midi": true,
  "error": null,
  "timestamp": "2025-12-01T04:35:07.594232"
}