{
  "step": 7,
  "rollout_id": 3,
  "key": "Fm",
  "tempo": 160,
  "reward": 0.47180161038370977,
  "breakdown": {
    "sax": 0.09278408701039406,
    "sax_sig": 0.5154590857227314,
    "bass": 1.2779043190467874,
    "bass_sig": 0.7009731494784915,
    "piano": -0.8667061376896892,
    "piano_sig": 0.35943802848073747,
    "drums": -1.0954811994173095,
    "drums_sig": 0.3251243340991838,
    "ensemble": -0.08598129375104656,
    "ensemble_sig": 0.48567370679614685,
    "z_sum": -0.6774802248008639,
    "combined": 0.47180161038370977,
    "sax_detail": {
      "total": 0.09278408701039406,
      "variety_gate": 0.25,
      "features": {
        "melodic_entropy": {
          "raw": 1.7322216637616483,
          "z_score": -0.25267434359487795
        },
        "dur_cv": {
          "raw": 0.0,
          "z_score": -0.2978723404255319
        },
        "sax_arpeggio_runs": {
          "raw": 0,
          "z_score": -0.3391684901531729
        },
        "peak_not_late": {
          "raw": 1,
          "z_score": 0.42975206611570255
        },
        "blue_ratio": {
          "raw": 0.3333333333333333,
          "z_score": 0.9636752136752136
        },
        "rhythm_2grams": {
          "raw": 1,
          "z_score": -0.13257575757575726
        }
      }
    },
    "bass_detail": {
      "total": 1.2779043190467874,
      "direction_gate": 1.0,
      "features": {
        "ioi_swing": {
          "raw": 0.0,
          "z_score": -0.24855491329479767
        },
        "non_chromatic_ratio": {
          "raw": 0.8823529411764706,
          "z_score": 1.526459232341585
        }
      }
    },
    "piano_detail": {
      "total": -0.8667061376896892,
      "variety_gate": 1.0,
      "features": {
        "avg_chord_spread": {
          "raw": 6.5,
          "z_score": -0.6322471434617012
        },
        "gap_ratio": {
          "raw": 0.6470588235294118,
          "z_score": -0.27093425605536364
        },
        "register_separation": {
          "raw": 4.791666666666671,
          "z_score": 0.2672444925966065
        },
        "velocity_variance": {
          "raw": 0.0,
          "z_score": -0.23076923076923078
        }
      }
    },
    "drums_detail": {
      "total": -1.0954811994173095,
      "features": {
        "kick_off_beat_ratio": {
          "raw": 0.5,
          "z_score": 0.2411347517730495
        },
        "snare_backbeat_ratio": {
          "raw": 0.0,
          "z_score": -0.3584905660377358
        },
        "velocity_variance": {
          "raw": 0.0,
          "z_score": -1.0697095435684647
        },
        "duration_variety": {
          "raw": 2,
          "z_score": 0.09158415841584167
        }
      }
    },
    "ensemble_detail": {
      "total": -0.08598129375104656,
      "duration_gate": 0.8,
      "features": {
        "collision_rate": {
          "raw": 0.16666666666666666,
          "z_score": 0.3368794326241136
        },
        "phrase_alignment": {
          "raw": 1.0,
          "z_score": -1.1284046692607006
        },
        "texture_density": {
          "raw": 0.8,
          "z_score": -0.48161764705882354
        },
        "harmonic_consonance": {
          "raw": 0.7857142857142857,
          "z_score": 1.1656662665066024
        }
      }
    }
  },
  "has_midi": true,
  "error": null,
  "timestamp": "2025-11-30T22:45:31.419133"
}