{
  "id": 6,
  "generation": 60,
  "reward": 0.6959155603503786,
  "breakdown": {
    "sax": 2.5289585850189495,
    "sax_sig": 0.8436937553471117,
    "bass": -0.971305721305721,
    "bass_sig": 0.3435447499169439,
    "piano": 2.054117037261392,
    "piano_sig": 0.7972850329780884,
    "drums": -0.3725573317490929,
    "drums_sig": 0.43822435555233014,
    "ensemble_mult": 1.06,
    "z_sum": 3.2392125692255274,
    "base_reward": 0.656524113538093,
    "combined": 0.6959155603503786,
    "sax_detail": {
      "total": 2.5289585850189495,
      "variety_gate": 1.0,
      "features": {
        "melodic_entropy": {
          "raw": 2.0403733936884962,
          "z_score": 0.39199454746547335
        },
        "dur_cv": {
          "raw": 0.19245008972987523,
          "z_score": 1.7494690396795238
        },
        "sax_arpeggio_runs": {
          "raw": 0,
          "z_score": -0.3391684901531729
        },
        "peak_not_late": {
          "raw": 1,
          "z_score": 0.42975206611570255
        },
        "blue_ratio": {
          "raw": 0.25,
          "z_score": 0.4294871794871795
        },
        "rhythm_2grams": {
          "raw": 1,
          "z_score": -0.13257575757575726
        }
      }
    },
    "bass_detail": {
      "total": -0.971305721305721,
      "chromatic_gate": 1.0,
      "direction_gate": 1.0,
      "features": {
        "duration_variety": {
          "raw": 1,
          "z_score": -1.0
        },
        "velocity_variance": {
          "raw": 0.0,
          "z_score": -1.25
        },
        "non_chromatic_ratio": {
          "raw": 0.8181818181818182,
          "z_score": 1.278694278694279
        }
      }
    },
    "piano_detail": {
      "total": 2.054117037261392,
      "tonic_bonus": 1.0,
      "register_failed": false,
      "avg_pitch": 52.15384615384615,
      "features": {
        "unique_chords": {
          "raw": 3,
          "capped": 3,
          "z_score": 1.0086206896551724,
          "weight": 1.0
        },
        "avg_chord_duration": {
          "raw": 0.5,
          "z_score": 1.5819672131147542,
          "weight": 1.5
        },
        "cluster_ratio": {
          "raw": 1.0,
          "z_score": -1.7314148681055157,
          "weight": 1.0
        },
        "out_of_key_ratio": {
          "raw": 0.0,
          "z_score": 0.6039603960396039,
          "weight": 1.0
        },
        "chord_duration_variety": {
          "raw": 1,
          "z_score": -0.20000000000000018,
          "weight": 1.0
        }
      }
    },
    "drums_detail": {
      "total": -0.3725573317490929,
      "features": {
        "duration_variety": {
          "raw": 3,
          "z_score": 1.3048327137546467
        },
        "kick_off_beat_ratio": {
          "raw": 0.19999999999999996,
          "z_score": -1.9071428571428575
        },
        "velocity_variance": {
          "raw": 6.4031242374328485,
          "z_score": 0.22975281163911787
        }
      }
    },
    "ensemble_detail": {
      "total": 1.06,
      "dynamic_coherence": 0.8
    }
  },
  "metrics": {
    "reward": 0.6959155603503786,
    "note_count": 87,
    "valid_midi": 1.0,
    "unique_durs": 2,
    "has_rests": true
  },
  "has_midi": true,
  "error": null,
  "timestamp": "2025-12-02T17:03:04.433787"
}