{
  "step": 5,
  "rollout_id": 25,
  "key": "F",
  "tempo": 160,
  "reward": 0.214509957569082,
  "breakdown": {
    "sax": -4.3773406886571555,
    "sax_sig": 0.05125985127073563,
    "bass": -1.5435097005859162,
    "bass_sig": 0.26327676658468985,
    "piano": -0.2839193990279349,
    "piano_sig": 0.4528208724264401,
    "drums": -0.3732329595281947,
    "drums_sig": 0.43811347291042985,
    "ensemble": -1.209706980386118,
    "ensemble_sig": 0.3086429452612234,
    "z_sum": -7.787709728185319,
    "combined": 0.214509957569082,
    "sax_detail": {
      "total": -4.3773406886571555,
      "variety_gate": 1.0,
      "features": {
        "melodic_entropy": {
          "raw": 1.5,
          "z_score": -1.851156069364162
        },
        "dur_cv": {
          "raw": 0.24743582965269675,
          "z_score": -0.48145303261676786
        },
        "sax_arpeggio_runs": {
          "raw": 2,
          "z_score": -0.18675675058775193
        },
        "peak_not_late": {
          "raw": 1,
          "z_score": 0.6122586439155816
        },
        "blue_ratio": {
          "raw": 0.0,
          "z_score": -1.5838658146964857
        },
        "rhythm_2grams": {
          "raw": 1,
          "z_score": -0.8863676653075695
        }
      }
    },
    "bass_detail": {
      "total": -1.5435097005859162,
      "direction_gate": 0.5,
      "features": {
        "ioi_swing": {
          "raw": 0.0,
          "z_score": -0.8105992171032821
        },
        "non_chromatic_ratio": {
          "raw": 0.0,
          "z_score": -2.27642018406855
        }
      }
    },
    "piano_detail": {
      "total": -0.2839193990279349,
      "variety_gate": 0.5,
      "features": {
        "avg_chord_spread": {
          "raw": 8.0,
          "z_score": -0.21764192139738
        },
        "gap_ratio": {
          "raw": 0.45454545454545453,
          "z_score": -0.04859656472559689
        },
        "register_separation": {
          "raw": 8.948717948717942,
          "z_score": 0.27734705648815977
        },
        "velocity_variance": {
          "raw": 0.0,
          "z_score": -0.5789473684210527
        }
      }
    },
    "drums_detail": {
      "total": -0.3732329595281947,
      "features": {
        "kick_off_beat_ratio": {
          "raw": 0.6666666666666667,
          "z_score": -0.18822730440743424
        },
        "snare_backbeat_ratio": {
          "raw": 0.0,
          "z_score": -0.5855710048313247
        },
        "velocity_variance": {
          "raw": 7.880950133074057,
          "z_score": -0.581414880631396
        },
        "duration_variety": {
          "raw": 3,
          "z_score": 0.9819802303419605
        }
      }
    },
    "ensemble_detail": {
      "total": -1.209706980386118,
      "duration_gate": 1.0,
      "features": {
        "collision_rate": {
          "raw": 0.23076923076923078,
          "z_score": 0.5904133180252583
        },
        "phrase_alignment": {
          "raw": 0.6666666666666666,
          "z_score": -0.6270833333333331
        },
        "texture_density": {
          "raw": 0.352,
          "z_score": 0.4850948509485096
        },
        "harmonic_consonance": {
          "raw": 0.5789473684210527,
          "z_score": -1.6581318160265528
        }
      }
    }
  },
  "has_midi": true,
  "error": null,
  "timestamp": "2025-11-30T17:47:19.063412"
}