{
  "id": 26,
  "generation": 25,
  "reward": 0.931714891019268,
  "breakdown": {
    "sax": 4.236383412019686,
    "sax_sig": 0.9439725642739648,
    "bass": -0.26930501930501927,
    "bass_sig": 0.45523600694864574,
    "piano": 4.85510982132696,
    "piano_sig": 0.9621936947086367,
    "drums": 1.725720767223484,
    "drums_sig": 0.7595986733890197,
    "ensemble_mult": 1.0447213595499958,
    "z_sum": 10.547908981265111,
    "base_reward": 0.8918309963726555,
    "combined": 0.931714891019268,
    "sax_detail": {
      "total": 4.236383412019686,
      "variety_gate": 1.0,
      "features": {
        "melodic_entropy": {
          "raw": 2.1709505944546685,
          "z_score": 0.6651686076457501
        },
        "dur_cv": {
          "raw": 0.20401791355925025,
          "z_score": 1.8725309953111728
        },
        "sax_arpeggio_runs": {
          "raw": 0,
          "z_score": -0.3391684901531729
        },
        "peak_not_late": {
          "raw": 1,
          "z_score": 0.42975206611570255
        },
        "blue_ratio": {
          "raw": 0.45454545454545453,
          "z_score": 1.7406759906759905
        },
        "rhythm_2grams": {
          "raw": 1,
          "z_score": -0.13257575757575726
        }
      }
    },
    "bass_detail": {
      "total": -0.26930501930501927,
      "chromatic_gate": 1.0,
      "direction_gate": 1.0,
      "features": {
        "duration_variety": {
          "raw": 1,
          "z_score": -1.0
        },
        "velocity_variance": {
          "raw": 0.0,
          "z_score": -1.25
        },
        "non_chromatic_ratio": {
          "raw": 1.0,
          "z_score": 1.9806949806949807
        }
      }
    },
    "piano_detail": {
      "total": 4.85510982132696,
      "tonic_bonus": 1.0,
      "register_failed": false,
      "avg_pitch": 51.25,
      "features": {
        "unique_chords": {
          "raw": 1,
          "capped": 1,
          "z_score": -0.7155172413793105,
          "weight": 1.0
        },
        "avg_chord_duration": {
          "raw": 1.5,
          "z_score": 3.0,
          "weight": 1.5
        },
        "cluster_ratio": {
          "raw": 0.0,
          "z_score": 0.6666666666666667,
          "weight": 1.0
        },
        "out_of_key_ratio": {
          "raw": 0.0,
          "z_score": 0.6039603960396039,
          "weight": 1.0
        },
        "chord_duration_variety": {
          "raw": 1,
          "z_score": -0.20000000000000018,
          "weight": 1.0
        }
      }
    },
    "drums_detail": {
      "total": 1.725720767223484,
      "features": {
        "duration_variety": {
          "raw": 2,
          "z_score": 0.06567534076827748
        },
        "kick_off_beat_ratio": {
          "raw": 0.5,
          "z_score": 0.23571428571428552
        },
        "velocity_variance": {
          "raw": 12.133516482134198,
          "z_score": 1.424331140740921
        }
      }
    },
    "ensemble_detail": {
      "total": 1.0447213595499958,
      "dynamic_coherence": 0.7236067977499789
    }
  },
  "metrics": {
    "reward": 0.931714891019268,
    "note_count": 59,
    "valid_midi": 1.0,
    "unique_durs": 2,
    "has_rests": true
  },
  "has_midi": true,
  "error": null,
  "timestamp": "2025-12-02T13:26:30.912622"
}