{
  "step": 9,
  "rollout_id": 26,
  "key": "F",
  "tempo": 160,
  "reward": 0.7289325136075289,
  "breakdown": {
    "sax": 1.618366361648981,
    "sax_sig": 0.746287827420169,
    "bass": -1.1216453950809315,
    "bass_sig": 0.32130879704748566,
    "piano": -1.0344962943672218,
    "piano_sig": 0.334107778628365,
    "drums": 6.172064758649647,
    "drums_sig": 0.9839317275411582,
    "ensemble": 0.30099058899438025,
    "ensemble_sig": 0.5499974500558769,
    "z_sum": 5.935280019844854,
    "combined": 0.7289325136075289,
    "sax_detail": {
      "total": 1.618366361648981,
      "variety_gate": 1.0,
      "features": {
        "melodic_entropy": {
          "raw": 1.9328045775391227,
          "z_score": 0.16695518313624003
        },
        "dur_cv": {
          "raw": 0.07779444576637097,
          "z_score": 0.529728146450755
        },
        "sax_arpeggio_runs": {
          "raw": 0,
          "z_score": -0.3391684901531729
        },
        "peak_not_late": {
          "raw": 1,
          "z_score": 0.42975206611570255
        },
        "blue_ratio": {
          "raw": 0.3333333333333333,
          "z_score": 0.9636752136752136
        },
        "rhythm_2grams": {
          "raw": 1,
          "z_score": -0.13257575757575726
        }
      }
    },
    "bass_detail": {
      "total": -1.1216453950809315,
      "direction_gate": 1.0,
      "features": {
        "ioi_swing": {
          "raw": 0.0,
          "z_score": -0.24855491329479767
        },
        "non_chromatic_ratio": {
          "raw": 0.2608695652173913,
          "z_score": -0.8730904817861339
        }
      }
    },
    "piano_detail": {
      "total": -1.0344962943672218,
      "variety_gate": 0.5,
      "features": {
        "avg_chord_spread": {
          "raw": 7.0,
          "z_score": -0.4206517139229792
        },
        "gap_ratio": {
          "raw": 0.7166666666666667,
          "z_score": -0.6803921568627452
        },
        "register_separation": {
          "raw": 1.0833333333333286,
          "z_score": -0.7371794871794884
        },
        "velocity_variance": {
          "raw": 0.0,
          "z_score": -0.23076923076923078
        }
      }
    },
    "drums_detail": {
      "total": 6.172064758649647,
      "features": {
        "kick_off_beat_ratio": {
          "raw": 0.6666666666666667,
          "z_score": 1.423167848699764
        },
        "snare_backbeat_ratio": {
          "raw": 0.0,
          "z_score": -0.3584905660377358
        },
        "velocity_variance": {
          "raw": 11.436132386735569,
          "z_score": 1.302932030443064
        },
        "duration_variety": {
          "raw": 5,
          "z_score": 3.804455445544554
        }
      }
    },
    "ensemble_detail": {
      "total": 0.30099058899438025,
      "duration_gate": 1.0,
      "features": {
        "collision_rate": {
          "raw": 0.1111111111111111,
          "z_score": 0.632387706855792
        },
        "phrase_alignment": {
          "raw": 0.5,
          "z_score": 0.8171206225680933
        },
        "texture_density": {
          "raw": 0.6199999999999999,
          "z_score": 0.18014705882352997
        },
        "harmonic_consonance": {
          "raw": 0.4888888888888889,
          "z_score": -1.328664799253035
        }
      }
    }
  },
  "has_midi": true,
  "error": null,
  "timestamp": "2025-11-30T22:06:17.011696"
}