{
  "step": 42,
  "rollout_id": 1,
  "key": "D",
  "tempo": 160,
  "reward": 0.8617017776756497,
  "breakdown": {
    "sax": -1.3785488229704124,
    "sax_sig": 0.28515506018418085,
    "bass": 3.059729446556965,
    "bass_sig": 0.8849149003609108,
    "piano": 3.9815083509103255,
    "piano_sig": 0.9342779132360896,
    "drums": 5.017960199978862,
    "drums_sig": 0.9659508143467637,
    "ensemble": 0.29633198796531607,
    "ensemble_sig": 0.549228661335532,
    "z_sum": 10.976981162441055,
    "combined": 0.8617017776756497,
    "sax_detail": {
      "total": -1.3785488229704124,
      "variety_gate": 1.0,
      "features": {
        "melodic_entropy": {
          "raw": 1.4353713907745331,
          "z_score": -0.8737000193001399
        },
        "dur_cv": {
          "raw": 0.09476070829586855,
          "z_score": 0.7102203010198782
        },
        "sax_arpeggio_runs": {
          "raw": 0,
          "z_score": -0.3391684901531729
        },
        "peak_not_late": {
          "raw": 1,
          "z_score": 0.42975206611570255
        },
        "blue_ratio": {
          "raw": 0.0,
          "z_score": -1.1730769230769231
        },
        "rhythm_2grams": {
          "raw": 1,
          "z_score": -0.13257575757575726
        }
      }
    },
    "bass_detail": {
      "total": 3.059729446556965,
      "direction_gate": 0.5,
      "features": {
        "ioi_swing": {
          "raw": 0.9411753390176604,
          "z_score": 5.191764965420003
        },
        "non_chromatic_ratio": {
          "raw": 0.7272727272727273,
          "z_score": 0.9276939276939278
        }
      }
    },
    "piano_detail": {
      "total": 3.9815083509103255,
      "variety_gate": 1.0,
      "features": {
        "avg_chord_spread": {
          "raw": 10.0,
          "z_score": 0.8489208633093526
        },
        "gap_ratio": {
          "raw": 0.7746478873239436,
          "z_score": -1.0214581607290802
        },
        "register_separation": {
          "raw": 0.75,
          "z_score": -0.8274647887323944
        },
        "velocity_variance": {
          "raw": 0.06775963568181181,
          "z_score": 4.981510437062448
        }
      }
    },
    "drums_detail": {
      "total": 5.017960199978862,
      "features": {
        "kick_off_beat_ratio": {
          "raw": 0.5,
          "z_score": 0.2411347517730495
        },
        "snare_backbeat_ratio": {
          "raw": 0.25,
          "z_score": 2.0
        },
        "velocity_variance": {
          "raw": 12.133516482134196,
          "z_score": 1.4476175274137335
        },
        "duration_variety": {
          "raw": 3,
          "z_score": 1.3292079207920793
        }
      }
    },
    "ensemble_detail": {
      "total": 0.29633198796531607,
      "duration_gate": 1.0,
      "features": {
        "collision_rate": {
          "raw": 0.16666666666666666,
          "z_score": 0.3368794326241136
        },
        "phrase_alignment": {
          "raw": 0.5,
          "z_score": 0.8171206225680933
        },
        "texture_density": {
          "raw": 0.852,
          "z_score": -0.6727941176470585
        },
        "harmonic_consonance": {
          "raw": 0.625,
          "z_score": -0.1848739495798321
        }
      }
    }
  },
  "has_midi": true,
  "error": null,
  "timestamp": "2025-12-01T02:50:48.455691"
}