{
  "id": 18,
  "generation": 23,
  "reward": 0.7769111245927529,
  "breakdown": {
    "sax": 0.02749788664653436,
    "sax_sig": 0.5045828527658917,
    "bass": -0.02286168760157209,
    "bass_sig": 0.4961897924894788,
    "piano": 4.291641329446094,
    "piano_sig": 0.9458893319705257,
    "drums": 0.564269837927089,
    "drums_sig": 0.5929514099200328,
    "ensemble": 2.625986981016432,
    "ensemble_sig": 0.8520357741844883,
    "z_sum": 7.486534347434577,
    "combined": 0.7769111245927529,
    "sax_detail": {
      "total": 0.02749788664653436,
      "variety_gate": 0.25,
      "features": {
        "melodic_entropy": {
          "raw": 2.1180782093497093,
          "z_score": 0.5545569233257517
        },
        "dur_cv": {
          "raw": 0.0,
          "z_score": -0.2978723404255319
        },
        "sax_arpeggio_runs": {
          "raw": 0,
          "z_score": -0.3391684901531729
        },
        "peak_not_late": {
          "raw": 1,
          "z_score": 0.42975206611570255
        },
        "blue_ratio": {
          "raw": 0.16666666666666666,
          "z_score": -0.10470085470085473
        },
        "rhythm_2grams": {
          "raw": 1,
          "z_score": -0.13257575757575726
        }
      }
    },
    "bass_detail": {
      "total": -0.02286168760157209,
      "direction_gate": 1.0,
      "features": {
        "ioi_swing": {
          "raw": 0.0,
          "z_score": -0.24855491329479767
        },
        "non_chromatic_ratio": {
          "raw": 0.5454545454545454,
          "z_score": 0.22569322569322559
        }
      }
    },
    "piano_detail": {
      "total": 4.291641329446094,
      "variety_gate": 1.0,
      "features": {
        "avg_chord_spread": {
          "raw": 7.0,
          "z_score": -0.4206517139229792
        },
        "gap_ratio": {
          "raw": 0.6363636363636364,
          "z_score": -0.2080213903743316
        },
        "register_separation": {
          "raw": 7.916666666666671,
          "z_score": 1.1136691946551114
        },
        "velocity_variance": {
          "raw": 0.052486388108147805,
          "z_score": 3.8066452390882928
        }
      }
    },
    "drums_detail": {
      "total": 0.564269837927089,
      "features": {
        "kick_off_beat_ratio": {
          "raw": 0.5,
          "z_score": 0.2411347517730495
        },
        "snare_backbeat_ratio": {
          "raw": 0.0,
          "z_score": -0.3584905660377358
        },
        "velocity_variance": {
          "raw": 8.0,
          "z_score": 0.5900414937759336
        },
        "duration_variety": {
          "raw": 2,
          "z_score": 0.09158415841584167
        }
      }
    },
    "ensemble_detail": {
      "total": 2.625986981016432,
      "duration_gate": 1.0,
      "features": {
        "collision_rate": {
          "raw": 0.0,
          "z_score": 1.223404255319149
        },
        "phrase_alignment": {
          "raw": 1.0,
          "z_score": -1.1284046692607006
        },
        "texture_density": {
          "raw": 0.21599999999999997,
          "z_score": 1.6654411764705883
        },
        "harmonic_consonance": {
          "raw": 0.75,
          "z_score": 0.8655462184873949
        }
      }
    }
  },
  "metrics": {
    "reward": 0.7769111245927529,
    "note_count": 60,
    "valid_midi": 1.0,
    "unique_durs": 1,
    "has_rests": false
  },
  "has_midi": true,
  "error": null,
  "timestamp": "2025-11-30T21:40:30.675558"
}