{
  "step": 9,
  "rollout_id": 20,
  "key": "D",
  "tempo": 160,
  "reward": 0.36875800297059885,
  "breakdown": {
    "sax": 0.846002930337027,
    "sax_sig": 0.6373780085023774,
    "bass": -0.5379313703013126,
    "bass_sig": 0.4112934448315461,
    "piano": -0.012838443794706306,
    "piano_sig": 0.497860272429828,
    "drums": -1.0954811994173095,
    "drums_sig": 0.3251243340991838,
    "ensemble": -2.4250440697017286,
    "ensemble_sig": 0.16566102992551981,
    "z_sum": -3.22529215287803,
    "combined": 0.36875800297059885,
    "sax_detail": {
      "total": 0.846002930337027,
      "variety_gate": 0.5,
      "features": {
        "melodic_entropy": {
          "raw": 2.2359263506290326,
          "z_score": 0.8011011519435828
        },
        "dur_cv": {
          "raw": 0.0,
          "z_score": -0.2978723404255319
        },
        "sax_arpeggio_runs": {
          "raw": 0,
          "z_score": -0.3391684901531729
        },
        "peak_not_late": {
          "raw": 1,
          "z_score": 0.42975206611570255
        },
        "blue_ratio": {
          "raw": 0.375,
          "z_score": 1.2307692307692308
        },
        "rhythm_2grams": {
          "raw": 1,
          "z_score": -0.13257575757575726
        }
      }
    },
    "bass_detail": {
      "total": -0.5379313703013126,
      "direction_gate": 0.5,
      "features": {
        "ioi_swing": {
          "raw": 0.0,
          "z_score": -0.24855491329479767
        },
        "non_chromatic_ratio": {
          "raw": 0.2727272727272727,
          "z_score": -0.8273078273078274
        }
      }
    },
    "piano_detail": {
      "total": -0.012838443794706306,
      "variety_gate": 0.5,
      "features": {
        "avg_chord_spread": {
          "raw": 7.0,
          "z_score": -0.4206517139229792
        },
        "gap_ratio": {
          "raw": 0.4,
          "z_score": 1.1823529411764702
        },
        "register_separation": {
          "raw": 1.75,
          "z_score": -0.5566088840736728
        },
        "velocity_variance": {
          "raw": 0.0,
          "z_score": -0.23076923076923078
        }
      }
    },
    "drums_detail": {
      "total": -1.0954811994173095,
      "features": {
        "kick_off_beat_ratio": {
          "raw": 0.5,
          "z_score": 0.2411347517730495
        },
        "snare_backbeat_ratio": {
          "raw": 0.0,
          "z_score": -0.3584905660377358
        },
        "velocity_variance": {
          "raw": 0.0,
          "z_score": -1.0697095435684647
        },
        "duration_variety": {
          "raw": 2,
          "z_score": 0.09158415841584167
        }
      }
    },
    "ensemble_detail": {
      "total": -2.4250440697017286,
      "duration_gate": 1.0,
      "features": {
        "collision_rate": {
          "raw": 0.5,
          "z_score": -1.4361702127659575
        },
        "phrase_alignment": {
          "raw": 1.0,
          "z_score": -1.1284046692607006
        },
        "texture_density": {
          "raw": 0.6759999999999999,
          "z_score": -0.025735294117646672
        },
        "harmonic_consonance": {
          "raw": 0.6666666666666666,
          "z_score": 0.16526610644257655
        }
      }
    }
  },
  "has_midi": true,
  "error": null,
  "timestamp": "2025-11-30T22:02:48.145418"
}