{
  "id": 30,
  "generation": 36,
  "reward": 0.5506080913345934,
  "breakdown": {
    "sax": 0.6793462498700098,
    "sax_sig": 0.6113279192563512,
    "bass": -0.4209312533011955,
    "bass_sig": 0.4303015765347232,
    "piano": 1.6511048173215204,
    "piano_sig": 0.7503980864808035,
    "drums": -2.215749147528861,
    "drums_sig": 0.18585584503363473,
    "ensemble": 1.5249969331221196,
    "ensemble_sig": 0.7343223993074309,
    "z_sum": 1.2187675994835934,
    "combined": 0.5506080913345934,
    "sax_detail": {
      "total": 0.6793462498700098,
      "variety_gate": 0.5,
      "features": {
        "melodic_entropy": {
          "raw": 2.0,
          "z_score": 0.30753138075313813
        },
        "dur_cv": {
          "raw": 0.0,
          "z_score": -0.2978723404255319
        },
        "sax_arpeggio_runs": {
          "raw": 0,
          "z_score": -0.3391684901531729
        },
        "peak_not_late": {
          "raw": 1,
          "z_score": 0.42975206611570255
        },
        "blue_ratio": {
          "raw": 0.4,
          "z_score": 1.3910256410256412
        },
        "rhythm_2grams": {
          "raw": 1,
          "z_score": -0.13257575757575726
        }
      }
    },
    "bass_detail": {
      "total": -0.4209312533011955,
      "direction_gate": 0.5,
      "features": {
        "ioi_swing": {
          "raw": 0.0,
          "z_score": -0.24855491329479767
        },
        "non_chromatic_ratio": {
          "raw": 0.3333333333333333,
          "z_score": -0.5933075933075933
        }
      }
    },
    "piano_detail": {
      "total": 1.6511048173215204,
      "variety_gate": 0.5,
      "features": {
        "avg_chord_spread": {
          "raw": 12.0,
          "z_score": 1.6953025814642404
        },
        "gap_ratio": {
          "raw": 0.7142857142857143,
          "z_score": -0.6663865546218489
        },
        "register_separation": {
          "raw": 13.049999999999997,
          "z_score": 2.50406283856988
        },
        "velocity_variance": {
          "raw": 0.0,
          "z_score": -0.23076923076923078
        }
      }
    },
    "drums_detail": {
      "total": -2.215749147528861,
      "features": {
        "kick_off_beat_ratio": {
          "raw": 0.0,
          "z_score": -3.0
        },
        "snare_backbeat_ratio": {
          "raw": 0.5,
          "z_score": 3.0
        },
        "velocity_variance": {
          "raw": 0.0,
          "z_score": -1.0697095435684647
        },
        "duration_variety": {
          "raw": 1,
          "z_score": -1.146039603960396
        }
      }
    },
    "ensemble_detail": {
      "total": 1.5249969331221196,
      "duration_gate": 0.8,
      "features": {
        "collision_rate": {
          "raw": 0.0,
          "z_score": 1.223404255319149
        },
        "phrase_alignment": {
          "raw": 0.5,
          "z_score": 0.8171206225680933
        },
        "texture_density": {
          "raw": 0.5599999999999999,
          "z_score": 0.4007352941176474
        },
        "harmonic_consonance": {
          "raw": 0.5833333333333334,
          "z_score": -0.5350140056022408
        }
      }
    }
  },
  "metrics": {
    "reward": 0.5506080913345934,
    "note_count": 35,
    "valid_midi": 1.0,
    "unique_durs": 1,
    "has_rests": true
  },
  "has_midi": true,
  "error": null,
  "timestamp": "2025-12-01T02:18:17.696958"
}