{
  "id": 31,
  "generation": 22,
  "reward": 0.8260237541204598,
  "breakdown": {
    "sax": 0.27432364340953,
    "sax_sig": 0.5455936011154745,
    "bass": 0.8927914019645611,
    "bass_sig": 0.6445560624381069,
    "piano": 4.470213733128054,
    "piano_sig": 0.951668925497944,
    "drums": 4.375042561641173,
    "drums_sig": 0.9486655887138945,
    "ensemble": -0.6661427851765493,
    "ensemble_sig": 0.3907656012089545,
    "z_sum": 9.346228554966768,
    "combined": 0.8260237541204598,
    "sax_detail": {
      "total": 0.27432364340953,
      "variety_gate": 0.25,
      "features": {
        "melodic_entropy": {
          "raw": 2.845350936622437,
          "z_score": 2.0760479845657684
        },
        "dur_cv": {
          "raw": 0.0,
          "z_score": -0.2978723404255319
        },
        "sax_arpeggio_runs": {
          "raw": 0,
          "z_score": -0.3391684901531729
        },
        "peak_not_late": {
          "raw": 1,
          "z_score": 0.42975206611570255
        },
        "blue_ratio": {
          "raw": 0.08333333333333333,
          "z_score": -0.6388888888888888
        },
        "rhythm_2grams": {
          "raw": 1,
          "z_score": -0.13257575757575726
        }
      }
    },
    "bass_detail": {
      "total": 0.8927914019645611,
      "direction_gate": 1.0,
      "features": {
        "ioi_swing": {
          "raw": 0.0,
          "z_score": -0.24855491329479767
        },
        "non_chromatic_ratio": {
          "raw": 0.782608695652174,
          "z_score": 1.1413463152593588
        }
      }
    },
    "piano_detail": {
      "total": 4.470213733128054,
      "variety_gate": 1.0,
      "features": {
        "avg_chord_spread": {
          "raw": 8.0,
          "z_score": 0.0025391451544647596
        },
        "gap_ratio": {
          "raw": 0.625,
          "z_score": -0.1411764705882354
        },
        "register_separation": {
          "raw": 3.4166666666666643,
          "z_score": -0.10518237630913756
        },
        "velocity_variance": {
          "raw": 0.0642824346533225,
          "z_score": 4.714033434870962
        }
      }
    },
    "drums_detail": {
      "total": 4.375042561641173,
      "features": {
        "kick_off_beat_ratio": {
          "raw": 0.5,
          "z_score": 0.2411347517730495
        },
        "snare_backbeat_ratio": {
          "raw": 0.25,
          "z_score": 2.0
        },
        "velocity_variance": {
          "raw": 15.0,
          "z_score": 2.0423236514522825
        },
        "duration_variety": {
          "raw": 2,
          "z_score": 0.09158415841584167
        }
      }
    },
    "ensemble_detail": {
      "total": -0.6661427851765493,
      "duration_gate": 0.8,
      "features": {
        "collision_rate": {
          "raw": 0.5833333333333334,
          "z_score": -1.8794326241134756
        },
        "phrase_alignment": {
          "raw": 0.5,
          "z_score": 0.8171206225680933
        },
        "texture_density": {
          "raw": 0.5880000000000001,
          "z_score": 0.29779411764705865
        },
        "harmonic_consonance": {
          "raw": 0.6388888888888888,
          "z_score": -0.06816059757236285
        }
      }
    }
  },
  "metrics": {
    "reward": 0.8260237541204598,
    "note_count": 92,
    "valid_midi": 1.0,
    "unique_durs": 1,
    "has_rests": false
  },
  "has_midi": true,
  "error": null,
  "timestamp": "2025-11-30T21:39:50.643162"
}