{
  "step": 4,
  "rollout_id": 2,
  "key": "C",
  "tempo": 120,
  "reward": 0.47581594561613383,
  "has_midi": true,
  "error": null,
  "timestamp": "2025-11-29T22:35:15.436486"
}