{
  "id": 28,
  "generation": 49,
  "reward": 0.3814691334913643,
  "breakdown": {
    "sax": -0.8050499770481938,
    "sax_sig": 0.3689555832993229,
    "bass": 0.1423149481632992,
    "bass_sig": 0.5237013815463851,
    "piano": -1.9253345242994946,
    "piano_sig": 0.21694546232052342,
    "drums": -0.11746352142761701,
    "drums_sig": 0.48043274476630254,
    "ensemble": -0.1943698664631348,
    "ensemble_sig": 0.4676502748209068,
    "z_sum": -2.8999029410751405,
    "combined": 0.3814691334913643,
    "sax_detail": {
      "total": -0.8050499770481938,
      "variety_gate": 0.25,
      "features": {
        "melodic_entropy": {
          "raw": 2.0132790219068077,
          "z_score": 0.33531176131131335
        },
        "dur_cv": {
          "raw": 0.0,
          "z_score": -0.2978723404255319
        },
        "sax_arpeggio_runs": {
          "raw": 0,
          "z_score": -0.3391684901531729
        },
        "peak_not_late": {
          "raw": 0,
          "z_score": -2.325068870523416
        },
        "blue_ratio": {
          "raw": 0.1111111111111111,
          "z_score": -0.46082621082621084
        },
        "rhythm_2grams": {
          "raw": 1,
          "z_score": -0.13257575757575726
        }
      }
    },
    "bass_detail": {
      "total": 0.1423149481632992,
      "direction_gate": 1.0,
      "features": {
        "ioi_swing": {
          "raw": 0.0,
          "z_score": -0.24855491329479767
        },
        "non_chromatic_ratio": {
          "raw": 0.5882352941176471,
          "z_score": 0.3908698614580969
        }
      }
    },
    "piano_detail": {
      "total": -1.9253345242994946,
      "variety_gate": 1.0,
      "features": {
        "avg_chord_spread": {
          "raw": 4.2,
          "z_score": -1.6055861193398222
        },
        "gap_ratio": {
          "raw": 0.6153846153846154,
          "z_score": -0.08461538461538494
        },
        "register_separation": {
          "raw": 3.7888888888888914,
          "z_score": -0.00436378957505654
        },
        "velocity_variance": {
          "raw": 0.0,
          "z_score": -0.23076923076923078
        }
      }
    },
    "drums_detail": {
      "total": -0.11746352142761701,
      "features": {
        "kick_off_beat_ratio": {
          "raw": 0.5,
          "z_score": 0.2411347517730495
        },
        "snare_backbeat_ratio": {
          "raw": 0.0,
          "z_score": -0.3584905660377358
        },
        "velocity_variance": {
          "raw": 4.714045207910317,
          "z_score": -0.09169186557877233
        },
        "duration_variety": {
          "raw": 2,
          "z_score": 0.09158415841584167
        }
      }
    },
    "ensemble_detail": {
      "total": -0.1943698664631348,
      "duration_gate": 1.0,
      "features": {
        "collision_rate": {
          "raw": 0.2222222222222222,
          "z_score": 0.0413711583924351
        },
        "phrase_alignment": {
          "raw": 1.0,
          "z_score": -1.1284046692607006
        },
        "texture_density": {
          "raw": 0.8119999999999999,
          "z_score": -0.5257352941176466
        },
        "harmonic_consonance": {
          "raw": 0.8157894736842105,
          "z_score": 1.4183989385227773
        }
      }
    }
  },
  "metrics": {
    "reward": 0.3814691334913643,
    "note_count": 68,
    "valid_midi": 1.0,
    "unique_durs": 1,
    "has_rests": false
  },
  "has_midi": true,
  "error": null,
  "timestamp": "2025-12-01T04:36:40.722558"
}