{
  "step": 23,
  "rollout_id": 11,
  "key": "D",
  "tempo": 160,
  "reward": 0.5660477780684997,
  "breakdown": {
    "sax": -0.7329792210328671,
    "sax_sig": 0.38021098155726074,
    "bass": 0.328138663398779,
    "bass_sig": 0.5544727151659504,
    "piano": -0.5988469533740532,
    "piano_sig": 0.40149704178493684,
    "drums": 2.6594696339411263,
    "drums_sig": 0.8548278415504731,
    "ensemble": -0.061317835747333405,
    "ensemble_sig": 0.4897817836038386,
    "z_sum": 1.5944642871856516,
    "combined": 0.5660477780684997,
    "sax_detail": {
      "total": -0.7329792210328671,
      "variety_gate": 0.5,
      "features": {
        "melodic_entropy": {
          "raw": 1.0,
          "z_score": -1.784518828451883
        },
        "dur_cv": {
          "raw": 0.0,
          "z_score": -0.2978723404255319
        },
        "sax_arpeggio_runs": {
          "raw": 0,
          "z_score": -0.3391684901531729
        },
        "peak_not_late": {
          "raw": 1,
          "z_score": 0.42975206611570255
        },
        "blue_ratio": {
          "raw": 0.2857142857142857,
          "z_score": 0.6584249084249083
        },
        "rhythm_2grams": {
          "raw": 1,
          "z_score": -0.13257575757575726
        }
      }
    },
    "bass_detail": {
      "total": 0.328138663398779,
      "direction_gate": 1.0,
      "features": {
        "ioi_swing": {
          "raw": 0.0,
          "z_score": -0.24855491329479767
        },
        "non_chromatic_ratio": {
          "raw": 0.6363636363636364,
          "z_score": 0.5766935766935767
        }
      }
    },
    "piano_detail": {
      "total": -0.5988469533740532,
      "variety_gate": 0.5,
      "features": {
        "avg_chord_spread": {
          "raw": 7.0,
          "z_score": -0.4206517139229792
        },
        "gap_ratio": {
          "raw": 0.6666666666666666,
          "z_score": -0.3862745098039215
        },
        "register_separation": {
          "raw": 3.214285714285708,
          "z_score": -0.15999845225197507
        },
        "velocity_variance": {
          "raw": 0.0,
          "z_score": -0.23076923076923078
        }
      }
    },
    "drums_detail": {
      "total": 2.6594696339411263,
      "features": {
        "kick_off_beat_ratio": {
          "raw": 0.5,
          "z_score": 0.2411347517730495
        },
        "snare_backbeat_ratio": {
          "raw": 0.0,
          "z_score": -0.3584905660377358
        },
        "velocity_variance": {
          "raw": 12.133516482134196,
          "z_score": 1.4476175274137335
        },
        "duration_variety": {
          "raw": 3,
          "z_score": 1.3292079207920793
        }
      }
    },
    "ensemble_detail": {
      "total": -0.061317835747333405,
      "duration_gate": 0.8,
      "features": {
        "collision_rate": {
          "raw": 0.42857142857142855,
          "z_score": -1.0562310030395134
        },
        "phrase_alignment": {
          "raw": 0.4,
          "z_score": 1.2062256809338519
        },
        "texture_density": {
          "raw": 0.9359999999999999,
          "z_score": -0.9816176470588232
        },
        "harmonic_consonance": {
          "raw": 0.7368421052631579,
          "z_score": 0.754975674480318
        }
      }
    }
  },
  "has_midi": true,
  "error": null,
  "timestamp": "2025-12-01T01:27:34.338949"
}