{
  "step": 24,
  "rollout_id": 3,
  "key": "Dm",
  "tempo": 160,
  "reward": 0.5987962172181862,
  "breakdown": {
    "sax": 0.3470501006238079,
    "sax_sig": 0.5575850323821585,
    "bass": 0.3694328223399969,
    "bass_sig": 0.5612627763010823,
    "piano": -0.22629850967827622,
    "piano_sig": 0.4623549561650996,
    "drums": 1.676365852177853,
    "drums_sig": 0.7535390418892215,
    "ensemble": 0.23616083779318467,
    "ensemble_sig": 0.5392790372738873,
    "z_sum": 2.402711103256566,
    "combined": 0.5987962172181862,
    "sax_detail": {
      "total": 0.3470501006238079,
      "variety_gate": 0.25,
      "features": {
        "melodic_entropy": {
          "raw": 2.218378281790496,
          "z_score": 0.7643897108587778
        },
        "dur_cv": {
          "raw": 0.0,
          "z_score": -0.2978723404255319
        },
        "sax_arpeggio_runs": {
          "raw": 0,
          "z_score": -0.3391684901531729
        },
        "peak_not_late": {
          "raw": 1,
          "z_score": 0.42975206611570255
        },
        "blue_ratio": {
          "raw": 0.3333333333333333,
          "z_score": 0.9636752136752136
        },
        "rhythm_2grams": {
          "raw": 1,
          "z_score": -0.13257575757575726
        }
      }
    },
    "bass_detail": {
      "total": 0.3694328223399969,
      "direction_gate": 1.0,
      "features": {
        "ioi_swing": {
          "raw": 0.0,
          "z_score": -0.24855491329479767
        },
        "non_chromatic_ratio": {
          "raw": 0.6470588235294118,
          "z_score": 0.6179877356347946
        }
      }
    },
    "piano_detail": {
      "total": -0.22629850967827622,
      "variety_gate": 1.0,
      "features": {
        "avg_chord_spread": {
          "raw": 9.0,
          "z_score": 0.4257300042319087
        },
        "gap_ratio": {
          "raw": 0.6470588235294118,
          "z_score": -0.27093425605536364
        },
        "register_separation": {
          "raw": 3.25,
          "z_score": -0.1503250270855905
        },
        "velocity_variance": {
          "raw": 0.0,
          "z_score": -0.23076923076923078
        }
      }
    },
    "drums_detail": {
      "total": 1.676365852177853,
      "features": {
        "kick_off_beat_ratio": {
          "raw": 0.5,
          "z_score": 0.2411347517730495
        },
        "snare_backbeat_ratio": {
          "raw": 0.0,
          "z_score": -0.3584905660377358
        },
        "velocity_variance": {
          "raw": 7.394956254035217,
          "z_score": 0.46451374565046005
        },
        "duration_variety": {
          "raw": 3,
          "z_score": 1.3292079207920793
        }
      }
    },
    "ensemble_detail": {
      "total": 0.23616083779318467,
      "duration_gate": 1.0,
      "features": {
        "collision_rate": {
          "raw": 0.16666666666666666,
          "z_score": 0.3368794326241136
        },
        "phrase_alignment": {
          "raw": 1.0,
          "z_score": -1.1284046692607006
        },
        "texture_density": {
          "raw": 0.3800000000000001,
          "z_score": 1.0624999999999996
        },
        "harmonic_consonance": {
          "raw": 0.6428571428571429,
          "z_score": -0.03481392557022786
        }
      }
    }
  },
  "has_midi": true,
  "error": null,
  "timestamp": "2025-11-30T23:44:09.224506"
}