{
  "id": 10,
  "generation": 1,
  "reward": 0.4826988750254734,
  "breakdown": {
    "sax": -1.0616191279353173,
    "sax_sig": 0.33009706409132095,
    "bass": -0.5379313703013126,
    "bass_sig": 0.4112934448315461,
    "piano": -0.3919134290078956,
    "piano_sig": 0.4350501586039436,
    "drums": -1.0954811994173095,
    "drums_sig": 0.3251243340991838,
    "ensemble": 2.6715522888516277,
    "ensemble_sig": 0.8558246030273057,
    "z_sum": -0.4153928378102072,
    "combined": 0.4826988750254734,
    "sax_detail": {
      "total": -1.0616191279353173,
      "variety_gate": 0.5,
      "features": {
        "melodic_entropy": {
          "raw": 1.561278124459133,
          "z_score": -0.610296810754952
        },
        "dur_cv": {
          "raw": 0.0,
          "z_score": -0.2978723404255319
        },
        "sax_arpeggio_runs": {
          "raw": 0,
          "z_score": -0.3391684901531729
        },
        "peak_not_late": {
          "raw": 1,
          "z_score": 0.42975206611570255
        },
        "blue_ratio": {
          "raw": 0.0,
          "z_score": -1.1730769230769231
        },
        "rhythm_2grams": {
          "raw": 1,
          "z_score": -0.13257575757575726
        }
      }
    },
    "bass_detail": {
      "total": -0.5379313703013126,
      "direction_gate": 0.5,
      "features": {
        "ioi_swing": {
          "raw": 0.0,
          "z_score": -0.24855491329479767
        },
        "non_chromatic_ratio": {
          "raw": 0.2727272727272727,
          "z_score": -0.8273078273078274
        }
      }
    },
    "piano_detail": {
      "total": -0.3919134290078956,
      "variety_gate": 0.5,
      "features": {
        "avg_chord_spread": {
          "raw": 5.833333333333333,
          "z_score": -0.9143743828466638
        },
        "gap_ratio": {
          "raw": 0.45454545454545453,
          "z_score": 0.8614973262032085
        },
        "register_separation": {
          "raw": 1.9583333333333357,
          "z_score": -0.5001805706031052
        },
        "velocity_variance": {
          "raw": 0.0,
          "z_score": -0.23076923076923078
        }
      }
    },
    "drums_detail": {
      "total": -1.0954811994173095,
      "features": {
        "kick_off_beat_ratio": {
          "raw": 0.5,
          "z_score": 0.2411347517730495
        },
        "snare_backbeat_ratio": {
          "raw": 0.0,
          "z_score": -0.3584905660377358
        },
        "velocity_variance": {
          "raw": 0.0,
          "z_score": -1.0697095435684647
        },
        "duration_variety": {
          "raw": 2,
          "z_score": 0.09158415841584167
        }
      }
    },
    "ensemble_detail": {
      "total": 2.6715522888516277,
      "duration_gate": 1.0,
      "features": {
        "collision_rate": {
          "raw": 0.0,
          "z_score": 1.223404255319149
        },
        "phrase_alignment": {
          "raw": 0.5,
          "z_score": 0.8171206225680933
        },
        "texture_density": {
          "raw": 0.76,
          "z_score": -0.33455882352941163
        },
        "harmonic_consonance": {
          "raw": 0.7619047619047619,
          "z_score": 0.965586234493797
        }
      }
    }
  },
  "metrics": {
    "reward": 0.4826988750254734,
    "note_count": 53,
    "valid_midi": 1.0,
    "unique_durs": 1,
    "has_rests": true
  },
  "has_midi": true,
  "error": null,
  "timestamp": "2025-11-30T22:05:49.587137"
}