{
  "step": 8,
  "rollout_id": 0,
  "key": "F",
  "tempo": 160,
  "reward": 0.47689960542295057,
  "breakdown": {
    "sax": -0.6227615842429056,
    "sax_sig": 0.3976720510262372,
    "bass": 0.44513878039889593,
    "bass_sig": 0.5736500826361283,
    "piano": 1.7059588282650096,
    "piano_sig": 0.7571846530115768,
    "drums": -2.2152253897252483,
    "drums_sig": 0.1859086852292728,
    "ensemble": 0.13208492476433306,
    "ensemble_sig": 0.5219999403952116,
    "z_sum": -0.5548044405399154,
    "combined": 0.47689960542295057,
    "sax_detail": {
      "total": -0.6227615842429056,
      "variety_gate": 0.5,
      "features": {
        "melodic_entropy": {
          "raw": 1.9808259362290785,
          "z_score": 0.2674182766298715
        },
        "dur_cv": {
          "raw": 0.0,
          "z_score": -0.2978723404255319
        },
        "sax_arpeggio_runs": {
          "raw": 0,
          "z_score": -0.3391684901531729
        },
        "peak_not_late": {
          "raw": 1,
          "z_score": 0.42975206611570255
        },
        "blue_ratio": {
          "raw": 0.0,
          "z_score": -1.1730769230769231
        },
        "rhythm_2grams": {
          "raw": 1,
          "z_score": -0.13257575757575726
        }
      }
    },
    "bass_detail": {
      "total": 0.44513878039889593,
      "direction_gate": 1.0,
      "features": {
        "ioi_swing": {
          "raw": 0.0,
          "z_score": -0.24855491329479767
        },
        "non_chromatic_ratio": {
          "raw": 0.6666666666666666,
          "z_score": 0.6936936936936936
        }
      }
    },
    "piano_detail": {
      "total": 1.7059588282650096,
      "variety_gate": 0.5,
      "features": {
        "avg_chord_spread": {
          "raw": 12.0,
          "z_score": 1.6953025814642404
        },
        "gap_ratio": {
          "raw": 0.42857142857142855,
          "z_score": 1.0142857142857142
        },
        "register_separation": {
          "raw": 7.25,
          "z_score": 0.9330985915492956
        },
        "velocity_variance": {
          "raw": 0.0,
          "z_score": -0.23076923076923078
        }
      }
    },
    "drums_detail": {
      "total": -2.2152253897252483,
      "features": {
        "kick_off_beat_ratio": {
          "raw": 0.375,
          "z_score": -0.6453900709219861
        },
        "snare_backbeat_ratio": {
          "raw": 0.0,
          "z_score": -0.3584905660377358
        },
        "velocity_variance": {
          "raw": 4.841229182759271,
          "z_score": -0.06530514880513041
        },
        "duration_variety": {
          "raw": 1,
          "z_score": -1.146039603960396
        }
      }
    },
    "ensemble_detail": {
      "total": 0.13208492476433306,
      "duration_gate": 0.8,
      "features": {
        "collision_rate": {
          "raw": 0.25,
          "z_score": -0.1063829787234042
        },
        "phrase_alignment": {
          "raw": 0.5,
          "z_score": 0.8171206225680933
        },
        "texture_density": {
          "raw": 0.952,
          "z_score": -1.0404411764705879
        },
        "harmonic_consonance": {
          "raw": 0.7058823529411765,
          "z_score": 0.49480968858131513
        }
      }
    }
  },
  "has_midi": true,
  "error": null,
  "timestamp": "2025-11-30T23:49:26.710563"
}