{
  "step": 25,
  "rollout_id": 8,
  "key": "D",
  "tempo": 160,
  "reward": 0.7439565623857609,
  "breakdown": {
    "sax": -0.2414081975560842,
    "sax_sig": 0.45985192029887106,
    "bass": -1.3223060723060722,
    "bass_sig": 0.29285929700889063,
    "piano": 2.9153133261319346,
    "piano_sig": 0.8747407774156434,
    "drums": 2.964878140209853,
    "drums_sig": 0.8783166957205382,
    "ensemble_mult": 1.0577350269189625,
    "z_sum": 4.316477196479632,
    "base_reward": 0.7033487059162677,
    "combined": 0.7439565623857609,
    "sax_detail": {
      "total": -0.2414081975560842,
      "variety_gate": 0.25,
      "features": {
        "melodic_entropy": {
          "raw": 1.3485878960124222,
          "z_score": -1.055255447672757
        },
        "dur_cv": {
          "raw": 0.0,
          "z_score": -0.2978723404255319
        },
        "sax_arpeggio_runs": {
          "raw": 0,
          "z_score": -0.3391684901531729
        },
        "peak_not_late": {
          "raw": 1,
          "z_score": 0.42975206611570255
        },
        "blue_ratio": {
          "raw": 0.25,
          "z_score": 0.4294871794871795
        },
        "rhythm_2grams": {
          "raw": 1,
          "z_score": -0.13257575757575726
        }
      }
    },
    "bass_detail": {
      "total": -1.3223060723060722,
      "chromatic_gate": 1.0,
      "direction_gate": 1.0,
      "features": {
        "duration_variety": {
          "raw": 1,
          "z_score": -1.0
        },
        "velocity_variance": {
          "raw": 0.0,
          "z_score": -1.25
        },
        "non_chromatic_ratio": {
          "raw": 0.7272727272727273,
          "z_score": 0.9276939276939278
        }
      }
    },
    "piano_detail": {
      "total": 2.9153133261319346,
      "tonic_bonus": 1.0,
      "register_failed": false,
      "avg_pitch": 67.25,
      "features": {
        "unique_chords": {
          "raw": 3,
          "capped": 3,
          "z_score": 1.0086206896551724,
          "weight": 1.0
        },
        "avg_chord_duration": {
          "raw": 0.375,
          "z_score": 0.5573770491803279,
          "weight": 1.5
        },
        "cluster_ratio": {
          "raw": 0.0,
          "z_score": 0.6666666666666667,
          "weight": 1.0
        },
        "out_of_key_ratio": {
          "raw": 0.0,
          "z_score": 0.6039603960396039,
          "weight": 1.0
        },
        "chord_duration_variety": {
          "raw": 1,
          "z_score": -0.20000000000000018,
          "weight": 1.0
        }
      }
    },
    "drums_detail": {
      "total": 2.964878140209853,
      "features": {
        "duration_variety": {
          "raw": 3,
          "z_score": 1.3048327137546467
        },
        "kick_off_beat_ratio": {
          "raw": 0.5,
          "z_score": 0.23571428571428552
        },
        "velocity_variance": {
          "raw": 12.133516482134198,
          "z_score": 1.424331140740921
        }
      }
    },
    "ensemble_detail": {
      "total": 1.0577350269189625,
      "dynamic_coherence": 0.7886751345948129
    }
  },
  "has_midi": true,
  "error": null,
  "timestamp": "2025-12-02T14:00:16.453797"
}