{
  "step": 41,
  "rollout_id": 2,
  "key": "D",
  "tempo": 160,
  "reward": 1.004387718929583,
  "breakdown": {
    "sax": 1.6164934249901466,
    "sax_sig": 0.7460513372944831,
    "bass": 4.352826753263045,
    "bass_sig": 0.9479395160065025,
    "piano": 5.901381930304168,
    "piano_sig": 0.9808149903130174,
    "drums": 4.204035513196222,
    "drums_sig": 0.9428210320949701,
    "ensemble_mult": 1.0447213595499958,
    "z_sum": 16.07473762175358,
    "base_reward": 0.9613929204646622,
    "combined": 1.004387718929583,
    "sax_detail": {
      "total": 1.6164934249901466,
      "variety_gate": 0.5,
      "features": {
        "melodic_entropy": {
          "raw": 2.663532754804255,
          "z_score": 1.695675219255764
        },
        "dur_cv": {
          "raw": 0.13608276348795434,
          "z_score": 1.1498166328505781
        },
        "sax_arpeggio_runs": {
          "raw": 0,
          "z_score": -0.3391684901531729
        },
        "peak_not_late": {
          "raw": 1,
          "z_score": 0.42975206611570255
        },
        "blue_ratio": {
          "raw": 0.25,
          "z_score": 0.4294871794871795
        },
        "rhythm_2grams": {
          "raw": 1,
          "z_score": -0.13257575757575726
        }
      }
    },
    "bass_detail": {
      "total": 4.352826753263045,
      "chromatic_gate": 1.0,
      "direction_gate": 1.0,
      "features": {
        "duration_variety": {
          "raw": 4,
          "z_score": 2.0
        },
        "velocity_variance": {
          "raw": 9.797958971132712,
          "z_score": 1.1994897427831779
        },
        "non_chromatic_ratio": {
          "raw": 0.7857142857142857,
          "z_score": 1.1533370104798675
        }
      }
    },
    "piano_detail": {
      "total": 5.901381930304168,
      "tonic_bonus": 1.2,
      "register_failed": false,
      "avg_pitch": 68.0,
      "features": {
        "unique_chords": {
          "raw": 2,
          "capped": 2,
          "z_score": 0.146551724137931,
          "weight": 1.0
        },
        "avg_chord_duration": {
          "raw": 1.5,
          "z_score": 3.0,
          "weight": 1.5
        },
        "cluster_ratio": {
          "raw": 0.3333333333333333,
          "z_score": -0.13269384492406067,
          "weight": 1.0
        },
        "out_of_key_ratio": {
          "raw": 0.0,
          "z_score": 0.6039603960396039,
          "weight": 1.0
        },
        "chord_duration_variety": {
          "raw": 1,
          "z_score": -0.20000000000000018,
          "weight": 1.0
        }
      }
    },
    "drums_detail": {
      "total": 4.204035513196222,
      "features": {
        "duration_variety": {
          "raw": 4,
          "z_score": 2.5439900867410157
        },
        "kick_off_beat_ratio": {
          "raw": 0.5,
          "z_score": 0.23571428571428552
        },
        "velocity_variance": {
          "raw": 12.133516482134198,
          "z_score": 1.424331140740921
        }
      }
    },
    "ensemble_detail": {
      "total": 1.0447213595499958,
      "dynamic_coherence": 0.7236067977499789
    }
  },
  "has_midi": true,
  "error": null,
  "timestamp": "2025-12-02T14:35:19.140151"
}