{
  "step": 8,
  "rollout_id": 30,
  "key": "Fm",
  "tempo": 160,
  "reward": 0.5098026144110454,
  "breakdown": {
    "sax": 0.8353335743178972,
    "sax_sig": 0.6357324212668094,
    "bass": 0.1421318097618676,
    "bass_sig": 0.5236709269773909,
    "piano": -0.052561010337268094,
    "piano_sig": 0.4912407278472674,
    "drums": -2.333104961793547,
    "drums_sig": 0.17430723222270691,
    "ensemble": 1.643493483124308,
    "ensemble_sig": 0.7494464734454709,
    "z_sum": 0.23529289507325757,
    "combined": 0.5098026144110454,
    "sax_detail": {
      "total": 0.8353335743178972,
      "variety_gate": 0.25,
      "features": {
        "melodic_entropy": {
          "raw": 2.9477027792200903,
          "z_score": 2.2901731782847077
        },
        "dur_cv": {
          "raw": 0.0,
          "z_score": -0.2978723404255319
        },
        "sax_arpeggio_runs": {
          "raw": 0,
          "z_score": -0.3391684901531729
        },
        "peak_not_late": {
          "raw": 1,
          "z_score": 0.42975206611570255
        },
        "blue_ratio": {
          "raw": 0.4,
          "z_score": 1.3910256410256412
        },
        "rhythm_2grams": {
          "raw": 1,
          "z_score": -0.13257575757575726
        }
      }
    },
    "bass_detail": {
      "total": 0.1421318097618676,
      "direction_gate": 0.5,
      "features": {
        "ioi_swing": {
          "raw": 0.0,
          "z_score": -0.24855491329479767
        },
        "non_chromatic_ratio": {
          "raw": 0.625,
          "z_score": 0.5328185328185329
        }
      }
    },
    "piano_detail": {
      "total": -0.052561010337268094,
      "variety_gate": 0.5,
      "features": {
        "avg_chord_spread": {
          "raw": 9.0,
          "z_score": 0.4257300042319087
        },
        "gap_ratio": {
          "raw": 0.8421052631578947,
          "z_score": -1.4182662538699689
        },
        "register_separation": {
          "raw": 7.93333333333333,
          "z_score": 1.1181834597327547
        },
        "velocity_variance": {
          "raw": 0.0,
          "z_score": -0.23076923076923078
        }
      }
    },
    "drums_detail": {
      "total": -2.333104961793547,
      "features": {
        "kick_off_beat_ratio": {
          "raw": 0.5,
          "z_score": 0.2411347517730495
        },
        "snare_backbeat_ratio": {
          "raw": 0.0,
          "z_score": -0.3584905660377358
        },
        "velocity_variance": {
          "raw": 0.0,
          "z_score": -1.0697095435684647
        },
        "duration_variety": {
          "raw": 1,
          "z_score": -1.146039603960396
        }
      }
    },
    "ensemble_detail": {
      "total": 1.643493483124308,
      "duration_gate": 1.0,
      "features": {
        "collision_rate": {
          "raw": 0.1,
          "z_score": 0.6914893617021277
        },
        "phrase_alignment": {
          "raw": 0.5,
          "z_score": 0.8171206225680933
        },
        "texture_density": {
          "raw": 0.608,
          "z_score": 0.22426470588235312
        },
        "harmonic_consonance": {
          "raw": 0.6363636363636364,
          "z_score": -0.0893812070282661
        }
      }
    }
  },
  "has_midi": true,
  "error": null,
  "timestamp": "2025-11-30T21:57:27.243603"
}