{
  "id": 16,
  "generation": 42,
  "reward": 0.2783297892976638,
  "breakdown": {
    "sax": 0.909196362186134,
    "sax_sig": 0.6470577055374271,
    "bass": -0.7248623896022739,
    "bass_sig": 0.38148696295716106,
    "piano": -0.6576818196198247,
    "piano_sig": 0.392109281455483,
    "drums": -4.4607645362616335,
    "drums_sig": 0.04862164531237198,
    "ensemble": -0.7824569744281519,
    "ensemble_sig": 0.3724692983273938,
    "z_sum": -5.71656935772575,
    "combined": 0.2783297892976638,
    "sax_detail": {
      "total": 0.909196362186134,
      "variety_gate": 0.5,
      "features": {
        "melodic_entropy": {
          "raw": 2.1735572622751853,
          "z_score": 0.6706218876049903
        },
        "dur_cv": {
          "raw": 0.0,
          "z_score": -0.2978723404255319
        },
        "sax_arpeggio_runs": {
          "raw": 2,
          "z_score": 1.1196207148067103
        },
        "peak_not_late": {
          "raw": 1,
          "z_score": 0.42975206611570255
        },
        "blue_ratio": {
          "raw": 0.1875,
          "z_score": 0.028846153846153872
        },
        "rhythm_2grams": {
          "raw": 1,
          "z_score": -0.13257575757575726
        }
      }
    },
    "bass_detail": {
      "total": -0.7248623896022739,
      "direction_gate": 1.0,
      "features": {
        "ioi_swing": {
          "raw": 0.0,
          "z_score": -0.24855491329479767
        },
        "non_chromatic_ratio": {
          "raw": 0.36363636363636365,
          "z_score": -0.4763074763074762
        }
      }
    },
    "piano_detail": {
      "total": -0.6576818196198247,
      "variety_gate": 0.5,
      "features": {
        "avg_chord_spread": {
          "raw": 7.666666666666667,
          "z_score": -0.13852447453801642
        },
        "gap_ratio": {
          "raw": 0.625,
          "z_score": -0.1411764705882354
        },
        "register_separation": {
          "raw": 0.8333333333333357,
          "z_score": -0.8048934633441669
        },
        "velocity_variance": {
          "raw": 0.0,
          "z_score": -0.23076923076923078
        }
      }
    },
    "drums_detail": {
      "total": -4.4607645362616335,
      "features": {
        "kick_off_beat_ratio": {
          "raw": 0.19999999999999996,
          "z_score": -1.8865248226950362
        },
        "snare_backbeat_ratio": {
          "raw": 0.0,
          "z_score": -0.3584905660377358
        },
        "velocity_variance": {
          "raw": 0.0,
          "z_score": -1.0697095435684647
        },
        "duration_variety": {
          "raw": 1,
          "z_score": -1.146039603960396
        }
      }
    },
    "ensemble_detail": {
      "total": -0.7824569744281519,
      "duration_gate": 1.0,
      "features": {
        "collision_rate": {
          "raw": 0.125,
          "z_score": 0.5585106382978724
        },
        "phrase_alignment": {
          "raw": 0.5,
          "z_score": 0.8171206225680933
        },
        "texture_density": {
          "raw": 0.9199999999999999,
          "z_score": -0.9227941176470583
        },
        "harmonic_consonance": {
          "raw": 0.5,
          "z_score": -1.235294117647059
        }
      }
    }
  },
  "metrics": {
    "reward": 0.2783297892976638,
    "note_count": 96,
    "valid_midi": 1.0,
    "unique_durs": 1,
    "has_rests": true
  },
  "has_midi": true,
  "error": null,
  "timestamp": "2025-12-01T03:07:59.323528"
}