{
  "id": 27,
  "generation": 59,
  "reward": 0.5244406112374346,
  "breakdown": {
    "sax": 0.10663301823703612,
    "sax_sig": 0.5177646890331334,
    "bass": -1.0121533871533872,
    "bass_sig": 0.3374298225950656,
    "piano": 3.4983759913583214,
    "piano_sig": 0.9115130365579718,
    "drums": -2.553037494177735,
    "drums_sig": 0.1542009739693982,
    "ensemble_mult": 1.0447213595499958,
    "z_sum": 0.03981812826423514,
    "base_reward": 0.5019908958914486,
    "combined": 0.5244406112374346,
    "sax_detail": {
      "total": 0.10663301823703612,
      "variety_gate": 0.5,
      "features": {
        "melodic_entropy": {
          "raw": 1.9808259362290785,
          "z_score": 0.2674182766298715
        },
        "dur_cv": {
          "raw": 0.0,
          "z_score": -0.2978723404255319
        },
        "sax_arpeggio_runs": {
          "raw": 2,
          "z_score": 1.1196207148067103
        },
        "peak_not_late": {
          "raw": 1,
          "z_score": 0.42975206611570255
        },
        "blue_ratio": {
          "raw": 0.0,
          "z_score": -1.1730769230769231
        },
        "rhythm_2grams": {
          "raw": 1,
          "z_score": -0.13257575757575726
        }
      }
    },
    "bass_detail": {
      "total": -1.0121533871533872,
      "chromatic_gate": 0.5,
      "direction_gate": 1.0,
      "features": {
        "duration_variety": {
          "raw": 1,
          "z_score": -1.0
        },
        "velocity_variance": {
          "raw": 0.0,
          "z_score": -1.25
        },
        "non_chromatic_ratio": {
          "raw": 0.5454545454545454,
          "z_score": 0.22569322569322559
        }
      }
    },
    "piano_detail": {
      "total": 3.4983759913583214,
      "tonic_bonus": 1.2,
      "register_failed": false,
      "avg_pitch": 67.66666666666667,
      "features": {
        "unique_chords": {
          "raw": 3,
          "capped": 3,
          "z_score": 1.0086206896551724,
          "weight": 1.0
        },
        "avg_chord_duration": {
          "raw": 0.375,
          "z_score": 0.5573770491803279,
          "weight": 1.5
        },
        "cluster_ratio": {
          "raw": 0.0,
          "z_score": 0.6666666666666667,
          "weight": 1.0
        },
        "out_of_key_ratio": {
          "raw": 0.0,
          "z_score": 0.6039603960396039,
          "weight": 1.0
        },
        "chord_duration_variety": {
          "raw": 1,
          "z_score": -0.20000000000000018,
          "weight": 1.0
        }
      }
    },
    "drums_detail": {
      "total": -2.553037494177735,
      "features": {
        "duration_variety": {
          "raw": 1,
          "z_score": -1.1734820322180917
        },
        "kick_off_beat_ratio": {
          "raw": 0.4285714285714286,
          "z_score": -0.2744897959183673
        },
        "velocity_variance": {
          "raw": 0.0,
          "z_score": -1.1050656660412759
        }
      }
    },
    "ensemble_detail": {
      "total": 1.0447213595499958,
      "dynamic_coherence": 0.7236067977499789
    }
  },
  "metrics": {
    "reward": 0.5244406112374346,
    "note_count": 81,
    "valid_midi": 1.0,
    "unique_durs": 1,
    "has_rests": true
  },
  "has_midi": true,
  "error": null,
  "timestamp": "2025-12-02T16:57:10.132958"
}