{
  "id": 2,
  "generation": 6,
  "reward": 0.21333174739942465,
  "breakdown": {
    "sax": -0.9500279865903818,
    "sax_sig": 0.3467508730201216,
    "bass": -0.7597158996379275,
    "bass_sig": 0.3760196988969028,
    "piano": -1.6292544226393453,
    "piano_sig": 0.2523402508466116,
    "drums": -2.9067603995490785,
    "drums_sig": 0.12588531776854747,
    "ensemble": -1.583990322229765,
    "ensemble_sig": 0.2580758370003246,
    "z_sum": -7.829749030646498,
    "combined": 0.21333174739942465,
    "sax_detail": {
      "total": -0.9500279865903818,
      "variety_gate": 0.5,
      "features": {
        "melodic_entropy": {
          "raw": 1.5566567074628228,
          "z_score": -1.7341934197712165
        },
        "dur_cv": {
          "raw": 0.0,
          "z_score": -0.8880854560394412
        },
        "sax_arpeggio_runs": {
          "raw": 0,
          "z_score": -0.4150099290132615
        },
        "peak_not_late": {
          "raw": 1,
          "z_score": 0.6122586439155816
        },
        "blue_ratio": {
          "raw": 0.375,
          "z_score": 1.4113418530351436
        },
        "rhythm_2grams": {
          "raw": 1,
          "z_score": -0.8863676653075695
        }
      }
    },
    "bass_detail": {
      "total": -0.7597158996379275,
      "direction_gate": 1.0,
      "features": {
        "ioi_swing": {
          "raw": 0.0,
          "z_score": -0.8105992171032821
        },
        "non_chromatic_ratio": {
          "raw": 0.7333333333333333,
          "z_score": 0.0508833174653546
        }
      }
    },
    "piano_detail": {
      "total": -1.6292544226393453,
      "variety_gate": 0.5,
      "features": {
        "avg_chord_spread": {
          "raw": 6.25,
          "z_score": -0.5233187772925765
        },
        "gap_ratio": {
          "raw": 0.7894736842105263,
          "z_score": -1.592044627698278
        },
        "register_separation": {
          "raw": 3.1875,
          "z_score": -0.5641980718667835
        },
        "velocity_variance": {
          "raw": 0.0,
          "z_score": -0.5789473684210527
        }
      }
    },
    "drums_detail": {
      "total": -2.9067603995490785,
      "features": {
        "kick_off_beat_ratio": {
          "raw": 0.5,
          "z_score": -0.8253055108539016
        },
        "snare_backbeat_ratio": {
          "raw": 0.0,
          "z_score": -0.5855710048313247
        },
        "velocity_variance": {
          "raw": 12.99038105676658,
          "z_score": -0.0774685290133732
        },
        "duration_variety": {
          "raw": 1,
          "z_score": -1.418415354850479
        }
      }
    },
    "ensemble_detail": {
      "total": -1.583990322229765,
      "duration_gate": 1.0,
      "features": {
        "collision_rate": {
          "raw": 0.125,
          "z_score": 0.9850746268656716
        },
        "phrase_alignment": {
          "raw": 1.0,
          "z_score": -1.66875
        },
        "texture_density": {
          "raw": 0.82,
          "z_score": -0.7831978319783196
        },
        "harmonic_consonance": {
          "raw": 0.75,
          "z_score": -0.11711711711711723
        }
      }
    }
  },
  "metrics": {
    "reward": 0.21333174739942465,
    "note_count": 48,
    "valid_midi": 1.0,
    "unique_durs": 1,
    "has_rests": true
  },
  "has_midi": true,
  "error": null,
  "timestamp": "2025-11-30T17:18:25.079462"
}