{
  "step": 14,
  "rollout_id": 21,
  "key": "Fm",
  "tempo": 160,
  "reward": 0.2297581374284461,
  "breakdown": {
    "sax": -0.13609439780349758,
    "sax_sig": 0.4773331474297002,
    "bass": -1.5435097005859162,
    "bass_sig": 0.26327676658468985,
    "piano": -0.5722424366797034,
    "piano_sig": 0.4057663820861228,
    "drums": -1.7910756931782523,
    "drums_sig": 0.23253529666984088,
    "ensemble": -3.2151421329410956,
    "ensemble_sig": 0.10494694222678772,
    "z_sum": -7.258064361188466,
    "combined": 0.2297581374284461,
    "sax_detail": {
      "total": -0.13609439780349758,
      "variety_gate": 0.25,
      "features": {
        "melodic_entropy": {
          "raw": 2.3745560483818835,
          "z_score": -0.04571418583426208
        },
        "dur_cv": {
          "raw": 0.0,
          "z_score": -0.8880854560394412
        },
        "sax_arpeggio_runs": {
          "raw": 0,
          "z_score": -0.4150099290132615
        },
        "peak_not_late": {
          "raw": 1,
          "z_score": 0.6122586439155816
        },
        "blue_ratio": {
          "raw": 0.3333333333333333,
          "z_score": 1.0785410010649625
        },
        "rhythm_2grams": {
          "raw": 1,
          "z_score": -0.8863676653075695
        }
      }
    },
    "bass_detail": {
      "total": -1.5435097005859162,
      "direction_gate": 0.5,
      "features": {
        "ioi_swing": {
          "raw": 0.0,
          "z_score": -0.8105992171032821
        },
        "non_chromatic_ratio": {
          "raw": 0.0,
          "z_score": -2.27642018406855
        }
      }
    },
    "piano_detail": {
      "total": -0.5722424366797034,
      "variety_gate": 0.5,
      "features": {
        "avg_chord_spread": {
          "raw": 7.0,
          "z_score": -0.39231441048034943
        },
        "gap_ratio": {
          "raw": 0.6666666666666666,
          "z_score": -1.0261136712749614
        },
        "register_separation": {
          "raw": 12.888888888888886,
          "z_score": 0.8528905768169568
        },
        "velocity_variance": {
          "raw": 0.0,
          "z_score": -0.5789473684210527
        }
      }
    },
    "drums_detail": {
      "total": -1.7910756931782523,
      "features": {
        "kick_off_beat_ratio": {
          "raw": 0.5,
          "z_score": -0.8253055108539016
        },
        "snare_backbeat_ratio": {
          "raw": 0.0,
          "z_score": -0.5855710048313247
        },
        "velocity_variance": {
          "raw": 12.133516482134196,
          "z_score": -0.16198161523876686
        },
        "duration_variety": {
          "raw": 2,
          "z_score": -0.21821756225425926
        }
      }
    },
    "ensemble_detail": {
      "total": -3.2151421329410956,
      "duration_gate": 1.0,
      "features": {
        "collision_rate": {
          "raw": 0.2777777777777778,
          "z_score": 0.4150082918739635
        },
        "phrase_alignment": {
          "raw": 1.0,
          "z_score": -1.66875
        },
        "texture_density": {
          "raw": 0.796,
          "z_score": -0.7181571815718157
        },
        "harmonic_consonance": {
          "raw": 0.625,
          "z_score": -1.2432432432432434
        }
      }
    }
  },
  "has_midi": true,
  "error": null,
  "timestamp": "2025-11-30T18:39:04.112573"
}