{
  "step": 39,
  "rollout_id": 19,
  "key": "D",
  "tempo": 160,
  "reward": 0.7670463769774049,
  "breakdown": {
    "sax": 0.4453619046960014,
    "sax_sig": 0.5736864627531121,
    "bass": 0.339569507199565,
    "bass_sig": 0.5563544532418501,
    "piano": 0.27211064110282035,
    "piano_sig": 0.5452278097501835,
    "drums": 4.934440996273409,
    "drums_sig": 0.9640712478812821,
    "ensemble": 1.15876419489064,
    "ensemble_sig": 0.6840634908616373,
    "z_sum": 7.150247244162436,
    "combined": 0.7670463769774049,
    "sax_detail": {
      "total": 0.4453619046960014,
      "variety_gate": 0.5,
      "features": {
        "melodic_entropy": {
          "raw": 2.2359263506290326,
          "z_score": 0.8011011519435828
        },
        "dur_cv": {
          "raw": 0.0,
          "z_score": -0.2978723404255319
        },
        "sax_arpeggio_runs": {
          "raw": 0,
          "z_score": -0.3391684901531729
        },
        "peak_not_late": {
          "raw": 1,
          "z_score": 0.42975206611570255
        },
        "blue_ratio": {
          "raw": 0.25,
          "z_score": 0.4294871794871795
        },
        "rhythm_2grams": {
          "raw": 1,
          "z_score": -0.13257575757575726
        }
      }
    },
    "bass_detail": {
      "total": 0.339569507199565,
      "direction_gate": 0.5,
      "features": {
        "ioi_swing": {
          "raw": 0.0,
          "z_score": -0.24855491329479767
        },
        "non_chromatic_ratio": {
          "raw": 0.7272727272727273,
          "z_score": 0.9276939276939278
        }
      }
    },
    "piano_detail": {
      "total": 0.27211064110282035,
      "variety_gate": 0.5,
      "features": {
        "avg_chord_spread": {
          "raw": 12.0,
          "z_score": 1.6953025814642404
        },
        "gap_ratio": {
          "raw": 0.6666666666666666,
          "z_score": -0.3862745098039215
        },
        "register_separation": {
          "raw": 1.8333333333333286,
          "z_score": -0.5340375586854473
        },
        "velocity_variance": {
          "raw": 0.0,
          "z_score": -0.23076923076923078
        }
      }
    },
    "drums_detail": {
      "total": 4.934440996273409,
      "features": {
        "kick_off_beat_ratio": {
          "raw": 0.6666666666666667,
          "z_score": 1.423167848699764
        },
        "snare_backbeat_ratio": {
          "raw": 0.0,
          "z_score": -0.3584905660377358
        },
        "velocity_variance": {
          "raw": 11.436132386735569,
          "z_score": 1.302932030443064
        },
        "duration_variety": {
          "raw": 4,
          "z_score": 2.5668316831683167
        }
      }
    },
    "ensemble_detail": {
      "total": 1.15876419489064,
      "duration_gate": 1.0,
      "features": {
        "collision_rate": {
          "raw": 0.375,
          "z_score": -0.7712765957446808
        },
        "phrase_alignment": {
          "raw": 0.5,
          "z_score": 0.8171206225680933
        },
        "texture_density": {
          "raw": 0.716,
          "z_score": -0.17279411764705854
        },
        "harmonic_consonance": {
          "raw": 0.8,
          "z_score": 1.285714285714286
        }
      }
    }
  },
  "has_midi": true,
  "error": null,
  "timestamp": "2025-12-01T02:25:55.251417"
}