{
  "step": 54,
  "rollout_id": 8,
  "key": "Dm",
  "tempo": 160,
  "reward": 1.0339249748132688,
  "breakdown": {
    "sax": 9.526419442493514,
    "sax_sig": 0.9982579450712868,
    "bass": 3.1776939276939276,
    "bass_sig": 0.8926847392562918,
    "piano": 5.901381930304168,
    "piano_sig": 0.9808149903130174,
    "drums": 4.204035513196222,
    "drums_sig": 0.9428210320949701,
    "ensemble_mult": 1.0447213595499958,
    "z_sum": 22.809530813687832,
    "base_reward": 0.9896657758185614,
    "combined": 1.0339249748132688,
    "sax_detail": {
      "total": 9.526419442493514,
      "variety_gate": 1.0,
      "features": {
        "melodic_entropy": {
          "raw": 2.950212064914747,
          "z_score": 2.2954227299471697
        },
        "dur_cv": {
          "raw": 0.41310478951179663,
          "z_score": 3.0
        },
        "sax_arpeggio_runs": {
          "raw": 2,
          "z_score": 1.1196207148067103
        },
        "peak_not_late": {
          "raw": 1,
          "z_score": 0.42975206611570255
        },
        "blue_ratio": {
          "raw": 0.13333333333333333,
          "z_score": -0.31837606837606836
        },
        "rhythm_2grams": {
          "raw": 3,
          "z_score": 3.0
        }
      }
    },
    "bass_detail": {
      "total": 3.1776939276939276,
      "chromatic_gate": 1.0,
      "direction_gate": 1.0,
      "features": {
        "duration_variety": {
          "raw": 3,
          "z_score": 1.0
        },
        "velocity_variance": {
          "raw": 10.0,
          "z_score": 1.25
        },
        "non_chromatic_ratio": {
          "raw": 0.7272727272727273,
          "z_score": 0.9276939276939278
        }
      }
    },
    "piano_detail": {
      "total": 5.901381930304168,
      "tonic_bonus": 1.2,
      "register_failed": false,
      "avg_pitch": 67.91666666666667,
      "features": {
        "unique_chords": {
          "raw": 2,
          "capped": 2,
          "z_score": 0.146551724137931,
          "weight": 1.0
        },
        "avg_chord_duration": {
          "raw": 1.5,
          "z_score": 3.0,
          "weight": 1.5
        },
        "cluster_ratio": {
          "raw": 0.3333333333333333,
          "z_score": -0.13269384492406067,
          "weight": 1.0
        },
        "out_of_key_ratio": {
          "raw": 0.0,
          "z_score": 0.6039603960396039,
          "weight": 1.0
        },
        "chord_duration_variety": {
          "raw": 1,
          "z_score": -0.20000000000000018,
          "weight": 1.0
        }
      }
    },
    "drums_detail": {
      "total": 4.204035513196222,
      "features": {
        "duration_variety": {
          "raw": 4,
          "z_score": 2.5439900867410157
        },
        "kick_off_beat_ratio": {
          "raw": 0.5,
          "z_score": 0.23571428571428552
        },
        "velocity_variance": {
          "raw": 12.133516482134198,
          "z_score": 1.424331140740921
        }
      }
    },
    "ensemble_detail": {
      "total": 1.0447213595499958,
      "dynamic_coherence": 0.7236067977499789
    }
  },
  "has_midi": true,
  "error": null,
  "timestamp": "2025-12-02T15:06:23.291548"
}