{
  "step": 15,
  "rollout_id": 2,
  "key": "Fm",
  "tempo": 160,
  "reward": 0.20915063815050916,
  "breakdown": {
    "sax": -3.031426873743357,
    "sax_sig": 0.11702066550254507,
    "bass": -2.2214933055600494,
    "bass_sig": 0.18527709639408393,
    "piano": -0.4427005486921861,
    "piano_sig": 0.4267475196374622,
    "drums": -2.987811974534944,
    "drums_sig": 0.12005867476850816,
    "ensemble": 0.7031161398516697,
    "ensemble_sig": 0.6150864570601041,
    "z_sum": -7.980316562678867,
    "combined": 0.20915063815050916,
    "sax_detail": {
      "total": -3.031426873743357,
      "variety_gate": 0.5,
      "features": {
        "melodic_entropy": {
          "raw": 0.9910760598382222,
          "z_score": -2.9017835263455365
        },
        "dur_cv": {
          "raw": 0.0,
          "z_score": -0.8880854560394412
        },
        "sax_arpeggio_runs": {
          "raw": 0,
          "z_score": -0.4150099290132615
        },
        "peak_not_late": {
          "raw": 1,
          "z_score": 0.6122586439155816
        },
        "blue_ratio": {
          "raw": 0.0,
          "z_score": -1.5838658146964857
        },
        "rhythm_2grams": {
          "raw": 1,
          "z_score": -0.8863676653075695
        }
      }
    },
    "bass_detail": {
      "total": -2.2214933055600494,
      "direction_gate": 1.0,
      "features": {
        "ioi_swing": {
          "raw": 0.0,
          "z_score": -0.8105992171032821
        },
        "non_chromatic_ratio": {
          "raw": 0.2727272727272727,
          "z_score": -1.4108940884567673
        }
      }
    },
    "piano_detail": {
      "total": -0.4427005486921861,
      "variety_gate": 0.5,
      "features": {
        "avg_chord_spread": {
          "raw": 4.0,
          "z_score": -0.9163318777292577
        },
        "gap_ratio": {
          "raw": 0.6666666666666666,
          "z_score": -1.0261136712749614
        },
        "register_separation": {
          "raw": 18.25,
          "z_score": 1.6359918200408996
        },
        "velocity_variance": {
          "raw": 0.0,
          "z_score": -0.5789473684210527
        }
      }
    },
    "drums_detail": {
      "total": -2.987811974534944,
      "features": {
        "kick_off_beat_ratio": {
          "raw": 0.5,
          "z_score": -0.8253055108539016
        },
        "snare_backbeat_ratio": {
          "raw": 0.0,
          "z_score": -0.5855710048313247
        },
        "velocity_variance": {
          "raw": 0.0,
          "z_score": -1.3587178965954583
        },
        "duration_variety": {
          "raw": 2,
          "z_score": -0.21821756225425926
        }
      }
    },
    "ensemble_detail": {
      "total": 0.7031161398516697,
      "duration_gate": 1.0,
      "features": {
        "collision_rate": {
          "raw": 0.0,
          "z_score": 1.4514925373134329
        },
        "phrase_alignment": {
          "raw": 0.75,
          "z_score": -0.8875
        },
        "texture_density": {
          "raw": 0.5119999999999999,
          "z_score": 0.0514905149051494
        },
        "harmonic_consonance": {
          "raw": 0.7727272727272727,
          "z_score": 0.08763308763308734
        }
      }
    }
  },
  "has_midi": true,
  "error": null,
  "timestamp": "2025-11-30T18:43:40.238886"
}