{
  "step": 1,
  "rollout_id": 15,
  "key": "F",
  "tempo": 160,
  "reward": 0.20356744422463716,
  "breakdown": {
    "sax": -2.0555812177011314,
    "sax_sig": 0.20255725066898353,
    "bass": -1.6444759084855276,
    "bass_sig": 0.2504305624125385,
    "piano": 0.08184991788761647,
    "piano_sig": 0.5136382691364569,
    "drums": -3.9691481690329375,
    "drums_sig": 0.0662298666266885,
    "ensemble": -0.5975150954783278,
    "ensemble_sig": 0.40171042155304665,
    "z_sum": -8.184870472810307,
    "combined": 0.20356744422463716,
    "sax_detail": {
      "total": -2.0555812177011314,
      "variety_gate": 0.5,
      "features": {
        "melodic_entropy": {
          "raw": 0.8812908992306927,
          "z_score": -3.128425063520453
        },
        "dur_cv": {
          "raw": 0.0,
          "z_score": -0.8880854560394412
        },
        "sax_arpeggio_runs": {
          "raw": 0,
          "z_score": -0.4150099290132615
        },
        "peak_not_late": {
          "raw": 1,
          "z_score": 0.6122586439155816
        },
        "blue_ratio": {
          "raw": 0.2727272727272727,
          "z_score": 0.594467034562881
        },
        "rhythm_2grams": {
          "raw": 1,
          "z_score": -0.8863676653075695
        }
      }
    },
    "bass_detail": {
      "total": -1.6444759084855276,
      "direction_gate": 1.0,
      "features": {
        "ioi_swing": {
          "raw": 0.0,
          "z_score": -0.8105992171032821
        },
        "non_chromatic_ratio": {
          "raw": 0.45454545454545453,
          "z_score": -0.8338766913822454
        }
      }
    },
    "piano_detail": {
      "total": 0.08184991788761647,
      "variety_gate": 0.5,
      "features": {
        "avg_chord_spread": {
          "raw": 7.0,
          "z_score": -0.39231441048034943
        },
        "gap_ratio": {
          "raw": 0.4,
          "z_score": 0.20276497695852527
        },
        "register_separation": {
          "raw": 13.43181818181818,
          "z_score": 0.9321966377181098
        },
        "velocity_variance": {
          "raw": 0.0,
          "z_score": -0.5789473684210527
        }
      }
    },
    "drums_detail": {
      "total": -3.9691481690329375,
      "features": {
        "kick_off_beat_ratio": {
          "raw": 0.0,
          "z_score": -2.7365401301933026
        },
        "snare_backbeat_ratio": {
          "raw": 0.0,
          "z_score": -0.5855710048313247
        },
        "velocity_variance": {
          "raw": 9.428090415820632,
          "z_score": -0.42881947175405066
        },
        "duration_variety": {
          "raw": 2,
          "z_score": -0.21821756225425926
        }
      }
    },
    "ensemble_detail": {
      "total": -0.5975150954783278,
      "duration_gate": 0.8,
      "features": {
        "collision_rate": {
          "raw": 0.5454545454545454,
          "z_score": -0.5837856173677067
        },
        "phrase_alignment": {
          "raw": 0.5,
          "z_score": -0.10624999999999991
        },
        "texture_density": {
          "raw": 0.5800000000000001,
          "z_score": -0.13279132791327924
        },
        "harmonic_consonance": {
          "raw": 0.7714285714285715,
          "z_score": 0.07593307593307615
        }
      }
    }
  },
  "has_midi": true,
  "error": null,
  "timestamp": "2025-11-30T17:21:33.360298"
}