{
  "step": 11,
  "rollout_id": 23,
  "key": "Dm",
  "tempo": 160,
  "reward": 0.2741731280630046,
  "breakdown": {
    "sax": -1.9426957515879038,
    "sax_sig": 0.21498568630130263,
    "bass": -1.6444759084855276,
    "bass_sig": 0.2504305624125385,
    "piano": -1.0545141246562595,
    "piano_sig": 0.3311453395134023,
    "drums": 1.2592224912748473,
    "drums_sig": 0.698356036557449,
    "ensemble": -2.4588472478466104,
    "ensemble_sig": 0.1625696598255927,
    "z_sum": -5.841310541301453,
    "combined": 0.2741731280630046,
    "sax_detail": {
      "total": -1.9426957515879038,
      "variety_gate": 0.5,
      "features": {
        "melodic_entropy": {
          "raw": 1.4591479170272446,
          "z_score": -1.93549150076952
        },
        "dur_cv": {
          "raw": 0.19764235376052372,
          "z_score": -0.563282902612122
        },
        "sax_arpeggio_runs": {
          "raw": 0,
          "z_score": -0.4150099290132615
        },
        "peak_not_late": {
          "raw": 1,
          "z_score": 0.6122586439155816
        },
        "blue_ratio": {
          "raw": 0.0,
          "z_score": -1.5838658146964857
        },
        "rhythm_2grams": {
          "raw": 2,
          "z_score": 0.0
        }
      }
    },
    "bass_detail": {
      "total": -1.6444759084855276,
      "direction_gate": 1.0,
      "features": {
        "ioi_swing": {
          "raw": 0.0,
          "z_score": -0.8105992171032821
        },
        "non_chromatic_ratio": {
          "raw": 0.45454545454545453,
          "z_score": -0.8338766913822454
        }
      }
    },
    "piano_detail": {
      "total": -1.0545141246562595,
      "variety_gate": 0.5,
      "features": {
        "avg_chord_spread": {
          "raw": 9.0,
          "z_score": -0.04296943231441056
        },
        "gap_ratio": {
          "raw": 0.6428571428571429,
          "z_score": -0.9163923633969719
        },
        "register_separation": {
          "raw": 3.142857142857146,
          "z_score": -0.5707190851800839
        },
        "velocity_variance": {
          "raw": 0.0,
          "z_score": -0.5789473684210527
        }
      }
    },
    "drums_detail": {
      "total": 1.2592224912748473,
      "features": {
        "kick_off_beat_ratio": {
          "raw": 0.6666666666666667,
          "z_score": -0.18822730440743424
        },
        "snare_backbeat_ratio": {
          "raw": 0.6,
          "z_score": 3.024385254531999
        },
        "velocity_variance": {
          "raw": 0.0,
          "z_score": -1.3587178965954583
        },
        "duration_variety": {
          "raw": 2,
          "z_score": -0.21821756225425926
        }
      }
    },
    "ensemble_detail": {
      "total": -2.4588472478466104,
      "duration_gate": 1.0,
      "features": {
        "collision_rate": {
          "raw": 0.5714285714285714,
          "z_score": -0.6807036247334752
        },
        "phrase_alignment": {
          "raw": 0.5,
          "z_score": -0.10624999999999991
        },
        "texture_density": {
          "raw": 0.32399999999999984,
          "z_score": 0.5609756097560981
        },
        "harmonic_consonance": {
          "raw": 0.5151515151515151,
          "z_score": -2.2328692328692332
        }
      }
    }
  },
  "has_midi": true,
  "error": null,
  "timestamp": "2025-11-30T18:19:57.841291"
}