{
  "id": 20,
  "generation": 22,
  "reward": 0.7780905439169323,
  "breakdown": {
    "sax": -0.09881949558496146,
    "sax_sig": 0.4835360382831258,
    "bass": 0.67913901439913,
    "bass_sig": 0.611295091810923,
    "piano": -0.6576531636840806,
    "piano_sig": 0.3921138350763197,
    "drums": 5.260568897764228,
    "drums_sig": 0.9708875838171539,
    "ensemble": 2.344205474512145,
    "ensemble_sig": 0.8267552904265573,
    "z_sum": 7.527440727406462,
    "combined": 0.7780905439169323,
    "sax_detail": {
      "total": -0.09881949558496146,
      "variety_gate": 0.5,
      "features": {
        "melodic_entropy": {
          "raw": 2.481714572986073,
          "z_score": 1.3153024539457596
        },
        "dur_cv": {
          "raw": 0.0,
          "z_score": -0.2978723404255319
        },
        "sax_arpeggio_runs": {
          "raw": 0,
          "z_score": -0.3391684901531729
        },
        "peak_not_late": {
          "raw": 1,
          "z_score": 0.42975206611570255
        },
        "blue_ratio": {
          "raw": 0.0,
          "z_score": -1.1730769230769231
        },
        "rhythm_2grams": {
          "raw": 1,
          "z_score": -0.13257575757575726
        }
      }
    },
    "bass_detail": {
      "total": 0.67913901439913,
      "direction_gate": 1.0,
      "features": {
        "ioi_swing": {
          "raw": 0.0,
          "z_score": -0.24855491329479767
        },
        "non_chromatic_ratio": {
          "raw": 0.7272727272727273,
          "z_score": 0.9276939276939278
        }
      }
    },
    "piano_detail": {
      "total": -0.6576531636840806,
      "variety_gate": 0.5,
      "features": {
        "avg_chord_spread": {
          "raw": 5.0,
          "z_score": -1.2670334320778671
        },
        "gap_ratio": {
          "raw": 0.625,
          "z_score": -0.1411764705882354
        },
        "register_separation": {
          "raw": 5.0,
          "z_score": 0.3236728060671722
        },
        "velocity_variance": {
          "raw": 0.0,
          "z_score": -0.23076923076923078
        }
      }
    },
    "drums_detail": {
      "total": 5.260568897764228,
      "features": {
        "kick_off_beat_ratio": {
          "raw": 1.0,
          "z_score": 3.787234042553192
        },
        "snare_backbeat_ratio": {
          "raw": 0.16666666666666666,
          "z_score": 1.2138364779874213
        },
        "velocity_variance": {
          "raw": 0.0,
          "z_score": -1.0697095435684647
        },
        "duration_variety": {
          "raw": 3,
          "z_score": 1.3292079207920793
        }
      }
    },
    "ensemble_detail": {
      "total": 2.344205474512145,
      "duration_gate": 1.0,
      "features": {
        "collision_rate": {
          "raw": 0.08333333333333333,
          "z_score": 0.7801418439716312
        },
        "phrase_alignment": {
          "raw": 0.5,
          "z_score": 0.8171206225680933
        },
        "texture_density": {
          "raw": 0.6279999999999999,
          "z_score": 0.15073529411764758
        },
        "harmonic_consonance": {
          "raw": 0.717948717948718,
          "z_score": 0.5962077138547726
        }
      }
    }
  },
  "metrics": {
    "reward": 0.7780905439169323,
    "note_count": 63,
    "valid_midi": 1.0,
    "unique_durs": 1,
    "has_rests": true
  },
  "has_midi": true,
  "error": null,
  "timestamp": "2025-11-30T21:39:53.571332"
}