{
  "step": 16,
  "rollout_id": 2,
  "key": "D",
  "tempo": 160,
  "reward": 0.6464994753280832,
  "breakdown": {
    "sax": 0.4711653416954991,
    "sax_sig": 0.5778882027559114,
    "bass": -1.4268630916029759,
    "bass_sig": 0.27863510207761855,
    "piano": 0.6286922103385412,
    "piano_sig": 0.6032746026667466,
    "drums": 4.355350488362655,
    "drums_sig": 0.9480224846617393,
    "ensemble": -0.4062204462048087,
    "ensemble_sig": 0.4327073607728314,
    "z_sum": 3.6221245025889104,
    "combined": 0.6464994753280832,
    "sax_detail": {
      "total": 0.4711653416954991,
      "variety_gate": 0.5,
      "features": {
        "melodic_entropy": {
          "raw": 2.4137995646056805,
          "z_score": 1.1732208464553986
        },
        "dur_cv": {
          "raw": 0.0,
          "z_score": -0.2978723404255319
        },
        "sax_arpeggio_runs": {
          "raw": 0,
          "z_score": -0.3391684901531729
        },
        "peak_not_late": {
          "raw": 1,
          "z_score": 0.42975206611570255
        },
        "blue_ratio": {
          "raw": 0.2,
          "z_score": 0.10897435897435907
        },
        "rhythm_2grams": {
          "raw": 1,
          "z_score": -0.13257575757575726
        }
      }
    },
    "bass_detail": {
      "total": -1.4268630916029759,
      "direction_gate": 1.0,
      "features": {
        "ioi_swing": {
          "raw": 0.0,
          "z_score": -0.24855491329479767
        },
        "non_chromatic_ratio": {
          "raw": 0.18181818181818182,
          "z_score": -1.1783081783081781
        }
      }
    },
    "piano_detail": {
      "total": 0.6286922103385412,
      "variety_gate": 0.5,
      "features": {
        "avg_chord_spread": {
          "raw": 8.5,
          "z_score": 0.21413457469318672
        },
        "gap_ratio": {
          "raw": 0.6923076923076923,
          "z_score": -0.53710407239819
        },
        "register_separation": {
          "raw": 10.49166666666666,
          "z_score": 1.8111231491513164
        },
        "velocity_variance": {
          "raw": 0.0,
          "z_score": -0.23076923076923078
        }
      }
    },
    "drums_detail": {
      "total": 4.355350488362655,
      "features": {
        "kick_off_beat_ratio": {
          "raw": 0.6,
          "z_score": 0.9503546099290777
        },
        "snare_backbeat_ratio": {
          "raw": 0.0,
          "z_score": -0.3584905660377358
        },
        "velocity_variance": {
          "raw": 10.923875949480443,
          "z_score": 1.1966547613029965
        },
        "duration_variety": {
          "raw": 4,
          "z_score": 2.5668316831683167
        }
      }
    },
    "ensemble_detail": {
      "total": -0.4062204462048087,
      "duration_gate": 1.0,
      "features": {
        "collision_rate": {
          "raw": 0.06666666666666667,
          "z_score": 0.8687943262411347
        },
        "phrase_alignment": {
          "raw": 0.75,
          "z_score": -0.15564202334630364
        },
        "texture_density": {
          "raw": 0.9640000000000001,
          "z_score": -1.084558823529412
        },
        "harmonic_consonance": {
          "raw": 0.6428571428571429,
          "z_score": -0.03481392557022786
        }
      }
    }
  },
  "has_midi": true,
  "error": null,
  "timestamp": "2025-11-30T22:48:38.768959"
}