{
  "id": 1,
  "generation": 43,
  "reward": 0.6492608346261582,
  "breakdown": {
    "sax": -2.1407438010541626,
    "sax_sig": 0.19354117933260048,
    "bass": -1.1876535626535627,
    "bass_sig": 0.3117889481187919,
    "piano": 3.590129606516333,
    "piano_sig": 0.9163241473511604,
    "drums": 2.027648554244778,
    "drums_sig": 0.7944181490857471,
    "ensemble_mult": 1.06,
    "z_sum": 2.289380797053386,
    "base_reward": 0.6125102213454323,
    "combined": 0.6492608346261582,
    "sax_detail": {
      "total": -2.1407438010541626,
      "variety_gate": 0.5,
      "features": {
        "melodic_entropy": {
          "raw": 1.8464393446710154,
          "z_score": -0.013725220353524128
        },
        "dur_cv": {
          "raw": 0.0,
          "z_score": -0.2978723404255319
        },
        "sax_arpeggio_runs": {
          "raw": 0,
          "z_score": -0.3391684901531729
        },
        "peak_not_late": {
          "raw": 0,
          "z_score": -2.325068870523416
        },
        "blue_ratio": {
          "raw": 0.0,
          "z_score": -1.1730769230769231
        },
        "rhythm_2grams": {
          "raw": 1,
          "z_score": -0.13257575757575726
        }
      }
    },
    "bass_detail": {
      "total": -1.1876535626535627,
      "chromatic_gate": 0.5,
      "direction_gate": 1.0,
      "features": {
        "duration_variety": {
          "raw": 1,
          "z_score": -1.0
        },
        "velocity_variance": {
          "raw": 0.0,
          "z_score": -1.25
        },
        "non_chromatic_ratio": {
          "raw": 0.45454545454545453,
          "z_score": -0.12530712530712532
        }
      }
    },
    "piano_detail": {
      "total": 3.590129606516333,
      "tonic_bonus": 1.0,
      "register_failed": false,
      "avg_pitch": 74.5,
      "features": {
        "unique_chords": {
          "raw": 2,
          "capped": 2,
          "z_score": 0.146551724137931,
          "weight": 1.0
        },
        "avg_chord_duration": {
          "raw": 0.5,
          "z_score": 1.5819672131147542,
          "weight": 1.5
        },
        "cluster_ratio": {
          "raw": 0.0,
          "z_score": 0.6666666666666667,
          "weight": 1.0
        },
        "out_of_key_ratio": {
          "raw": 0.0,
          "z_score": 0.6039603960396039,
          "weight": 1.0
        },
        "chord_duration_variety": {
          "raw": 1,
          "z_score": -0.20000000000000018,
          "weight": 1.0
        }
      }
    },
    "drums_detail": {
      "total": 2.027648554244778,
      "features": {
        "duration_variety": {
          "raw": 3,
          "z_score": 1.3048327137546467
        },
        "kick_off_beat_ratio": {
          "raw": 0.5,
          "z_score": 0.23571428571428552
        },
        "velocity_variance": {
          "raw": 7.637626158259733,
          "z_score": 0.487101554775846
        }
      }
    },
    "ensemble_detail": {
      "total": 1.06,
      "dynamic_coherence": 0.7999999999999999
    }
  },
  "metrics": {
    "reward": 0.6492608346261582,
    "note_count": 47,
    "valid_midi": 1.0,
    "unique_durs": 1,
    "has_rests": true
  },
  "has_midi": true,
  "error": null,
  "timestamp": "2025-12-02T15:17:50.331052"
}