{
  "step": 3,
  "rollout_id": 4,
  "key": "Dm",
  "tempo": 160,
  "reward": 0.5988830055389662,
  "breakdown": {
    "sax": 1.2501898646466791,
    "sax_sig": 0.6970860121447513,
    "bass": -0.7248623896022739,
    "bass_sig": 0.38148696295716106,
    "piano": -0.46424661176036597,
    "piano_sig": 0.4232373392819682,
    "drums": 2.659469633941127,
    "drums_sig": 0.8548278415504731,
    "ensemble": -0.31567176985317996,
    "ensemble_sig": 0.4475813567401583,
    "z_sum": 2.4048787273719863,
    "combined": 0.5988830055389662,
    "sax_detail": {
      "total": 1.2501898646466791,
      "variety_gate": 0.5,
      "features": {
        "melodic_entropy": {
          "raw": 2.75,
          "z_score": 1.876569037656904
        },
        "dur_cv": {
          "raw": 0.0,
          "z_score": -0.2978723404255319
        },
        "sax_arpeggio_runs": {
          "raw": 0,
          "z_score": -0.3391684901531729
        },
        "peak_not_late": {
          "raw": 1,
          "z_score": 0.42975206611570255
        },
        "blue_ratio": {
          "raw": 0.3333333333333333,
          "z_score": 0.9636752136752136
        },
        "rhythm_2grams": {
          "raw": 1,
          "z_score": -0.13257575757575726
        }
      }
    },
    "bass_detail": {
      "total": -0.7248623896022739,
      "direction_gate": 1.0,
      "features": {
        "ioi_swing": {
          "raw": 0.0,
          "z_score": -0.24855491329479767
        },
        "non_chromatic_ratio": {
          "raw": 0.36363636363636365,
          "z_score": -0.4763074763074762
        }
      }
    },
    "piano_detail": {
      "total": -0.46424661176036597,
      "variety_gate": 0.5,
      "features": {
        "avg_chord_spread": {
          "raw": 9.0,
          "z_score": 0.4257300042319087
        },
        "gap_ratio": {
          "raw": 0.6666666666666666,
          "z_score": -0.3862745098039215
        },
        "register_separation": {
          "raw": 1.0833333333333286,
          "z_score": -0.7371794871794884
        },
        "velocity_variance": {
          "raw": 0.0,
          "z_score": -0.23076923076923078
        }
      }
    },
    "drums_detail": {
      "total": 2.659469633941127,
      "features": {
        "kick_off_beat_ratio": {
          "raw": 0.5,
          "z_score": 0.2411347517730495
        },
        "snare_backbeat_ratio": {
          "raw": 0.0,
          "z_score": -0.3584905660377358
        },
        "velocity_variance": {
          "raw": 12.133516482134198,
          "z_score": 1.447617527413734
        },
        "duration_variety": {
          "raw": 3,
          "z_score": 1.3292079207920793
        }
      }
    },
    "ensemble_detail": {
      "total": -0.31567176985317996,
      "duration_gate": 1.0,
      "features": {
        "collision_rate": {
          "raw": 0.1111111111111111,
          "z_score": 0.632387706855792
        },
        "phrase_alignment": {
          "raw": 0.6666666666666666,
          "z_score": 0.16861219195849547
        },
        "texture_density": {
          "raw": 0.8,
          "z_score": -0.48161764705882354
        },
        "harmonic_consonance": {
          "raw": 0.5714285714285714,
          "z_score": -0.6350540216086439
        }
      }
    }
  },
  "has_midi": true,
  "error": null,
  "timestamp": "2025-11-30T21:28:53.596623"
}