{
  "step": 38,
  "rollout_id": 12,
  "key": "F",
  "tempo": 160,
  "reward": 0.52611488687317,
  "breakdown": {
    "sax": -2.1503927408496817,
    "sax_sig": 0.19253913456358296,
    "bass": -1.064431896801839,
    "bass_sig": 0.3296825322844519,
    "piano": -1.2432677769580922,
    "piano_sig": 0.30388930516579166,
    "drums": 4.934440996273409,
    "drums_sig": 0.9640712478812821,
    "ensemble": 0.15097955863437307,
    "ensemble_sig": 0.5251420371189376,
    "z_sum": 0.6273281402981691,
    "combined": 0.52611488687317,
    "sax_detail": {
      "total": -2.1503927408496817,
      "variety_gate": 0.5,
      "features": {
        "melodic_entropy": {
          "raw": 1.224394445405986,
          "z_score": -1.315074381995845
        },
        "dur_cv": {
          "raw": 0.0,
          "z_score": -0.2978723404255319
        },
        "sax_arpeggio_runs": {
          "raw": 0,
          "z_score": -0.3391684901531729
        },
        "peak_not_late": {
          "raw": 0,
          "z_score": -2.325068870523416
        },
        "blue_ratio": {
          "raw": 0.2,
          "z_score": 0.10897435897435907
        },
        "rhythm_2grams": {
          "raw": 1,
          "z_score": -0.13257575757575726
        }
      }
    },
    "bass_detail": {
      "total": -1.064431896801839,
      "direction_gate": 0.5,
      "features": {
        "ioi_swing": {
          "raw": 0.0,
          "z_score": -0.24855491329479767
        },
        "non_chromatic_ratio": {
          "raw": 0.0,
          "z_score": -1.88030888030888
        }
      }
    },
    "piano_detail": {
      "total": -1.2432677769580922,
      "variety_gate": 0.5,
      "features": {
        "avg_chord_spread": {
          "raw": 7.0,
          "z_score": -0.4206517139229792
        },
        "gap_ratio": {
          "raw": 0.7692307692307693,
          "z_score": -0.9895927601809957
        },
        "register_separation": {
          "raw": 0.6833333333333229,
          "z_score": -0.8455218490429787
        },
        "velocity_variance": {
          "raw": 0.0,
          "z_score": -0.23076923076923078
        }
      }
    },
    "drums_detail": {
      "total": 4.934440996273409,
      "features": {
        "kick_off_beat_ratio": {
          "raw": 0.6666666666666667,
          "z_score": 1.423167848699764
        },
        "snare_backbeat_ratio": {
          "raw": 0.0,
          "z_score": -0.3584905660377358
        },
        "velocity_variance": {
          "raw": 11.436132386735569,
          "z_score": 1.302932030443064
        },
        "duration_variety": {
          "raw": 4,
          "z_score": 2.5668316831683167
        }
      }
    },
    "ensemble_detail": {
      "total": 0.15097955863437307,
      "duration_gate": 1.0,
      "features": {
        "collision_rate": {
          "raw": 0.3,
          "z_score": -0.37234042553191476
        },
        "phrase_alignment": {
          "raw": 0.6666666666666666,
          "z_score": 0.16861219195849547
        },
        "texture_density": {
          "raw": 0.756,
          "z_score": -0.31985294117647045
        },
        "harmonic_consonance": {
          "raw": 0.7272727272727273,
          "z_score": 0.6745607333842628
        }
      }
    }
  },
  "has_midi": true,
  "error": null,
  "timestamp": "2025-12-01T02:18:17.980402"
}