{
  "id": 21,
  "generation": 38,
  "reward": 0.33214705490653024,
  "breakdown": {
    "sax": 0.48253033838536274,
    "sax_sig": 0.5797353056173068,
    "bass": -0.5201121848520691,
    "bass_sig": 0.4141728317682556,
    "piano": -0.49149813410376786,
    "piano_sig": 0.41880876995522676,
    "drums": -2.215749147528861,
    "drums_sig": 0.18585584503363473,
    "ensemble": -1.446112071370481,
    "ensemble_sig": 0.27606311136542816,
    "z_sum": -4.190941199469815,
    "combined": 0.33214705490653024,
    "sax_detail": {
      "total": 0.48253033838536274,
      "variety_gate": 0.25,
      "features": {
        "melodic_entropy": {
          "raw": 2.3071885761626683,
          "z_score": 0.9501853057796408
        },
        "dur_cv": {
          "raw": 0.0,
          "z_score": -0.2978723404255319
        },
        "sax_arpeggio_runs": {
          "raw": 0,
          "z_score": -0.3391684901531729
        },
        "peak_not_late": {
          "raw": 1,
          "z_score": 0.42975206611570255
        },
        "blue_ratio": {
          "raw": 0.3888888888888889,
          "z_score": 1.31980056980057
        },
        "rhythm_2grams": {
          "raw": 1,
          "z_score": -0.13257575757575726
        }
      }
    },
    "bass_detail": {
      "total": -0.5201121848520691,
      "direction_gate": 1.0,
      "features": {
        "ioi_swing": {
          "raw": 0.0,
          "z_score": -0.24855491329479767
        },
        "non_chromatic_ratio": {
          "raw": 0.4166666666666667,
          "z_score": -0.27155727155727144
        }
      }
    },
    "piano_detail": {
      "total": -0.49149813410376786,
      "variety_gate": 0.5,
      "features": {
        "avg_chord_spread": {
          "raw": 0.0,
          "z_score": -3.0
        },
        "gap_ratio": {
          "raw": 0.0,
          "z_score": 3.0
        },
        "register_separation": {
          "raw": 1.0277777777777786,
          "z_score": -0.7522270374383049
        },
        "velocity_variance": {
          "raw": 0.0,
          "z_score": -0.23076923076923078
        }
      }
    },
    "drums_detail": {
      "total": -2.215749147528861,
      "features": {
        "kick_off_beat_ratio": {
          "raw": 0.0,
          "z_score": -3.0
        },
        "snare_backbeat_ratio": {
          "raw": 1.0,
          "z_score": 3.0
        },
        "velocity_variance": {
          "raw": 0.0,
          "z_score": -1.0697095435684647
        },
        "duration_variety": {
          "raw": 1,
          "z_score": -1.146039603960396
        }
      }
    },
    "ensemble_detail": {
      "total": -1.446112071370481,
      "duration_gate": 1.0,
      "features": {
        "collision_rate": {
          "raw": 0.16666666666666666,
          "z_score": 0.3368794326241136
        },
        "phrase_alignment": {
          "raw": 1.0,
          "z_score": -1.1284046692607006
        },
        "texture_density": {
          "raw": 0.892,
          "z_score": -0.8198529411764705
        },
        "harmonic_consonance": {
          "raw": 0.6666666666666666,
          "z_score": 0.16526610644257655
        }
      }
    }
  },
  "metrics": {
    "reward": 0.33214705490653024,
    "note_count": 53,
    "valid_midi": 1.0,
    "unique_durs": 1,
    "has_rests": false
  },
  "has_midi": true,
  "error": null,
  "timestamp": "2025-12-01T02:27:51.298978"
}