{
  "id": 20,
  "generation": 17,
  "reward": 0.7532212510876162,
  "breakdown": {
    "sax": 0.22803209415500578,
    "sax_sig": 0.5379323242182205,
    "bass": -0.5379313703013126,
    "bass_sig": 0.4112934448315461,
    "piano": 2.1980343900266957,
    "piano_sig": 0.8123505341133654,
    "drums": 4.583665445506727,
    "drums_sig": 0.955031280290215,
    "ensemble": 0.22340041447492093,
    "ensemble_sig": 0.537164731205135,
    "z_sum": 6.695200973862037,
    "combined": 0.7532212510876162,
    "sax_detail": {
      "total": 0.22803209415500578,
      "variety_gate": 0.25,
      "features": {
        "melodic_entropy": {
          "raw": 2.663532754804255,
          "z_score": 1.695675219255764
        },
        "dur_cv": {
          "raw": 0.0,
          "z_score": -0.2978723404255319
        },
        "sax_arpeggio_runs": {
          "raw": 1,
          "z_score": 0.39022611232676874
        },
        "peak_not_late": {
          "raw": 1,
          "z_score": 0.42975206611570255
        },
        "blue_ratio": {
          "raw": 0.0,
          "z_score": -1.1730769230769231
        },
        "rhythm_2grams": {
          "raw": 1,
          "z_score": -0.13257575757575726
        }
      }
    },
    "bass_detail": {
      "total": -0.5379313703013126,
      "direction_gate": 0.5,
      "features": {
        "ioi_swing": {
          "raw": 0.0,
          "z_score": -0.24855491329479767
        },
        "non_chromatic_ratio": {
          "raw": 0.2727272727272727,
          "z_score": -0.8273078273078274
        }
      }
    },
    "piano_detail": {
      "total": 2.1980343900266957,
      "variety_gate": 0.5,
      "features": {
        "avg_chord_spread": {
          "raw": 10.166666666666666,
          "z_score": 0.919452673155593
        },
        "gap_ratio": {
          "raw": 0.0,
          "z_score": 3.0
        },
        "register_separation": {
          "raw": 6.416666666666671,
          "z_score": 0.707385337667029
        },
        "velocity_variance": {
          "raw": 0.0,
          "z_score": -0.23076923076923078
        }
      }
    },
    "drums_detail": {
      "total": 4.583665445506727,
      "features": {
        "kick_off_beat_ratio": {
          "raw": 0.75,
          "z_score": 2.0141843971631204
        },
        "snare_backbeat_ratio": {
          "raw": 0.0,
          "z_score": -0.3584905660377358
        },
        "velocity_variance": {
          "raw": 12.86204100310025,
          "z_score": 1.5987636935892635
        },
        "duration_variety": {
          "raw": 3,
          "z_score": 1.3292079207920793
        }
      }
    },
    "ensemble_detail": {
      "total": 0.22340041447492093,
      "duration_gate": 1.0,
      "features": {
        "collision_rate": {
          "raw": 0.4166666666666667,
          "z_score": -0.9929078014184397
        },
        "phrase_alignment": {
          "raw": 1.0,
          "z_score": -1.1284046692607006
        },
        "texture_density": {
          "raw": 0,
          "z_score": 2.4595588235294117
        },
        "harmonic_consonance": {
          "raw": 0.6333333333333333,
          "z_score": -0.11484593837535056
        }
      }
    }
  },
  "metrics": {
    "reward": 0.7532212510876162,
    "note_count": 84,
    "valid_midi": 1.0,
    "unique_durs": 1,
    "has_rests": false
  },
  "has_midi": true,
  "error": null,
  "timestamp": "2025-11-30T23:31:58.800143"
}