{
  "step": 12,
  "rollout_id": 18,
  "key": "Fm",
  "tempo": 160,
  "reward": 0.16826779634178377,
  "breakdown": {
    "sax": -0.33404991344856555,
    "sax_sig": 0.44455398023231607,
    "bass": -1.6444759084855276,
    "bass_sig": 0.2504305624125385,
    "piano": -1.5486130007775014,
    "piano_sig": 0.26261740034295733,
    "drums": -3.6248901809814105,
    "drums_sig": 0.08191608300770056,
    "ensemble": -2.435693689927855,
    "ensemble_sig": 0.16468204894380675,
    "z_sum": -9.587722693620861,
    "combined": 0.16826779634178377,
    "sax_detail": {
      "total": -0.33404991344856555,
      "variety_gate": 0.25,
      "features": {
        "melodic_entropy": {
          "raw": 2.521928094887362,
          "z_score": 0.25852207862791465
        },
        "dur_cv": {
          "raw": 0.0,
          "z_score": -0.8880854560394412
        },
        "sax_arpeggio_runs": {
          "raw": 1,
          "z_score": -0.30088333980050674
        },
        "peak_not_late": {
          "raw": 1,
          "z_score": 0.6122586439155816
        },
        "blue_ratio": {
          "raw": 0.18181818181818182,
          "z_score": -0.13164391519024105
        },
        "rhythm_2grams": {
          "raw": 1,
          "z_score": -0.8863676653075695
        }
      }
    },
    "bass_detail": {
      "total": -1.6444759084855276,
      "direction_gate": 1.0,
      "features": {
        "ioi_swing": {
          "raw": 0.0,
          "z_score": -0.8105992171032821
        },
        "non_chromatic_ratio": {
          "raw": 0.45454545454545453,
          "z_score": -0.8338766913822454
        }
      }
    },
    "piano_detail": {
      "total": -1.5486130007775014,
      "variety_gate": 0.5,
      "features": {
        "avg_chord_spread": {
          "raw": 7.0,
          "z_score": -0.39231441048034943
        },
        "gap_ratio": {
          "raw": 0.7142857142857143,
          "z_score": -1.2455562870309416
        },
        "register_separation": {
          "raw": 1.0227272727272734,
          "z_score": -0.8804079356226594
        },
        "velocity_variance": {
          "raw": 0.0,
          "z_score": -0.5789473684210527
        }
      }
    },
    "drums_detail": {
      "total": -3.6248901809814105,
      "features": {
        "kick_off_beat_ratio": {
          "raw": 0.33333333333333337,
          "z_score": -1.4623837173003684
        },
        "snare_backbeat_ratio": {
          "raw": 0.0,
          "z_score": -0.5855710048313247
        },
        "velocity_variance": {
          "raw": 0.0,
          "z_score": -1.3587178965954583
        },
        "duration_variety": {
          "raw": 2,
          "z_score": -0.21821756225425926
        }
      }
    },
    "ensemble_detail": {
      "total": -2.435693689927855,
      "duration_gate": 1.0,
      "features": {
        "collision_rate": {
          "raw": 0.18181818181818182,
          "z_score": 0.7730664857530529
        },
        "phrase_alignment": {
          "raw": 0.5,
          "z_score": -0.10624999999999991
        },
        "texture_density": {
          "raw": 0.944,
          "z_score": -1.1192411924119239
        },
        "harmonic_consonance": {
          "raw": 0.5428571428571428,
          "z_score": -1.9832689832689838
        }
      }
    }
  },
  "has_midi": true,
  "error": null,
  "timestamp": "2025-11-30T18:24:16.243928"
}