{
  "id": 7,
  "generation": 28,
  "reward": 0.3030206490389183,
  "breakdown": {
    "sax": -1.0856907821385087,
    "sax_sig": 0.32655809797153434,
    "bass": 0.05888279355975401,
    "bass_sig": 0.5098125388896634,
    "piano": -1.228514414522099,
    "piano_sig": 0.305973932700463,
    "drums": -1.1961722888992443,
    "drums_sig": 0.3105716396701635,
    "ensemble": -1.546234305382922,
    "ensemble_sig": 0.2629246047075036,
    "z_sum": -4.99772899738302,
    "combined": 0.3030206490389183,
    "sax_detail": {
      "total": -1.0856907821385087,
      "variety_gate": 0.5,
      "features": {
        "melodic_entropy": {
          "raw": 2.2312702546075758,
          "z_score": -0.3415147510165654
        },
        "dur_cv": {
          "raw": 0.0,
          "z_score": -0.8880854560394412
        },
        "sax_arpeggio_runs": {
          "raw": 0,
          "z_score": -0.4150099290132615
        },
        "peak_not_late": {
          "raw": 1,
          "z_score": 0.6122586439155816
        },
        "blue_ratio": {
          "raw": 0.16666666666666666,
          "z_score": -0.2526624068157615
        },
        "rhythm_2grams": {
          "raw": 1,
          "z_score": -0.8863676653075695
        }
      }
    },
    "bass_detail": {
      "total": 0.05888279355975401,
      "direction_gate": 1.0,
      "features": {
        "ioi_swing": {
          "raw": 0.565685424949238,
          "z_score": 0.8927594849419994
        },
        "non_chromatic_ratio": {
          "raw": 0.45454545454545453,
          "z_score": -0.8338766913822454
        }
      }
    },
    "piano_detail": {
      "total": -1.228514414522099,
      "variety_gate": 1.0,
      "features": {
        "avg_chord_spread": {
          "raw": 9.5,
          "z_score": 0.044366812227074164
        },
        "gap_ratio": {
          "raw": 0.6,
          "z_score": -0.7188940092165897
        },
        "register_separation": {
          "raw": 2.4166666666666714,
          "z_score": -0.676794235076443
        },
        "velocity_variance": {
          "raw": 0.06666666666666667,
          "z_score": 0.12280701754385963
        }
      }
    },
    "drums_detail": {
      "total": -1.1961722888992443,
      "features": {
        "kick_off_beat_ratio": {
          "raw": 0.5,
          "z_score": -0.8253055108539016
        },
        "snare_backbeat_ratio": {
          "raw": 0.3333333333333333,
          "z_score": 1.4199602503705218
        },
        "velocity_variance": {
          "raw": 10.0,
          "z_score": -0.3724116735653855
        },
        "duration_variety": {
          "raw": 1,
          "z_score": -1.418415354850479
        }
      }
    },
    "ensemble_detail": {
      "total": -1.546234305382922,
      "duration_gate": 1.0,
      "features": {
        "collision_rate": {
          "raw": 0.0,
          "z_score": 1.4514925373134329
        },
        "phrase_alignment": {
          "raw": 0.5,
          "z_score": -0.10624999999999991
        },
        "texture_density": {
          "raw": 0.8160000000000001,
          "z_score": -0.7723577235772359
        },
        "harmonic_consonance": {
          "raw": 0.5277777777777778,
          "z_score": -2.119119119119119
        }
      }
    }
  },
  "metrics": {
    "reward": 0.3030206490389183,
    "note_count": 62,
    "valid_midi": 1.0,
    "unique_durs": 1,
    "has_rests": true
  },
  "has_midi": true,
  "error": null,
  "timestamp": "2025-11-30T17:31:09.632614"
}