{
  "id": 2,
  "generation": 7,
  "reward": 0.577351914142534,
  "breakdown": {
    "sax": -0.23556262449633797,
    "sax_sig": 0.4608200511937714,
    "bass": -1.6733064233064234,
    "bass_sig": 0.24683994787785302,
    "piano": 1.7059186928367858,
    "piano_sig": 0.7571797335500778,
    "drums": 1.2388419865269056,
    "drums_sig": 0.695486177694455,
    "ensemble_mult": 1.0466666666666666,
    "z_sum": 1.03589163156093,
    "base_reward": 0.5516101090533764,
    "combined": 0.577351914142534,
    "sax_detail": {
      "total": -0.23556262449633797,
      "variety_gate": 0.5,
      "features": {
        "melodic_entropy": {
          "raw": 1.584962500721156,
          "z_score": -0.5607479064410961
        },
        "dur_cv": {
          "raw": 0.0,
          "z_score": -0.2978723404255319
        },
        "sax_arpeggio_runs": {
          "raw": 0,
          "z_score": -0.3391684901531729
        },
        "peak_not_late": {
          "raw": 1,
          "z_score": 0.42975206611570255
        },
        "blue_ratio": {
          "raw": 0.25,
          "z_score": 0.4294871794871795
        },
        "rhythm_2grams": {
          "raw": 1,
          "z_score": -0.13257575757575726
        }
      }
    },
    "bass_detail": {
      "total": -1.6733064233064234,
      "chromatic_gate": 1.0,
      "direction_gate": 1.0,
      "features": {
        "duration_variety": {
          "raw": 1,
          "z_score": -1.0
        },
        "velocity_variance": {
          "raw": 0.0,
          "z_score": -1.25
        },
        "non_chromatic_ratio": {
          "raw": 0.6363636363636364,
          "z_score": 0.5766935766935767
        }
      }
    },
    "piano_detail": {
      "total": 1.7059186928367858,
      "tonic_bonus": 1.0,
      "register_failed": false,
      "avg_pitch": 52.5,
      "features": {
        "unique_chords": {
          "raw": 3,
          "capped": 3,
          "z_score": 1.0086206896551724,
          "weight": 1.0
        },
        "avg_chord_duration": {
          "raw": 1.5,
          "z_score": 3.0,
          "weight": 1.5
        },
        "cluster_ratio": {
          "raw": 1.0,
          "z_score": -1.7314148681055157,
          "weight": 1.0
        },
        "out_of_key_ratio": {
          "raw": 0.25,
          "z_score": -1.8712871287128712,
          "weight": 1.0
        },
        "chord_duration_variety": {
          "raw": 1,
          "z_score": -0.20000000000000018,
          "weight": 1.0
        }
      }
    },
    "drums_detail": {
      "total": 1.2388419865269056,
      "features": {
        "duration_variety": {
          "raw": 2,
          "z_score": 0.06567534076827748
        },
        "kick_off_beat_ratio": {
          "raw": 0.5,
          "z_score": 0.23571428571428552
        },
        "velocity_variance": {
          "raw": 9.797958971132712,
          "z_score": 0.9374523600443426
        }
      }
    },
    "ensemble_detail": {
      "total": 1.0466666666666666,
      "dynamic_coherence": 0.7333333333333334
    }
  },
  "metrics": {
    "reward": 0.577351914142534,
    "note_count": 48,
    "valid_midi": 1.0,
    "unique_durs": 1,
    "has_rests": true
  },
  "has_midi": true,
  "error": null,
  "timestamp": "2025-12-01T22:14:41.623042"
}