{
  "step": 57,
  "rollout_id": 14,
  "key": "D",
  "tempo": 160,
  "reward": 1.003997773470917,
  "breakdown": {
    "sax": 2.3741401701116747,
    "sax_sig": 0.8295950622297086,
    "bass": 4.528694278694279,
    "bass_sig": 0.9534308910144373,
    "piano": 4.917818275253473,
    "piano_sig": 0.9636854170885173,
    "drums": 4.204035513196222,
    "drums_sig": 0.9428210320949701,
    "ensemble_mult": 1.0447213595499958,
    "z_sum": 16.02468823725565,
    "base_reward": 0.9610196673909107,
    "combined": 1.003997773470917,
    "sax_detail": {
      "total": 2.3741401701116747,
      "variety_gate": 0.5,
      "features": {
        "melodic_entropy": {
          "raw": 1.4604846813131114,
          "z_score": -0.8211617545750808
        },
        "dur_cv": {
          "raw": 0.2421610524189263,
          "z_score": 2.27830906828645
        },
        "sax_arpeggio_runs": {
          "raw": 0,
          "z_score": -0.3391684901531729
        },
        "peak_not_late": {
          "raw": 1,
          "z_score": 0.42975206611570255
        },
        "blue_ratio": {
          "raw": 0.21428571428571427,
          "z_score": 0.2005494505494505
        },
        "rhythm_2grams": {
          "raw": 3,
          "z_score": 3.0
        }
      }
    },
    "bass_detail": {
      "total": 4.528694278694279,
      "chromatic_gate": 1.0,
      "direction_gate": 1.0,
      "features": {
        "duration_variety": {
          "raw": 4,
          "z_score": 2.0
        },
        "velocity_variance": {
          "raw": 10.0,
          "z_score": 1.25
        },
        "non_chromatic_ratio": {
          "raw": 0.8181818181818182,
          "z_score": 1.278694278694279
        }
      }
    },
    "piano_detail": {
      "total": 4.917818275253473,
      "tonic_bonus": 1.0,
      "register_failed": false,
      "avg_pitch": 69.83333333333333,
      "features": {
        "unique_chords": {
          "raw": 2,
          "capped": 2,
          "z_score": 0.146551724137931,
          "weight": 1.0
        },
        "avg_chord_duration": {
          "raw": 1.5,
          "z_score": 3.0,
          "weight": 1.5
        },
        "cluster_ratio": {
          "raw": 0.3333333333333333,
          "z_score": -0.13269384492406067,
          "weight": 1.0
        },
        "out_of_key_ratio": {
          "raw": 0.0,
          "z_score": 0.6039603960396039,
          "weight": 1.0
        },
        "chord_duration_variety": {
          "raw": 1,
          "z_score": -0.20000000000000018,
          "weight": 1.0
        }
      }
    },
    "drums_detail": {
      "total": 4.204035513196222,
      "features": {
        "duration_variety": {
          "raw": 4,
          "z_score": 2.5439900867410157
        },
        "kick_off_beat_ratio": {
          "raw": 0.5,
          "z_score": 0.23571428571428552
        },
        "velocity_variance": {
          "raw": 12.133516482134198,
          "z_score": 1.424331140740921
        }
      }
    },
    "ensemble_detail": {
      "total": 1.0447213595499958,
      "dynamic_coherence": 0.7236067977499789
    }
  },
  "has_midi": true,
  "error": null,
  "timestamp": "2025-12-02T15:13:10.786128"
}