{
  "id": 31,
  "generation": 30,
  "reward": 0.376511763440151,
  "breakdown": {
    "sax": -1.5189706965127514,
    "sax_sig": 0.26646212261586144,
    "bass": -1.0121533871533872,
    "bass_sig": 0.3374298225950656,
    "piano": 0.27605992624718584,
    "piano_sig": 0.5458805601826787,
    "drums": -0.8523572220688911,
    "drums_sig": 0.36164346230445377,
    "ensemble_mult": 1.0774596669241483,
    "z_sum": -3.1074213794878442,
    "base_reward": 0.34944395135920847,
    "combined": 0.376511763440151,
    "sax_detail": {
      "total": -1.5189706965127514,
      "variety_gate": 0.5,
      "features": {
        "melodic_entropy": {
          "raw": 0.9182958340544896,
          "z_score": -1.9554480459111097
        },
        "dur_cv": {
          "raw": 0.3333333333333333,
          "z_score": 3.0
        },
        "sax_arpeggio_runs": {
          "raw": 0,
          "z_score": -0.3391684901531729
        },
        "peak_not_late": {
          "raw": 1,
          "z_score": 0.42975206611570255
        },
        "blue_ratio": {
          "raw": 0.0,
          "z_score": -1.1730769230769231
        },
        "rhythm_2grams": {
          "raw": 0,
          "z_score": -3.0
        }
      }
    },
    "bass_detail": {
      "total": -1.0121533871533872,
      "chromatic_gate": 0.5,
      "direction_gate": 1.0,
      "features": {
        "duration_variety": {
          "raw": 1,
          "z_score": -1.0
        },
        "velocity_variance": {
          "raw": 0.0,
          "z_score": -1.25
        },
        "non_chromatic_ratio": {
          "raw": 0.5454545454545454,
          "z_score": 0.22569322569322559
        }
      }
    },
    "piano_detail": {
      "total": 0.27605992624718584,
      "tonic_bonus": 1.2,
      "register_failed": false,
      "avg_pitch": 57.857142857142854,
      "features": {
        "unique_chords": {
          "raw": 3,
          "capped": 3,
          "z_score": 1.0086206896551724,
          "weight": 1.0
        },
        "avg_chord_duration": {
          "raw": 0.375,
          "z_score": 0.5573770491803279,
          "weight": 1.5
        },
        "cluster_ratio": {
          "raw": 0.3333333333333333,
          "z_score": -0.13269384492406067,
          "weight": 1.0
        },
        "out_of_key_ratio": {
          "raw": 0.19047619047619047,
          "z_score": -1.2819424799622818,
          "weight": 1.0
        },
        "chord_duration_variety": {
          "raw": 1,
          "z_score": -0.20000000000000018,
          "weight": 1.0
        }
      }
    },
    "drums_detail": {
      "total": -0.8523572220688911,
      "features": {
        "duration_variety": {
          "raw": 1,
          "z_score": -1.1734820322180917
        },
        "kick_off_beat_ratio": {
          "raw": 0.6666666666666667,
          "z_score": 1.4261904761904765
        },
        "velocity_variance": {
          "raw": 0.0,
          "z_score": -1.1050656660412759
        }
      }
    },
    "ensemble_detail": {
      "total": 1.0774596669241483,
      "dynamic_coherence": 0.8872983346207417
    }
  },
  "metrics": {
    "reward": 0.376511763440151,
    "note_count": 61,
    "valid_midi": 1.0,
    "unique_durs": 2,
    "has_rests": false
  },
  "has_midi": true,
  "error": null,
  "timestamp": "2025-12-02T14:14:20.373673"
}