{
  "step": 39,
  "rollout_id": 28,
  "key": "F",
  "tempo": 160,
  "reward": 0.9249083342632518,
  "breakdown": {
    "sax": -0.12109376002747359,
    "sax_sig": 0.4798286605258449,
    "bass": -0.7248623896022739,
    "bass_sig": 0.38148696295716106,
    "piano": 6.522661811371395,
    "piano_sig": 0.9872380260538451,
    "drums": 6.5067680402985655,
    "drums_sig": 0.9871038363240595,
    "ensemble": 2.8824366425931243,
    "ensemble_sig": 0.872319469064209,
    "z_sum": 15.065910344633338,
    "combined": 0.9249083342632518,
    "sax_detail": {
      "total": -0.12109376002747359,
      "variety_gate": 0.5,
      "features": {
        "melodic_entropy": {
          "raw": 1.584962500721156,
          "z_score": -0.5607479064410961
        },
        "dur_cv": {
          "raw": 0.0,
          "z_score": -0.2978723404255319
        },
        "sax_arpeggio_runs": {
          "raw": 0,
          "z_score": -0.3391684901531729
        },
        "peak_not_late": {
          "raw": 1,
          "z_score": 0.42975206611570255
        },
        "blue_ratio": {
          "raw": 0.2857142857142857,
          "z_score": 0.6584249084249083
        },
        "rhythm_2grams": {
          "raw": 1,
          "z_score": -0.13257575757575726
        }
      }
    },
    "bass_detail": {
      "total": -0.7248623896022739,
      "direction_gate": 1.0,
      "features": {
        "ioi_swing": {
          "raw": 0.0,
          "z_score": -0.24855491329479767
        },
        "non_chromatic_ratio": {
          "raw": 0.36363636363636365,
          "z_score": -0.4763074763074762
        }
      }
    },
    "piano_detail": {
      "total": 6.522661811371395,
      "variety_gate": 1.0,
      "features": {
        "avg_chord_spread": {
          "raw": 10.666666666666666,
          "z_score": 1.1310481026943149
        },
        "gap_ratio": {
          "raw": 0.45454545454545453,
          "z_score": 0.8614973262032085
        },
        "register_separation": {
          "raw": 3.238095238095241,
          "z_score": -0.15354950214105073
        },
        "velocity_variance": {
          "raw": 0.06388765649999399,
          "z_score": 4.683665884614922
        }
      }
    },
    "drums_detail": {
      "total": 6.5067680402985655,
      "features": {
        "kick_off_beat_ratio": {
          "raw": 0.6666666666666667,
          "z_score": 1.423167848699764
        },
        "snare_backbeat_ratio": {
          "raw": 0.16666666666666666,
          "z_score": 1.2138364779874213
        },
        "velocity_variance": {
          "raw": 11.436132386735569,
          "z_score": 1.302932030443064
        },
        "duration_variety": {
          "raw": 4,
          "z_score": 2.5668316831683167
        }
      }
    },
    "ensemble_detail": {
      "total": 2.8824366425931243,
      "duration_gate": 1.0,
      "features": {
        "collision_rate": {
          "raw": 0.0,
          "z_score": 1.223404255319149
        },
        "phrase_alignment": {
          "raw": 0.5,
          "z_score": 0.8171206225680933
        },
        "texture_density": {
          "raw": 0.42400000000000004,
          "z_score": 0.900735294117647
        },
        "harmonic_consonance": {
          "raw": 0.64,
          "z_score": -0.05882352941176476
        }
      }
    }
  },
  "has_midi": true,
  "error": null,
  "timestamp": "2025-12-01T02:27:10.587658"
}