{
  "id": 3,
  "generation": 12,
  "reward": 0.5277783198489779,
  "breakdown": {
    "sax": -0.3749552061030928,
    "sax_sig": 0.4378308493310006,
    "bass": 0.09867931850326352,
    "bass_sig": 0.5164406241651581,
    "piano": -0.816180218784631,
    "piano_sig": 0.36722965292297466,
    "drums": -0.32429617226687857,
    "drums_sig": 0.4461601868358736,
    "ensemble": 2.084119139300014,
    "ensemble_sig": 0.8004984770072303,
    "z_sum": 0.6673668606486753,
    "combined": 0.5277783198489779,
    "sax_detail": {
      "total": -0.3749552061030928,
      "variety_gate": 0.25,
      "features": {
        "melodic_entropy": {
          "raw": 1.3485878960124222,
          "z_score": -1.055255447672757
        },
        "dur_cv": {
          "raw": 0.0,
          "z_score": -0.2978723404255319
        },
        "sax_arpeggio_runs": {
          "raw": 0,
          "z_score": -0.3391684901531729
        },
        "peak_not_late": {
          "raw": 1,
          "z_score": 0.42975206611570255
        },
        "blue_ratio": {
          "raw": 0.16666666666666666,
          "z_score": -0.10470085470085473
        },
        "rhythm_2grams": {
          "raw": 1,
          "z_score": -0.13257575757575726
        }
      }
    },
    "bass_detail": {
      "total": 0.09867931850326352,
      "direction_gate": 0.5,
      "features": {
        "ioi_swing": {
          "raw": 0.09882117688026185,
          "z_score": 0.32266576231365235
        },
        "non_chromatic_ratio": {
          "raw": 0.45454545454545453,
          "z_score": -0.12530712530712532
        }
      }
    },
    "piano_detail": {
      "total": -0.816180218784631,
      "variety_gate": 1.0,
      "features": {
        "avg_chord_spread": {
          "raw": 6.0,
          "z_score": -0.8438425730004231
        },
        "gap_ratio": {
          "raw": 0.52,
          "z_score": 0.47647058823529387
        },
        "register_separation": {
          "raw": 3.0,
          "z_score": -0.2180390032502709
        },
        "velocity_variance": {
          "raw": 0.0,
          "z_score": -0.23076923076923078
        }
      }
    },
    "drums_detail": {
      "total": -0.32429617226687857,
      "features": {
        "kick_off_beat_ratio": {
          "raw": 0.5,
          "z_score": 0.2411347517730495
        },
        "snare_backbeat_ratio": {
          "raw": 0.0,
          "z_score": -0.3584905660377358
        },
        "velocity_variance": {
          "raw": 9.682458365518542,
          "z_score": 0.9390992459582037
        },
        "duration_variety": {
          "raw": 1,
          "z_score": -1.146039603960396
        }
      }
    },
    "ensemble_detail": {
      "total": 2.084119139300014,
      "duration_gate": 1.0,
      "features": {
        "collision_rate": {
          "raw": 0.25,
          "z_score": -0.1063829787234042
        },
        "phrase_alignment": {
          "raw": 0.5,
          "z_score": 0.8171206225680933
        },
        "texture_density": {
          "raw": 0.21599999999999997,
          "z_score": 1.6654411764705883
        },
        "harmonic_consonance": {
          "raw": 0.6122448979591837,
          "z_score": -0.2920596810152633
        }
      }
    }
  },
  "metrics": {
    "reward": 0.5277783198489779,
    "note_count": 72,
    "valid_midi": 1.0,
    "unique_durs": 1,
    "has_rests": false
  },
  "has_midi": true,
  "error": null,
  "timestamp": "2025-11-30T23:05:50.064377"
}