{
  "step": 5,
  "rollout_id": 2,
  "key": "Fm",
  "tempo": 160,
  "reward": 0.21891038711392485,
  "breakdown": {
    "sax": -1.0149875141813045,
    "sax_sig": 0.33700753347469925,
    "bass": -2.7985107026345712,
    "bass_sig": 0.13404309378857612,
    "piano": 0.5480597131807444,
    "piano_sig": 0.590340495137354,
    "drums": -2.987811974534944,
    "drums_sig": 0.12005867476850816,
    "ensemble": -1.3789140997568374,
    "ensemble_sig": 0.2851054236989885,
    "z_sum": -7.632164577926913,
    "combined": 0.21891038711392485,
    "sax_detail": {
      "total": -1.0149875141813045,
      "variety_gate": 0.25,
      "features": {
        "melodic_entropy": {
          "raw": 0.9940302114769565,
          "z_score": -2.8956849474051274
        },
        "dur_cv": {
          "raw": 0.0,
          "z_score": -0.8880854560394412
        },
        "sax_arpeggio_runs": {
          "raw": 0,
          "z_score": -0.4150099290132615
        },
        "peak_not_late": {
          "raw": 1,
          "z_score": 0.6122586439155816
        },
        "blue_ratio": {
          "raw": 0.25,
          "z_score": 0.4129392971246006
        },
        "rhythm_2grams": {
          "raw": 1,
          "z_score": -0.8863676653075695
        }
      }
    },
    "bass_detail": {
      "total": -2.7985107026345712,
      "direction_gate": 1.0,
      "features": {
        "ioi_swing": {
          "raw": 0.0,
          "z_score": -0.8105992171032821
        },
        "non_chromatic_ratio": {
          "raw": 0.09090909090909091,
          "z_score": -1.987911485531289
        }
      }
    },
    "piano_detail": {
      "total": 0.5480597131807444,
      "variety_gate": 0.5,
      "features": {
        "avg_chord_spread": {
          "raw": 8.0,
          "z_score": -0.21764192139738
        },
        "gap_ratio": {
          "raw": 0.0,
          "z_score": 2.046082949308756
        },
        "register_separation": {
          "raw": 6.0,
          "z_score": -0.15337423312883433
        },
        "velocity_variance": {
          "raw": 0.0,
          "z_score": -0.5789473684210527
        }
      }
    },
    "drums_detail": {
      "total": -2.987811974534944,
      "features": {
        "kick_off_beat_ratio": {
          "raw": 0.5,
          "z_score": -0.8253055108539016
        },
        "snare_backbeat_ratio": {
          "raw": 0.0,
          "z_score": -0.5855710048313247
        },
        "velocity_variance": {
          "raw": 0.0,
          "z_score": -1.3587178965954583
        },
        "duration_variety": {
          "raw": 2,
          "z_score": -0.21821756225425926
        }
      }
    },
    "ensemble_detail": {
      "total": -1.3789140997568374,
      "duration_gate": 0.8,
      "features": {
        "collision_rate": {
          "raw": 0.3333333333333333,
          "z_score": 0.20771144278606976
        },
        "phrase_alignment": {
          "raw": 1.0,
          "z_score": -1.66875
        },
        "texture_density": {
          "raw": 0.4,
          "z_score": 0.3550135501355014
        },
        "harmonic_consonance": {
          "raw": 0.6944444444444444,
          "z_score": -0.6176176176176179
        }
      }
    }
  },
  "has_midi": true,
  "error": null,
  "timestamp": "2025-11-30T17:44:58.645026"
}