{
  "id": 10,
  "generation": 54,
  "reward": 0.3751551917946151,
  "breakdown": {
    "sax": 0.5073998914449097,
    "sax_sig": 0.5837693966135336,
    "bass": -0.5938267813267813,
    "bass_sig": 0.40230152832866806,
    "piano": -3.129579232516466,
    "piano_sig": 0.11042707349256918,
    "drums": 0.6651884879691103,
    "drums_sig": 0.6090829299493801,
    "ensemble_mult": 1.0,
    "z_sum": -2.5508176344292277,
    "base_reward": 0.3751551917946151,
    "combined": 0.3751551917946151,
    "sax_detail": {
      "total": 0.5073998914449097,
      "variety_gate": 0.25,
      "features": {
        "melodic_entropy": {
          "raw": 1.950212064914747,
          "z_score": 0.2033725207421485
        },
        "dur_cv": {
          "raw": 0.0,
          "z_score": -0.2978723404255319
        },
        "sax_arpeggio_runs": {
          "raw": 6,
          "z_score": 3.0
        },
        "peak_not_late": {
          "raw": 1,
          "z_score": 0.42975206611570255
        },
        "blue_ratio": {
          "raw": 0.0,
          "z_score": -1.1730769230769231
        },
        "rhythm_2grams": {
          "raw": 1,
          "z_score": -0.13257575757575726
        }
      }
    },
    "bass_detail": {
      "total": -0.5938267813267813,
      "chromatic_gate": 0.5,
      "direction_gate": 0.5,
      "features": {
        "duration_variety": {
          "raw": 1,
          "z_score": -1.0
        },
        "velocity_variance": {
          "raw": 0.0,
          "z_score": -1.25
        },
        "non_chromatic_ratio": {
          "raw": 0.45454545454545453,
          "z_score": -0.12530712530712532
        }
      }
    },
    "piano_detail": {
      "total": -3.129579232516466,
      "tonic_bonus": 1.2,
      "register_failed": false,
      "avg_pitch": 52.833333333333336,
      "features": {
        "unique_chords": {
          "raw": 3,
          "capped": 3,
          "z_score": 1.0086206896551724,
          "weight": 1.0
        },
        "avg_chord_duration": {
          "raw": 0.125,
          "z_score": -1.4918032786885247,
          "weight": 1.5
        },
        "cluster_ratio": {
          "raw": 0.3333333333333333,
          "z_score": -0.13269384492406067,
          "weight": 1.0
        },
        "out_of_key_ratio": {
          "raw": 0.16666666666666666,
          "z_score": -1.046204620462046,
          "weight": 1.0
        },
        "chord_duration_variety": {
          "raw": 1,
          "z_score": -0.20000000000000018,
          "weight": 1.0
        }
      }
    },
    "drums_detail": {
      "total": 0.6651884879691103,
      "features": {
        "duration_variety": {
          "raw": 1,
          "z_score": -1.1734820322180917
        },
        "kick_off_beat_ratio": {
          "raw": 0.5,
          "z_score": 0.23571428571428552
        },
        "velocity_variance": {
          "raw": 12.99038105676658,
          "z_score": 1.6029562344729165
        }
      }
    },
    "ensemble_detail": {
      "total": 1.0,
      "dynamic_coherence": 0.4666666666666667
    }
  },
  "metrics": {
    "reward": 0.3751551917946151,
    "note_count": 40,
    "valid_midi": 1.0,
    "unique_durs": 1,
    "has_rests": false
  },
  "has_midi": true,
  "error": null,
  "timestamp": "2025-12-02T16:18:53.019668"
}