{
  "step": 7,
  "rollout_id": 18,
  "key": "Dm",
  "tempo": 160,
  "reward": 0.456439333846273,
  "breakdown": {
    "sax": -1.3437173475690847,
    "sax_sig": 0.2899119819491025,
    "bass": -1.075862740602625,
    "bass_sig": 0.3280006403243589,
    "piano": -0.9428355488356212,
    "piano_sig": 0.3478377982467023,
    "drums": 0.18422210918865112,
    "drums_sig": 0.5306651498370938,
    "ensemble": 2.130080380939527,
    "ensemble_sig": 0.8053468170679109,
    "z_sum": -1.0481131468791527,
    "combined": 0.456439333846273,
    "sax_detail": {
      "total": -1.3437173475690847,
      "variety_gate": 0.5,
      "features": {
        "melodic_entropy": {
          "raw": 1.8423709931771088,
          "z_score": -0.022236415947471007
        },
        "dur_cv": {
          "raw": 0.0,
          "z_score": -0.2978723404255319
        },
        "sax_arpeggio_runs": {
          "raw": 0,
          "z_score": -0.3391684901531729
        },
        "peak_not_late": {
          "raw": 0,
          "z_score": -2.325068870523416
        },
        "blue_ratio": {
          "raw": 0.25,
          "z_score": 0.4294871794871795
        },
        "rhythm_2grams": {
          "raw": 1,
          "z_score": -0.13257575757575726
        }
      }
    },
    "bass_detail": {
      "total": -1.075862740602625,
      "direction_gate": 1.0,
      "features": {
        "ioi_swing": {
          "raw": 0.0,
          "z_score": -0.24855491329479767
        },
        "non_chromatic_ratio": {
          "raw": 0.2727272727272727,
          "z_score": -0.8273078273078274
        }
      }
    },
    "piano_detail": {
      "total": -0.9428355488356212,
      "variety_gate": 0.5,
      "features": {
        "avg_chord_spread": {
          "raw": 0.0,
          "z_score": -3.382987727465087
        },
        "gap_ratio": {
          "raw": 0.3142857142857143,
          "z_score": 1.6865546218487393
        },
        "register_separation": {
          "raw": 3.9583333333333286,
          "z_score": 0.04153123871433598
        },
        "velocity_variance": {
          "raw": 0.0,
          "z_score": -0.23076923076923078
        }
      }
    },
    "drums_detail": {
      "total": 0.18422210918865112,
      "features": {
        "kick_off_beat_ratio": {
          "raw": 0.5,
          "z_score": 0.2411347517730495
        },
        "snare_backbeat_ratio": {
          "raw": 0.0,
          "z_score": -0.3584905660377358
        },
        "velocity_variance": {
          "raw": 12.133516482134196,
          "z_score": 1.4476175274137335
        },
        "duration_variety": {
          "raw": 1,
          "z_score": -1.146039603960396
        }
      }
    },
    "ensemble_detail": {
      "total": 2.130080380939527,
      "duration_gate": 1.0,
      "features": {
        "collision_rate": {
          "raw": 0.25,
          "z_score": -0.1063829787234042
        },
        "phrase_alignment": {
          "raw": 0.5,
          "z_score": 0.8171206225680933
        },
        "texture_density": {
          "raw": 0.6,
          "z_score": 0.2536764705882355
        },
        "harmonic_consonance": {
          "raw": 0.7857142857142857,
          "z_score": 1.1656662665066024
        }
      }
    }
  },
  "has_midi": true,
  "error": null,
  "timestamp": "2025-11-30T21:50:51.152093"
}