{
  "step": 36,
  "rollout_id": 19,
  "key": "Dm",
  "tempo": 160,
  "reward": 1.0188028370005864,
  "breakdown": {
    "sax": 5.120879173627754,
    "sax_sig": 0.9681367317747905,
    "bass": 0.0592160483464832,
    "bass_sig": 0.5098680598410223,
    "piano": 7.895097302833731,
    "piano_sig": 0.9948489902923258,
    "drums": 2.964878140209853,
    "drums_sig": 0.8783166957205382,
    "ensemble_mult": 1.06,
    "z_sum": 16.040070665017822,
    "base_reward": 0.9611347518873455,
    "combined": 1.0188028370005864,
    "sax_detail": {
      "total": 5.120879173627754,
      "variety_gate": 1.0,
      "features": {
        "melodic_entropy": {
          "raw": 1.950212064914747,
          "z_score": 0.2033725207421485
        },
        "dur_cv": {
          "raw": 0.43033148291193524,
          "z_score": 3.0
        },
        "sax_arpeggio_runs": {
          "raw": 0,
          "z_score": -0.3391684901531729
        },
        "peak_not_late": {
          "raw": 1,
          "z_score": 0.42975206611570255
        },
        "blue_ratio": {
          "raw": 0.0,
          "z_score": -1.1730769230769231
        },
        "rhythm_2grams": {
          "raw": 3,
          "z_score": 3.0
        }
      }
    },
    "bass_detail": {
      "total": 0.0592160483464832,
      "chromatic_gate": 1.0,
      "direction_gate": 1.0,
      "features": {
        "duration_variety": {
          "raw": 2,
          "z_score": 0.0
        },
        "velocity_variance": {
          "raw": 0.0,
          "z_score": -1.25
        },
        "non_chromatic_ratio": {
          "raw": 0.8260869565217391,
          "z_score": 1.3092160483464832
        }
      }
    },
    "piano_detail": {
      "total": 7.895097302833731,
      "tonic_bonus": 1.2,
      "register_failed": false,
      "avg_pitch": 65.0,
      "features": {
        "unique_chords": {
          "raw": 3,
          "capped": 3,
          "z_score": 1.0086206896551724,
          "weight": 1.0
        },
        "avg_chord_duration": {
          "raw": 1.5,
          "z_score": 3.0,
          "weight": 1.5
        },
        "cluster_ratio": {
          "raw": 0.0,
          "z_score": 0.6666666666666667,
          "weight": 1.0
        },
        "out_of_key_ratio": {
          "raw": 0.0,
          "z_score": 0.6039603960396039,
          "weight": 1.0
        },
        "chord_duration_variety": {
          "raw": 1,
          "z_score": -0.20000000000000018,
          "weight": 1.0
        }
      }
    },
    "drums_detail": {
      "total": 2.964878140209853,
      "features": {
        "duration_variety": {
          "raw": 3,
          "z_score": 1.3048327137546467
        },
        "kick_off_beat_ratio": {
          "raw": 0.5,
          "z_score": 0.23571428571428552
        },
        "velocity_variance": {
          "raw": 12.133516482134198,
          "z_score": 1.424331140740921
        }
      }
    },
    "ensemble_detail": {
      "total": 1.06,
      "dynamic_coherence": 0.7999999999999999
    }
  },
  "has_midi": true,
  "error": null,
  "timestamp": "2025-12-02T14:24:14.887154"
}