{
  "step": 22,
  "rollout_id": 29,
  "key": "Fm",
  "tempo": 160,
  "reward": 0.5845413157779008,
  "breakdown": {
    "sax": 0.09278408701039406,
    "sax_sig": 0.5154590857227314,
    "bass": -0.3119208001900963,
    "bass_sig": 0.4481997280232094,
    "piano": 1.0295319171340644,
    "piano_sig": 0.6651555018868155,
    "drums": 2.0981779189383127,
    "drums_sig": 0.8019910599698883,
    "ensemble": -0.8599073767266658,
    "ensemble_sig": 0.3604822670287906,
    "z_sum": 2.0486657461660087,
    "combined": 0.5845413157779008,
    "sax_detail": {
      "total": 0.09278408701039406,
      "variety_gate": 0.25,
      "features": {
        "melodic_entropy": {
          "raw": 1.7322216637616483,
          "z_score": -0.25267434359487795
        },
        "dur_cv": {
          "raw": 0.0,
          "z_score": -0.2978723404255319
        },
        "sax_arpeggio_runs": {
          "raw": 0,
          "z_score": -0.3391684901531729
        },
        "peak_not_late": {
          "raw": 1,
          "z_score": 0.42975206611570255
        },
        "blue_ratio": {
          "raw": 0.3333333333333333,
          "z_score": 0.9636752136752136
        },
        "rhythm_2grams": {
          "raw": 1,
          "z_score": -0.13257575757575726
        }
      }
    },
    "bass_detail": {
      "total": -0.3119208001900963,
      "direction_gate": 1.0,
      "features": {
        "ioi_swing": {
          "raw": 0.0,
          "z_score": -0.24855491329479767
        },
        "non_chromatic_ratio": {
          "raw": 0.47058823529411764,
          "z_score": -0.06336588689529864
        }
      }
    },
    "piano_detail": {
      "total": 1.0295319171340644,
      "variety_gate": 0.5,
      "features": {
        "avg_chord_spread": {
          "raw": 7.0,
          "z_score": -0.4206517139229792
        },
        "gap_ratio": {
          "raw": 0.625,
          "z_score": -0.1411764705882354
        },
        "register_separation": {
          "raw": 14.333333333333336,
          "z_score": 2.8516612495485743
        },
        "velocity_variance": {
          "raw": 0.0,
          "z_score": -0.23076923076923078
        }
      }
    },
    "drums_detail": {
      "total": 2.0981779189383127,
      "features": {
        "kick_off_beat_ratio": {
          "raw": 0.5,
          "z_score": 0.2411347517730495
        },
        "snare_backbeat_ratio": {
          "raw": 0.0,
          "z_score": -0.3584905660377358
        },
        "velocity_variance": {
          "raw": 9.428090415820634,
          "z_score": 0.8863258124109199
        },
        "duration_variety": {
          "raw": 3,
          "z_score": 1.3292079207920793
        }
      }
    },
    "ensemble_detail": {
      "total": -0.8599073767266658,
      "duration_gate": 1.0,
      "features": {
        "collision_rate": {
          "raw": 0.0,
          "z_score": 1.223404255319149
        },
        "phrase_alignment": {
          "raw": 1.0,
          "z_score": -1.1284046692607006
        },
        "texture_density": {
          "raw": 0.756,
          "z_score": -0.31985294117647045
        },
        "harmonic_consonance": {
          "raw": 0.5714285714285714,
          "z_score": -0.6350540216086439
        }
      }
    }
  },
  "has_midi": true,
  "error": null,
  "timestamp": "2025-12-01T01:20:27.686834"
}