{
  "step": 38,
  "rollout_id": 31,
  "key": "Fm",
  "tempo": 160,
  "reward": 0.9185019922639166,
  "breakdown": {
    "sax": -0.014488879610689676,
    "sax_sig": 0.4975852055067851,
    "bass": -0.9216537966537967,
    "bass_sig": 0.3510479825362405,
    "piano": 6.579247752361443,
    "piano_sig": 0.9877046815086293,
    "drums": 4.204035513196222,
    "drums_sig": 0.9428210320949701,
    "ensemble_mult": 1.0466666666666666,
    "z_sum": 9.84714058929318,
    "base_reward": 0.8775496741375,
    "combined": 0.9185019922639166,
    "sax_detail": {
      "total": -0.014488879610689676,
      "variety_gate": 1.0,
      "features": {
        "melodic_entropy": {
          "raw": 1.2516291673878228,
          "z_score": -1.2580979761761029
        },
        "dur_cv": {
          "raw": 0.22360679774997896,
          "z_score": 2.080923380318925
        },
        "sax_arpeggio_runs": {
          "raw": 0,
          "z_score": -0.3391684901531729
        },
        "peak_not_late": {
          "raw": 0,
          "z_score": -2.325068870523416
        },
        "blue_ratio": {
          "raw": 0.0,
          "z_score": -1.1730769230769231
        },
        "rhythm_2grams": {
          "raw": 3,
          "z_score": 3.0
        }
      }
    },
    "bass_detail": {
      "total": -0.9216537966537967,
      "chromatic_gate": 0.5,
      "direction_gate": 1.0,
      "features": {
        "duration_variety": {
          "raw": 2,
          "z_score": 0.0
        },
        "velocity_variance": {
          "raw": 0.0,
          "z_score": -1.25
        },
        "non_chromatic_ratio": {
          "raw": 0.3333333333333333,
          "z_score": -0.5933075933075933
        }
      }
    },
    "piano_detail": {
      "total": 6.579247752361443,
      "tonic_bonus": 1.0,
      "register_failed": false,
      "avg_pitch": 67.08333333333333,
      "features": {
        "unique_chords": {
          "raw": 3,
          "capped": 3,
          "z_score": 1.0086206896551724,
          "weight": 1.0
        },
        "avg_chord_duration": {
          "raw": 1.5,
          "z_score": 3.0,
          "weight": 1.5
        },
        "cluster_ratio": {
          "raw": 0.0,
          "z_score": 0.6666666666666667,
          "weight": 1.0
        },
        "out_of_key_ratio": {
          "raw": 0.0,
          "z_score": 0.6039603960396039,
          "weight": 1.0
        },
        "chord_duration_variety": {
          "raw": 1,
          "z_score": -0.20000000000000018,
          "weight": 1.0
        }
      }
    },
    "drums_detail": {
      "total": 4.204035513196222,
      "features": {
        "duration_variety": {
          "raw": 4,
          "z_score": 2.5439900867410157
        },
        "kick_off_beat_ratio": {
          "raw": 0.5,
          "z_score": 0.23571428571428552
        },
        "velocity_variance": {
          "raw": 12.133516482134196,
          "z_score": 1.4243311407409207
        }
      }
    },
    "ensemble_detail": {
      "total": 1.0466666666666666,
      "dynamic_coherence": 0.7333333333333333
    }
  },
  "has_midi": true,
  "error": null,
  "timestamp": "2025-12-02T14:28:24.846465"
}