{
  "step": 28,
  "rollout_id": 1,
  "key": "Dm",
  "tempo": 160,
  "reward": 0.874370444936134,
  "breakdown": {
    "sax": 0.03506107696375268,
    "sax_sig": 0.5058432467933714,
    "bass": -1.1876535626535627,
    "bass_sig": 0.3117889481187919,
    "piano": 6.579247752361443,
    "piano_sig": 0.9877046815086293,
    "drums": 2.7515628472163756,
    "drums_sig": 0.8622821168859683,
    "ensemble_mult": 1.0447213595499958,
    "z_sum": 8.178218113888008,
    "base_reward": 0.8369412924732018,
    "combined": 0.874370444936134,
    "sax_detail": {
      "total": 0.03506107696375268,
      "variety_gate": 0.25,
      "features": {
        "melodic_entropy": {
          "raw": 2.8453509366224368,
          "z_score": 2.0760479845657676
        },
        "dur_cv": {
          "raw": 0.0,
          "z_score": -0.2978723404255319
        },
        "sax_arpeggio_runs": {
          "raw": 1,
          "z_score": 0.39022611232676874
        },
        "peak_not_late": {
          "raw": 0,
          "z_score": -2.325068870523416
        },
        "blue_ratio": {
          "raw": 0.25,
          "z_score": 0.4294871794871795
        },
        "rhythm_2grams": {
          "raw": 1,
          "z_score": -0.13257575757575726
        }
      }
    },
    "bass_detail": {
      "total": -1.1876535626535627,
      "chromatic_gate": 0.5,
      "direction_gate": 1.0,
      "features": {
        "duration_variety": {
          "raw": 1,
          "z_score": -1.0
        },
        "velocity_variance": {
          "raw": 0.0,
          "z_score": -1.25
        },
        "non_chromatic_ratio": {
          "raw": 0.45454545454545453,
          "z_score": -0.12530712530712532
        }
      }
    },
    "piano_detail": {
      "total": 6.579247752361443,
      "tonic_bonus": 1.0,
      "register_failed": false,
      "avg_pitch": 64.66666666666667,
      "features": {
        "unique_chords": {
          "raw": 3,
          "capped": 3,
          "z_score": 1.0086206896551724,
          "weight": 1.0
        },
        "avg_chord_duration": {
          "raw": 1.5,
          "z_score": 3.0,
          "weight": 1.5
        },
        "cluster_ratio": {
          "raw": 0.0,
          "z_score": 0.6666666666666667,
          "weight": 1.0
        },
        "out_of_key_ratio": {
          "raw": 0.0,
          "z_score": 0.6039603960396039,
          "weight": 1.0
        },
        "chord_duration_variety": {
          "raw": 1,
          "z_score": -0.20000000000000018,
          "weight": 1.0
        }
      }
    },
    "drums_detail": {
      "total": 2.7515628472163756,
      "features": {
        "duration_variety": {
          "raw": 3,
          "z_score": 1.3048327137546467
        },
        "kick_off_beat_ratio": {
          "raw": 0.5,
          "z_score": 0.23571428571428552
        },
        "velocity_variance": {
          "raw": 11.110243021644486,
          "z_score": 1.2110158477474433
        }
      }
    },
    "ensemble_detail": {
      "total": 1.0447213595499958,
      "dynamic_coherence": 0.7236067977499789
    }
  },
  "has_midi": true,
  "error": null,
  "timestamp": "2025-12-02T14:06:38.866390"
}