{
  "id": 13,
  "generation": 49,
  "reward": 0.8242234271653003,
  "breakdown": {
    "sax": 8.760179954423599,
    "sax_sig": 0.9970999411288682,
    "bass": 4.141346315259359,
    "bass_sig": 0.9405258597403292,
    "piano": -1.7000974683894474,
    "piano_sig": 0.24353449979834924,
    "drums": -1.0954811994173095,
    "drums_sig": 0.3251243340991838,
    "ensemble": -0.8345800423820489,
    "ensemble_sig": 0.36438392029455124,
    "z_sum": 9.271367559494152,
    "combined": 0.8242234271653003,
    "sax_detail": {
      "total": 8.760179954423599,
      "variety_gate": 1.0,
      "features": {
        "melodic_entropy": {
          "raw": 2.413088436425758,
          "z_score": 1.1717331305978198
        },
        "dur_cv": {
          "raw": 0.44031528592635544,
          "z_score": 3.0
        },
        "sax_arpeggio_runs": {
          "raw": 0,
          "z_score": -0.3391684901531729
        },
        "peak_not_late": {
          "raw": 1,
          "z_score": 0.42975206611570255
        },
        "blue_ratio": {
          "raw": 0.4166666666666667,
          "z_score": 1.497863247863248
        },
        "rhythm_2grams": {
          "raw": 4,
          "z_score": 3.0
        }
      }
    },
    "bass_detail": {
      "total": 4.141346315259359,
      "direction_gate": 1.0,
      "features": {
        "ioi_swing": {
          "raw": 0.8362246062461756,
          "z_score": 3.0
        },
        "non_chromatic_ratio": {
          "raw": 0.782608695652174,
          "z_score": 1.1413463152593588
        }
      }
    },
    "piano_detail": {
      "total": -1.7000974683894474,
      "variety_gate": 1.0,
      "features": {
        "avg_chord_spread": {
          "raw": 7.0,
          "z_score": -0.4206517139229792
        },
        "gap_ratio": {
          "raw": 0.7,
          "z_score": -0.5823529411764704
        },
        "register_separation": {
          "raw": 2.0833333333333286,
          "z_score": -0.46632358252076694
        },
        "velocity_variance": {
          "raw": 0.0,
          "z_score": -0.23076923076923078
        }
      }
    },
    "drums_detail": {
      "total": -1.0954811994173095,
      "features": {
        "kick_off_beat_ratio": {
          "raw": 0.5,
          "z_score": 0.2411347517730495
        },
        "snare_backbeat_ratio": {
          "raw": 0.0,
          "z_score": -0.3584905660377358
        },
        "velocity_variance": {
          "raw": 0.0,
          "z_score": -1.0697095435684647
        },
        "duration_variety": {
          "raw": 2,
          "z_score": 0.09158415841584167
        }
      }
    },
    "ensemble_detail": {
      "total": -0.8345800423820489,
      "duration_gate": 1.0,
      "features": {
        "collision_rate": {
          "raw": 0.6666666666666666,
          "z_score": -2.3226950354609928
        },
        "phrase_alignment": {
          "raw": 0.6666666666666666,
          "z_score": 0.16861219195849547
        },
        "texture_density": {
          "raw": 0.736,
          "z_score": -0.2463235294117645
        },
        "harmonic_consonance": {
          "raw": 0.8333333333333334,
          "z_score": 1.565826330532213
        }
      }
    }
  },
  "metrics": {
    "reward": 0.8242234271653003,
    "note_count": 84,
    "valid_midi": 1.0,
    "unique_durs": 4,
    "has_rests": true
  },
  "has_midi": true,
  "error": null,
  "timestamp": "2025-12-01T04:36:45.654838"
}