{
  "step": 0,
  "rollout_id": 1,
  "key": "F",
  "tempo": 160,
  "reward": 0.3092357115388867,
  "breakdown": {
    "sax": -1.963386992467302,
    "sax_sig": 0.21266684277422773,
    "bass": -0.971305721305721,
    "bass_sig": 0.3435447499169439,
    "piano": 2.5391433774494487,
    "piano_sig": 0.8445870775313913,
    "drums": -4.039390325272999,
    "drums_sig": 0.06339201687481032,
    "ensemble_mult": 1.06,
    "z_sum": -4.434939661596573,
    "base_reward": 0.29173180333857235,
    "combined": 0.3092357115388867,
    "sax_detail": {
      "total": -1.963386992467302,
      "variety_gate": 1.0,
      "features": {
        "melodic_entropy": {
          "raw": 1.9182958340544893,
          "z_score": 0.13660216329391078
        },
        "dur_cv": {
          "raw": 0.2037706832433973,
          "z_score": 1.8699008855680566
        },
        "sax_arpeggio_runs": {
          "raw": 0,
          "z_score": -0.3391684901531729
        },
        "peak_not_late": {
          "raw": 0,
          "z_score": -2.325068870523416
        },
        "blue_ratio": {
          "raw": 0.0,
          "z_score": -1.1730769230769231
        },
        "rhythm_2grams": {
          "raw": 1,
          "z_score": -0.13257575757575726
        }
      }
    },
    "bass_detail": {
      "total": -0.971305721305721,
      "chromatic_gate": 1.0,
      "direction_gate": 1.0,
      "features": {
        "duration_variety": {
          "raw": 1,
          "z_score": -1.0
        },
        "velocity_variance": {
          "raw": 0.0,
          "z_score": -1.25
        },
        "non_chromatic_ratio": {
          "raw": 0.8181818181818182,
          "z_score": 1.278694278694279
        }
      }
    },
    "piano_detail": {
      "total": 2.5391433774494487,
      "tonic_bonus": 1.2,
      "register_failed": false,
      "avg_pitch": 85.75,
      "features": {
        "unique_chords": {
          "raw": 3,
          "capped": 3,
          "z_score": 1.0086206896551724,
          "weight": 1.0
        },
        "avg_chord_duration": {
          "raw": 0.375,
          "z_score": 0.5573770491803279,
          "weight": 1.5
        },
        "cluster_ratio": {
          "raw": 0.3333333333333333,
          "z_score": -0.13269384492406067,
          "weight": 1.0
        },
        "out_of_key_ratio": {
          "raw": 0.0,
          "z_score": 0.6039603960396039,
          "weight": 1.0
        },
        "chord_duration_variety": {
          "raw": 1,
          "z_score": -0.20000000000000018,
          "weight": 1.0
        }
      }
    },
    "drums_detail": {
      "total": -4.039390325272999,
      "features": {
        "duration_variety": {
          "raw": 2,
          "z_score": 0.06567534076827748
        },
        "kick_off_beat_ratio": {
          "raw": 0.0,
          "z_score": -3.0
        },
        "velocity_variance": {
          "raw": 0.0,
          "z_score": -1.1050656660412759
        }
      }
    },
    "ensemble_detail": {
      "total": 1.06,
      "dynamic_coherence": 0.7999999999999999
    }
  },
  "has_midi": true,
  "error": null,
  "timestamp": "2025-12-01T20:20:19.081577"
}