{
  "step": 0,
  "rollout_id": 13,
  "key": "F",
  "tempo": 160,
  "reward": 0.19200802731960423,
  "breakdown": {
    "sax": -0.4750139932951909,
    "sax_sig": 0.42148604612111507,
    "bass": -2.51000200409731,
    "bass_sig": 0.1579800871023521,
    "piano": -3.2417101437223432,
    "piano_sig": 0.10329480232744742,
    "drums": -3.6248901809814105,
    "drums_sig": 0.08191608300770056,
    "ensemble": 1.2295266607352278,
    "ensemble_sig": 0.6941693514773157,
    "z_sum": -8.622089661361025,
    "combined": 0.19200802731960423,
    "sax_detail": {
      "total": -0.4750139932951909,
      "variety_gate": 0.25,
      "features": {
        "melodic_entropy": {
          "raw": 1.5566567074628228,
          "z_score": -1.7341934197712165
        },
        "dur_cv": {
          "raw": 0.0,
          "z_score": -0.8880854560394412
        },
        "sax_arpeggio_runs": {
          "raw": 0,
          "z_score": -0.4150099290132615
        },
        "peak_not_late": {
          "raw": 1,
          "z_score": 0.6122586439155816
        },
        "blue_ratio": {
          "raw": 0.375,
          "z_score": 1.4113418530351436
        },
        "rhythm_2grams": {
          "raw": 1,
          "z_score": -0.8863676653075695
        }
      }
    },
    "bass_detail": {
      "total": -2.51000200409731,
      "direction_gate": 1.0,
      "features": {
        "ioi_swing": {
          "raw": 0.0,
          "z_score": -0.8105992171032821
        },
        "non_chromatic_ratio": {
          "raw": 0.18181818181818182,
          "z_score": -1.6994027869940278
        }
      }
    },
    "piano_detail": {
      "total": -3.2417101437223432,
      "variety_gate": 1.0,
      "features": {
        "avg_chord_spread": {
          "raw": 3.0,
          "z_score": -1.0910043668122271
        },
        "gap_ratio": {
          "raw": 0.625,
          "z_score": -0.8341013824884792
        },
        "register_separation": {
          "raw": 2.0,
          "z_score": -0.7376570260005842
        },
        "velocity_variance": {
          "raw": 0.0,
          "z_score": -0.5789473684210527
        }
      }
    },
    "drums_detail": {
      "total": -3.6248901809814105,
      "features": {
        "kick_off_beat_ratio": {
          "raw": 0.33333333333333337,
          "z_score": -1.4623837173003684
        },
        "snare_backbeat_ratio": {
          "raw": 0.0,
          "z_score": -0.5855710048313247
        },
        "velocity_variance": {
          "raw": 0.0,
          "z_score": -1.3587178965954583
        },
        "duration_variety": {
          "raw": 2,
          "z_score": -0.21821756225425926
        }
      }
    },
    "ensemble_detail": {
      "total": 1.2295266607352278,
      "duration_gate": 1.0,
      "features": {
        "collision_rate": {
          "raw": 0.125,
          "z_score": 0.9850746268656716
        },
        "phrase_alignment": {
          "raw": 1.0,
          "z_score": -1.66875
        },
        "texture_density": {
          "raw": 0.08799999999999986,
          "z_score": 1.2005420054200546
        },
        "harmonic_consonance": {
          "raw": 0.8421052631578947,
          "z_score": 0.7126600284495016
        }
      }
    }
  },
  "has_midi": true,
  "error": null,
  "timestamp": "2025-11-30T16:47:16.328181"
}