{
  "step": 3,
  "rollout_id": 19,
  "key": "Fm",
  "tempo": 160,
  "reward": 0.2509318768930222,
  "breakdown": {
    "sax": -0.3327305372106429,
    "sax_sig": 0.44477118277944294,
    "bass": -0.8222379542427638,
    "bass_sig": 0.36629172489666256,
    "piano": -2.096139903014707,
    "piano_sig": 0.198224788415495,
    "drums": -2.057913549693536,
    "drums_sig": 0.20230620916981404,
    "ensemble": -1.252868671637275,
    "ensemble_sig": 0.30253702121926984,
    "z_sum": -6.561890615798925,
    "combined": 0.2509318768930222,
    "sax_detail": {
      "total": -0.3327305372106429,
      "variety_gate": 0.5,
      "features": {
        "melodic_entropy": {
          "raw": 2.1174924611847548,
          "z_score": -0.5763987176202422
        },
        "dur_cv": {
          "raw": 0.0,
          "z_score": -0.8880854560394412
        },
        "sax_arpeggio_runs": {
          "raw": 0,
          "z_score": -0.4150099290132615
        },
        "peak_not_late": {
          "raw": 1,
          "z_score": 0.6122586439155816
        },
        "blue_ratio": {
          "raw": 0.38461538461538464,
          "z_score": 1.4881420496436473
        },
        "rhythm_2grams": {
          "raw": 1,
          "z_score": -0.8863676653075695
        }
      }
    },
    "bass_detail": {
      "total": -0.8222379542427638,
      "direction_gate": 0.5,
      "features": {
        "ioi_swing": {
          "raw": 0.0,
          "z_score": -0.8105992171032821
        },
        "non_chromatic_ratio": {
          "raw": 0.45454545454545453,
          "z_score": -0.8338766913822454
        }
      }
    },
    "piano_detail": {
      "total": -2.096139903014707,
      "variety_gate": 1.0,
      "features": {
        "avg_chord_spread": {
          "raw": 11.0,
          "z_score": 0.3063755458515283
        },
        "gap_ratio": {
          "raw": 0.6363636363636364,
          "z_score": -0.886468370339338
        },
        "register_separation": {
          "raw": 0.6346153846153868,
          "z_score": -0.9370997101058447
        },
        "velocity_variance": {
          "raw": 0.0,
          "z_score": -0.5789473684210527
        }
      }
    },
    "drums_detail": {
      "total": -2.057913549693536,
      "features": {
        "kick_off_beat_ratio": {
          "raw": 0.5,
          "z_score": -0.8253055108539016
        },
        "snare_backbeat_ratio": {
          "raw": 0.0,
          "z_score": -0.5855710048313247
        },
        "velocity_variance": {
          "raw": 9.428090415820632,
          "z_score": -0.42881947175405066
        },
        "duration_variety": {
          "raw": 2,
          "z_score": -0.21821756225425926
        }
      }
    },
    "ensemble_detail": {
      "total": -1.252868671637275,
      "duration_gate": 1.0,
      "features": {
        "collision_rate": {
          "raw": 0.07692307692307693,
          "z_score": 1.1644661308840414
        },
        "phrase_alignment": {
          "raw": 0.25,
          "z_score": 0.675
        },
        "texture_density": {
          "raw": 0.7,
          "z_score": -0.4579945799457993
        },
        "harmonic_consonance": {
          "raw": 0.47058823529411764,
          "z_score": -2.634340222575517
        }
      }
    }
  },
  "has_midi": true,
  "error": null,
  "timestamp": "2025-11-30T17:33:21.759876"
}