{
  "step": 0,
  "rollout_id": 19,
  "key": "D",
  "tempo": 160,
  "reward": 0.4268351727163792,
  "breakdown": {
    "sax": -0.15604542590816778,
    "sax_sig": 0.4740158588037832,
    "bass": -1.7778634426033268,
    "bass_sig": 0.23411092714843731,
    "piano": -0.8169056609915694,
    "piano_sig": 0.3671172784863231,
    "drums": -0.27126265888917656,
    "drums_sig": 0.45491236780307487,
    "ensemble": 1.2534247541498043,
    "ensemble_sig": 0.6975411984309732,
    "z_sum": -1.7686524342424366,
    "combined": 0.4268351727163792,
    "sax_detail": {
      "total": -0.15604542590816778,
      "variety_gate": 0.5,
      "features": {
        "melodic_entropy": {
          "raw": 1.4056390622295665,
          "z_score": -0.9359015434527898
        },
        "dur_cv": {
          "raw": 0.0,
          "z_score": -0.2978723404255319
        },
        "sax_arpeggio_runs": {
          "raw": 0,
          "z_score": -0.3391684901531729
        },
        "peak_not_late": {
          "raw": 1,
          "z_score": 0.42975206611570255
        },
        "blue_ratio": {
          "raw": 0.3333333333333333,
          "z_score": 0.9636752136752136
        },
        "rhythm_2grams": {
          "raw": 1,
          "z_score": -0.13257575757575726
        }
      }
    },
    "bass_detail": {
      "total": -1.7778634426033268,
      "direction_gate": 1.0,
      "features": {
        "ioi_swing": {
          "raw": 0.0,
          "z_score": -0.24855491329479767
        },
        "non_chromatic_ratio": {
          "raw": 0.09090909090909091,
          "z_score": -1.5293085293085291
        }
      }
    },
    "piano_detail": {
      "total": -0.8169056609915694,
      "variety_gate": 0.5,
      "features": {
        "avg_chord_spread": {
          "raw": 7.333333333333333,
          "z_score": -0.27958809423049796
        },
        "gap_ratio": {
          "raw": 0.6666666666666666,
          "z_score": -0.3862745098039215
        },
        "register_separation": {
          "raw": 1.0833333333333286,
          "z_score": -0.7371794871794884
        },
        "velocity_variance": {
          "raw": 0.0,
          "z_score": -0.23076923076923078
        }
      }
    },
    "drums_detail": {
      "total": -0.27126265888917656,
      "features": {
        "kick_off_beat_ratio": {
          "raw": 0.5,
          "z_score": 0.2411347517730495
        },
        "snare_backbeat_ratio": {
          "raw": 0.0,
          "z_score": -0.3584905660377358
        },
        "velocity_variance": {
          "raw": 9.938079899999066,
          "z_score": 0.9921327593359057
        },
        "duration_variety": {
          "raw": 1,
          "z_score": -1.146039603960396
        }
      }
    },
    "ensemble_detail": {
      "total": 1.2534247541498043,
      "duration_gate": 1.0,
      "features": {
        "collision_rate": {
          "raw": 0.2222222222222222,
          "z_score": 0.0413711583924351
        },
        "phrase_alignment": {
          "raw": 0.5,
          "z_score": 0.8171206225680933
        },
        "texture_density": {
          "raw": 0.28,
          "z_score": 1.4301470588235294
        },
        "harmonic_consonance": {
          "raw": 0.5238095238095238,
          "z_score": -1.0352140856342538
        }
      }
    }
  },
  "has_midi": true,
  "error": null,
  "timestamp": "2025-11-30T21:12:13.858862"
}