{
  "step": 10,
  "rollout_id": 29,
  "key": "D",
  "tempo": 160,
  "reward": 0.2577430794913913,
  "breakdown": {
    "sax": -2.1330979720544363,
    "sax_sig": 0.19433801156978672,
    "bass": -0.2867879153690056,
    "bass_sig": 0.45234708589009537,
    "piano": -1.5907324453578624,
    "piano_sig": 0.2572161515830605,
    "drums": -2.4271009420322422,
    "drums_sig": 0.16547158637125237,
    "ensemble": 0.09132628812961957,
    "ensemble_sig": 0.5152163478745316,
    "z_sum": -6.346392986683928,
    "combined": 0.2577430794913913,
    "sax_detail": {
      "total": -2.1330979720544363,
      "variety_gate": 0.5,
      "features": {
        "melodic_entropy": {
          "raw": 1.584962500721156,
          "z_score": -1.6757586690314699
        },
        "dur_cv": {
          "raw": 0.0,
          "z_score": -0.8880854560394412
        },
        "sax_arpeggio_runs": {
          "raw": 5,
          "z_score": 0.15562301705051243
        },
        "peak_not_late": {
          "raw": 1,
          "z_score": 0.6122586439155816
        },
        "blue_ratio": {
          "raw": 0.0,
          "z_score": -1.5838658146964857
        },
        "rhythm_2grams": {
          "raw": 1,
          "z_score": -0.8863676653075695
        }
      }
    },
    "bass_detail": {
      "total": -0.2867879153690056,
      "direction_gate": 1.0,
      "features": {
        "ioi_swing": {
          "raw": 0.0,
          "z_score": -0.8105992171032821
        },
        "non_chromatic_ratio": {
          "raw": 0.8823529411764706,
          "z_score": 0.5238113017342765
        }
      }
    },
    "piano_detail": {
      "total": -1.5907324453578624,
      "variety_gate": 1.0,
      "features": {
        "avg_chord_spread": {
          "raw": 12.0,
          "z_score": 0.48104803493449777
        },
        "gap_ratio": {
          "raw": 0.7142857142857143,
          "z_score": -1.2455562870309416
        },
        "register_separation": {
          "raw": 5.357142857142854,
          "z_score": -0.247276824840366
        },
        "velocity_variance": {
          "raw": 0.0,
          "z_score": -0.5789473684210527
        }
      }
    },
    "drums_detail": {
      "total": -2.4271009420322422,
      "features": {
        "kick_off_beat_ratio": {
          "raw": 0.5,
          "z_score": -0.8253055108539016
        },
        "snare_backbeat_ratio": {
          "raw": 0.0,
          "z_score": -0.5855710048313247
        },
        "velocity_variance": {
          "raw": 17.853571071357123,
          "z_score": 0.4021909285034631
        },
        "duration_variety": {
          "raw": 1,
          "z_score": -1.418415354850479
        }
      }
    },
    "ensemble_detail": {
      "total": 0.09132628812961957,
      "duration_gate": 1.0,
      "features": {
        "collision_rate": {
          "raw": 0.14285714285714285,
          "z_score": 0.9184434968017058
        },
        "phrase_alignment": {
          "raw": 0.5,
          "z_score": -0.10624999999999991
        },
        "texture_density": {
          "raw": 0.9199999999999999,
          "z_score": -1.05420054200542
        },
        "harmonic_consonance": {
          "raw": 0.8,
          "z_score": 0.33333333333333365
        }
      }
    }
  },
  "has_midi": true,
  "error": null,
  "timestamp": "2025-11-30T18:13:58.027077"
}