{
  "step": 22,
  "rollout_id": 3,
  "key": "D",
  "tempo": 160,
  "reward": 0.6608341355746337,
  "breakdown": {
    "sax": -0.45123104210615045,
    "sax_sig": 0.4253568698060653,
    "bass": 0.339569507199565,
    "bass_sig": 0.5563544532418501,
    "piano": 0.49933561046586633,
    "piano_sig": 0.5824624907362003,
    "drums": 2.659469633941127,
    "drums_sig": 0.8548278415504731,
    "ensemble": 0.9549379835550411,
    "ensemble_sig": 0.6539902122400048,
    "z_sum": 4.002081693055449,
    "combined": 0.6608341355746337,
    "sax_detail": {
      "total": -0.45123104210615045,
      "variety_gate": 0.5,
      "features": {
        "melodic_entropy": {
          "raw": 1.3787834934861753,
          "z_score": -0.992084741660721
        },
        "dur_cv": {
          "raw": 0.0,
          "z_score": -0.2978723404255319
        },
        "sax_arpeggio_runs": {
          "raw": 0,
          "z_score": -0.3391684901531729
        },
        "peak_not_late": {
          "raw": 1,
          "z_score": 0.42975206611570255
        },
        "blue_ratio": {
          "raw": 0.25,
          "z_score": 0.4294871794871795
        },
        "rhythm_2grams": {
          "raw": 1,
          "z_score": -0.13257575757575726
        }
      }
    },
    "bass_detail": {
      "total": 0.339569507199565,
      "direction_gate": 0.5,
      "features": {
        "ioi_swing": {
          "raw": 0.0,
          "z_score": -0.24855491329479767
        },
        "non_chromatic_ratio": {
          "raw": 0.7272727272727273,
          "z_score": 0.9276939276939278
        }
      }
    },
    "piano_detail": {
      "total": 0.49933561046586633,
      "variety_gate": 1.0,
      "features": {
        "avg_chord_spread": {
          "raw": 12.0,
          "z_score": 1.6953025814642404
        },
        "gap_ratio": {
          "raw": 0.6129032258064516,
          "z_score": -0.0700189753320685
        },
        "register_separation": {
          "raw": 0.5,
          "z_score": -0.8951787648970747
        },
        "velocity_variance": {
          "raw": 0.0,
          "z_score": -0.23076923076923078
        }
      }
    },
    "drums_detail": {
      "total": 2.659469633941127,
      "features": {
        "kick_off_beat_ratio": {
          "raw": 0.5,
          "z_score": 0.2411347517730495
        },
        "snare_backbeat_ratio": {
          "raw": 0.0,
          "z_score": -0.3584905660377358
        },
        "velocity_variance": {
          "raw": 12.133516482134198,
          "z_score": 1.447617527413734
        },
        "duration_variety": {
          "raw": 3,
          "z_score": 1.3292079207920793
        }
      }
    },
    "ensemble_detail": {
      "total": 0.9549379835550411,
      "duration_gate": 1.0,
      "features": {
        "collision_rate": {
          "raw": 0.125,
          "z_score": 0.5585106382978724
        },
        "phrase_alignment": {
          "raw": 0.5,
          "z_score": 0.8171206225680933
        },
        "texture_density": {
          "raw": 0.876,
          "z_score": -0.7610294117647057
        },
        "harmonic_consonance": {
          "raw": 0.6875,
          "z_score": 0.34033613445378136
        }
      }
    }
  },
  "has_midi": true,
  "error": null,
  "timestamp": "2025-11-30T23:27:02.925798"
}