{
  "step": 24,
  "rollout_id": 12,
  "key": "Fm",
  "tempo": 160,
  "reward": 0.43780313744663435,
  "breakdown": {
    "sax": -1.696773571228696,
    "sax_sig": 0.24394296272536453,
    "bass": -0.7134315458014879,
    "bass_sig": 0.3832866868851194,
    "piano": 0.27441075754526,
    "piano_sig": 0.5456079993727572,
    "drums": 1.4218458715648887,
    "drums_sig": 0.7206921009972318,
    "ensemble": -0.7865478701321045,
    "ensemble_sig": 0.37183206084550785,
    "z_sum": -1.50049635805214,
    "combined": 0.43780313744663435,
    "sax_detail": {
      "total": -1.696773571228696,
      "variety_gate": 0.5,
      "features": {
        "melodic_entropy": {
          "raw": 1.3516441151533922,
          "z_score": -1.0488616837795142
        },
        "dur_cv": {
          "raw": 0.0,
          "z_score": -0.2978723404255319
        },
        "sax_arpeggio_runs": {
          "raw": 0,
          "z_score": -0.3391684901531729
        },
        "peak_not_late": {
          "raw": 0,
          "z_score": -2.325068870523416
        },
        "blue_ratio": {
          "raw": 0.3,
          "z_score": 0.75
        },
        "rhythm_2grams": {
          "raw": 1,
          "z_score": -0.13257575757575726
        }
      }
    },
    "bass_detail": {
      "total": -0.7134315458014879,
      "direction_gate": 0.5,
      "features": {
        "ioi_swing": {
          "raw": 0.0,
          "z_score": -0.24855491329479767
        },
        "non_chromatic_ratio": {
          "raw": 0.18181818181818182,
          "z_score": -1.1783081783081781
        }
      }
    },
    "piano_detail": {
      "total": 0.27441075754526,
      "variety_gate": 0.5,
      "features": {
        "avg_chord_spread": {
          "raw": 8.0,
          "z_score": 0.0025391451544647596
        },
        "gap_ratio": {
          "raw": 0.6666666666666666,
          "z_score": -0.3862745098039215
        },
        "register_separation": {
          "raw": 8.099999999999994,
          "z_score": 1.1633261105092076
        },
        "velocity_variance": {
          "raw": 0.0,
          "z_score": -0.23076923076923078
        }
      }
    },
    "drums_detail": {
      "total": 1.4218458715648887,
      "features": {
        "kick_off_beat_ratio": {
          "raw": 0.5,
          "z_score": 0.2411347517730495
        },
        "snare_backbeat_ratio": {
          "raw": 0.0,
          "z_score": -0.3584905660377358
        },
        "velocity_variance": {
          "raw": 12.133516482134196,
          "z_score": 1.4476175274137335
        },
        "duration_variety": {
          "raw": 2,
          "z_score": 0.09158415841584167
        }
      }
    },
    "ensemble_detail": {
      "total": -0.7865478701321045,
      "duration_gate": 1.0,
      "features": {
        "collision_rate": {
          "raw": 0.2,
          "z_score": 0.15957446808510636
        },
        "phrase_alignment": {
          "raw": 0.6666666666666666,
          "z_score": 0.16861219195849547
        },
        "texture_density": {
          "raw": 0.844,
          "z_score": -0.6433823529411762
        },
        "harmonic_consonance": {
          "raw": 0.5909090909090909,
          "z_score": -0.4713521772345301
        }
      }
    }
  },
  "has_midi": true,
  "error": null,
  "timestamp": "2025-11-30T23:40:04.496496"
}