{
  "step": 19,
  "rollout_id": 7,
  "key": "F",
  "tempo": 160,
  "reward": 0.22009821176932653,
  "breakdown": {
    "sax": -1.2071275720489743,
    "sax_sig": 0.30900999964768056,
    "bass": -1.075862740602625,
    "bass_sig": 0.3280006403243589,
    "piano": 0.524660369849554,
    "piano_sig": 0.5865626715562208,
    "drums": -3.684604165863897,
    "drums_sig": 0.07897158548369755,
    "ensemble": -2.147630703494246,
    "ensemble_sig": 0.19282556859000174,
    "z_sum": -7.5905648121601885,
    "combined": 0.22009821176932653,
    "sax_detail": {
      "total": -1.2071275720489743,
      "variety_gate": 0.25,
      "features": {
        "melodic_entropy": {
          "raw": 1.584962500721156,
          "z_score": -0.5607479064410961
        },
        "dur_cv": {
          "raw": 0.0,
          "z_score": -0.2978723404255319
        },
        "sax_arpeggio_runs": {
          "raw": 0,
          "z_score": -0.3391684901531729
        },
        "peak_not_late": {
          "raw": 0,
          "z_score": -2.325068870523416
        },
        "blue_ratio": {
          "raw": 0.0,
          "z_score": -1.1730769230769231
        },
        "rhythm_2grams": {
          "raw": 1,
          "z_score": -0.13257575757575726
        }
      }
    },
    "bass_detail": {
      "total": -1.075862740602625,
      "direction_gate": 1.0,
      "features": {
        "ioi_swing": {
          "raw": 0.0,
          "z_score": -0.24855491329479767
        },
        "non_chromatic_ratio": {
          "raw": 0.2727272727272727,
          "z_score": -0.8273078273078274
        }
      }
    },
    "piano_detail": {
      "total": 0.524660369849554,
      "variety_gate": 0.5,
      "features": {
        "avg_chord_spread": {
          "raw": 8.0,
          "z_score": 0.0025391451544647596
        },
        "gap_ratio": {
          "raw": 0.6,
          "z_score": 0.005882352941176476
        },
        "register_separation": {
          "raw": 8.5,
          "z_score": 1.2716684723726976
        },
        "velocity_variance": {
          "raw": 0.0,
          "z_score": -0.23076923076923078
        }
      }
    },
    "drums_detail": {
      "total": -3.684604165863897,
      "features": {
        "kick_off_beat_ratio": {
          "raw": 0.0,
          "z_score": -3.0
        },
        "snare_backbeat_ratio": {
          "raw": 0.0,
          "z_score": -0.3584905660377358
        },
        "velocity_variance": {
          "raw": 3.1426968052735456,
          "z_score": -0.4176977582420029
        },
        "duration_variety": {
          "raw": 2,
          "z_score": 0.09158415841584167
        }
      }
    },
    "ensemble_detail": {
      "total": -2.147630703494246,
      "duration_gate": 1.0,
      "features": {
        "collision_rate": {
          "raw": 0.25,
          "z_score": -0.1063829787234042
        },
        "phrase_alignment": {
          "raw": 0.5,
          "z_score": 0.8171206225680933
        },
        "texture_density": {
          "raw": 0.9199999999999999,
          "z_score": -0.9227941176470583
        },
        "harmonic_consonance": {
          "raw": 0.4166666666666667,
          "z_score": -1.9355742296918768
        }
      }
    }
  },
  "has_midi": true,
  "error": null,
  "timestamp": "2025-12-01T00:57:02.130929"
}