{
  "step": 19,
  "rollout_id": 6,
  "key": "D",
  "tempo": 160,
  "reward": 0.7724352448653563,
  "breakdown": {
    "sax": 1.2466439559780527,
    "sax_sig": 0.6965866171729499,
    "bass": -0.26930501930501927,
    "bass_sig": 0.45523600694864574,
    "piano": 3.3933066626304265,
    "piano_sig": 0.9056980788269737,
    "drums": 0.5698549492697926,
    "drums_sig": 0.5938497797408506,
    "ensemble_mult": 1.06,
    "z_sum": 4.940500548573253,
    "base_reward": 0.7287124951559965,
    "combined": 0.7724352448653563,
    "sax_detail": {
      "total": 1.2466439559780527,
      "variety_gate": 0.5,
      "features": {
        "melodic_entropy": {
          "raw": 2.2359263506290326,
          "z_score": 0.8011011519435828
        },
        "dur_cv": {
          "raw": 0.0,
          "z_score": -0.2978723404255319
        },
        "sax_arpeggio_runs": {
          "raw": 0,
          "z_score": -0.3391684901531729
        },
        "peak_not_late": {
          "raw": 1,
          "z_score": 0.42975206611570255
        },
        "blue_ratio": {
          "raw": 0.5,
          "z_score": 2.032051282051282
        },
        "rhythm_2grams": {
          "raw": 1,
          "z_score": -0.13257575757575726
        }
      }
    },
    "bass_detail": {
      "total": -0.26930501930501927,
      "chromatic_gate": 1.0,
      "direction_gate": 1.0,
      "features": {
        "duration_variety": {
          "raw": 1,
          "z_score": -1.0
        },
        "velocity_variance": {
          "raw": 0.0,
          "z_score": -1.25
        },
        "non_chromatic_ratio": {
          "raw": 1.0,
          "z_score": 1.9806949806949807
        }
      }
    },
    "piano_detail": {
      "total": 3.3933066626304265,
      "tonic_bonus": 1.2,
      "register_failed": false,
      "avg_pitch": 66.66666666666667,
      "features": {
        "unique_chords": {
          "raw": 3,
          "capped": 3,
          "z_score": 1.0086206896551724,
          "weight": 1.0
        },
        "avg_chord_duration": {
          "raw": 0.5,
          "z_score": 1.5819672131147542,
          "weight": 1.5
        },
        "cluster_ratio": {
          "raw": 0.3333333333333333,
          "z_score": -0.13269384492406067,
          "weight": 1.0
        },
        "out_of_key_ratio": {
          "raw": 0.08333333333333333,
          "z_score": -0.22112211221122108,
          "weight": 1.0
        },
        "chord_duration_variety": {
          "raw": 1,
          "z_score": -0.20000000000000018,
          "weight": 1.0
        }
      }
    },
    "drums_detail": {
      "total": 0.5698549492697926,
      "features": {
        "duration_variety": {
          "raw": 3,
          "z_score": 1.3048327137546467
        },
        "kick_off_beat_ratio": {
          "raw": 0.19999999999999996,
          "z_score": -1.9071428571428575
        },
        "velocity_variance": {
          "raw": 10.923875949480442,
          "z_score": 1.1721650926580034
        }
      }
    },
    "ensemble_detail": {
      "total": 1.06,
      "dynamic_coherence": 0.8
    }
  },
  "has_midi": true,
  "error": null,
  "timestamp": "2025-12-02T13:47:35.043956"
}