{
  "step": 10,
  "rollout_id": 20,
  "key": "D",
  "tempo": 160,
  "reward": 0.9256370537502362,
  "breakdown": {
    "sax": -0.372820019246204,
    "sax_sig": 0.43818124308664697,
    "bass": 3.0770407631913415,
    "bass_sig": 0.8860850183957364,
    "piano": 4.917818275253473,
    "piano_sig": 0.9636854170885173,
    "drums": 2.027648554244778,
    "drums_sig": 0.7944181490857471,
    "ensemble_mult": 1.06,
    "z_sum": 9.649687573443387,
    "base_reward": 0.8732425035379586,
    "combined": 0.9256370537502362,
    "sax_detail": {
      "total": -0.372820019246204,
      "variety_gate": 1.0,
      "features": {
        "melodic_entropy": {
          "raw": 1.8954618442383218,
          "z_score": 0.08883231012201209
        },
        "dur_cv": {
          "raw": 0.09882117688026185,
          "z_score": 0.7534167753219345
        },
        "sax_arpeggio_runs": {
          "raw": 0,
          "z_score": -0.3391684901531729
        },
        "peak_not_late": {
          "raw": 1,
          "z_score": 0.42975206611570255
        },
        "blue_ratio": {
          "raw": 0.0,
          "z_score": -1.1730769230769231
        },
        "rhythm_2grams": {
          "raw": 1,
          "z_score": -0.13257575757575726
        }
      }
    },
    "bass_detail": {
      "total": 3.0770407631913415,
      "chromatic_gate": 1.0,
      "direction_gate": 1.0,
      "features": {
        "duration_variety": {
          "raw": 3,
          "z_score": 1.0
        },
        "velocity_variance": {
          "raw": 9.797958971132712,
          "z_score": 1.1994897427831779
        },
        "non_chromatic_ratio": {
          "raw": 0.7142857142857143,
          "z_score": 0.8775510204081634
        }
      }
    },
    "piano_detail": {
      "total": 4.917818275253473,
      "tonic_bonus": 1.0,
      "register_failed": false,
      "avg_pitch": 68.66666666666667,
      "features": {
        "unique_chords": {
          "raw": 2,
          "capped": 2,
          "z_score": 0.146551724137931,
          "weight": 1.0
        },
        "avg_chord_duration": {
          "raw": 1.5,
          "z_score": 3.0,
          "weight": 1.5
        },
        "cluster_ratio": {
          "raw": 0.3333333333333333,
          "z_score": -0.13269384492406067,
          "weight": 1.0
        },
        "out_of_key_ratio": {
          "raw": 0.0,
          "z_score": 0.6039603960396039,
          "weight": 1.0
        },
        "chord_duration_variety": {
          "raw": 1,
          "z_score": -0.20000000000000018,
          "weight": 1.0
        }
      }
    },
    "drums_detail": {
      "total": 2.027648554244778,
      "features": {
        "duration_variety": {
          "raw": 3,
          "z_score": 1.3048327137546467
        },
        "kick_off_beat_ratio": {
          "raw": 0.5,
          "z_score": 0.23571428571428552
        },
        "velocity_variance": {
          "raw": 7.637626158259733,
          "z_score": 0.487101554775846
        }
      }
    },
    "ensemble_detail": {
      "total": 1.06,
      "dynamic_coherence": 0.8
    }
  },
  "has_midi": true,
  "error": null,
  "timestamp": "2025-12-01T22:19:17.606422"
}