{
  "id": 2,
  "generation": 29,
  "reward": 0.33268384885773106,
  "breakdown": {
    "sax": -0.9808395768449437,
    "sax_sig": 0.3421127841514741,
    "bass": 3.040543916768118,
    "bass_sig": 0.8836058975131402,
    "piano": -1.4459405510179466,
    "piano_sig": 0.27608596443844996,
    "drums": -3.5151380587202605,
    "drums_sig": 0.08758977957046284,
    "ensemble": -1.27505345310921,
    "ensemble_sig": 0.2994253822397696,
    "z_sum": -4.1764277229242435,
    "combined": 0.33268384885773106,
    "sax_detail": {
      "total": -0.9808395768449437,
      "variety_gate": 0.5,
      "features": {
        "melodic_entropy": {
          "raw": 1.95006375643621,
          "z_score": 0.20306225195859837
        },
        "dur_cv": {
          "raw": 0.0,
          "z_score": -0.2978723404255319
        },
        "sax_arpeggio_runs": {
          "raw": 1,
          "z_score": 0.39022611232676874
        },
        "peak_not_late": {
          "raw": 0,
          "z_score": -2.325068870523416
        },
        "blue_ratio": {
          "raw": 0.21428571428571427,
          "z_score": 0.2005494505494505
        },
        "rhythm_2grams": {
          "raw": 1,
          "z_score": -0.13257575757575726
        }
      }
    },
    "bass_detail": {
      "total": 3.040543916768118,
      "direction_gate": 1.0,
      "features": {
        "ioi_swing": {
          "raw": 0.8362246062461756,
          "z_score": 4.585113330902749
        },
        "non_chromatic_ratio": {
          "raw": 0.08695652173913043,
          "z_score": -1.5445694141346313
        }
      }
    },
    "piano_detail": {
      "total": -1.4459405510179466,
      "variety_gate": 1.0,
      "features": {
        "avg_chord_spread": {
          "raw": 7.0,
          "z_score": -0.4206517139229792
        },
        "gap_ratio": {
          "raw": 0.625,
          "z_score": -0.1411764705882354
        },
        "register_separation": {
          "raw": 1.392857142857146,
          "z_score": -0.6533431357375011
        },
        "velocity_variance": {
          "raw": 0.0,
          "z_score": -0.23076923076923078
        }
      }
    },
    "drums_detail": {
      "total": -3.5151380587202605,
      "features": {
        "kick_off_beat_ratio": {
          "raw": 0.33333333333333337,
          "z_score": -0.9408983451536643
        },
        "snare_backbeat_ratio": {
          "raw": 0.0,
          "z_score": -0.3584905660377358
        },
        "velocity_variance": {
          "raw": 0.0,
          "z_score": -1.0697095435684647
        },
        "duration_variety": {
          "raw": 1,
          "z_score": -1.146039603960396
        }
      }
    },
    "ensemble_detail": {
      "total": -1.27505345310921,
      "duration_gate": 1.0,
      "features": {
        "collision_rate": {
          "raw": 0.14285714285714285,
          "z_score": 0.4635258358662615
        },
        "phrase_alignment": {
          "raw": 0.5,
          "z_score": 0.8171206225680933
        },
        "texture_density": {
          "raw": 0.968,
          "z_score": -1.0992647058823526
        },
        "harmonic_consonance": {
          "raw": 0.47368421052631576,
          "z_score": -1.4564352056612122
        }
      }
    }
  },
  "metrics": {
    "reward": 0.33268384885773106,
    "note_count": 113,
    "valid_midi": 1.0,
    "unique_durs": 1,
    "has_rests": true
  },
  "has_midi": true,
  "error": null,
  "timestamp": "2025-11-30T21:44:48.824018"
}