{
  "step": 12,
  "rollout_id": 9,
  "key": "C",
  "tempo": 120,
  "reward": 0.5087352577469348,
  "has_midi": true,
  "error": null,
  "timestamp": "2025-11-29T23:02:34.335381"
}