{
  "step": 16,
  "rollout_id": 14,
  "key": "Fm",
  "tempo": 160,
  "reward": 0.8211494501439274,
  "breakdown": {
    "sax": 1.0671598569370606,
    "sax_sig": 0.6707192479933085,
    "bass": 6.19307296700494,
    "bass_sig": 0.9841516609845187,
    "piano": -0.38470890776476324,
    "piano_sig": 0.4362310168207094,
    "drums": 1.1201602409486207,
    "drums_sig": 0.678475253596676,
    "ensemble": 1.1492433652822005,
    "ensemble_sig": 0.6826901258446315,
    "z_sum": 9.144927522408059,
    "combined": 0.8211494501439274,
    "sax_detail": {
      "total": 1.0671598569370606,
      "variety_gate": 0.5,
      "features": {
        "melodic_entropy": {
          "raw": 2.481714572986073,
          "z_score": 1.3153024539457596
        },
        "dur_cv": {
          "raw": 0.0,
          "z_score": -0.2978723404255319
        },
        "sax_arpeggio_runs": {
          "raw": 1,
          "z_score": 0.39022611232676874
        },
        "peak_not_late": {
          "raw": 1,
          "z_score": 0.42975206611570255
        },
        "blue_ratio": {
          "raw": 0.25,
          "z_score": 0.4294871794871795
        },
        "rhythm_2grams": {
          "raw": 1,
          "z_score": -0.13257575757575726
        }
      }
    },
    "bass_detail": {
      "total": 6.19307296700494,
      "direction_gate": 1.0,
      "features": {
        "ioi_swing": {
          "raw": 0.8931875130777444,
          "z_score": 4.914378688310661
        },
        "non_chromatic_ratio": {
          "raw": 0.8181818181818182,
          "z_score": 1.278694278694279
        }
      }
    },
    "piano_detail": {
      "total": -0.38470890776476324,
      "variety_gate": 1.0,
      "features": {
        "avg_chord_spread": {
          "raw": 7.0,
          "z_score": -0.4206517139229792
        },
        "gap_ratio": {
          "raw": 0.7142857142857143,
          "z_score": -0.6663865546218489
        },
        "register_separation": {
          "raw": 7.25,
          "z_score": 0.9330985915492956
        },
        "velocity_variance": {
          "raw": 0.0,
          "z_score": -0.23076923076923078
        }
      }
    },
    "drums_detail": {
      "total": 1.1201602409486207,
      "features": {
        "kick_off_beat_ratio": {
          "raw": 0.5,
          "z_score": 0.2411347517730495
        },
        "snare_backbeat_ratio": {
          "raw": 0.0,
          "z_score": -0.3584905660377358
        },
        "velocity_variance": {
          "raw": 4.714045207910317,
          "z_score": -0.09169186557877233
        },
        "duration_variety": {
          "raw": 3,
          "z_score": 1.3292079207920793
        }
      }
    },
    "ensemble_detail": {
      "total": 1.1492433652822005,
      "duration_gate": 1.0,
      "features": {
        "collision_rate": {
          "raw": 0.0,
          "z_score": 1.223404255319149
        },
        "phrase_alignment": {
          "raw": 0.5,
          "z_score": 0.8171206225680933
        },
        "texture_density": {
          "raw": 0.8039999999999999,
          "z_score": -0.4963235294117643
        },
        "harmonic_consonance": {
          "raw": 0.6,
          "z_score": -0.3949579831932777
        }
      }
    }
  },
  "has_midi": true,
  "error": null,
  "timestamp": "2025-11-30T22:47:16.099205"
}