{
  "id": 1,
  "generation": 51,
  "reward": 0.7514066336736795,
  "breakdown": {
    "sax": -1.0368446757783893,
    "sax_sig": 0.3337595575668393,
    "bass": -0.792953667953668,
    "bass_sig": 0.37083512717260286,
    "piano": 2.9153133261319346,
    "piano_sig": 0.8747407774156434,
    "drums": 3.9510438193189024,
    "drums_sig": 0.9330197902334422,
    "ensemble_mult": 1.025819888974716,
    "z_sum": 5.03655880171878,
    "base_reward": 0.7324937269686724,
    "combined": 0.7514066336736795,
    "sax_detail": {
      "total": -1.0368446757783893,
      "variety_gate": 0.5,
      "features": {
        "melodic_entropy": {
          "raw": 1.584962500721156,
          "z_score": -0.5607479064410961
        },
        "dur_cv": {
          "raw": 0.0,
          "z_score": -0.2978723404255319
        },
        "sax_arpeggio_runs": {
          "raw": 0,
          "z_score": -0.3391684901531729
        },
        "peak_not_late": {
          "raw": 1,
          "z_score": 0.42975206611570255
        },
        "blue_ratio": {
          "raw": 0.0,
          "z_score": -1.1730769230769231
        },
        "rhythm_2grams": {
          "raw": 1,
          "z_score": -0.13257575757575726
        }
      }
    },
    "bass_detail": {
      "total": -0.792953667953668,
      "chromatic_gate": 0.5,
      "direction_gate": 1.0,
      "features": {
        "duration_variety": {
          "raw": 2,
          "z_score": 0.0
        },
        "velocity_variance": {
          "raw": 0.0,
          "z_score": -1.25
        },
        "non_chromatic_ratio": {
          "raw": 0.4,
          "z_score": -0.3359073359073358
        }
      }
    },
    "piano_detail": {
      "total": 2.9153133261319346,
      "tonic_bonus": 1.0,
      "register_failed": false,
      "avg_pitch": 57.666666666666664,
      "features": {
        "unique_chords": {
          "raw": 3,
          "capped": 3,
          "z_score": 1.0086206896551724,
          "weight": 1.0
        },
        "avg_chord_duration": {
          "raw": 0.375,
          "z_score": 0.5573770491803279,
          "weight": 1.5
        },
        "cluster_ratio": {
          "raw": 0.0,
          "z_score": 0.6666666666666667,
          "weight": 1.0
        },
        "out_of_key_ratio": {
          "raw": 0.0,
          "z_score": 0.6039603960396039,
          "weight": 1.0
        },
        "chord_duration_variety": {
          "raw": 1,
          "z_score": -0.20000000000000018,
          "weight": 1.0
        }
      }
    },
    "drums_detail": {
      "total": 3.9510438193189024,
      "features": {
        "duration_variety": {
          "raw": 4,
          "z_score": 2.5439900867410157
        },
        "kick_off_beat_ratio": {
          "raw": 0.6,
          "z_score": 0.9499999999999995
        },
        "velocity_variance": {
          "raw": 7.493486755176124,
          "z_score": 0.45705373257788706
        }
      }
    },
    "ensemble_detail": {
      "total": 1.025819888974716,
      "dynamic_coherence": 0.6290994448735805
    }
  },
  "metrics": {
    "reward": 0.7514066336736795,
    "note_count": 54,
    "valid_midi": 1.0,
    "unique_durs": 1,
    "has_rests": true
  },
  "has_midi": true,
  "error": null,
  "timestamp": "2025-12-02T16:01:52.357417"
}