{
  "step": 11,
  "rollout_id": 6,
  "key": "C",
  "tempo": 120,
  "reward": 0.5509999689468962,
  "has_midi": true,
  "error": null,
  "timestamp": "2025-11-29T22:58:34.318342"
}