{
  "id": 14,
  "generation": 47,
  "reward": 0.44226629174045107,
  "breakdown": {
    "sax": 1.403328457358149,
    "sax_sig": 0.7182003688691608,
    "bass": -0.02286168760157209,
    "bass_sig": 0.4961897924894788,
    "piano": -0.42012993031974066,
    "piano_sig": 0.43043254008943754,
    "drums": -0.3770696058141627,
    "drums_sig": 0.43748392794647695,
    "ensemble": -1.975083948413987,
    "ensemble_sig": 0.21136407884299327,
    "z_sum": -1.3918167147913136,
    "combined": 0.44226629174045107,
    "sax_detail": {
      "total": 1.403328457358149,
      "variety_gate": 0.5,
      "features": {
        "melodic_entropy": {
          "raw": 2.2464393446710154,
          "z_score": 0.8230948633284841
        },
        "dur_cv": {
          "raw": 0.0,
          "z_score": -0.2978723404255319
        },
        "sax_arpeggio_runs": {
          "raw": 0,
          "z_score": -0.3391684901531729
        },
        "peak_not_late": {
          "raw": 1,
          "z_score": 0.42975206611570255
        },
        "blue_ratio": {
          "raw": 0.5454545454545454,
          "z_score": 2.3234265734265733
        },
        "rhythm_2grams": {
          "raw": 1,
          "z_score": -0.13257575757575726
        }
      }
    },
    "bass_detail": {
      "total": -0.02286168760157209,
      "direction_gate": 1.0,
      "features": {
        "ioi_swing": {
          "raw": 0.0,
          "z_score": -0.24855491329479767
        },
        "non_chromatic_ratio": {
          "raw": 0.5454545454545454,
          "z_score": 0.22569322569322559
        }
      }
    },
    "piano_detail": {
      "total": -0.42012993031974066,
      "variety_gate": 0.5,
      "features": {
        "avg_chord_spread": {
          "raw": 9.0,
          "z_score": 0.4257300042319087
        },
        "gap_ratio": {
          "raw": 0.6666666666666666,
          "z_score": -0.3862745098039215
        },
        "register_separation": {
          "raw": 1.4090909090909065,
          "z_score": -0.6489461242982377
        },
        "velocity_variance": {
          "raw": 0.0,
          "z_score": -0.23076923076923078
        }
      }
    },
    "drums_detail": {
      "total": -0.3770696058141627,
      "features": {
        "kick_off_beat_ratio": {
          "raw": 0.5,
          "z_score": 0.2411347517730495
        },
        "snare_backbeat_ratio": {
          "raw": 0.0,
          "z_score": -0.3584905660377358
        },
        "velocity_variance": {
          "raw": 9.428090415820632,
          "z_score": 0.8863258124109196
        },
        "duration_variety": {
          "raw": 1,
          "z_score": -1.146039603960396
        }
      }
    },
    "ensemble_detail": {
      "total": -1.975083948413987,
      "duration_gate": 1.0,
      "features": {
        "collision_rate": {
          "raw": 0.18181818181818182,
          "z_score": 0.2562862669245648
        },
        "phrase_alignment": {
          "raw": 0.8333333333333334,
          "z_score": -0.47989623865110276
        },
        "texture_density": {
          "raw": 0.9199999999999999,
          "z_score": -0.9227941176470583
        },
        "harmonic_consonance": {
          "raw": 0.5483870967741935,
          "z_score": -0.8286798590403909
        }
      }
    }
  },
  "metrics": {
    "reward": 0.44226629174045107,
    "note_count": 47,
    "valid_midi": 1.0,
    "unique_durs": 1,
    "has_rests": true
  },
  "has_midi": true,
  "error": null,
  "timestamp": "2025-12-01T04:24:04.235407"
}