{
  "step": 7,
  "rollout_id": 8,
  "key": "C",
  "tempo": 120,
  "reward": 0.5141012051659282,
  "has_midi": true,
  "error": null,
  "timestamp": "2025-11-29T22:45:12.960813"
}