{
  "step": 16,
  "rollout_id": 11,
  "key": "Fm",
  "tempo": 160,
  "reward": 0.8416320497132554,
  "breakdown": {
    "sax": 0.15597965853339416,
    "sax_sig": 0.525973209557653,
    "bass": -0.26930501930501927,
    "bass_sig": 0.45523600694864574,
    "piano": 4.85510982132696,
    "piano_sig": 0.9621936947086367,
    "drums": 2.964878140209853,
    "drums_sig": 0.8783166957205382,
    "ensemble_mult": 1.0218217890235992,
    "z_sum": 7.706662600765188,
    "base_reward": 0.8236583509512712,
    "combined": 0.8416320497132554,
    "sax_detail": {
      "total": 0.15597965853339416,
      "variety_gate": 0.25,
      "features": {
        "melodic_entropy": {
          "raw": 2.108393476855505,
          "z_score": 0.5342959766851566
        },
        "dur_cv": {
          "raw": 0.0,
          "z_score": -0.2978723404255319
        },
        "sax_arpeggio_runs": {
          "raw": 0,
          "z_score": -0.3391684901531729
        },
        "peak_not_late": {
          "raw": 1,
          "z_score": 0.42975206611570255
        },
        "blue_ratio": {
          "raw": 0.25,
          "z_score": 0.4294871794871795
        },
        "rhythm_2grams": {
          "raw": 1,
          "z_score": -0.13257575757575726
        }
      }
    },
    "bass_detail": {
      "total": -0.26930501930501927,
      "chromatic_gate": 1.0,
      "direction_gate": 1.0,
      "features": {
        "duration_variety": {
          "raw": 1,
          "z_score": -1.0
        },
        "velocity_variance": {
          "raw": 0.0,
          "z_score": -1.25
        },
        "non_chromatic_ratio": {
          "raw": 1.0,
          "z_score": 1.9806949806949807
        }
      }
    },
    "piano_detail": {
      "total": 4.85510982132696,
      "tonic_bonus": 1.0,
      "register_failed": false,
      "avg_pitch": 71.0,
      "features": {
        "unique_chords": {
          "raw": 1,
          "capped": 1,
          "z_score": -0.7155172413793105,
          "weight": 1.0
        },
        "avg_chord_duration": {
          "raw": 1.5,
          "z_score": 3.0,
          "weight": 1.5
        },
        "cluster_ratio": {
          "raw": 0.0,
          "z_score": 0.6666666666666667,
          "weight": 1.0
        },
        "out_of_key_ratio": {
          "raw": 0.0,
          "z_score": 0.6039603960396039,
          "weight": 1.0
        },
        "chord_duration_variety": {
          "raw": 1,
          "z_score": -0.20000000000000018,
          "weight": 1.0
        }
      }
    },
    "drums_detail": {
      "total": 2.964878140209853,
      "features": {
        "duration_variety": {
          "raw": 3,
          "z_score": 1.3048327137546467
        },
        "kick_off_beat_ratio": {
          "raw": 0.5,
          "z_score": 0.23571428571428552
        },
        "velocity_variance": {
          "raw": 12.133516482134196,
          "z_score": 1.4243311407409207
        }
      }
    },
    "ensemble_detail": {
      "total": 1.0218217890235992,
      "dynamic_coherence": 0.6091089451179962
    }
  },
  "has_midi": true,
  "error": null,
  "timestamp": "2025-12-02T13:42:19.461047"
}