{
  "id": 16,
  "generation": 50,
  "reward": 0.43191654725847983,
  "breakdown": {
    "sax": -0.4268463170830015,
    "sax_sig": 0.4293351558495129,
    "bass": -0.971305721305721,
    "bass_sig": 0.3435447499169439,
    "piano": -4.0888118464253385,
    "piano_sig": 0.0614637122923011,
    "drums": 3.7378934877581713,
    "drums_sig": 0.9235740718473896,
    "ensemble_mult": 1.0447213595499958,
    "z_sum": -1.74907039705589,
    "base_reward": 0.41342750706707476,
    "combined": 0.43191654725847983,
    "sax_detail": {
      "total": -0.4268463170830015,
      "variety_gate": 0.25,
      "features": {
        "melodic_entropy": {
          "raw": 0.9940302114769565,
          "z_score": -1.797007925780426
        },
        "dur_cv": {
          "raw": 0.0,
          "z_score": -0.2978723404255319
        },
        "sax_arpeggio_runs": {
          "raw": 0,
          "z_score": -0.3391684901531729
        },
        "peak_not_late": {
          "raw": 1,
          "z_score": 0.42975206611570255
        },
        "blue_ratio": {
          "raw": 0.25,
          "z_score": 0.4294871794871795
        },
        "rhythm_2grams": {
          "raw": 1,
          "z_score": -0.13257575757575726
        }
      }
    },
    "bass_detail": {
      "total": -0.971305721305721,
      "chromatic_gate": 1.0,
      "direction_gate": 1.0,
      "features": {
        "duration_variety": {
          "raw": 1,
          "z_score": -1.0
        },
        "velocity_variance": {
          "raw": 0.0,
          "z_score": -1.25
        },
        "non_chromatic_ratio": {
          "raw": 0.8181818181818182,
          "z_score": 1.278694278694279
        }
      }
    },
    "piano_detail": {
      "total": -4.0888118464253385,
      "tonic_bonus": 1.2,
      "register_failed": false,
      "avg_pitch": 63.166666666666664,
      "features": {
        "unique_chords": {
          "raw": 3,
          "capped": 3,
          "z_score": 1.0086206896551724,
          "weight": 1.0
        },
        "avg_chord_duration": {
          "raw": 0.125,
          "z_score": -1.4918032786885247,
          "weight": 1.5
        },
        "cluster_ratio": {
          "raw": 0.6666666666666666,
          "z_score": -0.9320543565147881,
          "weight": 1.0
        },
        "out_of_key_ratio": {
          "raw": 0.16666666666666666,
          "z_score": -1.046204620462046,
          "weight": 1.0
        },
        "chord_duration_variety": {
          "raw": 1,
          "z_score": -0.20000000000000018,
          "weight": 1.0
        }
      }
    },
    "drums_detail": {
      "total": 3.7378934877581713,
      "features": {
        "duration_variety": {
          "raw": 4,
          "z_score": 2.5439900867410157
        },
        "kick_off_beat_ratio": {
          "raw": 0.5,
          "z_score": 0.23571428571428552
        },
        "velocity_variance": {
          "raw": 9.89743318610787,
          "z_score": 0.9581891153028705
        }
      }
    },
    "ensemble_detail": {
      "total": 1.0447213595499958,
      "dynamic_coherence": 0.7236067977499789
    }
  },
  "metrics": {
    "reward": 0.43191654725847983,
    "note_count": 50,
    "valid_midi": 1.0,
    "unique_durs": 1,
    "has_rests": false
  },
  "has_midi": true,
  "error": null,
  "timestamp": "2025-12-02T15:56:10.528294"
}