{
  "step": 5,
  "rollout_id": 23,
  "key": "F",
  "tempo": 160,
  "reward": 0.22174678584882626,
  "breakdown": {
    "sax": -1.6153674273092051,
    "sax_sig": 0.2540909090395193,
    "bass": -1.0674585114110058,
    "bass_sig": 0.32923678062449835,
    "piano": -0.8448837731017329,
    "piano_sig": 0.3627944543473187,
    "drums": -1.1797128843283937,
    "drums_sig": 0.3129260008688967,
    "ensemble": -2.825672279942848,
    "ensemble_sig": 0.13195512385524696,
    "z_sum": -7.533094876093186,
    "combined": 0.22174678584882626,
    "sax_detail": {
      "total": -1.6153674273092051,
      "variety_gate": 0.25,
      "features": {
        "melodic_entropy": {
          "raw": 0.9182958340544896,
          "z_score": -3.0520317216051
        },
        "dur_cv": {
          "raw": 0.0,
          "z_score": -0.8880854560394412
        },
        "sax_arpeggio_runs": {
          "raw": 0,
          "z_score": -0.4150099290132615
        },
        "peak_not_late": {
          "raw": 0,
          "z_score": -1.6329142343960483
        },
        "blue_ratio": {
          "raw": 0.25,
          "z_score": 0.4129392971246006
        },
        "rhythm_2grams": {
          "raw": 1,
          "z_score": -0.8863676653075695
        }
      }
    },
    "bass_detail": {
      "total": -1.0674585114110058,
      "direction_gate": 1.0,
      "features": {
        "ioi_swing": {
          "raw": 0.0,
          "z_score": -0.8105992171032821
        },
        "non_chromatic_ratio": {
          "raw": 0.6363636363636364,
          "z_score": -0.2568592943077236
        }
      }
    },
    "piano_detail": {
      "total": -0.8448837731017329,
      "variety_gate": 0.5,
      "features": {
        "avg_chord_spread": {
          "raw": 9.0,
          "z_score": -0.04296943231441056
        },
        "gap_ratio": {
          "raw": 0.7692307692307693,
          "z_score": -1.4987593052109183
        },
        "register_separation": {
          "raw": 10.0,
          "z_score": 0.4309085597429156
        },
        "velocity_variance": {
          "raw": 0.0,
          "z_score": -0.5789473684210527
        }
      }
    },
    "drums_detail": {
      "total": -1.1797128843283937,
      "features": {
        "kick_off_beat_ratio": {
          "raw": 0.5,
          "z_score": -0.8253055108539016
        },
        "snare_backbeat_ratio": {
          "raw": 0.5,
          "z_score": 2.422725877971445
        },
        "velocity_variance": {
          "raw": 0.0,
          "z_score": -1.3587178965954583
        },
        "duration_variety": {
          "raw": 1,
          "z_score": -1.418415354850479
        }
      }
    },
    "ensemble_detail": {
      "total": -2.825672279942848,
      "duration_gate": 1.0,
      "features": {
        "collision_rate": {
          "raw": 0.0,
          "z_score": 1.4514925373134329
        },
        "phrase_alignment": {
          "raw": 0.5,
          "z_score": -0.10624999999999991
        },
        "texture_density": {
          "raw": 0.9880000000000001,
          "z_score": -1.2384823848238484
        },
        "harmonic_consonance": {
          "raw": 0.4375,
          "z_score": -2.9324324324324325
        }
      }
    }
  },
  "has_midi": true,
  "error": null,
  "timestamp": "2025-11-30T17:43:44.411034"
}