{
  "step": 8,
  "rollout_id": 14,
  "key": "Dm",
  "tempo": 160,
  "reward": 0.8782438290404493,
  "breakdown": {
    "sax": 9.117638838728574,
    "sax_sig": 0.9977134589268188,
    "bass": 1.3811397163998318,
    "bass_sig": 0.7151968971168157,
    "piano": 1.0329406998905368,
    "piano_sig": 0.6656614561561335,
    "drums": 0.48908854296022863,
    "drums_sig": 0.5808001699762088,
    "ensemble": -0.1653848868796633,
    "ensemble_sig": 0.47246374194977603,
    "z_sum": 11.855422911099508,
    "combined": 0.8782438290404493,
    "sax_detail": {
      "total": 9.117638838728574,
      "variety_gate": 0.5,
      "features": {
        "melodic_entropy": {
          "raw": 1.9808259362290785,
          "z_score": 0.2674182766298715
        },
        "dur_cv": {
          "raw": 0.6123724356957946,
          "z_score": 6.216728039316964
        },
        "sax_arpeggio_runs": {
          "raw": 0,
          "z_score": -0.3391684901531729
        },
        "peak_not_late": {
          "raw": 1,
          "z_score": 0.42975206611570255
        },
        "blue_ratio": {
          "raw": 0.25,
          "z_score": 0.4294871794871795
        },
        "rhythm_2grams": {
          "raw": 4,
          "z_score": 11.231060606060606
        }
      }
    },
    "bass_detail": {
      "total": 1.3811397163998318,
      "direction_gate": 1.0,
      "features": {
        "ioi_swing": {
          "raw": 0.0,
          "z_score": -0.24855491329479767
        },
        "non_chromatic_ratio": {
          "raw": 0.9090909090909091,
          "z_score": 1.6296946296946295
        }
      }
    },
    "piano_detail": {
      "total": 1.0329406998905368,
      "variety_gate": 0.5,
      "features": {
        "avg_chord_spread": {
          "raw": 10.0,
          "z_score": 0.8489208633093526
        },
        "gap_ratio": {
          "raw": 0.4444444444444444,
          "z_score": 0.9209150326797385
        },
        "register_separation": {
          "raw": 5.75,
          "z_score": 0.5268147345612134
        },
        "velocity_variance": {
          "raw": 0.0,
          "z_score": -0.23076923076923078
        }
      }
    },
    "drums_detail": {
      "total": 0.48908854296022863,
      "features": {
        "kick_off_beat_ratio": {
          "raw": 0.5,
          "z_score": 0.2411347517730495
        },
        "snare_backbeat_ratio": {
          "raw": 0.0,
          "z_score": -0.3584905660377358
        },
        "velocity_variance": {
          "raw": 7.637626158259733,
          "z_score": 0.5148601988090733
        },
        "duration_variety": {
          "raw": 2,
          "z_score": 0.09158415841584167
        }
      }
    },
    "ensemble_detail": {
      "total": -0.1653848868796633,
      "duration_gate": 1.0,
      "features": {
        "collision_rate": {
          "raw": 0.25,
          "z_score": -0.1063829787234042
        },
        "phrase_alignment": {
          "raw": 1.0,
          "z_score": -1.1284046692607006
        },
        "texture_density": {
          "raw": 0.33599999999999997,
          "z_score": 1.224264705882353
        },
        "harmonic_consonance": {
          "raw": 0.6285714285714286,
          "z_score": -0.15486194477791143
        }
      }
    }
  },
  "has_midi": true,
  "error": null,
  "timestamp": "2025-11-30T21:59:09.812052"
}