{
  "step": 1,
  "rollout_id": 2,
  "key": "Dm",
  "tempo": 160,
  "reward": 0.22960894481968155,
  "breakdown": {
    "sax": -1.0195302863957474,
    "sax_sig": 0.3363311963186097,
    "bass": -2.2214933055600494,
    "bass_sig": 0.18527709639408393,
    "piano": -0.5575042068640884,
    "piano_sig": 0.40813768013645907,
    "drums": -2.987811974534944,
    "drums_sig": 0.12005867476850816,
    "ensemble": -0.47678399367696794,
    "ensemble_sig": 0.42119834678709483,
    "z_sum": -7.2631237670317965,
    "combined": 0.22960894481968155,
    "sax_detail": {
      "total": -1.0195302863957474,
      "variety_gate": 0.25,
      "features": {
        "melodic_entropy": {
          "raw": 0.9852281360342515,
          "z_score": -2.9138560362628994
        },
        "dur_cv": {
          "raw": 0.0,
          "z_score": -0.8880854560394412
        },
        "sax_arpeggio_runs": {
          "raw": 0,
          "z_score": -0.4150099290132615
        },
        "peak_not_late": {
          "raw": 1,
          "z_score": 0.6122586439155816
        },
        "blue_ratio": {
          "raw": 0.25,
          "z_score": 0.4129392971246006
        },
        "rhythm_2grams": {
          "raw": 1,
          "z_score": -0.8863676653075695
        }
      }
    },
    "bass_detail": {
      "total": -2.2214933055600494,
      "direction_gate": 1.0,
      "features": {
        "ioi_swing": {
          "raw": 0.0,
          "z_score": -0.8105992171032821
        },
        "non_chromatic_ratio": {
          "raw": 0.2727272727272727,
          "z_score": -1.4108940884567673
        }
      }
    },
    "piano_detail": {
      "total": -0.5575042068640884,
      "variety_gate": 0.5,
      "features": {
        "avg_chord_spread": {
          "raw": 7.333333333333333,
          "z_score": -0.334090247452693
        },
        "gap_ratio": {
          "raw": 0.45454545454545453,
          "z_score": -0.04859656472559689
        },
        "register_separation": {
          "raw": 6.0,
          "z_score": -0.15337423312883433
        },
        "velocity_variance": {
          "raw": 0.0,
          "z_score": -0.5789473684210527
        }
      }
    },
    "drums_detail": {
      "total": -2.987811974534944,
      "features": {
        "kick_off_beat_ratio": {
          "raw": 0.5,
          "z_score": -0.8253055108539016
        },
        "snare_backbeat_ratio": {
          "raw": 0.0,
          "z_score": -0.5855710048313247
        },
        "velocity_variance": {
          "raw": 0.0,
          "z_score": -1.3587178965954583
        },
        "duration_variety": {
          "raw": 2,
          "z_score": -0.21821756225425926
        }
      }
    },
    "ensemble_detail": {
      "total": -0.47678399367696794,
      "duration_gate": 0.8,
      "features": {
        "collision_rate": {
          "raw": 0.375,
          "z_score": 0.0522388059701493
        },
        "phrase_alignment": {
          "raw": 0.5,
          "z_score": -0.10624999999999991
        },
        "texture_density": {
          "raw": 0.4800000000000001,
          "z_score": 0.13821138211382097
        },
        "harmonic_consonance": {
          "raw": 0.6875,
          "z_score": -0.6801801801801802
        }
      }
    }
  },
  "has_midi": true,
  "error": null,
  "timestamp": "2025-11-30T16:53:11.560857"
}