{
  "step": 31,
  "rollout_id": 13,
  "key": "D",
  "tempo": 160,
  "reward": 0.6620918592631798,
  "breakdown": {
    "sax": -1.9456258613109332,
    "sax_sig": 0.21465619960626472,
    "bass": 0.339569507199565,
    "bass_sig": 0.5563544532418501,
    "piano": 0.7997567798797733,
    "piano_sig": 0.6302224366945556,
    "drums": 1.4218458715648892,
    "drums_sig": 0.7206921009972319,
    "ensemble": 3.4202350283602145,
    "ensemble_sig": 0.9072202362121972,
    "z_sum": 4.035781325693509,
    "combined": 0.6620918592631798,
    "sax_detail": {
      "total": -1.9456258613109332,
      "variety_gate": 0.5,
      "features": {
        "melodic_entropy": {
          "raw": 0.9182958340544896,
          "z_score": -1.9554480459111097
        },
        "dur_cv": {
          "raw": 0.0,
          "z_score": -0.2978723404255319
        },
        "sax_arpeggio_runs": {
          "raw": 1,
          "z_score": 0.39022611232676874
        },
        "peak_not_late": {
          "raw": 0,
          "z_score": -2.325068870523416
        },
        "blue_ratio": {
          "raw": 0.25,
          "z_score": 0.4294871794871795
        },
        "rhythm_2grams": {
          "raw": 1,
          "z_score": -0.13257575757575726
        }
      }
    },
    "bass_detail": {
      "total": 0.339569507199565,
      "direction_gate": 0.5,
      "features": {
        "ioi_swing": {
          "raw": 0.0,
          "z_score": -0.24855491329479767
        },
        "non_chromatic_ratio": {
          "raw": 0.7272727272727273,
          "z_score": 0.9276939276939278
        }
      }
    },
    "piano_detail": {
      "total": 0.7997567798797733,
      "variety_gate": 0.5,
      "features": {
        "avg_chord_spread": {
          "raw": 10.0,
          "z_score": 0.8489208633093526
        },
        "gap_ratio": {
          "raw": 0.8,
          "z_score": -1.170588235294118
        },
        "register_separation": {
          "raw": 11.75,
          "z_score": 2.151950162513543
        },
        "velocity_variance": {
          "raw": 0.0,
          "z_score": -0.23076923076923078
        }
      }
    },
    "drums_detail": {
      "total": 1.4218458715648892,
      "features": {
        "kick_off_beat_ratio": {
          "raw": 0.5,
          "z_score": 0.2411347517730495
        },
        "snare_backbeat_ratio": {
          "raw": 0.0,
          "z_score": -0.3584905660377358
        },
        "velocity_variance": {
          "raw": 12.133516482134198,
          "z_score": 1.447617527413734
        },
        "duration_variety": {
          "raw": 2,
          "z_score": 0.09158415841584167
        }
      }
    },
    "ensemble_detail": {
      "total": 3.4202350283602145,
      "duration_gate": 0.8,
      "features": {
        "collision_rate": {
          "raw": 0.0,
          "z_score": 1.223404255319149
        },
        "phrase_alignment": {
          "raw": 0.5,
          "z_score": 0.8171206225680933
        },
        "texture_density": {
          "raw": 0.868,
          "z_score": -0.7316176470588233
        },
        "harmonic_consonance": {
          "raw": 1.0,
          "z_score": 2.966386554621849
        }
      }
    }
  },
  "has_midi": true,
  "error": null,
  "timestamp": "2025-12-01T01:21:56.627823"
}