{
  "step": 19,
  "rollout_id": 23,
  "key": "Dm",
  "tempo": 160,
  "reward": 0.841537127776539,
  "breakdown": {
    "sax": -2.3103231625509038,
    "sax_sig": 0.17650395807847988,
    "bass": -0.6876535626535627,
    "bass_sig": 0.38735698284119197,
    "piano": 5.342638286440289,
    "piano_sig": 0.9723948301600603,
    "drums": 5.249132488454855,
    "drums_sig": 0.9706713092172448,
    "ensemble_mult": 1.025819888974716,
    "z_sum": 7.593794049690677,
    "base_reward": 0.8203556363267985,
    "combined": 0.841537127776539,
    "sax_detail": {
      "total": -2.3103231625509038,
      "variety_gate": 0.5,
      "features": {
        "melodic_entropy": {
          "raw": 0.9182958340544896,
          "z_score": -1.9554480459111097
        },
        "dur_cv": {
          "raw": 0.0,
          "z_score": -0.2978723404255319
        },
        "sax_arpeggio_runs": {
          "raw": 0,
          "z_score": -0.3391684901531729
        },
        "peak_not_late": {
          "raw": 0,
          "z_score": -2.325068870523416
        },
        "blue_ratio": {
          "raw": 0.25,
          "z_score": 0.4294871794871795
        },
        "rhythm_2grams": {
          "raw": 1,
          "z_score": -0.13257575757575726
        }
      }
    },
    "bass_detail": {
      "total": -0.6876535626535627,
      "chromatic_gate": 0.5,
      "direction_gate": 1.0,
      "features": {
        "duration_variety": {
          "raw": 2,
          "z_score": 0.0
        },
        "velocity_variance": {
          "raw": 0.0,
          "z_score": -1.25
        },
        "non_chromatic_ratio": {
          "raw": 0.45454545454545453,
          "z_score": -0.12530712530712532
        }
      }
    },
    "piano_detail": {
      "total": 5.342638286440289,
      "tonic_bonus": 1.2,
      "register_failed": false,
      "avg_pitch": 66.75,
      "features": {
        "unique_chords": {
          "raw": 3,
          "capped": 3,
          "z_score": 1.0086206896551724,
          "weight": 1.0
        },
        "avg_chord_duration": {
          "raw": 0.5,
          "z_score": 1.5819672131147542,
          "weight": 1.5
        },
        "cluster_ratio": {
          "raw": 0.0,
          "z_score": 0.6666666666666667,
          "weight": 1.0
        },
        "out_of_key_ratio": {
          "raw": 0.0,
          "z_score": 0.6039603960396039,
          "weight": 1.0
        },
        "chord_duration_variety": {
          "raw": 1,
          "z_score": -0.20000000000000018,
          "weight": 1.0
        }
      }
    },
    "drums_detail": {
      "total": 5.249132488454855,
      "features": {
        "duration_variety": {
          "raw": 4,
          "z_score": 2.5439900867410157
        },
        "kick_off_beat_ratio": {
          "raw": 0.6666666666666667,
          "z_score": 1.4261904761904765
        },
        "velocity_variance": {
          "raw": 11.436132386735569,
          "z_score": 1.2789519255233623
        }
      }
    },
    "ensemble_detail": {
      "total": 1.025819888974716,
      "dynamic_coherence": 0.6290994448735805
    }
  },
  "has_midi": true,
  "error": null,
  "timestamp": "2025-12-02T13:47:34.423904"
}