{
  "step": 11,
  "rollout_id": 12,
  "key": "Dm",
  "tempo": 160,
  "reward": 0.8405915223620481,
  "breakdown": {
    "sax": -0.3499065113583987,
    "sax_sig": 0.4419452654509244,
    "bass": -1.141870908175256,
    "bass_sig": 0.3183755312095493,
    "piano": 5.342638286440289,
    "piano_sig": 0.9723948301600603,
    "drums": 2.027648554244778,
    "drums_sig": 0.7944181490857471,
    "ensemble_mult": 1.1,
    "z_sum": 5.878509421151413,
    "base_reward": 0.7641741112382255,
    "combined": 0.8405915223620481,
    "sax_detail": {
      "total": -0.3499065113583987,
      "variety_gate": 1.0,
      "features": {
        "melodic_entropy": {
          "raw": 1.9898980954642873,
          "z_score": 0.28639768925583126
        },
        "dur_cv": {
          "raw": 0.08240390098313653,
          "z_score": 0.5787649040759206
        },
        "sax_arpeggio_runs": {
          "raw": 0,
          "z_score": -0.3391684901531729
        },
        "peak_not_late": {
          "raw": 1,
          "z_score": 0.42975206611570255
        },
        "blue_ratio": {
          "raw": 0.0,
          "z_score": -1.1730769230769231
        },
        "rhythm_2grams": {
          "raw": 1,
          "z_score": -0.13257575757575726
        }
      }
    },
    "bass_detail": {
      "total": -1.141870908175256,
      "chromatic_gate": 0.5,
      "direction_gate": 1.0,
      "features": {
        "duration_variety": {
          "raw": 1,
          "z_score": -1.0
        },
        "velocity_variance": {
          "raw": 0.0,
          "z_score": -1.25
        },
        "non_chromatic_ratio": {
          "raw": 0.4782608695652174,
          "z_score": -0.0337418163505119
        }
      }
    },
    "piano_detail": {
      "total": 5.342638286440289,
      "tonic_bonus": 1.2,
      "register_failed": false,
      "avg_pitch": 65.91666666666667,
      "features": {
        "unique_chords": {
          "raw": 3,
          "capped": 3,
          "z_score": 1.0086206896551724,
          "weight": 1.0
        },
        "avg_chord_duration": {
          "raw": 0.5,
          "z_score": 1.5819672131147542,
          "weight": 1.5
        },
        "cluster_ratio": {
          "raw": 0.0,
          "z_score": 0.6666666666666667,
          "weight": 1.0
        },
        "out_of_key_ratio": {
          "raw": 0.0,
          "z_score": 0.6039603960396039,
          "weight": 1.0
        },
        "chord_duration_variety": {
          "raw": 1,
          "z_score": -0.20000000000000018,
          "weight": 1.0
        }
      }
    },
    "drums_detail": {
      "total": 2.027648554244778,
      "features": {
        "duration_variety": {
          "raw": 3,
          "z_score": 1.3048327137546467
        },
        "kick_off_beat_ratio": {
          "raw": 0.5,
          "z_score": 0.23571428571428552
        },
        "velocity_variance": {
          "raw": 7.637626158259733,
          "z_score": 0.487101554775846
        }
      }
    },
    "ensemble_detail": {
      "total": 1.1,
      "dynamic_coherence": 1.0
    }
  },
  "has_midi": true,
  "error": null,
  "timestamp": "2025-12-01T22:54:19.990284"
}