{
  "step": 12,
  "rollout_id": 22,
  "key": "Fm",
  "tempo": 160,
  "reward": 0.743298204275344,
  "breakdown": {
    "sax": 1.016582443704039,
    "sax_sig": 0.6632299990801169,
    "bass": 0.7025390377991532,
    "bass_sig": 0.6149953651222646,
    "piano": 0.42063995700039647,
    "piano_sig": 0.5696508168240108,
    "drums": 2.866987922458026,
    "drums_sig": 0.8711679631487197,
    "ensemble": 1.372344034476113,
    "ensemble_sig": 0.7140009947714678,
    "z_sum": 6.379093395437728,
    "combined": 0.743298204275344,
    "sax_detail": {
      "total": 1.016582443704039,
      "variety_gate": 0.25,
      "features": {
        "melodic_entropy": {
          "raw": 3.0565647621309537,
          "z_score": 2.517917912407853
        },
        "dur_cv": {
          "raw": 0.0,
          "z_score": -0.2978723404255319
        },
        "sax_arpeggio_runs": {
          "raw": 2,
          "z_score": 1.1196207148067103
        },
        "peak_not_late": {
          "raw": 1,
          "z_score": 0.42975206611570255
        },
        "blue_ratio": {
          "raw": 0.25,
          "z_score": 0.4294871794871795
        },
        "rhythm_2grams": {
          "raw": 1,
          "z_score": -0.13257575757575726
        }
      }
    },
    "bass_detail": {
      "total": 0.7025390377991532,
      "direction_gate": 1.0,
      "features": {
        "ioi_swing": {
          "raw": 0.0,
          "z_score": -0.24855491329479767
        },
        "non_chromatic_ratio": {
          "raw": 0.7333333333333333,
          "z_score": 0.9510939510939509
        }
      }
    },
    "piano_detail": {
      "total": 0.42063995700039647,
      "variety_gate": 0.5,
      "features": {
        "avg_chord_spread": {
          "raw": 7.166666666666667,
          "z_score": -0.3501199040767384
        },
        "gap_ratio": {
          "raw": 0.45454545454545453,
          "z_score": 0.8614973262032085
        },
        "register_separation": {
          "raw": 5.875,
          "z_score": 0.5606717226435536
        },
        "velocity_variance": {
          "raw": 0.0,
          "z_score": -0.23076923076923078
        }
      }
    },
    "drums_detail": {
      "total": 2.866987922458026,
      "features": {
        "kick_off_beat_ratio": {
          "raw": 0.6,
          "z_score": 0.9503546099290777
        },
        "snare_backbeat_ratio": {
          "raw": 0.2,
          "z_score": 1.528301886792453
        },
        "velocity_variance": {
          "raw": 12.551668363139015,
          "z_score": 1.534371029696891
        },
        "duration_variety": {
          "raw": 1,
          "z_score": -1.146039603960396
        }
      }
    },
    "ensemble_detail": {
      "total": 1.372344034476113,
      "duration_gate": 1.0,
      "features": {
        "collision_rate": {
          "raw": 0.1875,
          "z_score": 0.2260638297872341
        },
        "phrase_alignment": {
          "raw": 1.0,
          "z_score": -1.1284046692607006
        },
        "texture_density": {
          "raw": 0,
          "z_score": 2.4595588235294117
        },
        "harmonic_consonance": {
          "raw": 0.625,
          "z_score": -0.1848739495798321
        }
      }
    }
  },
  "has_midi": true,
  "error": null,
  "timestamp": "2025-12-01T00:16:54.692113"
}