{
  "step": 15,
  "rollout_id": 8,
  "key": "C",
  "tempo": 120,
  "reward": 0.4795214993857715,
  "has_midi": true,
  "error": null,
  "timestamp": "2025-11-29T23:10:35.685911"
}