{
  "step": 34,
  "rollout_id": 7,
  "key": "Dm",
  "tempo": 160,
  "reward": 0.7010043236714508,
  "breakdown": {
    "sax": 0.04936856909386924,
    "sax_sig": 0.5082273521897815,
    "bass": 1.0301393653994813,
    "bass_sig": 0.6652456912542147,
    "piano": 0.0454667061074224,
    "piano_sig": 0.5075772042209187,
    "drums": 2.659469633941127,
    "drums_sig": 0.8548278415504731,
    "ensemble": 1.3280653776461402,
    "ensemble_sig": 0.7079352102980071,
    "z_sum": 5.11250965218804,
    "combined": 0.7010043236714508,
    "sax_detail": {
      "total": 0.04936856909386924,
      "variety_gate": 0.25,
      "features": {
        "melodic_entropy": {
          "raw": 2.321928094887362,
          "z_score": 0.981021119011218
        },
        "dur_cv": {
          "raw": 0.0,
          "z_score": -0.2978723404255319
        },
        "sax_arpeggio_runs": {
          "raw": 1,
          "z_score": 0.39022611232676874
        },
        "peak_not_late": {
          "raw": 1,
          "z_score": 0.42975206611570255
        },
        "blue_ratio": {
          "raw": 0.0,
          "z_score": -1.1730769230769231
        },
        "rhythm_2grams": {
          "raw": 1,
          "z_score": -0.13257575757575726
        }
      }
    },
    "bass_detail": {
      "total": 1.0301393653994813,
      "direction_gate": 1.0,
      "features": {
        "ioi_swing": {
          "raw": 0.0,
          "z_score": -0.24855491329479767
        },
        "non_chromatic_ratio": {
          "raw": 0.8181818181818182,
          "z_score": 1.278694278694279
        }
      }
    },
    "piano_detail": {
      "total": 0.0454667061074224,
      "variety_gate": 0.5,
      "features": {
        "avg_chord_spread": {
          "raw": 8.0,
          "z_score": 0.0025391451544647596
        },
        "gap_ratio": {
          "raw": 0.4444444444444444,
          "z_score": 0.9209150326797385
        },
        "register_separation": {
          "raw": 1.5833333333333286,
          "z_score": -0.6017515348501277
        },
        "velocity_variance": {
          "raw": 0.0,
          "z_score": -0.23076923076923078
        }
      }
    },
    "drums_detail": {
      "total": 2.659469633941127,
      "features": {
        "kick_off_beat_ratio": {
          "raw": 0.5,
          "z_score": 0.2411347517730495
        },
        "snare_backbeat_ratio": {
          "raw": 0.0,
          "z_score": -0.3584905660377358
        },
        "velocity_variance": {
          "raw": 12.133516482134198,
          "z_score": 1.447617527413734
        },
        "duration_variety": {
          "raw": 3,
          "z_score": 1.3292079207920793
        }
      }
    },
    "ensemble_detail": {
      "total": 1.3280653776461402,
      "duration_gate": 1.0,
      "features": {
        "collision_rate": {
          "raw": 0.3333333333333333,
          "z_score": -0.5496453900709218
        },
        "phrase_alignment": {
          "raw": 0.5,
          "z_score": 0.8171206225680933
        },
        "texture_density": {
          "raw": 0.5640000000000001,
          "z_score": 0.3860294117647058
        },
        "harmonic_consonance": {
          "raw": 0.7272727272727273,
          "z_score": 0.6745607333842628
        }
      }
    }
  },
  "has_midi": true,
  "error": null,
  "timestamp": "2025-12-01T01:47:11.843572"
}