{
  "step": 53,
  "rollout_id": 14,
  "key": "D",
  "tempo": 160,
  "reward": 1.026753521290111,
  "breakdown": {
    "sax": 5.066252248287197,
    "sax_sig": 0.9669939544007954,
    "bass": 5.1776939276939276,
    "bass_sig": 0.9692846546512074,
    "piano": 5.779887240770715,
    "piano_sig": 0.9792300254203592,
    "drums": 4.204035513196222,
    "drums_sig": 0.9428210320949701,
    "ensemble_mult": 1.0447213595499958,
    "z_sum": 20.22786892994806,
    "base_reward": 0.9828013105163044,
    "combined": 1.026753521290111,
    "sax_detail": {
      "total": 5.066252248287197,
      "variety_gate": 1.0,
      "features": {
        "melodic_entropy": {
          "raw": 1.4949188482339508,
          "z_score": -0.749123748464538
        },
        "dur_cv": {
          "raw": 0.2939723678960656,
          "z_score": 2.8294932754900595
        },
        "sax_arpeggio_runs": {
          "raw": 0,
          "z_score": -0.3391684901531729
        },
        "peak_not_late": {
          "raw": 1,
          "z_score": 0.42975206611570255
        },
        "blue_ratio": {
          "raw": 0.16666666666666666,
          "z_score": -0.10470085470085473
        },
        "rhythm_2grams": {
          "raw": 2,
          "z_score": 3.0
        }
      }
    },
    "bass_detail": {
      "total": 5.1776939276939276,
      "chromatic_gate": 1.0,
      "direction_gate": 1.0,
      "features": {
        "duration_variety": {
          "raw": 5,
          "z_score": 3.0
        },
        "velocity_variance": {
          "raw": 10.0,
          "z_score": 1.25
        },
        "non_chromatic_ratio": {
          "raw": 0.7272727272727273,
          "z_score": 0.9276939276939278
        }
      }
    },
    "piano_detail": {
      "total": 5.779887240770715,
      "tonic_bonus": 1.0,
      "register_failed": false,
      "avg_pitch": 71.33333333333333,
      "features": {
        "unique_chords": {
          "raw": 3,
          "capped": 3,
          "z_score": 1.0086206896551724,
          "weight": 1.0
        },
        "avg_chord_duration": {
          "raw": 1.5,
          "z_score": 3.0,
          "weight": 1.5
        },
        "cluster_ratio": {
          "raw": 0.3333333333333333,
          "z_score": -0.13269384492406067,
          "weight": 1.0
        },
        "out_of_key_ratio": {
          "raw": 0.0,
          "z_score": 0.6039603960396039,
          "weight": 1.0
        },
        "chord_duration_variety": {
          "raw": 1,
          "z_score": -0.20000000000000018,
          "weight": 1.0
        }
      }
    },
    "drums_detail": {
      "total": 4.204035513196222,
      "features": {
        "duration_variety": {
          "raw": 4,
          "z_score": 2.5439900867410157
        },
        "kick_off_beat_ratio": {
          "raw": 0.5,
          "z_score": 0.23571428571428552
        },
        "velocity_variance": {
          "raw": 12.133516482134198,
          "z_score": 1.424331140740921
        }
      }
    },
    "ensemble_detail": {
      "total": 1.0447213595499958,
      "dynamic_coherence": 0.7236067977499789
    }
  },
  "has_midi": true,
  "error": null,
  "timestamp": "2025-12-02T15:04:11.400056"
}