{
  "step": 28,
  "rollout_id": 26,
  "key": "Dm",
  "tempo": 160,
  "reward": 0.628055302693971,
  "breakdown": {
    "sax": 1.2694783843247943,
    "sax_sig": 0.6997943828833175,
    "bass": 0.8236685706933919,
    "bass_sig": 0.6339296319855287,
    "piano": -0.6943356384932203,
    "piano_sig": 0.386300358941922,
    "drums": 1.4218458715648887,
    "drums_sig": 0.7206921009972318,
    "ensemble": 0.32264107674869447,
    "ensemble_sig": 0.5535671461855526,
    "z_sum": 3.143298264838549,
    "combined": 0.628055302693971,
    "sax_detail": {
      "total": 1.2694783843247943,
      "variety_gate": 0.5,
      "features": {
        "melodic_entropy": {
          "raw": 2.2577560641285177,
          "z_score": 0.8467700086370664
        },
        "dur_cv": {
          "raw": 0.0,
          "z_score": -0.2978723404255319
        },
        "sax_arpeggio_runs": {
          "raw": 0,
          "z_score": -0.3391684901531729
        },
        "peak_not_late": {
          "raw": 1,
          "z_score": 0.42975206611570255
        },
        "blue_ratio": {
          "raw": 0.5,
          "z_score": 2.032051282051282
        },
        "rhythm_2grams": {
          "raw": 1,
          "z_score": -0.13257575757575726
        }
      }
    },
    "bass_detail": {
      "total": 0.8236685706933919,
      "direction_gate": 1.0,
      "features": {
        "ioi_swing": {
          "raw": 0.0,
          "z_score": -0.24855491329479767
        },
        "non_chromatic_ratio": {
          "raw": 0.7647058823529411,
          "z_score": 1.0722234839881897
        }
      }
    },
    "piano_detail": {
      "total": -0.6943356384932203,
      "variety_gate": 1.0,
      "features": {
        "avg_chord_spread": {
          "raw": 9.0,
          "z_score": 0.4257300042319087
        },
        "gap_ratio": {
          "raw": 0.6,
          "z_score": 0.005882352941176476
        },
        "register_separation": {
          "raw": 0.5,
          "z_score": -0.8951787648970747
        },
        "velocity_variance": {
          "raw": 0.0,
          "z_score": -0.23076923076923078
        }
      }
    },
    "drums_detail": {
      "total": 1.4218458715648887,
      "features": {
        "kick_off_beat_ratio": {
          "raw": 0.5,
          "z_score": 0.2411347517730495
        },
        "snare_backbeat_ratio": {
          "raw": 0.0,
          "z_score": -0.3584905660377358
        },
        "velocity_variance": {
          "raw": 12.133516482134196,
          "z_score": 1.4476175274137335
        },
        "duration_variety": {
          "raw": 2,
          "z_score": 0.09158415841584167
        }
      }
    },
    "ensemble_detail": {
      "total": 0.32264107674869447,
      "duration_gate": 1.0,
      "features": {
        "collision_rate": {
          "raw": 0.2857142857142857,
          "z_score": -0.29635258358662603
        },
        "phrase_alignment": {
          "raw": 0.6666666666666666,
          "z_score": 0.16861219195849547
        },
        "texture_density": {
          "raw": 0.8119999999999999,
          "z_score": -0.5257352941176466
        },
        "harmonic_consonance": {
          "raw": 0.7631578947368421,
          "z_score": 0.9761167624944717
        }
      }
    }
  },
  "has_midi": true,
  "error": null,
  "timestamp": "2025-12-01T00:09:37.727375"
}