{
  "id": 23,
  "generation": 47,
  "reward": 0.25620100940916485,
  "breakdown": {
    "sax": -1.1366018658626127,
    "sax_sig": 0.31913831595570147,
    "bass": -0.7134315458014879,
    "bass_sig": 0.3832866868851194,
    "piano": -0.6984133666873155,
    "piano_sig": 0.3856560806289693,
    "drums": -3.5151380587202605,
    "drums_sig": 0.08758977957046284,
    "ensemble": -0.33126613299512986,
    "ensemble_sig": 0.44501228529047865,
    "z_sum": -6.394850970066806,
    "combined": 0.25620100940916485,
    "sax_detail": {
      "total": -1.1366018658626127,
      "variety_gate": 0.5,
      "features": {
        "melodic_entropy": {
          "raw": 2.0403733936884962,
          "z_score": 0.39199454746547335
        },
        "dur_cv": {
          "raw": 0.0,
          "z_score": -0.2978723404255319
        },
        "sax_arpeggio_runs": {
          "raw": 0,
          "z_score": -0.3391684901531729
        },
        "peak_not_late": {
          "raw": 0,
          "z_score": -2.325068870523416
        },
        "blue_ratio": {
          "raw": 0.25,
          "z_score": 0.4294871794871795
        },
        "rhythm_2grams": {
          "raw": 1,
          "z_score": -0.13257575757575726
        }
      }
    },
    "bass_detail": {
      "total": -0.7134315458014879,
      "direction_gate": 0.5,
      "features": {
        "ioi_swing": {
          "raw": 0.0,
          "z_score": -0.24855491329479767
        },
        "non_chromatic_ratio": {
          "raw": 0.18181818181818182,
          "z_score": -1.1783081783081781
        }
      }
    },
    "piano_detail": {
      "total": -0.6984133666873155,
      "variety_gate": 0.5,
      "features": {
        "avg_chord_spread": {
          "raw": 8.0,
          "z_score": 0.0025391451544647596
        },
        "gap_ratio": {
          "raw": 0.6666666666666666,
          "z_score": -0.3862745098039215
        },
        "register_separation": {
          "raw": 0.9166666666666572,
          "z_score": -0.7823221379559433
        },
        "velocity_variance": {
          "raw": 0.0,
          "z_score": -0.23076923076923078
        }
      }
    },
    "drums_detail": {
      "total": -3.5151380587202605,
      "features": {
        "kick_off_beat_ratio": {
          "raw": 0.33333333333333337,
          "z_score": -0.9408983451536643
        },
        "snare_backbeat_ratio": {
          "raw": 0.0,
          "z_score": -0.3584905660377358
        },
        "velocity_variance": {
          "raw": 0.0,
          "z_score": -1.0697095435684647
        },
        "duration_variety": {
          "raw": 1,
          "z_score": -1.146039603960396
        }
      }
    },
    "ensemble_detail": {
      "total": -0.33126613299512986,
      "duration_gate": 1.0,
      "features": {
        "collision_rate": {
          "raw": 0.16666666666666666,
          "z_score": 0.3368794326241136
        },
        "phrase_alignment": {
          "raw": 1.0,
          "z_score": -1.1284046692607006
        },
        "texture_density": {
          "raw": 0.6839999999999999,
          "z_score": -0.05514705882352905
        },
        "harmonic_consonance": {
          "raw": 0.7083333333333334,
          "z_score": 0.5154061624649862
        }
      }
    }
  },
  "metrics": {
    "reward": 0.25620100940916485,
    "note_count": 45,
    "valid_midi": 1.0,
    "unique_durs": 1,
    "has_rests": true
  },
  "has_midi": true,
  "error": null,
  "timestamp": "2025-12-01T04:23:55.985374"
}