{
  "step": 3,
  "rollout_id": 10,
  "key": "C",
  "tempo": 120,
  "reward": 0.21912654885736052,
  "has_midi": true,
  "error": null,
  "timestamp": "2025-11-29T22:00:45.097326"
}