{
  "id": 2,
  "generation": 44,
  "reward": 0.5193290460703803,
  "breakdown": {
    "sax": -0.22561552105307522,
    "sax_sig": 0.4624681442762279,
    "bass": -0.23707392658672594,
    "bass_sig": 0.4605697240496296,
    "piano": 0.7503123000293282,
    "piano_sig": 0.6225082577317205,
    "drums": 0.8605541565620749,
    "drums_sig": 0.6396171304977055,
    "ensemble": -0.6840486057822415,
    "ensemble_sig": 0.3879274689428805,
    "z_sum": 0.46412840316936066,
    "combined": 0.5193290460703803,
    "sax_detail": {
      "total": -0.22561552105307522,
      "variety_gate": 0.25,
      "features": {
        "melodic_entropy": {
          "raw": 1.3787834934861753,
          "z_score": -0.992084741660721
        },
        "dur_cv": {
          "raw": 0.0,
          "z_score": -0.2978723404255319
        },
        "sax_arpeggio_runs": {
          "raw": 0,
          "z_score": -0.3391684901531729
        },
        "peak_not_late": {
          "raw": 1,
          "z_score": 0.42975206611570255
        },
        "blue_ratio": {
          "raw": 0.25,
          "z_score": 0.4294871794871795
        },
        "rhythm_2grams": {
          "raw": 1,
          "z_score": -0.13257575757575726
        }
      }
    },
    "bass_detail": {
      "total": -0.23707392658672594,
      "direction_gate": 0.5,
      "features": {
        "ioi_swing": {
          "raw": 0.0,
          "z_score": -0.24855491329479767
        },
        "non_chromatic_ratio": {
          "raw": 0.42857142857142855,
          "z_score": -0.2255929398786542
        }
      }
    },
    "piano_detail": {
      "total": 0.7503123000293282,
      "variety_gate": 0.5,
      "features": {
        "avg_chord_spread": {
          "raw": 10.0,
          "z_score": 0.8489208633093526
        },
        "gap_ratio": {
          "raw": 0.3333333333333333,
          "z_score": 1.5745098039215686
        },
        "register_separation": {
          "raw": 1.25,
          "z_score": -0.6920368364030336
        },
        "velocity_variance": {
          "raw": 0.0,
          "z_score": -0.23076923076923078
        }
      }
    },
    "drums_detail": {
      "total": 0.8605541565620749,
      "features": {
        "kick_off_beat_ratio": {
          "raw": 0.5,
          "z_score": 0.2411347517730495
        },
        "snare_backbeat_ratio": {
          "raw": 0.0,
          "z_score": -0.3584905660377358
        },
        "velocity_variance": {
          "raw": 9.428090415820632,
          "z_score": 0.8863258124109196
        },
        "duration_variety": {
          "raw": 2,
          "z_score": 0.09158415841584167
        }
      }
    },
    "ensemble_detail": {
      "total": -0.6840486057822415,
      "duration_gate": 0.8,
      "features": {
        "collision_rate": {
          "raw": 0.25,
          "z_score": -0.1063829787234042
        },
        "phrase_alignment": {
          "raw": 1.0,
          "z_score": -1.1284046692607006
        },
        "texture_density": {
          "raw": 0.944,
          "z_score": -1.0110294117647054
        },
        "harmonic_consonance": {
          "raw": 0.8125,
          "z_score": 1.3907563025210083
        }
      }
    }
  },
  "metrics": {
    "reward": 0.5193290460703803,
    "note_count": 36,
    "valid_midi": 1.0,
    "unique_durs": 1,
    "has_rests": false
  },
  "has_midi": true,
  "error": null,
  "timestamp": "2025-12-01T03:19:00.843829"
}