{
  "step": 29,
  "rollout_id": 1,
  "key": "D",
  "tempo": 160,
  "reward": 0.5966576580784289,
  "breakdown": {
    "sax": 0.35050768252575354,
    "sax_sig": 0.5581535766701512,
    "bass": 1.0507864448700897,
    "bass_sig": 0.6683040052172643,
    "piano": 0.0871575902237868,
    "piano_sig": 0.5145221794544007,
    "drums": 1.2095484731230404,
    "drums_sig": 0.6913345058344942,
    "ensemble": -0.3486532296777751,
    "ensemble_sig": 0.44215133971441994,
    "z_sum": 2.3493469610648954,
    "combined": 0.5966576580784289,
    "sax_detail": {
      "total": 0.35050768252575354,
      "variety_gate": 0.25,
      "features": {
        "melodic_entropy": {
          "raw": 2.565445018842856,
          "z_score": 1.4904707507172723
        },
        "dur_cv": {
          "raw": 0.0,
          "z_score": -0.2978723404255319
        },
        "sax_arpeggio_runs": {
          "raw": 0,
          "z_score": -0.3391684901531729
        },
        "peak_not_late": {
          "raw": 1,
          "z_score": 0.42975206611570255
        },
        "blue_ratio": {
          "raw": 0.2222222222222222,
          "z_score": 0.25142450142450135
        },
        "rhythm_2grams": {
          "raw": 1,
          "z_score": -0.13257575757575726
        }
      }
    },
    "bass_detail": {
      "total": 1.0507864448700897,
      "direction_gate": 1.0,
      "features": {
        "ioi_swing": {
          "raw": 0.0,
          "z_score": -0.24855491329479767
        },
        "non_chromatic_ratio": {
          "raw": 0.8235294117647058,
          "z_score": 1.2993413581648874
        }
      }
    },
    "piano_detail": {
      "total": 0.0871575902237868,
      "variety_gate": 0.5,
      "features": {
        "avg_chord_spread": {
          "raw": 9.0,
          "z_score": 0.4257300042319087
        },
        "gap_ratio": {
          "raw": 0.625,
          "z_score": -0.1411764705882354
        },
        "register_separation": {
          "raw": 4.25,
          "z_score": 0.12053087757313105
        },
        "velocity_variance": {
          "raw": 0.0,
          "z_score": -0.23076923076923078
        }
      }
    },
    "drums_detail": {
      "total": 1.2095484731230404,
      "features": {
        "kick_off_beat_ratio": {
          "raw": 0.5,
          "z_score": 0.2411347517730495
        },
        "snare_backbeat_ratio": {
          "raw": 0.0,
          "z_score": -0.3584905660377358
        },
        "velocity_variance": {
          "raw": 11.110243021644486,
          "z_score": 1.235320128971885
        },
        "duration_variety": {
          "raw": 2,
          "z_score": 0.09158415841584167
        }
      }
    },
    "ensemble_detail": {
      "total": -0.3486532296777751,
      "duration_gate": 1.0,
      "features": {
        "collision_rate": {
          "raw": 0.2777777777777778,
          "z_score": -0.25413711583924353
        },
        "phrase_alignment": {
          "raw": 1.0,
          "z_score": -1.1284046692607006
        },
        "texture_density": {
          "raw": 0.5960000000000001,
          "z_score": 0.2683823529411763
        },
        "harmonic_consonance": {
          "raw": 0.7380952380952381,
          "z_score": 0.7655062024809927
        }
      }
    }
  },
  "has_midi": true,
  "error": null,
  "timestamp": "2025-12-01T02:47:07.357556"
}