{
  "step": 21,
  "rollout_id": 3,
  "key": "D",
  "tempo": 160,
  "reward": 0.5732835836183747,
  "breakdown": {
    "sax": -0.16803461692724106,
    "sax_sig": 0.4720234812356203,
    "bass": -0.011430843800786045,
    "bass_sig": 0.49809486858624713,
    "piano": 0.3398246172675008,
    "piano_sig": 0.5563964310608873,
    "drums": 0.8605541565620749,
    "drums_sig": 0.6396171304977055,
    "ensemble": 0.7506517405372615,
    "ensemble_sig": 0.6225614333980468,
    "z_sum": 1.7715650536388101,
    "combined": 0.5732835836183747,
    "sax_detail": {
      "total": -0.16803461692724106,
      "variety_gate": 0.25,
      "features": {
        "melodic_entropy": {
          "raw": 2.5503407095463886,
          "z_score": 1.4588717772937
        },
        "dur_cv": {
          "raw": 0.0,
          "z_score": -0.2978723404255319
        },
        "sax_arpeggio_runs": {
          "raw": 0,
          "z_score": -0.3391684901531729
        },
        "peak_not_late": {
          "raw": 0,
          "z_score": -2.325068870523416
        },
        "blue_ratio": {
          "raw": 0.3333333333333333,
          "z_score": 0.9636752136752136
        },
        "rhythm_2grams": {
          "raw": 1,
          "z_score": -0.13257575757575726
        }
      }
    },
    "bass_detail": {
      "total": -0.011430843800786045,
      "direction_gate": 0.5,
      "features": {
        "ioi_swing": {
          "raw": 0.0,
          "z_score": -0.24855491329479767
        },
        "non_chromatic_ratio": {
          "raw": 0.5454545454545454,
          "z_score": 0.22569322569322559
        }
      }
    },
    "piano_detail": {
      "total": 0.3398246172675008,
      "variety_gate": 0.5,
      "features": {
        "avg_chord_spread": {
          "raw": 12.0,
          "z_score": 1.6953025814642404
        },
        "gap_ratio": {
          "raw": 0.6666666666666666,
          "z_score": -0.3862745098039215
        },
        "register_separation": {
          "raw": 2.3333333333333286,
          "z_score": -0.39860960635608655
        },
        "velocity_variance": {
          "raw": 0.0,
          "z_score": -0.23076923076923078
        }
      }
    },
    "drums_detail": {
      "total": 0.8605541565620749,
      "features": {
        "kick_off_beat_ratio": {
          "raw": 0.5,
          "z_score": 0.2411347517730495
        },
        "snare_backbeat_ratio": {
          "raw": 0.0,
          "z_score": -0.3584905660377358
        },
        "velocity_variance": {
          "raw": 9.428090415820632,
          "z_score": 0.8863258124109196
        },
        "duration_variety": {
          "raw": 2,
          "z_score": 0.09158415841584167
        }
      }
    },
    "ensemble_detail": {
      "total": 0.7506517405372615,
      "duration_gate": 1.0,
      "features": {
        "collision_rate": {
          "raw": 0.08333333333333333,
          "z_score": 0.7801418439716312
        },
        "phrase_alignment": {
          "raw": 1.0,
          "z_score": -1.1284046692607006
        },
        "texture_density": {
          "raw": 0.796,
          "z_score": -0.4669117647058823
        },
        "harmonic_consonance": {
          "raw": 0.8333333333333334,
          "z_score": 1.565826330532213
        }
      }
    }
  },
  "has_midi": true,
  "error": null,
  "timestamp": "2025-11-30T23:18:35.087270"
}