{
  "step": 0,
  "rollout_id": 30,
  "key": "D",
  "tempo": 160,
  "reward": 0.23900048502768828,
  "breakdown": {
    "sax": -1.0261743275905033,
    "sax_sig": 0.33534322536428396,
    "bass": -0.3894749064368723,
    "bass_sig": 0.43544976322891954,
    "piano": -0.6675675211763379,
    "piano_sig": 0.39053950213067273,
    "drums": -3.7166692003883544,
    "drums_sig": 0.0774306775220245,
    "ensemble": -1.1491168794385938,
    "ensemble_sig": 0.31732814104316015,
    "z_sum": -6.949002835030662,
    "combined": 0.23900048502768828,
    "sax_detail": {
      "total": -1.0261743275905033,
      "variety_gate": 0.25,
      "features": {
        "melodic_entropy": {
          "raw": 1.6171895725927152,
          "z_score": -1.609228793161199
        },
        "dur_cv": {
          "raw": 0.0,
          "z_score": -0.8880854560394412
        },
        "sax_arpeggio_runs": {
          "raw": 0,
          "z_score": -0.4150099290132615
        },
        "peak_not_late": {
          "raw": 1,
          "z_score": 0.6122586439155816
        },
        "blue_ratio": {
          "raw": 0.08333333333333333,
          "z_score": -0.9182641107561236
        },
        "rhythm_2grams": {
          "raw": 1,
          "z_score": -0.8863676653075695
        }
      }
    },
    "bass_detail": {
      "total": -0.3894749064368723,
      "direction_gate": 0.5,
      "features": {
        "ioi_swing": {
          "raw": 0.0,
          "z_score": -0.8105992171032821
        },
        "non_chromatic_ratio": {
          "raw": 0.7272727272727273,
          "z_score": 0.03164940422953743
        }
      }
    },
    "piano_detail": {
      "total": -0.6675675211763379,
      "variety_gate": 0.5,
      "features": {
        "avg_chord_spread": {
          "raw": 9.0,
          "z_score": -0.04296943231441056
        },
        "gap_ratio": {
          "raw": 0.45454545454545453,
          "z_score": -0.04859656472559689
        },
        "register_separation": {
          "raw": 2.5,
          "z_score": -0.6646216768916156
        },
        "velocity_variance": {
          "raw": 0.0,
          "z_score": -0.5789473684210527
        }
      }
    },
    "drums_detail": {
      "total": -3.7166692003883544,
      "features": {
        "kick_off_beat_ratio": {
          "raw": 0.5,
          "z_score": -0.8253055108539016
        },
        "snare_backbeat_ratio": {
          "raw": 0.0,
          "z_score": -0.5855710048313247
        },
        "velocity_variance": {
          "raw": 4.778846120374095,
          "z_score": -0.887377329852649
        },
        "duration_variety": {
          "raw": 1,
          "z_score": -1.418415354850479
        }
      }
    },
    "ensemble_detail": {
      "total": -1.1491168794385938,
      "duration_gate": 1.0,
      "features": {
        "collision_rate": {
          "raw": 0.3333333333333333,
          "z_score": 0.20771144278606976
        },
        "phrase_alignment": {
          "raw": 1.0,
          "z_score": -1.66875
        },
        "texture_density": {
          "raw": 0.18799999999999994,
          "z_score": 0.9295392953929542
        },
        "harmonic_consonance": {
          "raw": 0.6944444444444444,
          "z_score": -0.6176176176176179
        }
      }
    }
  },
  "has_midi": true,
  "error": null,
  "timestamp": "2025-11-30T16:50:27.331088"
}