{
  "id": 21,
  "generation": 9,
  "reward": 0.4428167777645033,
  "breakdown": {
    "sax": -1.102780246734241,
    "sax_sig": 0.32405754663783204,
    "bass": -0.971305721305721,
    "bass_sig": 0.3435447499169439,
    "piano": 1.3165923029504798,
    "piano_sig": 0.7063512276280078,
    "drums": -0.45066619172796013,
    "drums_sig": 0.4254489160428521,
    "ensemble_mult": 1.0066666666666666,
    "z_sum": -1.2081598568174425,
    "base_reward": 0.4398842163223543,
    "combined": 0.4428167777645033,
    "sax_detail": {
      "total": -1.102780246734241,
      "variety_gate": 0.5,
      "features": {
        "melodic_entropy": {
          "raw": 1.5219280948873621,
          "z_score": -0.6926190483527989
        },
        "dur_cv": {
          "raw": 0.0,
          "z_score": -0.2978723404255319
        },
        "sax_arpeggio_runs": {
          "raw": 0,
          "z_score": -0.3391684901531729
        },
        "peak_not_late": {
          "raw": 1,
          "z_score": 0.42975206611570255
        },
        "blue_ratio": {
          "raw": 0.0,
          "z_score": -1.1730769230769231
        },
        "rhythm_2grams": {
          "raw": 1,
          "z_score": -0.13257575757575726
        }
      }
    },
    "bass_detail": {
      "total": -0.971305721305721,
      "chromatic_gate": 1.0,
      "direction_gate": 1.0,
      "features": {
        "duration_variety": {
          "raw": 1,
          "z_score": -1.0
        },
        "velocity_variance": {
          "raw": 0.0,
          "z_score": -1.25
        },
        "non_chromatic_ratio": {
          "raw": 0.8181818181818182,
          "z_score": 1.278694278694279
        }
      }
    },
    "piano_detail": {
      "total": 1.3165923029504798,
      "tonic_bonus": 1.0,
      "register_failed": false,
      "avg_pitch": 55.666666666666664,
      "features": {
        "unique_chords": {
          "raw": 3,
          "capped": 3,
          "z_score": 1.0086206896551724,
          "weight": 1.0
        },
        "avg_chord_duration": {
          "raw": 0.375,
          "z_score": 0.5573770491803279,
          "weight": 1.5
        },
        "cluster_ratio": {
          "raw": 0.6666666666666666,
          "z_score": -0.9320543565147881,
          "weight": 1.0
        },
        "out_of_key_ratio": {
          "raw": 0.0,
          "z_score": 0.6039603960396039,
          "weight": 1.0
        },
        "chord_duration_variety": {
          "raw": 1,
          "z_score": -0.20000000000000018,
          "weight": 1.0
        }
      }
    },
    "drums_detail": {
      "total": -0.45066619172796013,
      "features": {
        "duration_variety": {
          "raw": 1,
          "z_score": -1.1734820322180917
        },
        "kick_off_beat_ratio": {
          "raw": 0.5,
          "z_score": 0.23571428571428552
        },
        "velocity_variance": {
          "raw": 7.637626158259733,
          "z_score": 0.487101554775846
        }
      }
    },
    "ensemble_detail": {
      "total": 1.0066666666666666,
      "dynamic_coherence": 0.5333333333333333
    }
  },
  "metrics": {
    "reward": 0.4428167777645033,
    "note_count": 42,
    "valid_midi": 1.0,
    "unique_durs": 1,
    "has_rests": true
  },
  "has_midi": true,
  "error": null,
  "timestamp": "2025-12-01T22:24:36.249144"
}