{
  "step": 16,
  "rollout_id": 0,
  "key": "Dm",
  "tempo": 160,
  "reward": 0.4758558686570182,
  "breakdown": {
    "sax": 0.4520710627949832,
    "sax_sig": 0.5747800077457506,
    "bass": -0.8050910412594969,
    "bass_sig": 0.36894920940756076,
    "piano": -0.19726633510808175,
    "piano_sig": 0.46716958100217815,
    "drums": 1.7267123053364664,
    "drums_sig": 0.7597193615517343,
    "ensemble": -1.7563361610063355,
    "ensemble_sig": 0.2366940104279759,
    "z_sum": -0.5799101692424646,
    "combined": 0.4758558686570182,
    "sax_detail": {
      "total": 0.4520710627949832,
      "variety_gate": 0.25,
      "features": {
        "melodic_entropy": {
          "raw": 1.9936085608919822,
          "z_score": 0.2941601692300884
        },
        "dur_cv": {
          "raw": 0.0,
          "z_score": -0.2978723404255319
        },
        "sax_arpeggio_runs": {
          "raw": 0,
          "z_score": -0.3391684901531729
        },
        "peak_not_late": {
          "raw": 1,
          "z_score": 0.42975206611570255
        },
        "blue_ratio": {
          "raw": 0.4722222222222222,
          "z_score": 1.853988603988604
        },
        "rhythm_2grams": {
          "raw": 1,
          "z_score": -0.13257575757575726
        }
      }
    },
    "bass_detail": {
      "total": -0.8050910412594969,
      "direction_gate": 1.0,
      "features": {
        "ioi_swing": {
          "raw": 0.0,
          "z_score": -0.24855491329479767
        },
        "non_chromatic_ratio": {
          "raw": 0.34285714285714286,
          "z_score": -0.5565361279646993
        }
      }
    },
    "piano_detail": {
      "total": -0.19726633510808175,
      "variety_gate": 0.5,
      "features": {
        "avg_chord_spread": {
          "raw": 6.0,
          "z_score": -0.8438425730004231
        },
        "gap_ratio": {
          "raw": 0.8064516129032258,
          "z_score": -1.2085388994307398
        },
        "register_separation": {
          "raw": 10.777777777777779,
          "z_score": 1.8886180329842304
        },
        "velocity_variance": {
          "raw": 0.0,
          "z_score": -0.23076923076923078
        }
      }
    },
    "drums_detail": {
      "total": 1.7267123053364664,
      "features": {
        "kick_off_beat_ratio": {
          "raw": 0.5,
          "z_score": 0.2411347517730495
        },
        "snare_backbeat_ratio": {
          "raw": 0.0,
          "z_score": -0.3584905660377358
        },
        "velocity_variance": {
          "raw": 7.637626158259733,
          "z_score": 0.5148601988090733
        },
        "duration_variety": {
          "raw": 3,
          "z_score": 1.3292079207920793
        }
      }
    },
    "ensemble_detail": {
      "total": -1.7563361610063355,
      "duration_gate": 1.0,
      "features": {
        "collision_rate": {
          "raw": 0.16666666666666666,
          "z_score": 0.3368794326241136
        },
        "phrase_alignment": {
          "raw": 1.0,
          "z_score": -1.1284046692607006
        },
        "texture_density": {
          "raw": 0.8240000000000001,
          "z_score": -0.5698529411764707
        },
        "harmonic_consonance": {
          "raw": 0.6,
          "z_score": -0.3949579831932777
        }
      }
    }
  },
  "has_midi": true,
  "error": null,
  "timestamp": "2025-11-30T22:49:29.456162"
}