{
  "id": 13,
  "generation": 15,
  "reward": 0.27861991349009735,
  "breakdown": {
    "sax": 0.3721131101483595,
    "sax_sig": 0.5617027363488535,
    "bass": -0.373862038601923,
    "bass_sig": 0.43801023530346195,
    "piano": -0.584145243871183,
    "piano_sig": 0.4038544849840023,
    "drums": -2.333104961793547,
    "drums_sig": 0.17430723222270691,
    "ensemble": -2.788906636004845,
    "ensemble_sig": 0.1347880348920939,
    "z_sum": -5.707905770123139,
    "combined": 0.27861991349009735,
    "sax_detail": {
      "total": 0.3721131101483595,
      "variety_gate": 0.25,
      "features": {
        "melodic_entropy": {
          "raw": 2.5216406363433186,
          "z_score": 1.398829783145018
        },
        "dur_cv": {
          "raw": 0.0,
          "z_score": -0.2978723404255319
        },
        "sax_arpeggio_runs": {
          "raw": 0,
          "z_score": -0.3391684901531729
        },
        "peak_not_late": {
          "raw": 1,
          "z_score": 0.42975206611570255
        },
        "blue_ratio": {
          "raw": 0.25,
          "z_score": 0.4294871794871795
        },
        "rhythm_2grams": {
          "raw": 1,
          "z_score": -0.13257575757575726
        }
      }
    },
    "bass_detail": {
      "total": -0.373862038601923,
      "direction_gate": 1.0,
      "features": {
        "ioi_swing": {
          "raw": 0.0,
          "z_score": -0.24855491329479767
        },
        "non_chromatic_ratio": {
          "raw": 0.45454545454545453,
          "z_score": -0.12530712530712532
        }
      }
    },
    "piano_detail": {
      "total": -0.584145243871183,
      "variety_gate": 0.5,
      "features": {
        "avg_chord_spread": {
          "raw": 7.0,
          "z_score": -0.4206517139229792
        },
        "gap_ratio": {
          "raw": 0.6,
          "z_score": 0.005882352941176476
        },
        "register_separation": {
          "raw": 1.875,
          "z_score": -0.5227518959913326
        },
        "velocity_variance": {
          "raw": 0.0,
          "z_score": -0.23076923076923078
        }
      }
    },
    "drums_detail": {
      "total": -2.333104961793547,
      "features": {
        "kick_off_beat_ratio": {
          "raw": 0.5,
          "z_score": 0.2411347517730495
        },
        "snare_backbeat_ratio": {
          "raw": 0.0,
          "z_score": -0.3584905660377358
        },
        "velocity_variance": {
          "raw": 0.0,
          "z_score": -1.0697095435684647
        },
        "duration_variety": {
          "raw": 1,
          "z_score": -1.146039603960396
        }
      }
    },
    "ensemble_detail": {
      "total": -2.788906636004845,
      "duration_gate": 1.0,
      "features": {
        "collision_rate": {
          "raw": 0.125,
          "z_score": 0.5585106382978724
        },
        "phrase_alignment": {
          "raw": 1.0,
          "z_score": -1.1284046692607006
        },
        "texture_density": {
          "raw": 0.508,
          "z_score": 0.5919117647058825
        },
        "harmonic_consonance": {
          "raw": 0.3125,
          "z_score": -2.8109243697478994
        }
      }
    }
  },
  "metrics": {
    "reward": 0.27861991349009735,
    "note_count": 60,
    "valid_midi": 1.0,
    "unique_durs": 1,
    "has_rests": false
  },
  "has_midi": true,
  "error": null,
  "timestamp": "2025-11-30T23:21:40.713648"
}