{
  "step": 15,
  "rollout_id": 21,
  "key": "Dm",
  "tempo": 160,
  "reward": 0.44298072858622556,
  "breakdown": {
    "sax": 0.16104489519354293,
    "sax_sig": 0.5268150629998162,
    "bass": -0.373862038601923,
    "bass_sig": 0.43801023530346195,
    "piano": -0.24291715439069222,
    "piano_sig": 0.4596020590986505,
    "drums": -0.748535219416009,
    "drums_sig": 0.3777701821425709,
    "ensemble": -0.17017190807111848,
    "ensemble_sig": 0.4716683954777106,
    "z_sum": -1.3744414252861996,
    "combined": 0.44298072858622556,
    "sax_detail": {
      "total": 0.16104489519354293,
      "variety_gate": 0.25,
      "features": {
        "melodic_entropy": {
          "raw": 2.1180782093497093,
          "z_score": 0.5545569233257517
        },
        "dur_cv": {
          "raw": 0.0,
          "z_score": -0.2978723404255319
        },
        "sax_arpeggio_runs": {
          "raw": 0,
          "z_score": -0.3391684901531729
        },
        "peak_not_late": {
          "raw": 1,
          "z_score": 0.42975206611570255
        },
        "blue_ratio": {
          "raw": 0.25,
          "z_score": 0.4294871794871795
        },
        "rhythm_2grams": {
          "raw": 1,
          "z_score": -0.13257575757575726
        }
      }
    },
    "bass_detail": {
      "total": -0.373862038601923,
      "direction_gate": 1.0,
      "features": {
        "ioi_swing": {
          "raw": 0.0,
          "z_score": -0.24855491329479767
        },
        "non_chromatic_ratio": {
          "raw": 0.45454545454545453,
          "z_score": -0.12530712530712532
        }
      }
    },
    "piano_detail": {
      "total": -0.24291715439069222,
      "variety_gate": 1.0,
      "features": {
        "avg_chord_spread": {
          "raw": 5.666666666666667,
          "z_score": -0.9849061926929042
        },
        "gap_ratio": {
          "raw": 0.3333333333333333,
          "z_score": 1.5745098039215686
        },
        "register_separation": {
          "raw": 1.5833333333333357,
          "z_score": -0.6017515348501258
        },
        "velocity_variance": {
          "raw": 0.0,
          "z_score": -0.23076923076923078
        }
      }
    },
    "drums_detail": {
      "total": -0.748535219416009,
      "features": {
        "kick_off_beat_ratio": {
          "raw": 0.5,
          "z_score": 0.2411347517730495
        },
        "snare_backbeat_ratio": {
          "raw": 0.0,
          "z_score": -0.3584905660377358
        },
        "velocity_variance": {
          "raw": 7.637626158259733,
          "z_score": 0.5148601988090733
        },
        "duration_variety": {
          "raw": 1,
          "z_score": -1.146039603960396
        }
      }
    },
    "ensemble_detail": {
      "total": -0.17017190807111848,
      "duration_gate": 1.0,
      "features": {
        "collision_rate": {
          "raw": 0.3333333333333333,
          "z_score": -0.5496453900709218
        },
        "phrase_alignment": {
          "raw": 1.0,
          "z_score": -1.1284046692607006
        },
        "texture_density": {
          "raw": 0.28,
          "z_score": 1.4301470588235294
        },
        "harmonic_consonance": {
          "raw": 0.65625,
          "z_score": 0.07773109243697462
        }
      }
    }
  },
  "has_midi": true,
  "error": null,
  "timestamp": "2025-11-30T22:42:28.336739"
}