{
  "id": 4,
  "generation": 63,
  "reward": 0.4182004023819425,
  "breakdown": {
    "sax": -2.4142551440979485,
    "sax_sig": 0.16665756728698394,
    "bass": -1.3223060723060722,
    "bass_sig": 0.29285929700889063,
    "piano": 0.6454351531451912,
    "piano_sig": 0.6059429400056638,
    "drums": 1.1617378474166118,
    "drums_sig": 0.6844917795489537,
    "ensemble_mult": 1.0333333333333332,
    "z_sum": -1.929388215842218,
    "base_reward": 0.4047100668212347,
    "combined": 0.4182004023819425,
    "sax_detail": {
      "total": -2.4142551440979485,
      "variety_gate": 0.5,
      "features": {
        "melodic_entropy": {
          "raw": 1.584962500721156,
          "z_score": -0.5607479064410961
        },
        "dur_cv": {
          "raw": 0.0,
          "z_score": -0.2978723404255319
        },
        "sax_arpeggio_runs": {
          "raw": 0,
          "z_score": -0.3391684901531729
        },
        "peak_not_late": {
          "raw": 0,
          "z_score": -2.325068870523416
        },
        "blue_ratio": {
          "raw": 0.0,
          "z_score": -1.1730769230769231
        },
        "rhythm_2grams": {
          "raw": 1,
          "z_score": -0.13257575757575726
        }
      }
    },
    "bass_detail": {
      "total": -1.3223060723060722,
      "chromatic_gate": 1.0,
      "direction_gate": 1.0,
      "features": {
        "duration_variety": {
          "raw": 1,
          "z_score": -1.0
        },
        "velocity_variance": {
          "raw": 0.0,
          "z_score": -1.25
        },
        "non_chromatic_ratio": {
          "raw": 0.7272727272727273,
          "z_score": 0.9276939276939278
        }
      }
    },
    "piano_detail": {
      "total": 0.6454351531451912,
      "tonic_bonus": 1.0,
      "register_failed": true,
      "avg_pitch": 41.666666666666664,
      "features": {
        "unique_chords": {
          "raw": 3,
          "capped": 3,
          "z_score": 1.0086206896551724,
          "weight": 1.0
        },
        "avg_chord_duration": {
          "raw": 0.375,
          "z_score": 0.5573770491803279,
          "weight": 1.5
        },
        "cluster_ratio": {
          "raw": 0.3333333333333333,
          "z_score": -0.13269384492406067,
          "weight": 1.0
        },
        "out_of_key_ratio": {
          "raw": 0.08333333333333333,
          "z_score": -0.22112211221122108,
          "weight": 1.0
        },
        "chord_duration_variety": {
          "raw": 1,
          "z_score": -0.20000000000000018,
          "weight": 1.0
        }
      }
    },
    "drums_detail": {
      "total": 1.1617378474166118,
      "features": {
        "duration_variety": {
          "raw": 2,
          "z_score": 0.06567534076827748
        },
        "kick_off_beat_ratio": {
          "raw": 0.5,
          "z_score": 0.23571428571428552
        },
        "velocity_variance": {
          "raw": 9.428090415820632,
          "z_score": 0.8603482209340488
        }
      }
    },
    "ensemble_detail": {
      "total": 1.0333333333333332,
      "dynamic_coherence": 0.6666666666666666
    }
  },
  "metrics": {
    "reward": 0.4182004023819425,
    "note_count": 52,
    "valid_midi": 1.0,
    "unique_durs": 1,
    "has_rests": true
  },
  "has_midi": true,
  "error": null,
  "timestamp": "2025-12-02T17:18:53.923652"
}