{
  "id": 12,
  "generation": 12,
  "reward": 0.7448393437497226,
  "breakdown": {
    "sax": -1.6129730928158972,
    "sax_sig": 0.25439355787227313,
    "bass": 0.7306949806949807,
    "bass_sig": 0.6194300979814052,
    "piano": 5.090723162197509,
    "piano_sig": 0.9675106925045852,
    "drums": 0.8640329452234428,
    "drums_sig": 0.6401515474383744,
    "ensemble_mult": 1.0149071198499986,
    "z_sum": 5.072477995300035,
    "base_reward": 0.7338990230552412,
    "combined": 0.7448393437497226,
    "sax_detail": {
      "total": -1.6129730928158972,
      "variety_gate": 0.5,
      "features": {
        "melodic_entropy": {
          "raw": 1.584962500721156,
          "z_score": -0.5607479064410961
        },
        "dur_cv": {
          "raw": 0.0,
          "z_score": -0.2978723404255319
        },
        "sax_arpeggio_runs": {
          "raw": 0,
          "z_score": -0.3391684901531729
        },
        "peak_not_late": {
          "raw": 0,
          "z_score": -2.325068870523416
        },
        "blue_ratio": {
          "raw": 0.25,
          "z_score": 0.4294871794871795
        },
        "rhythm_2grams": {
          "raw": 1,
          "z_score": -0.13257575757575726
        }
      }
    },
    "bass_detail": {
      "total": 0.7306949806949807,
      "chromatic_gate": 1.0,
      "direction_gate": 1.0,
      "features": {
        "duration_variety": {
          "raw": 2,
          "z_score": 0.0
        },
        "velocity_variance": {
          "raw": 0.0,
          "z_score": -1.25
        },
        "non_chromatic_ratio": {
          "raw": 1.0,
          "z_score": 1.9806949806949807
        }
      }
    },
    "piano_detail": {
      "total": 5.090723162197509,
      "tonic_bonus": 1.0,
      "register_failed": false,
      "avg_pitch": 75.75,
      "features": {
        "unique_chords": {
          "raw": 3,
          "capped": 3,
          "z_score": 1.0086206896551724,
          "weight": 1.0
        },
        "avg_chord_duration": {
          "raw": 0.2916666666666667,
          "z_score": -0.12568306010928942,
          "weight": 1.5
        },
        "cluster_ratio": {
          "raw": 0.0,
          "z_score": 0.6666666666666667,
          "weight": 1.0
        },
        "out_of_key_ratio": {
          "raw": 0.0,
          "z_score": 0.6039603960396039,
          "weight": 1.0
        },
        "chord_duration_variety": {
          "raw": 2,
          "z_score": 3.0,
          "weight": 1.0
        }
      }
    },
    "drums_detail": {
      "total": 0.8640329452234428,
      "features": {
        "duration_variety": {
          "raw": 2,
          "z_score": 0.06567534076827748
        },
        "kick_off_beat_ratio": {
          "raw": 0.5,
          "z_score": 0.23571428571428552
        },
        "velocity_variance": {
          "raw": 8.0,
          "z_score": 0.5626433187408797
        }
      }
    },
    "ensemble_detail": {
      "total": 1.0149071198499986,
      "dynamic_coherence": 0.574535599249993
    }
  },
  "metrics": {
    "reward": 0.7448393437497226,
    "note_count": 35,
    "valid_midi": 1.0,
    "unique_durs": 1,
    "has_rests": true
  },
  "has_midi": true,
  "error": null,
  "timestamp": "2025-12-01T22:38:54.312987"
}