{
  "step": 4,
  "rollout_id": 22,
  "key": "D",
  "tempo": 160,
  "reward": 0.2829873601403746,
  "breakdown": {
    "sax": -0.9607387568635326,
    "sax_sig": 0.34513521654829304,
    "bass": -0.3894749064368723,
    "bass_sig": 0.43544976322891954,
    "piano": -1.33575964779812,
    "piano_sig": 0.29100532873175056,
    "drums": -2.987811974534944,
    "drums_sig": 0.12005867476850816,
    "ensemble": 0.09563786706926125,
    "ensemble_sig": 0.5159342469435705,
    "z_sum": -5.578147418564209,
    "combined": 0.2829873601403746,
    "sax_detail": {
      "total": -0.9607387568635326,
      "variety_gate": 0.25,
      "features": {
        "melodic_entropy": {
          "raw": 2.1867043459100244,
          "z_score": -0.4335170398224106
        },
        "dur_cv": {
          "raw": 0.0,
          "z_score": -0.8880854560394412
        },
        "sax_arpeggio_runs": {
          "raw": 0,
          "z_score": -0.4150099290132615
        },
        "peak_not_late": {
          "raw": 0,
          "z_score": -1.6329142343960483
        },
        "blue_ratio": {
          "raw": 0.25,
          "z_score": 0.4129392971246006
        },
        "rhythm_2grams": {
          "raw": 1,
          "z_score": -0.8863676653075695
        }
      }
    },
    "bass_detail": {
      "total": -0.3894749064368723,
      "direction_gate": 0.5,
      "features": {
        "ioi_swing": {
          "raw": 0.0,
          "z_score": -0.8105992171032821
        },
        "non_chromatic_ratio": {
          "raw": 0.7272727272727273,
          "z_score": 0.03164940422953743
        }
      }
    },
    "piano_detail": {
      "total": -1.33575964779812,
      "variety_gate": 1.0,
      "features": {
        "avg_chord_spread": {
          "raw": 0.0,
          "z_score": -1.6150218340611355
        },
        "gap_ratio": {
          "raw": 0.2222222222222222,
          "z_score": 1.0220174091141834
        },
        "register_separation": {
          "raw": 5.928571428571431,
          "z_score": -0.16380785443011528
        },
        "velocity_variance": {
          "raw": 0.0,
          "z_score": -0.5789473684210527
        }
      }
    },
    "drums_detail": {
      "total": -2.987811974534944,
      "features": {
        "kick_off_beat_ratio": {
          "raw": 0.5,
          "z_score": -0.8253055108539016
        },
        "snare_backbeat_ratio": {
          "raw": 0.0,
          "z_score": -0.5855710048313247
        },
        "velocity_variance": {
          "raw": 0.0,
          "z_score": -1.3587178965954583
        },
        "duration_variety": {
          "raw": 2,
          "z_score": -0.21821756225425926
        }
      }
    },
    "ensemble_detail": {
      "total": 0.09563786706926125,
      "duration_gate": 1.0,
      "features": {
        "collision_rate": {
          "raw": 0.16666666666666666,
          "z_score": 0.8296019900497513
        },
        "phrase_alignment": {
          "raw": 1.0,
          "z_score": -1.66875
        },
        "texture_density": {
          "raw": 0.624,
          "z_score": -0.2520325203252032
        },
        "harmonic_consonance": {
          "raw": 0.8947368421052632,
          "z_score": 1.186818397344713
        }
      }
    }
  },
  "has_midi": true,
  "error": null,
  "timestamp": "2025-11-30T17:39:44.932338"
}