{
  "step": 6,
  "rollout_id": 28,
  "key": "D",
  "tempo": 160,
  "reward": 0.6894091246697741,
  "breakdown": {
    "sax": 0.23188879454113936,
    "sax_sig": 0.5385713454363128,
    "bass": -0.6203053703053705,
    "bass_sig": 0.39806433963414856,
    "piano": 1.2538838490239659,
    "piano_sig": 0.697605766978182,
    "drums": 1.7257207672234838,
    "drums_sig": 0.7595986733890197,
    "ensemble_mult": 1.1,
    "z_sum": 2.5911880404832184,
    "base_reward": 0.6267355678816128,
    "combined": 0.6894091246697741,
    "sax_detail": {
      "total": 0.23188879454113936,
      "variety_gate": 0.0,
      "features": {}
    },
    "bass_detail": {
      "total": -0.6203053703053705,
      "chromatic_gate": 1.0,
      "direction_gate": 1.0,
      "features": {
        "duration_variety": {
          "raw": 1,
          "z_score": -1.0
        },
        "velocity_variance": {
          "raw": 0.0,
          "z_score": -1.25
        },
        "non_chromatic_ratio": {
          "raw": 0.9090909090909091,
          "z_score": 1.6296946296946295
        }
      }
    },
    "piano_detail": {
      "total": 1.2538838490239659,
      "tonic_bonus": 1.0,
      "register_failed": false,
      "avg_pitch": 68.08333333333333,
      "features": {
        "unique_chords": {
          "raw": 2,
          "capped": 2,
          "z_score": 0.146551724137931,
          "weight": 1.0
        },
        "avg_chord_duration": {
          "raw": 0.375,
          "z_score": 0.5573770491803279,
          "weight": 1.5
        },
        "cluster_ratio": {
          "raw": 0.3333333333333333,
          "z_score": -0.13269384492406067,
          "weight": 1.0
        },
        "out_of_key_ratio": {
          "raw": 0.0,
          "z_score": 0.6039603960396039,
          "weight": 1.0
        },
        "chord_duration_variety": {
          "raw": 1,
          "z_score": -0.20000000000000018,
          "weight": 1.0
        }
      }
    },
    "drums_detail": {
      "total": 1.7257207672234838,
      "features": {
        "duration_variety": {
          "raw": 2,
          "z_score": 0.06567534076827748
        },
        "kick_off_beat_ratio": {
          "raw": 0.5,
          "z_score": 0.23571428571428552
        },
        "velocity_variance": {
          "raw": 12.133516482134196,
          "z_score": 1.4243311407409207
        }
      }
    },
    "ensemble_detail": {
      "total": 1.1,
      "dynamic_coherence": 0.9999999999999999
    }
  },
  "has_midi": true,
  "error": null,
  "timestamp": "2025-12-01T20:57:10.953569"
}