{
  "id": 12,
  "generation": 12,
  "reward": 0.2754034099712851,
  "breakdown": {
    "sax": 0.4453619046960014,
    "sax_sig": 0.5736864627531121,
    "bass": -1.5772918134602694,
    "bass_sig": 0.2589318147073362,
    "piano": -0.5648683905016781,
    "piano_sig": 0.40695228253965043,
    "drums": -5.574239713566596,
    "drums_sig": 0.023749451928373962,
    "ensemble": 1.4667693867844342,
    "ensemble_sig": 0.7266806578556764,
    "z_sum": -5.804268626048109,
    "combined": 0.2754034099712851,
    "sax_detail": {
      "total": 0.4453619046960014,
      "variety_gate": 0.5,
      "features": {
        "melodic_entropy": {
          "raw": 2.2359263506290326,
          "z_score": 0.8011011519435828
        },
        "dur_cv": {
          "raw": 0.0,
          "z_score": -0.2978723404255319
        },
        "sax_arpeggio_runs": {
          "raw": 0,
          "z_score": -0.3391684901531729
        },
        "peak_not_late": {
          "raw": 1,
          "z_score": 0.42975206611570255
        },
        "blue_ratio": {
          "raw": 0.25,
          "z_score": 0.4294871794871795
        },
        "rhythm_2grams": {
          "raw": 1,
          "z_score": -0.13257575757575726
        }
      }
    },
    "bass_detail": {
      "total": -1.5772918134602694,
      "direction_gate": 1.0,
      "features": {
        "ioi_swing": {
          "raw": 0.0,
          "z_score": -0.24855491329479767
        },
        "non_chromatic_ratio": {
          "raw": 0.14285714285714285,
          "z_score": -1.3287369001654716
        }
      }
    },
    "piano_detail": {
      "total": -0.5648683905016781,
      "variety_gate": 1.0,
      "features": {
        "avg_chord_spread": {
          "raw": 9.0,
          "z_score": 0.4257300042319087
        },
        "gap_ratio": {
          "raw": 0.6470588235294118,
          "z_score": -0.27093425605536364
        },
        "register_separation": {
          "raw": 2.0,
          "z_score": -0.4888949079089924
        },
        "velocity_variance": {
          "raw": 0.0,
          "z_score": -0.23076923076923078
        }
      }
    },
    "drums_detail": {
      "total": -5.574239713566596,
      "features": {
        "kick_off_beat_ratio": {
          "raw": 0.0,
          "z_score": -3.0
        },
        "snare_backbeat_ratio": {
          "raw": 0.0,
          "z_score": -0.3584905660377358
        },
        "velocity_variance": {
          "raw": 0.0,
          "z_score": -1.0697095435684647
        },
        "duration_variety": {
          "raw": 1,
          "z_score": -1.146039603960396
        }
      }
    },
    "ensemble_detail": {
      "total": 1.4667693867844342,
      "duration_gate": 0.8,
      "features": {
        "collision_rate": {
          "raw": 0.25,
          "z_score": -0.1063829787234042
        },
        "phrase_alignment": {
          "raw": 0.5,
          "z_score": 0.8171206225680933
        },
        "texture_density": {
          "raw": 0.9800000000000001,
          "z_score": -1.1433823529411766
        },
        "harmonic_consonance": {
          "raw": 0.9166666666666666,
          "z_score": 2.2661064425770303
        }
      }
    }
  },
  "metrics": {
    "reward": 0.2754034099712851,
    "note_count": 72,
    "valid_midi": 1.0,
    "unique_durs": 1,
    "has_rests": true
  },
  "has_midi": true,
  "error": null,
  "timestamp": "2025-11-30T23:05:54.899167"
}