{
  "step": 4,
  "rollout_id": 23,
  "key": "Dm",
  "tempo": 160,
  "reward": 0.6229471937483034,
  "breakdown": {
    "sax": -1.102780246734241,
    "sax_sig": 0.32405754663783204,
    "bass": -0.667953667953668,
    "bass_sig": 0.3904782304989726,
    "piano": 1.5490443675484589,
    "piano_sig": 0.7374382851619721,
    "drums": 2.400895220402981,
    "drums_sig": 0.832101781538285,
    "ensemble_mult": 1.025819888974716,
    "z_sum": 2.1792056732635308,
    "base_reward": 0.6072676114429065,
    "combined": 0.6229471937483034,
    "sax_detail": {
      "total": -1.102780246734241,
      "variety_gate": 0.5,
      "features": {
        "melodic_entropy": {
          "raw": 1.5219280948873621,
          "z_score": -0.6926190483527989
        },
        "dur_cv": {
          "raw": 0.0,
          "z_score": -0.2978723404255319
        },
        "sax_arpeggio_runs": {
          "raw": 0,
          "z_score": -0.3391684901531729
        },
        "peak_not_late": {
          "raw": 1,
          "z_score": 0.42975206611570255
        },
        "blue_ratio": {
          "raw": 0.0,
          "z_score": -1.1730769230769231
        },
        "rhythm_2grams": {
          "raw": 1,
          "z_score": -0.13257575757575726
        }
      }
    },
    "bass_detail": {
      "total": -0.667953667953668,
      "chromatic_gate": 0.5,
      "direction_gate": 1.0,
      "features": {
        "duration_variety": {
          "raw": 1,
          "z_score": -1.0
        },
        "velocity_variance": {
          "raw": 5.0,
          "z_score": 0.0
        },
        "non_chromatic_ratio": {
          "raw": 0.4,
          "z_score": -0.3359073359073358
        }
      }
    },
    "piano_detail": {
      "total": 1.5490443675484589,
      "tonic_bonus": 1.2,
      "register_failed": false,
      "avg_pitch": 66.58333333333333,
      "features": {
        "unique_chords": {
          "raw": 3,
          "capped": 3,
          "z_score": 1.0086206896551724,
          "weight": 1.0
        },
        "avg_chord_duration": {
          "raw": 0.375,
          "z_score": 0.5573770491803279,
          "weight": 1.5
        },
        "cluster_ratio": {
          "raw": 0.3333333333333333,
          "z_score": -0.13269384492406067,
          "weight": 1.0
        },
        "out_of_key_ratio": {
          "raw": 0.08333333333333333,
          "z_score": -0.22112211221122108,
          "weight": 1.0
        },
        "chord_duration_variety": {
          "raw": 1,
          "z_score": -0.20000000000000018,
          "weight": 1.0
        }
      }
    },
    "drums_detail": {
      "total": 2.400895220402981,
      "features": {
        "duration_variety": {
          "raw": 3,
          "z_score": 1.3048327137546467
        },
        "kick_off_beat_ratio": {
          "raw": 0.5,
          "z_score": 0.23571428571428552
        },
        "velocity_variance": {
          "raw": 9.428090415820632,
          "z_score": 0.8603482209340488
        }
      }
    },
    "ensemble_detail": {
      "total": 1.025819888974716,
      "dynamic_coherence": 0.6290994448735805
    }
  },
  "has_midi": true,
  "error": null,
  "timestamp": "2025-12-01T20:44:05.067958"
}