{
  "step": 8,
  "rollout_id": 11,
  "key": "F",
  "tempo": 160,
  "reward": 0.6514601821294644,
  "breakdown": {
    "sax": -0.6547844621867671,
    "sax_sig": 0.39256978590620517,
    "bass": -1.064431896801839,
    "bass_sig": 0.3296825322844519,
    "piano": 1.7374462433749385,
    "piano_sig": 0.7610232232924251,
    "drums": 3.6172032894875907,
    "drums_sig": 0.9176976909314141,
    "ensemble": 0.11734961887727131,
    "ensemble_sig": 0.519548300520966,
    "z_sum": 3.7527827927511943,
    "combined": 0.6514601821294644,
    "sax_detail": {
      "total": -0.6547844621867671,
      "variety_gate": 0.5,
      "features": {
        "melodic_entropy": {
          "raw": 1.950212064914747,
          "z_score": 0.2033725207421485
        },
        "dur_cv": {
          "raw": 0.0,
          "z_score": -0.2978723404255319
        },
        "sax_arpeggio_runs": {
          "raw": 0,
          "z_score": -0.3391684901531729
        },
        "peak_not_late": {
          "raw": 1,
          "z_score": 0.42975206611570255
        },
        "blue_ratio": {
          "raw": 0.0,
          "z_score": -1.1730769230769231
        },
        "rhythm_2grams": {
          "raw": 1,
          "z_score": -0.13257575757575726
        }
      }
    },
    "bass_detail": {
      "total": -1.064431896801839,
      "direction_gate": 0.5,
      "features": {
        "ioi_swing": {
          "raw": 0.0,
          "z_score": -0.24855491329479767
        },
        "non_chromatic_ratio": {
          "raw": 0.0,
          "z_score": -1.88030888030888
        }
      }
    },
    "piano_detail": {
      "total": 1.7374462433749385,
      "variety_gate": 0.5,
      "features": {
        "avg_chord_spread": {
          "raw": 9.666666666666666,
          "z_score": 0.7078572436168711
        },
        "gap_ratio": {
          "raw": 0.25,
          "z_score": 2.064705882352941
        },
        "register_separation": {
          "raw": 7.25,
          "z_score": 0.9330985915492956
        },
        "velocity_variance": {
          "raw": 0.0,
          "z_score": -0.23076923076923078
        }
      }
    },
    "drums_detail": {
      "total": 3.6172032894875907,
      "features": {
        "kick_off_beat_ratio": {
          "raw": 0.5,
          "z_score": 0.2411347517730495
        },
        "snare_backbeat_ratio": {
          "raw": 0.0,
          "z_score": -0.3584905660377358
        },
        "velocity_variance": {
          "raw": 16.749792701868152,
          "z_score": 2.4053511829601977
        },
        "duration_variety": {
          "raw": 3,
          "z_score": 1.3292079207920793
        }
      }
    },
    "ensemble_detail": {
      "total": 0.11734961887727131,
      "duration_gate": 0.8,
      "features": {
        "collision_rate": {
          "raw": 0.25,
          "z_score": -0.1063829787234042
        },
        "phrase_alignment": {
          "raw": 0.5,
          "z_score": 0.8171206225680933
        },
        "texture_density": {
          "raw": 0.43200000000000005,
          "z_score": 0.8713235294117646
        },
        "harmonic_consonance": {
          "raw": 0.47619047619047616,
          "z_score": -1.4353741496598644
        }
      }
    }
  },
  "has_midi": true,
  "error": null,
  "timestamp": "2025-11-30T23:50:34.487131"
}