{
  "step": 7,
  "rollout_id": 23,
  "key": "Dm",
  "tempo": 160,
  "reward": 0.7971334593157633,
  "breakdown": {
    "sax": -0.13052456037972646,
    "sax_sig": 0.47825962277747985,
    "bass": -0.26930501930501927,
    "bass_sig": 0.45523600694864574,
    "piano": 4.986533065114996,
    "piano_sig": 0.9652549576878172,
    "drums": 1.2595787417854336,
    "drums_sig": 0.6984060648067626,
    "ensemble_mult": 1.0447213595499958,
    "z_sum": 5.846282227215683,
    "base_reward": 0.7630105884492696,
    "combined": 0.7971334593157633,
    "sax_detail": {
      "total": -0.13052456037972646,
      "variety_gate": 0.25,
      "features": {
        "melodic_entropy": {
          "raw": 1.6457113704075783,
          "z_score": -0.43365822090464784
        },
        "dur_cv": {
          "raw": 0.0,
          "z_score": -0.2978723404255319
        },
        "sax_arpeggio_runs": {
          "raw": 0,
          "z_score": -0.3391684901531729
        },
        "peak_not_late": {
          "raw": 1,
          "z_score": 0.42975206611570255
        },
        "blue_ratio": {
          "raw": 0.2222222222222222,
          "z_score": 0.25142450142450135
        },
        "rhythm_2grams": {
          "raw": 1,
          "z_score": -0.13257575757575726
        }
      }
    },
    "bass_detail": {
      "total": -0.26930501930501927,
      "chromatic_gate": 1.0,
      "direction_gate": 1.0,
      "features": {
        "duration_variety": {
          "raw": 1,
          "z_score": -1.0
        },
        "velocity_variance": {
          "raw": 0.0,
          "z_score": -1.25
        },
        "non_chromatic_ratio": {
          "raw": 1.0,
          "z_score": 1.9806949806949807
        }
      }
    },
    "piano_detail": {
      "total": 4.986533065114996,
      "tonic_bonus": 1.2,
      "register_failed": false,
      "avg_pitch": 66.0,
      "features": {
        "unique_chords": {
          "raw": 3,
          "capped": 3,
          "z_score": 1.0086206896551724,
          "weight": 1.0
        },
        "avg_chord_duration": {
          "raw": 1.5,
          "z_score": 3.0,
          "weight": 1.5
        },
        "cluster_ratio": {
          "raw": 0.6666666666666666,
          "z_score": -0.9320543565147881,
          "weight": 1.0
        },
        "out_of_key_ratio": {
          "raw": 0.08333333333333333,
          "z_score": -0.22112211221122108,
          "weight": 1.0
        },
        "chord_duration_variety": {
          "raw": 1,
          "z_score": -0.20000000000000018,
          "weight": 1.0
        }
      }
    },
    "drums_detail": {
      "total": 1.2595787417854336,
      "features": {
        "duration_variety": {
          "raw": 2,
          "z_score": 0.06567534076827748
        },
        "kick_off_beat_ratio": {
          "raw": 0.5,
          "z_score": 0.23571428571428552
        },
        "velocity_variance": {
          "raw": 9.89743318610787,
          "z_score": 0.9581891153028705
        }
      }
    },
    "ensemble_detail": {
      "total": 1.0447213595499958,
      "dynamic_coherence": 0.7236067977499789
    }
  },
  "has_midi": true,
  "error": null,
  "timestamp": "2025-12-01T21:58:12.770304"
}