{
  "id": 12,
  "generation": 35,
  "reward": 0.49792752129326556,
  "breakdown": {
    "sax": -0.4828163951121684,
    "sax_sig": 0.4202182314137276,
    "bass": -0.02286168760157209,
    "bass_sig": 0.4961897924894788,
    "piano": -0.19175635638440125,
    "piano_sig": 0.4680840608072125,
    "drums": -0.8088504351666984,
    "drums_sig": 0.3683658789854372,
    "ensemble": 1.4565451004476626,
    "ensemble_sig": 0.7253247643684175,
    "z_sum": -0.049739773817177424,
    "combined": 0.49792752129326556,
    "sax_detail": {
      "total": -0.4828163951121684,
      "variety_gate": 0.5,
      "features": {
        "melodic_entropy": {
          "raw": 1.3485878960124222,
          "z_score": -1.055255447672757
        },
        "dur_cv": {
          "raw": 0.0,
          "z_score": -0.2978723404255319
        },
        "sax_arpeggio_runs": {
          "raw": 0,
          "z_score": -0.3391684901531729
        },
        "peak_not_late": {
          "raw": 1,
          "z_score": 0.42975206611570255
        },
        "blue_ratio": {
          "raw": 0.25,
          "z_score": 0.4294871794871795
        },
        "rhythm_2grams": {
          "raw": 1,
          "z_score": -0.13257575757575726
        }
      }
    },
    "bass_detail": {
      "total": -0.02286168760157209,
      "direction_gate": 1.0,
      "features": {
        "ioi_swing": {
          "raw": 0.0,
          "z_score": -0.24855491329479767
        },
        "non_chromatic_ratio": {
          "raw": 0.5454545454545454,
          "z_score": 0.22569322569322559
        }
      }
    },
    "piano_detail": {
      "total": -0.19175635638440125,
      "variety_gate": 0.5,
      "features": {
        "avg_chord_spread": {
          "raw": 8.428571428571429,
          "z_score": 0.18390665618765512
        },
        "gap_ratio": {
          "raw": 0.631578947368421,
          "z_score": -0.179876160990712
        },
        "register_separation": {
          "raw": 3.2261904761904674,
          "z_score": -0.1567739771965148
        },
        "velocity_variance": {
          "raw": 0.0,
          "z_score": -0.23076923076923078
        }
      }
    },
    "drums_detail": {
      "total": -0.8088504351666984,
      "features": {
        "kick_off_beat_ratio": {
          "raw": 0.4,
          "z_score": -0.4680851063829788
        },
        "snare_backbeat_ratio": {
          "raw": 0.0,
          "z_score": -0.3584905660377358
        },
        "velocity_variance": {
          "raw": 4.800000000000001,
          "z_score": -0.0738589211618255
        },
        "duration_variety": {
          "raw": 2,
          "z_score": 0.09158415841584167
        }
      }
    },
    "ensemble_detail": {
      "total": 1.4565451004476626,
      "duration_gate": 1.0,
      "features": {
        "collision_rate": {
          "raw": 0.16666666666666666,
          "z_score": 0.3368794326241136
        },
        "phrase_alignment": {
          "raw": 0.3333333333333333,
          "z_score": 1.4656290531776912
        },
        "texture_density": {
          "raw": 0.672,
          "z_score": -0.011029411764705892
        },
        "harmonic_consonance": {
          "raw": 0.6071428571428571,
          "z_score": -0.33493397358943633
        }
      }
    }
  },
  "metrics": {
    "reward": 0.49792752129326556,
    "note_count": 77,
    "valid_midi": 1.0,
    "unique_durs": 1,
    "has_rests": true
  },
  "has_midi": true,
  "error": null,
  "timestamp": "2025-12-01T02:13:30.869878"
}