{
  "step": 61,
  "rollout_id": 25,
  "key": "Dm",
  "tempo": 160,
  "reward": 1.0339632655485222,
  "breakdown": {
    "sax": 6.886325656034521,
    "sax_sig": 0.9899579756472737,
    "bass": 4.801254773119637,
    "bass_sig": 0.9608657446256198,
    "piano": 6.935864688924858,
    "piano_sig": 0.9902810364182326,
    "drums": 4.204035513196222,
    "drums_sig": 0.9428210320949701,
    "ensemble_mult": 1.0447213595499958,
    "z_sum": 22.827480631275236,
    "base_reward": 0.9897024274433256,
    "combined": 1.0339632655485222,
    "sax_detail": {
      "total": 6.886325656034521,
      "variety_gate": 1.0,
      "features": {
        "melodic_entropy": {
          "raw": 2.503258334775646,
          "z_score": 1.360373085304699
        },
        "dur_cv": {
          "raw": 0.169811320754717,
          "z_score": 1.5086310718586915
        },
        "sax_arpeggio_runs": {
          "raw": 2,
          "z_score": 1.1196207148067103
        },
        "peak_not_late": {
          "raw": 1,
          "z_score": 0.42975206611570255
        },
        "blue_ratio": {
          "raw": 0.1,
          "z_score": -0.5320512820512819
        },
        "rhythm_2grams": {
          "raw": 3,
          "z_score": 3.0
        }
      }
    },
    "bass_detail": {
      "total": 4.801254773119637,
      "chromatic_gate": 1.0,
      "direction_gate": 1.0,
      "features": {
        "duration_variety": {
          "raw": 5,
          "z_score": 3.0
        },
        "velocity_variance": {
          "raw": 9.797958971132712,
          "z_score": 1.1994897427831779
        },
        "non_chromatic_ratio": {
          "raw": 0.6428571428571429,
          "z_score": 0.6017650303364591
        }
      }
    },
    "piano_detail": {
      "total": 6.935864688924858,
      "tonic_bonus": 1.2,
      "register_failed": false,
      "avg_pitch": 67.41666666666667,
      "features": {
        "unique_chords": {
          "raw": 3,
          "capped": 3,
          "z_score": 1.0086206896551724,
          "weight": 1.0
        },
        "avg_chord_duration": {
          "raw": 1.5,
          "z_score": 3.0,
          "weight": 1.5
        },
        "cluster_ratio": {
          "raw": 0.3333333333333333,
          "z_score": -0.13269384492406067,
          "weight": 1.0
        },
        "out_of_key_ratio": {
          "raw": 0.0,
          "z_score": 0.6039603960396039,
          "weight": 1.0
        },
        "chord_duration_variety": {
          "raw": 1,
          "z_score": -0.20000000000000018,
          "weight": 1.0
        }
      }
    },
    "drums_detail": {
      "total": 4.204035513196222,
      "features": {
        "duration_variety": {
          "raw": 4,
          "z_score": 2.5439900867410157
        },
        "kick_off_beat_ratio": {
          "raw": 0.5,
          "z_score": 0.23571428571428552
        },
        "velocity_variance": {
          "raw": 12.133516482134198,
          "z_score": 1.424331140740921
        }
      }
    },
    "ensemble_detail": {
      "total": 1.0447213595499958,
      "dynamic_coherence": 0.7236067977499789
    }
  },
  "has_midi": true,
  "error": null,
  "timestamp": "2025-12-02T15:22:06.288958"
}