{
  "step": 13,
  "rollout_id": 7,
  "key": "F",
  "tempo": 160,
  "reward": 0.6486769336479922,
  "breakdown": {
    "sax": 1.0923118469570505,
    "sax_sig": 0.6744118849969413,
    "bass": -1.064431896801839,
    "bass_sig": 0.3296825322844519,
    "piano": -0.27957077076214065,
    "piano_sig": 0.4535392885755277,
    "drums": 1.7267123053364664,
    "drums_sig": 0.7597193615517343,
    "ensemble": 2.204350023330035,
    "ensemble_sig": 0.8129915149297281,
    "z_sum": 3.6793715080595724,
    "combined": 0.6486769336479922,
    "sax_detail": {
      "total": 1.0923118469570505,
      "variety_gate": 1.0,
      "features": {
        "melodic_entropy": {
          "raw": 1.5219280948873621,
          "z_score": -0.6926190483527989
        },
        "dur_cv": {
          "raw": 0.3535533905932738,
          "z_score": 3.0
        },
        "sax_arpeggio_runs": {
          "raw": 0,
          "z_score": -0.3391684901531729
        },
        "peak_not_late": {
          "raw": 1,
          "z_score": 0.42975206611570255
        },
        "blue_ratio": {
          "raw": 0.0,
          "z_score": -1.1730769230769231
        },
        "rhythm_2grams": {
          "raw": 1,
          "z_score": -0.13257575757575726
        }
      }
    },
    "bass_detail": {
      "total": -1.064431896801839,
      "direction_gate": 0.5,
      "features": {
        "ioi_swing": {
          "raw": 0.0,
          "z_score": -0.24855491329479767
        },
        "non_chromatic_ratio": {
          "raw": 0.0,
          "z_score": -1.88030888030888
        }
      }
    },
    "piano_detail": {
      "total": -0.27957077076214065,
      "variety_gate": 1.0,
      "features": {
        "avg_chord_spread": {
          "raw": 11.0,
          "z_score": 1.2721117223867966
        },
        "gap_ratio": {
          "raw": 0.8,
          "z_score": -1.170588235294118
        },
        "register_separation": {
          "raw": 3.250000000000007,
          "z_score": -0.15032502708558856
        },
        "velocity_variance": {
          "raw": 0.0,
          "z_score": -0.23076923076923078
        }
      }
    },
    "drums_detail": {
      "total": 1.7267123053364664,
      "features": {
        "kick_off_beat_ratio": {
          "raw": 0.5,
          "z_score": 0.2411347517730495
        },
        "snare_backbeat_ratio": {
          "raw": 0.0,
          "z_score": -0.3584905660377358
        },
        "velocity_variance": {
          "raw": 7.637626158259733,
          "z_score": 0.5148601988090733
        },
        "duration_variety": {
          "raw": 3,
          "z_score": 1.3292079207920793
        }
      }
    },
    "ensemble_detail": {
      "total": 2.204350023330035,
      "duration_gate": 1.0,
      "features": {
        "collision_rate": {
          "raw": 0.0,
          "z_score": 1.223404255319149
        },
        "phrase_alignment": {
          "raw": 0.5,
          "z_score": 0.8171206225680933
        },
        "texture_density": {
          "raw": 0.728,
          "z_score": -0.2169117647058821
        },
        "harmonic_consonance": {
          "raw": 0.6923076923076923,
          "z_score": 0.38073691014867456
        }
      }
    }
  },
  "has_midi": true,
  "error": null,
  "timestamp": "2025-12-01T00:22:14.406414"
}