{
  "id": 9,
  "generation": 3,
  "reward": 0.3033755682826794,
  "breakdown": {
    "sax": 0.009312329758048597,
    "sax_sig": 0.501552049974753,
    "bass": -0.373862038601923,
    "bass_sig": 0.43801023530346195,
    "piano": -1.3018507735396039,
    "piano_sig": 0.2956913487236598,
    "drums": -0.11746352142761701,
    "drums_sig": 0.48043274476630254,
    "ensemble": -3.2037853534492697,
    "ensemble_sig": 0.10566025722171217,
    "z_sum": -4.987649357260365,
    "combined": 0.3033755682826794,
    "sax_detail": {
      "total": 0.009312329758048597,
      "variety_gate": 0.25,
      "features": {
        "melodic_entropy": {
          "raw": 1.5726236638951638,
          "z_score": -0.5865613726042598
        },
        "dur_cv": {
          "raw": 0.0,
          "z_score": -0.2978723404255319
        },
        "sax_arpeggio_runs": {
          "raw": 0,
          "z_score": -0.3391684901531729
        },
        "peak_not_late": {
          "raw": 1,
          "z_score": 0.42975206611570255
        },
        "blue_ratio": {
          "raw": 0.3333333333333333,
          "z_score": 0.9636752136752136
        },
        "rhythm_2grams": {
          "raw": 1,
          "z_score": -0.13257575757575726
        }
      }
    },
    "bass_detail": {
      "total": -0.373862038601923,
      "direction_gate": 1.0,
      "features": {
        "ioi_swing": {
          "raw": 0.0,
          "z_score": -0.24855491329479767
        },
        "non_chromatic_ratio": {
          "raw": 0.45454545454545453,
          "z_score": -0.12530712530712532
        }
      }
    },
    "piano_detail": {
      "total": -1.3018507735396039,
      "variety_gate": 1.0,
      "features": {
        "avg_chord_spread": {
          "raw": 7.0,
          "z_score": -0.4206517139229792
        },
        "gap_ratio": {
          "raw": 0.5555555555555556,
          "z_score": 0.2673202614379082
        },
        "register_separation": {
          "raw": 0.4166666666666643,
          "z_score": -0.9177500902853022
        },
        "velocity_variance": {
          "raw": 0.0,
          "z_score": -0.23076923076923078
        }
      }
    },
    "drums_detail": {
      "total": -0.11746352142761701,
      "features": {
        "kick_off_beat_ratio": {
          "raw": 0.5,
          "z_score": 0.2411347517730495
        },
        "snare_backbeat_ratio": {
          "raw": 0.0,
          "z_score": -0.3584905660377358
        },
        "velocity_variance": {
          "raw": 4.714045207910317,
          "z_score": -0.09169186557877233
        },
        "duration_variety": {
          "raw": 2,
          "z_score": 0.09158415841584167
        }
      }
    },
    "ensemble_detail": {
      "total": -3.2037853534492697,
      "duration_gate": 1.0,
      "features": {
        "collision_rate": {
          "raw": 0.3333333333333333,
          "z_score": -0.5496453900709218
        },
        "phrase_alignment": {
          "raw": 1.0,
          "z_score": -1.1284046692607006
        },
        "texture_density": {
          "raw": 0.748,
          "z_score": -0.2904411764705881
        },
        "harmonic_consonance": {
          "raw": 0.5,
          "z_score": -1.235294117647059
        }
      }
    }
  },
  "metrics": {
    "reward": 0.3033755682826794,
    "note_count": 52,
    "valid_midi": 1.0,
    "unique_durs": 1,
    "has_rests": false
  },
  "has_midi": true,
  "error": null,
  "timestamp": "2025-11-30T22:16:46.702352"
}