{
  "step": 53,
  "rollout_id": 7,
  "key": "D",
  "tempo": 160,
  "reward": 0.7805796920615523,
  "breakdown": {
    "sax": -0.7138552758974533,
    "sax_sig": 0.3832199154378814,
    "bass": 0.328138663398779,
    "bass_sig": 0.5544727151659504,
    "piano": 2.4995386146906093,
    "piano_sig": 0.8410897876152611,
    "drums": 4.844319189224125,
    "drums_sig": 0.9619311357226396,
    "ensemble": 0.6561452113433255,
    "ensemble_sig": 0.6076465146934174,
    "z_sum": 7.614286402759385,
    "combined": 0.7805796920615523,
    "sax_detail": {
      "total": -0.7138552758974533,
      "variety_gate": 0.5,
      "features": {
        "melodic_entropy": {
          "raw": 1.9877733714879842,
          "z_score": 0.2819526600167033
        },
        "dur_cv": {
          "raw": 0.11134044285378084,
          "z_score": 0.8866004558912856
        },
        "sax_arpeggio_runs": {
          "raw": 0,
          "z_score": -0.3391684901531729
        },
        "peak_not_late": {
          "raw": 0,
          "z_score": -2.325068870523416
        },
        "blue_ratio": {
          "raw": 0.21428571428571427,
          "z_score": 0.2005494505494505
        },
        "rhythm_2grams": {
          "raw": 1,
          "z_score": -0.13257575757575726
        }
      }
    },
    "bass_detail": {
      "total": 0.328138663398779,
      "direction_gate": 1.0,
      "features": {
        "ioi_swing": {
          "raw": 0.0,
          "z_score": -0.24855491329479767
        },
        "non_chromatic_ratio": {
          "raw": 0.6363636363636364,
          "z_score": 0.5766935766935767
        }
      }
    },
    "piano_detail": {
      "total": 2.4995386146906093,
      "variety_gate": 1.0,
      "features": {
        "avg_chord_spread": {
          "raw": 9.0,
          "z_score": 0.4257300042319087
        },
        "gap_ratio": {
          "raw": 0.75,
          "z_score": -0.8764705882352942
        },
        "register_separation": {
          "raw": 4.392857142857146,
          "z_score": 0.1592245782386635
        },
        "velocity_variance": {
          "raw": 0.03928371006591931,
          "z_score": 2.7910546204553315
        }
      }
    },
    "drums_detail": {
      "total": 4.844319189224125,
      "features": {
        "kick_off_beat_ratio": {
          "raw": 0.6666666666666667,
          "z_score": 1.423167848699764
        },
        "snare_backbeat_ratio": {
          "raw": 0.0,
          "z_score": -0.3584905660377358
        },
        "velocity_variance": {
          "raw": 11.00174527675802,
          "z_score": 1.2128102233937803
        },
        "duration_variety": {
          "raw": 4,
          "z_score": 2.5668316831683167
        }
      }
    },
    "ensemble_detail": {
      "total": 0.6561452113433255,
      "duration_gate": 1.0,
      "features": {
        "collision_rate": {
          "raw": 0.14285714285714285,
          "z_score": 0.4635258358662615
        },
        "phrase_alignment": {
          "raw": 0.6666666666666666,
          "z_score": 0.16861219195849547
        },
        "texture_density": {
          "raw": 0.732,
          "z_score": -0.23161764705882332
        },
        "harmonic_consonance": {
          "raw": 0.6774193548387096,
          "z_score": 0.2556248305773917
        }
      }
    }
  },
  "has_midi": true,
  "error": null,
  "timestamp": "2025-12-01T04:19:54.291775"
}