{
  "id": 20,
  "generation": 44,
  "reward": 0.976642172993482,
  "breakdown": {
    "sax": 8.390053134643683,
    "sax_sig": 0.9962913387325334,
    "bass": -0.6203053703053705,
    "bass_sig": 0.39806433963414856,
    "piano": 2.0155340422712458,
    "piano_sig": 0.7930960009047413,
    "drums": 2.657345649901688,
    "drums_sig": 0.8546520329290822,
    "ensemble_mult": 1.0577350269189625,
    "z_sum": 12.442627456511245,
    "base_reward": 0.9233334891426515,
    "combined": 0.976642172993482,
    "sax_detail": {
      "total": 8.390053134643683,
      "variety_gate": 1.0,
      "features": {
        "melodic_entropy": {
          "raw": 1.9808259362290785,
          "z_score": 0.2674182766298715
        },
        "dur_cv": {
          "raw": 0.34641016151377546,
          "z_score": 3.0
        },
        "sax_arpeggio_runs": {
          "raw": 0,
          "z_score": -0.3391684901531729
        },
        "peak_not_late": {
          "raw": 1,
          "z_score": 0.42975206611570255
        },
        "blue_ratio": {
          "raw": 0.5,
          "z_score": 2.032051282051282
        },
        "rhythm_2grams": {
          "raw": 3,
          "z_score": 3.0
        }
      }
    },
    "bass_detail": {
      "total": -0.6203053703053705,
      "chromatic_gate": 1.0,
      "direction_gate": 1.0,
      "features": {
        "duration_variety": {
          "raw": 1,
          "z_score": -1.0
        },
        "velocity_variance": {
          "raw": 0.0,
          "z_score": -1.25
        },
        "non_chromatic_ratio": {
          "raw": 0.9090909090909091,
          "z_score": 1.6296946296946295
        }
      }
    },
    "piano_detail": {
      "total": 2.0155340422712458,
      "tonic_bonus": 1.0,
      "register_failed": false,
      "avg_pitch": 54.083333333333336,
      "features": {
        "unique_chords": {
          "raw": 3,
          "capped": 3,
          "z_score": 1.0086206896551724,
          "weight": 1.0
        },
        "avg_chord_duration": {
          "raw": 0.5,
          "z_score": 1.5819672131147542,
          "weight": 1.5
        },
        "cluster_ratio": {
          "raw": 0.5,
          "z_score": -0.5323741007194244,
          "weight": 1.0
        },
        "out_of_key_ratio": {
          "raw": 0.125,
          "z_score": -0.6336633663366337,
          "weight": 1.0
        },
        "chord_duration_variety": {
          "raw": 1,
          "z_score": -0.20000000000000018,
          "weight": 1.0
        }
      }
    },
    "drums_detail": {
      "total": 2.657345649901688,
      "features": {
        "duration_variety": {
          "raw": 4,
          "z_score": 2.5439900867410157
        },
        "kick_off_beat_ratio": {
          "raw": 0.5,
          "z_score": 0.23571428571428552
        },
        "velocity_variance": {
          "raw": 4.714045207910317,
          "z_score": -0.12235872255361334
        }
      }
    },
    "ensemble_detail": {
      "total": 1.0577350269189625,
      "dynamic_coherence": 0.7886751345948129
    }
  },
  "metrics": {
    "reward": 0.976642172993482,
    "note_count": 72,
    "valid_midi": 1.0,
    "unique_durs": 2,
    "has_rests": true
  },
  "has_midi": true,
  "error": null,
  "timestamp": "2025-12-02T15:23:20.995107"
}