{
  "step": 26,
  "rollout_id": 11,
  "key": "Fm",
  "tempo": 160,
  "reward": 0.8081366280644466,
  "breakdown": {
    "sax": 0.9331381717499406,
    "sax_sig": 0.6506942176899234,
    "bass": 1.732140067400183,
    "bass_sig": 0.7603792842765911,
    "piano": 5.552112360503916,
    "piano_sig": 0.9759061132613753,
    "drums": 1.2095484731230404,
    "drums_sig": 0.6913345058344942,
    "ensemble": -0.7992533278730823,
    "ensemble_sig": 0.36985578373779526,
    "z_sum": 8.627685744903998,
    "combined": 0.8081366280644466,
    "sax_detail": {
      "total": 0.9331381717499406,
      "variety_gate": 0.25,
      "features": {
        "melodic_entropy": {
          "raw": 1.9981980158323251,
          "z_score": 0.3037615393981698
        },
        "dur_cv": {
          "raw": 0.0,
          "z_score": -0.2978723404255319
        },
        "sax_arpeggio_runs": {
          "raw": 8,
          "z_score": 3.0
        },
        "peak_not_late": {
          "raw": 1,
          "z_score": 0.42975206611570255
        },
        "blue_ratio": {
          "raw": 0.25,
          "z_score": 0.4294871794871795
        },
        "rhythm_2grams": {
          "raw": 1,
          "z_score": -0.13257575757575726
        }
      }
    },
    "bass_detail": {
      "total": 1.732140067400183,
      "direction_gate": 1.0,
      "features": {
        "ioi_swing": {
          "raw": 0.0,
          "z_score": -0.24855491329479767
        },
        "non_chromatic_ratio": {
          "raw": 1.0,
          "z_score": 1.9806949806949807
        }
      }
    },
    "piano_detail": {
      "total": 5.552112360503916,
      "variety_gate": 1.0,
      "features": {
        "avg_chord_spread": {
          "raw": 13.5,
          "z_score": 2.3300888700804063
        },
        "gap_ratio": {
          "raw": 0.6470588235294118,
          "z_score": -0.27093425605536364
        },
        "register_separation": {
          "raw": 5.625,
          "z_score": 0.4929577464788732
        },
        "velocity_variance": {
          "raw": 0.052486388108147805,
          "z_score": 3.0
        }
      }
    },
    "drums_detail": {
      "total": 1.2095484731230404,
      "features": {
        "kick_off_beat_ratio": {
          "raw": 0.5,
          "z_score": 0.2411347517730495
        },
        "snare_backbeat_ratio": {
          "raw": 0.0,
          "z_score": -0.3584905660377358
        },
        "velocity_variance": {
          "raw": 11.110243021644486,
          "z_score": 1.235320128971885
        },
        "duration_variety": {
          "raw": 2,
          "z_score": 0.09158415841584167
        }
      }
    },
    "ensemble_detail": {
      "total": -0.7992533278730823,
      "duration_gate": 1.0,
      "features": {
        "collision_rate": {
          "raw": 0.16666666666666666,
          "z_score": 0.3368794326241136
        },
        "phrase_alignment": {
          "raw": 1.0,
          "z_score": -1.1284046692607006
        },
        "texture_density": {
          "raw": 0.5800000000000001,
          "z_score": 0.327205882352941
        },
        "harmonic_consonance": {
          "raw": 0.6071428571428571,
          "z_score": -0.33493397358943633
        }
      }
    }
  },
  "has_midi": true,
  "error": null,
  "timestamp": "2025-12-01T01:53:19.933800"
}