{
  "step": 19,
  "rollout_id": 17,
  "key": "Fm",
  "tempo": 160,
  "reward": 0.21324684639329217,
  "breakdown": {
    "sax": -2.0158803818320177,
    "sax_sig": 0.20686611332717753,
    "bass": -2.2214933055600494,
    "bass_sig": 0.18527709639408393,
    "piano": -1.2027784700742576,
    "piano_sig": 0.30962943057246695,
    "drums": -1.8732403210814503,
    "drums_sig": 0.22290327744710048,
    "ensemble": -0.5193923997300405,
    "ensemble_sig": 0.4142892659782298,
    "z_sum": -7.832784878277815,
    "combined": 0.21324684639329217,
    "sax_detail": {
      "total": -2.0158803818320177,
      "variety_gate": 0.5,
      "features": {
        "melodic_entropy": {
          "raw": 1.9749375012019272,
          "z_score": -0.8706905425228588
        },
        "dur_cv": {
          "raw": 0.0,
          "z_score": -0.8880854560394412
        },
        "sax_arpeggio_runs": {
          "raw": 0,
          "z_score": -0.4150099290132615
        },
        "peak_not_late": {
          "raw": 1,
          "z_score": 0.6122586439155816
        },
        "blue_ratio": {
          "raw": 0.0,
          "z_score": -1.5838658146964857
        },
        "rhythm_2grams": {
          "raw": 1,
          "z_score": -0.8863676653075695
        }
      }
    },
    "bass_detail": {
      "total": -2.2214933055600494,
      "direction_gate": 1.0,
      "features": {
        "ioi_swing": {
          "raw": 0.0,
          "z_score": -0.8105992171032821
        },
        "non_chromatic_ratio": {
          "raw": 0.2727272727272727,
          "z_score": -1.4108940884567673
        }
      }
    },
    "piano_detail": {
      "total": -1.2027784700742576,
      "variety_gate": 0.5,
      "features": {
        "avg_chord_spread": {
          "raw": 5.666666666666667,
          "z_score": -0.6252110625909754
        },
        "gap_ratio": {
          "raw": 0.6666666666666666,
          "z_score": -1.0261136712749614
        },
        "register_separation": {
          "raw": 5.849999999999994,
          "z_score": -0.1752848378615258
        },
        "velocity_variance": {
          "raw": 0.0,
          "z_score": -0.5789473684210527
        }
      }
    },
    "drums_detail": {
      "total": -1.8732403210814503,
      "features": {
        "kick_off_beat_ratio": {
          "raw": 0.6666666666666667,
          "z_score": -0.18822730440743424
        },
        "snare_backbeat_ratio": {
          "raw": 0.0,
          "z_score": -0.5855710048313247
        },
        "velocity_variance": {
          "raw": 4.841229182759271,
          "z_score": -0.8812244495884319
        },
        "duration_variety": {
          "raw": 2,
          "z_score": -0.21821756225425926
        }
      }
    },
    "ensemble_detail": {
      "total": -0.5193923997300405,
      "duration_gate": 1.0,
      "features": {
        "collision_rate": {
          "raw": 0.0,
          "z_score": 1.4514925373134329
        },
        "phrase_alignment": {
          "raw": 0.75,
          "z_score": -0.8875
        },
        "texture_density": {
          "raw": 0.8119999999999999,
          "z_score": -0.7615176151761516
        },
        "harmonic_consonance": {
          "raw": 0.7272727272727273,
          "z_score": -0.3218673218673218
        }
      }
    }
  },
  "has_midi": true,
  "error": null,
  "timestamp": "2025-11-30T20:50:56.217412"
}