{
  "step": 55,
  "rollout_id": 28,
  "key": "D",
  "tempo": 160,
  "reward": 0.8498852628279832,
  "breakdown": {
    "sax": -1.3437173475690847,
    "sax_sig": 0.2899119819491025,
    "bass": 0.339569507199565,
    "bass_sig": 0.5563544532418501,
    "piano": 5.108800854072281,
    "piano_sig": 0.9678873985806669,
    "drums": 3.766336153104055,
    "drums_sig": 0.9249017853763266,
    "ensemble": 2.531219468911831,
    "ensemble_sig": 0.8438924211702616,
    "z_sum": 10.402208635718647,
    "combined": 0.8498852628279832,
    "sax_detail": {
      "total": -1.3437173475690847,
      "variety_gate": 0.5,
      "features": {
        "melodic_entropy": {
          "raw": 1.8423709931771088,
          "z_score": -0.022236415947471007
        },
        "dur_cv": {
          "raw": 0.0,
          "z_score": -0.2978723404255319
        },
        "sax_arpeggio_runs": {
          "raw": 0,
          "z_score": -0.3391684901531729
        },
        "peak_not_late": {
          "raw": 0,
          "z_score": -2.325068870523416
        },
        "blue_ratio": {
          "raw": 0.25,
          "z_score": 0.4294871794871795
        },
        "rhythm_2grams": {
          "raw": 1,
          "z_score": -0.13257575757575726
        }
      }
    },
    "bass_detail": {
      "total": 0.339569507199565,
      "direction_gate": 0.5,
      "features": {
        "ioi_swing": {
          "raw": 0.0,
          "z_score": -0.24855491329479767
        },
        "non_chromatic_ratio": {
          "raw": 0.7272727272727273,
          "z_score": 0.9276939276939278
        }
      }
    },
    "piano_detail": {
      "total": 5.108800854072281,
      "variety_gate": 1.0,
      "features": {
        "avg_chord_spread": {
          "raw": 12.0,
          "z_score": 1.6953025814642404
        },
        "gap_ratio": {
          "raw": 0.6666666666666666,
          "z_score": -0.3862745098039215
        },
        "register_separation": {
          "raw": 0.5416666666666714,
          "z_score": -0.88389310220296
        },
        "velocity_variance": {
          "raw": 0.06388765649999399,
          "z_score": 4.683665884614922
        }
      }
    },
    "drums_detail": {
      "total": 3.766336153104055,
      "features": {
        "kick_off_beat_ratio": {
          "raw": 0.5,
          "z_score": 0.2411347517730495
        },
        "snare_backbeat_ratio": {
          "raw": 0.0,
          "z_score": -0.3584905660377358
        },
        "velocity_variance": {
          "raw": 11.503266569846048,
          "z_score": 1.316860284200425
        },
        "duration_variety": {
          "raw": 4,
          "z_score": 2.5668316831683167
        }
      }
    },
    "ensemble_detail": {
      "total": 2.531219468911831,
      "duration_gate": 1.0,
      "features": {
        "collision_rate": {
          "raw": 0.125,
          "z_score": 0.5585106382978724
        },
        "phrase_alignment": {
          "raw": 0.6666666666666666,
          "z_score": 0.16861219195849547
        },
        "texture_density": {
          "raw": 0.5279999999999999,
          "z_score": 0.5183823529411768
        },
        "harmonic_consonance": {
          "raw": 0.8,
          "z_score": 1.285714285714286
        }
      }
    }
  },
  "has_midi": true,
  "error": null,
  "timestamp": "2025-12-01T04:35:43.683581"
}