{
  "step": 54,
  "rollout_id": 26,
  "key": "D",
  "tempo": 160,
  "reward": 0.9044959979552344,
  "breakdown": {
    "sax": -0.4663870702898166,
    "sax_sig": 0.42288904284785717,
    "bass": 0.339569507199565,
    "bass_sig": 0.5563544532418501,
    "piano": 6.074531133182841,
    "piano_sig": 0.9828707049541284,
    "drums": 4.934440996273409,
    "drums_sig": 0.9640712478812821,
    "ensemble": 2.607103798007411,
    "ensemble_sig": 0.850441651726949,
    "z_sum": 13.48925836437341,
    "combined": 0.9044959979552344,
    "sax_detail": {
      "total": -0.4663870702898166,
      "variety_gate": 0.5,
      "features": {
        "melodic_entropy": {
          "raw": 2.133937566094917,
          "z_score": 0.5877354939224209
        },
        "dur_cv": {
          "raw": 0.0,
          "z_score": -0.2978723404255319
        },
        "sax_arpeggio_runs": {
          "raw": 0,
          "z_score": -0.3391684901531729
        },
        "peak_not_late": {
          "raw": 0,
          "z_score": -2.325068870523416
        },
        "blue_ratio": {
          "raw": 0.42857142857142855,
          "z_score": 1.5741758241758241
        },
        "rhythm_2grams": {
          "raw": 1,
          "z_score": -0.13257575757575726
        }
      }
    },
    "bass_detail": {
      "total": 0.339569507199565,
      "direction_gate": 0.5,
      "features": {
        "ioi_swing": {
          "raw": 0.0,
          "z_score": -0.24855491329479767
        },
        "non_chromatic_ratio": {
          "raw": 0.7272727272727273,
          "z_score": 0.9276939276939278
        }
      }
    },
    "piano_detail": {
      "total": 6.074531133182841,
      "variety_gate": 1.0,
      "features": {
        "avg_chord_spread": {
          "raw": 12.0,
          "z_score": 1.6953025814642404
        },
        "gap_ratio": {
          "raw": 0.6666666666666666,
          "z_score": -0.3862745098039215
        },
        "register_separation": {
          "raw": 4.107142857142861,
          "z_score": 0.08183717690760049
        },
        "velocity_variance": {
          "raw": 0.06388765649999399,
          "z_score": 4.683665884614922
        }
      }
    },
    "drums_detail": {
      "total": 4.934440996273409,
      "features": {
        "kick_off_beat_ratio": {
          "raw": 0.6666666666666667,
          "z_score": 1.423167848699764
        },
        "snare_backbeat_ratio": {
          "raw": 0.0,
          "z_score": -0.3584905660377358
        },
        "velocity_variance": {
          "raw": 11.436132386735569,
          "z_score": 1.302932030443064
        },
        "duration_variety": {
          "raw": 4,
          "z_score": 2.5668316831683167
        }
      }
    },
    "ensemble_detail": {
      "total": 2.607103798007411,
      "duration_gate": 1.0,
      "features": {
        "collision_rate": {
          "raw": 0.0,
          "z_score": 1.223404255319149
        },
        "phrase_alignment": {
          "raw": 0.6666666666666666,
          "z_score": 0.16861219195849547
        },
        "texture_density": {
          "raw": 0.6039999999999999,
          "z_score": 0.2389705882352947
        },
        "harmonic_consonance": {
          "raw": 0.7631578947368421,
          "z_score": 0.9761167624944717
        }
      }
    }
  },
  "has_midi": true,
  "error": null,
  "timestamp": "2025-12-01T04:31:46.585851"
}