{
  "step": 4,
  "rollout_id": 8,
  "key": "Fm",
  "tempo": 160,
  "reward": 0.47577281324255183,
  "breakdown": {
    "sax": 0.744226220296719,
    "sax_sig": 0.6215543326220118,
    "bass": -0.373862038601923,
    "bass_sig": 0.43801023530346195,
    "piano": -1.3444781540136574,
    "piano_sig": 0.28980757846574007,
    "drums": 0.48908854296022863,
    "drums_sig": 0.5808001699762088,
    "ensemble": -0.09688274473627523,
    "ensemble_sig": 0.4838584869145509,
    "z_sum": -0.581908174094908,
    "combined": 0.47577281324255183,
    "sax_detail": {
      "total": 0.744226220296719,
      "variety_gate": 0.5,
      "features": {
        "melodic_entropy": {
          "raw": 2.5216406363433186,
          "z_score": 1.398829783145018
        },
        "dur_cv": {
          "raw": 0.0,
          "z_score": -0.2978723404255319
        },
        "sax_arpeggio_runs": {
          "raw": 0,
          "z_score": -0.3391684901531729
        },
        "peak_not_late": {
          "raw": 1,
          "z_score": 0.42975206611570255
        },
        "blue_ratio": {
          "raw": 0.25,
          "z_score": 0.4294871794871795
        },
        "rhythm_2grams": {
          "raw": 1,
          "z_score": -0.13257575757575726
        }
      }
    },
    "bass_detail": {
      "total": -0.373862038601923,
      "direction_gate": 1.0,
      "features": {
        "ioi_swing": {
          "raw": 0.0,
          "z_score": -0.24855491329479767
        },
        "non_chromatic_ratio": {
          "raw": 0.45454545454545453,
          "z_score": -0.12530712530712532
        }
      }
    },
    "piano_detail": {
      "total": -1.3444781540136574,
      "variety_gate": 0.5,
      "features": {
        "avg_chord_spread": {
          "raw": 4.333333333333333,
          "z_score": -1.5491606714628299
        },
        "gap_ratio": {
          "raw": 0.6666666666666666,
          "z_score": -0.3862745098039215
        },
        "register_separation": {
          "raw": 1.875,
          "z_score": -0.5227518959913326
        },
        "velocity_variance": {
          "raw": 0.0,
          "z_score": -0.23076923076923078
        }
      }
    },
    "drums_detail": {
      "total": 0.48908854296022863,
      "features": {
        "kick_off_beat_ratio": {
          "raw": 0.5,
          "z_score": 0.2411347517730495
        },
        "snare_backbeat_ratio": {
          "raw": 0.0,
          "z_score": -0.3584905660377358
        },
        "velocity_variance": {
          "raw": 7.637626158259733,
          "z_score": 0.5148601988090733
        },
        "duration_variety": {
          "raw": 2,
          "z_score": 0.09158415841584167
        }
      }
    },
    "ensemble_detail": {
      "total": -0.09688274473627523,
      "duration_gate": 1.0,
      "features": {
        "collision_rate": {
          "raw": 0.125,
          "z_score": 0.5585106382978724
        },
        "phrase_alignment": {
          "raw": 0.5,
          "z_score": 0.8171206225680933
        },
        "texture_density": {
          "raw": 0.924,
          "z_score": -0.9375
        },
        "harmonic_consonance": {
          "raw": 0.5833333333333334,
          "z_score": -0.5350140056022408
        }
      }
    }
  },
  "has_midi": true,
  "error": null,
  "timestamp": "2025-11-30T21:33:27.111248"
}