{
  "id": 14,
  "generation": 8,
  "reward": 0.18120842604556903,
  "breakdown": {
    "sax": -2.548280860955348,
    "sax_sig": 0.15461501066132424,
    "bass": -1.0674585114110058,
    "bass_sig": 0.32923678062449835,
    "piano": -1.0325629312941986,
    "piano_sig": 0.33439459603162175,
    "drums": -1.7876141819387243,
    "drums_sig": 0.23294738444177593,
    "ensemble": -2.613173529158507,
    "ensemble_sig": 0.14904440241739506,
    "z_sum": -9.049090014757784,
    "combined": 0.18120842604556903,
    "sax_detail": {
      "total": -2.548280860955348,
      "variety_gate": 0.5,
      "features": {
        "melodic_entropy": {
          "raw": 1.4591479170272448,
          "z_score": -1.9354915007695195
        },
        "dur_cv": {
          "raw": 0.0,
          "z_score": -0.8880854560394412
        },
        "sax_arpeggio_runs": {
          "raw": 0,
          "z_score": -0.4150099290132615
        },
        "peak_not_late": {
          "raw": 1,
          "z_score": 0.6122586439155816
        },
        "blue_ratio": {
          "raw": 0.0,
          "z_score": -1.5838658146964857
        },
        "rhythm_2grams": {
          "raw": 1,
          "z_score": -0.8863676653075695
        }
      }
    },
    "bass_detail": {
      "total": -1.0674585114110058,
      "direction_gate": 1.0,
      "features": {
        "ioi_swing": {
          "raw": 0.0,
          "z_score": -0.8105992171032821
        },
        "non_chromatic_ratio": {
          "raw": 0.6363636363636364,
          "z_score": -0.2568592943077236
        }
      }
    },
    "piano_detail": {
      "total": -1.0325629312941986,
      "variety_gate": 0.5,
      "features": {
        "avg_chord_spread": {
          "raw": 5.0,
          "z_score": -0.7416593886462883
        },
        "gap_ratio": {
          "raw": 0.45454545454545453,
          "z_score": -0.04859656472559689
        },
        "register_separation": {
          "raw": 2.2857142857142847,
          "z_score": -0.6959225407954595
        },
        "velocity_variance": {
          "raw": 0.0,
          "z_score": -0.5789473684210527
        }
      }
    },
    "drums_detail": {
      "total": -1.7876141819387243,
      "features": {
        "kick_off_beat_ratio": {
          "raw": 0.5,
          "z_score": -0.8253055108539016
        },
        "snare_backbeat_ratio": {
          "raw": 0.0,
          "z_score": -0.5855710048313247
        },
        "velocity_variance": {
          "raw": 0.0,
          "z_score": -1.3587178965954583
        },
        "duration_variety": {
          "raw": 3,
          "z_score": 0.9819802303419605
        }
      }
    },
    "ensemble_detail": {
      "total": -2.613173529158507,
      "duration_gate": 1.0,
      "features": {
        "collision_rate": {
          "raw": 0.14285714285714285,
          "z_score": 0.9184434968017058
        },
        "phrase_alignment": {
          "raw": 0.375,
          "z_score": 0.2843750000000001
        },
        "texture_density": {
          "raw": 0.8480000000000001,
          "z_score": -0.859078590785908
        },
        "harmonic_consonance": {
          "raw": 0.43478260869565216,
          "z_score": -2.9569134351743047
        }
      }
    }
  },
  "metrics": {
    "reward": 0.18120842604556903,
    "note_count": 55,
    "valid_midi": 1.0,
    "unique_durs": 1,
    "has_rests": true
  },
  "has_midi": true,
  "error": null,
  "timestamp": "2025-11-30T17:19:29.772621"
}