{
  "step": 8,
  "rollout_id": 22,
  "key": "Dm",
  "tempo": 160,
  "reward": 0.6752848127841232,
  "breakdown": {
    "sax": -0.323300788451994,
    "sax_sig": 0.446324166427969,
    "bass": 0.3694328223399969,
    "bass_sig": 0.5612627763010823,
    "piano": 1.517271900706818,
    "piano_sig": 0.7333164543573254,
    "drums": 2.17491413373335,
    "drums_sig": 0.8099896238938108,
    "ensemble": 0.654798505626275,
    "ensemble_sig": 0.6074324466122282,
    "z_sum": 4.393116573954446,
    "combined": 0.6752848127841232,
    "sax_detail": {
      "total": -0.323300788451994,
      "variety_gate": 0.25,
      "features": {
        "melodic_entropy": {
          "raw": 0.9366673818775626,
          "z_score": -1.9170138454444297
        },
        "dur_cv": {
          "raw": 0.0,
          "z_score": -0.2978723404255319
        },
        "sax_arpeggio_runs": {
          "raw": 0,
          "z_score": -0.3391684901531729
        },
        "peak_not_late": {
          "raw": 1,
          "z_score": 0.42975206611570255
        },
        "blue_ratio": {
          "raw": 0.3333333333333333,
          "z_score": 0.9636752136752136
        },
        "rhythm_2grams": {
          "raw": 1,
          "z_score": -0.13257575757575726
        }
      }
    },
    "bass_detail": {
      "total": 0.3694328223399969,
      "direction_gate": 1.0,
      "features": {
        "ioi_swing": {
          "raw": 0.0,
          "z_score": -0.24855491329479767
        },
        "non_chromatic_ratio": {
          "raw": 0.6470588235294118,
          "z_score": 0.6179877356347946
        }
      }
    },
    "piano_detail": {
      "total": 1.517271900706818,
      "variety_gate": 1.0,
      "features": {
        "avg_chord_spread": {
          "raw": 12.0,
          "z_score": 1.6953025814642404
        },
        "gap_ratio": {
          "raw": 0.6470588235294118,
          "z_score": -0.27093425605536364
        },
        "register_separation": {
          "raw": 5.0,
          "z_score": 0.3236728060671722
        },
        "velocity_variance": {
          "raw": 0.0,
          "z_score": -0.23076923076923078
        }
      }
    },
    "drums_detail": {
      "total": 2.17491413373335,
      "features": {
        "kick_off_beat_ratio": {
          "raw": 0.5,
          "z_score": 0.2411347517730495
        },
        "snare_backbeat_ratio": {
          "raw": 0.0,
          "z_score": -0.3584905660377358
        },
        "velocity_variance": {
          "raw": 9.797958971132712,
          "z_score": 0.9630620272059568
        },
        "duration_variety": {
          "raw": 3,
          "z_score": 1.3292079207920793
        }
      }
    },
    "ensemble_detail": {
      "total": 0.654798505626275,
      "duration_gate": 1.0,
      "features": {
        "collision_rate": {
          "raw": 0.0,
          "z_score": 1.223404255319149
        },
        "phrase_alignment": {
          "raw": 1.0,
          "z_score": -1.1284046692607006
        },
        "texture_density": {
          "raw": 0.3440000000000001,
          "z_score": 1.1948529411764703
        },
        "harmonic_consonance": {
          "raw": 0.5714285714285714,
          "z_score": -0.6350540216086439
        }
      }
    }
  },
  "has_midi": true,
  "error": null,
  "timestamp": "2025-11-30T22:00:26.635946"
}