{
  "step": 42,
  "rollout_id": 4,
  "key": "Fm",
  "tempo": 160,
  "reward": 0.9208673247386397,
  "breakdown": {
    "sax": 0.8637977206844845,
    "sax_sig": 0.6401154228131499,
    "bass": -1.4268630916029759,
    "bass_sig": 0.27863510207761855,
    "piano": 8.27038460330273,
    "piano_sig": 0.9959845796386511,
    "drums": 6.5067680402985655,
    "drums_sig": 0.9871038363240595,
    "ensemble": 0.5110532837367521,
    "ensemble_sig": 0.5843610829869907,
    "z_sum": 14.725140556419555,
    "combined": 0.9208673247386397,
    "sax_detail": {
      "total": 0.8637977206844845,
      "variety_gate": 0.5,
      "features": {
        "melodic_entropy": {
          "raw": 1.9182958340544893,
          "z_score": 0.13660216329391078
        },
        "dur_cv": {
          "raw": 0.0,
          "z_score": -0.2978723404255319
        },
        "sax_arpeggio_runs": {
          "raw": 3,
          "z_score": 1.8490153172866521
        },
        "peak_not_late": {
          "raw": 1,
          "z_score": 0.42975206611570255
        },
        "blue_ratio": {
          "raw": 0.14285714285714285,
          "z_score": -0.25732600732600736
        },
        "rhythm_2grams": {
          "raw": 1,
          "z_score": -0.13257575757575726
        }
      }
    },
    "bass_detail": {
      "total": -1.4268630916029759,
      "direction_gate": 1.0,
      "features": {
        "ioi_swing": {
          "raw": 0.0,
          "z_score": -0.24855491329479767
        },
        "non_chromatic_ratio": {
          "raw": 0.18181818181818182,
          "z_score": -1.1783081783081781
        }
      }
    },
    "piano_detail": {
      "total": 8.27038460330273,
      "variety_gate": 1.0,
      "features": {
        "avg_chord_spread": {
          "raw": 8.0,
          "z_score": 0.0025391451544647596
        },
        "gap_ratio": {
          "raw": 0.45454545454545453,
          "z_score": 0.8614973262032085
        },
        "register_separation": {
          "raw": 13.857142857142854,
          "z_score": 2.722682247330134
        },
        "velocity_variance": {
          "raw": 0.06388765649999399,
          "z_score": 4.683665884614922
        }
      }
    },
    "drums_detail": {
      "total": 6.5067680402985655,
      "features": {
        "kick_off_beat_ratio": {
          "raw": 0.6666666666666667,
          "z_score": 1.423167848699764
        },
        "snare_backbeat_ratio": {
          "raw": 0.16666666666666666,
          "z_score": 1.2138364779874213
        },
        "velocity_variance": {
          "raw": 11.436132386735569,
          "z_score": 1.302932030443064
        },
        "duration_variety": {
          "raw": 4,
          "z_score": 2.5668316831683167
        }
      }
    },
    "ensemble_detail": {
      "total": 0.5110532837367521,
      "duration_gate": 1.0,
      "features": {
        "collision_rate": {
          "raw": 0.2857142857142857,
          "z_score": -0.29635258358662603
        },
        "phrase_alignment": {
          "raw": 0.6666666666666666,
          "z_score": 0.16861219195849547
        },
        "texture_density": {
          "raw": 0.45999999999999996,
          "z_score": 0.7683823529411767
        },
        "harmonic_consonance": {
          "raw": 0.631578947368421,
          "z_score": -0.12958867757629414
        }
      }
    }
  },
  "has_midi": true,
  "error": null,
  "timestamp": "2025-12-01T02:49:49.769878"
}