{
  "step": 11,
  "rollout_id": 12,
  "key": "Dm",
  "tempo": 160,
  "reward": 0.32155152804851805,
  "breakdown": {
    "sax": -2.426214009360488,
    "sax_sig": 0.16555325398255008,
    "bass": -0.49044111433648363,
    "bass_sig": 0.4189803044627908,
    "piano": -2.664745769238746,
    "piano_sig": 0.14473620058764405,
    "drums": 0.083142901005274,
    "drums_sig": 0.51385360344596,
    "ensemble": 1.018353626196273,
    "ensemble_sig": 0.6634936843460912,
    "z_sum": -4.4799043657341695,
    "combined": 0.32155152804851805,
    "sax_detail": {
      "total": -2.426214009360488,
      "variety_gate": 0.5,
      "features": {
        "melodic_entropy": {
          "raw": 1.5774062828523454,
          "z_score": -1.691357797579799
        },
        "dur_cv": {
          "raw": 0.0,
          "z_score": -0.8880854560394412
        },
        "sax_arpeggio_runs": {
          "raw": 0,
          "z_score": -0.4150099290132615
        },
        "peak_not_late": {
          "raw": 1,
          "z_score": 0.6122586439155816
        },
        "blue_ratio": {
          "raw": 0.0,
          "z_score": -1.5838658146964857
        },
        "rhythm_2grams": {
          "raw": 1,
          "z_score": -0.8863676653075695
        }
      }
    },
    "bass_detail": {
      "total": -0.49044111433648363,
      "direction_gate": 1.0,
      "features": {
        "ioi_swing": {
          "raw": 0.0,
          "z_score": -0.8105992171032821
        },
        "non_chromatic_ratio": {
          "raw": 0.8181818181818182,
          "z_score": 0.32015810276679846
        }
      }
    },
    "piano_detail": {
      "total": -2.664745769238746,
      "variety_gate": 1.0,
      "features": {
        "avg_chord_spread": {
          "raw": 7.0,
          "z_score": -0.39231441048034943
        },
        "gap_ratio": {
          "raw": 0.625,
          "z_score": -0.8341013824884792
        },
        "register_separation": {
          "raw": 1.1666666666666714,
          "z_score": -0.8593826078488648
        },
        "velocity_variance": {
          "raw": 0.0,
          "z_score": -0.5789473684210527
        }
      }
    },
    "drums_detail": {
      "total": 0.083142901005274,
      "features": {
        "kick_off_beat_ratio": {
          "raw": 0.5,
          "z_score": -0.8253055108539016
        },
        "snare_backbeat_ratio": {
          "raw": 0.0,
          "z_score": -0.5855710048313247
        },
        "velocity_variance": {
          "raw": 6.79869268479038,
          "z_score": -0.6881586062476798
        },
        "duration_variety": {
          "raw": 4,
          "z_score": 2.18217802293818
        }
      }
    },
    "ensemble_detail": {
      "total": 1.018353626196273,
      "duration_gate": 1.0,
      "features": {
        "collision_rate": {
          "raw": 0.2,
          "z_score": 0.7052238805970149
        },
        "phrase_alignment": {
          "raw": 0.3,
          "z_score": 0.5187500000000002
        },
        "texture_density": {
          "raw": 0.656,
          "z_score": -0.33875338753387535
        },
        "harmonic_consonance": {
          "raw": 0.7777777777777778,
          "z_score": 0.13313313313313313
        }
      }
    }
  },
  "has_midi": true,
  "error": null,
  "timestamp": "2025-11-30T18:21:40.822971"
}