{
  "id": 4,
  "generation": 18,
  "reward": 0.25319951144812375,
  "breakdown": {
    "sax": -1.179595859813299,
    "sax_sig": 0.31294277488645683,
    "bass": -2.5269731040112666,
    "bass_sig": 0.15648088042054248,
    "piano": -0.45747956725813754,
    "piano_sig": 0.4243389764316117,
    "drums": -1.1425789197905118,
    "drums_sig": 0.31827310838683015,
    "ensemble": -1.1830943797429962,
    "ensemble_sig": 0.3124415169026337,
    "z_sum": -6.489721830616212,
    "combined": 0.25319951144812375,
    "sax_detail": {
      "total": -1.179595859813299,
      "variety_gate": 0.25,
      "features": {
        "melodic_entropy": {
          "raw": 0.9975025463691152,
          "z_score": -2.8885166259927435
        },
        "dur_cv": {
          "raw": 0.0,
          "z_score": -0.8880854560394412
        },
        "sax_arpeggio_runs": {
          "raw": 0,
          "z_score": -0.4150099290132615
        },
        "peak_not_late": {
          "raw": 1,
          "z_score": 0.6122586439155816
        },
        "blue_ratio": {
          "raw": 0.16666666666666666,
          "z_score": -0.2526624068157615
        },
        "rhythm_2grams": {
          "raw": 1,
          "z_score": -0.8863676653075695
        }
      }
    },
    "bass_detail": {
      "total": -2.5269731040112666,
      "direction_gate": 1.0,
      "features": {
        "ioi_swing": {
          "raw": 0.0,
          "z_score": -0.8105992171032821
        },
        "non_chromatic_ratio": {
          "raw": 0.17647058823529413,
          "z_score": -1.7163738869079845
        }
      }
    },
    "piano_detail": {
      "total": -0.45747956725813754,
      "variety_gate": 0.5,
      "features": {
        "avg_chord_spread": {
          "raw": 12.0,
          "z_score": 0.48104803493449777
        },
        "gap_ratio": {
          "raw": 0.625,
          "z_score": -0.8341013824884792
        },
        "register_separation": {
          "raw": 7.166666666666664,
          "z_score": 0.01704158145875905
        },
        "velocity_variance": {
          "raw": 0.0,
          "z_score": -0.5789473684210527
        }
      }
    },
    "drums_detail": {
      "total": -1.1425789197905118,
      "features": {
        "kick_off_beat_ratio": {
          "raw": 0.5,
          "z_score": -0.8253055108539016
        },
        "snare_backbeat_ratio": {
          "raw": 0.14285714285714285,
          "z_score": 0.2739423902551809
        },
        "velocity_variance": {
          "raw": 9.994052928406509,
          "z_score": -0.37299823693753204
        },
        "duration_variety": {
          "raw": 2,
          "z_score": -0.21821756225425926
        }
      }
    },
    "ensemble_detail": {
      "total": -1.1830943797429962,
      "duration_gate": 1.0,
      "features": {
        "collision_rate": {
          "raw": 0.0,
          "z_score": 1.4514925373134329
        },
        "phrase_alignment": {
          "raw": 1.0,
          "z_score": -1.66875
        },
        "texture_density": {
          "raw": 0.4880000000000001,
          "z_score": 0.11653116531165292
        },
        "harmonic_consonance": {
          "raw": 0.6428571428571429,
          "z_score": -1.0823680823680821
        }
      }
    }
  },
  "metrics": {
    "reward": 0.25319951144812375,
    "note_count": 89,
    "valid_midi": 1.0,
    "unique_durs": 1,
    "has_rests": false
  },
  "has_midi": true,
  "error": null,
  "timestamp": "2025-11-30T17:25:13.281092"
}