{
  "id": 7,
  "generation": 27,
  "reward": 0.4270719207555339,
  "breakdown": {
    "sax": 1.5486352485099115,
    "sax_sig": 0.7373854718217889,
    "bass": 1.1252290307995498,
    "bass_sig": 0.679211968041575,
    "piano": -1.4821811125441626,
    "piano_sig": 0.27128342611456896,
    "drums": 0.14214256295892813,
    "drums_sig": 0.5236727151598284,
    "ensemble": -3.0966722954601167,
    "ensemble_sig": 0.11260059216118762,
    "z_sum": -1.7628465657358898,
    "combined": 0.4270719207555339,
    "sax_detail": {
      "total": 1.5486352485099115,
      "variety_gate": 0.5,
      "features": {
        "melodic_entropy": {
          "raw": 2.545999197128142,
          "z_score": 1.4497891153308409
        },
        "dur_cv": {
          "raw": 0.09622504486493762,
          "z_score": 0.725798349626996
        },
        "sax_arpeggio_runs": {
          "raw": 0,
          "z_score": -0.3391684901531729
        },
        "peak_not_late": {
          "raw": 1,
          "z_score": 0.42975206611570255
        },
        "blue_ratio": {
          "raw": 0.3333333333333333,
          "z_score": 0.9636752136752136
        },
        "rhythm_2grams": {
          "raw": 1,
          "z_score": -0.13257575757575726
        }
      }
    },
    "bass_detail": {
      "total": 1.1252290307995498,
      "direction_gate": 1.0,
      "features": {
        "ioi_swing": {
          "raw": 0.0982946374365981,
          "z_score": 0.3196221817144399
        },
        "non_chromatic_ratio": {
          "raw": 0.6956521739130435,
          "z_score": 0.8056068490851099
        }
      }
    },
    "piano_detail": {
      "total": -1.4821811125441626,
      "variety_gate": 1.0,
      "features": {
        "avg_chord_spread": {
          "raw": 9.0,
          "z_score": 0.4257300042319087
        },
        "gap_ratio": {
          "raw": 0.7166666666666667,
          "z_score": -0.6803921568627452
        },
        "register_separation": {
          "raw": 0.125,
          "z_score": -0.9967497291440953
        },
        "velocity_variance": {
          "raw": 0.0,
          "z_score": -0.23076923076923078
        }
      }
    },
    "drums_detail": {
      "total": 0.14214256295892813,
      "features": {
        "kick_off_beat_ratio": {
          "raw": 0.5,
          "z_score": 0.2411347517730495
        },
        "snare_backbeat_ratio": {
          "raw": 0.0,
          "z_score": -0.3584905660377358
        },
        "velocity_variance": {
          "raw": 0.0,
          "z_score": -1.0697095435684647
        },
        "duration_variety": {
          "raw": 3,
          "z_score": 1.3292079207920793
        }
      }
    },
    "ensemble_detail": {
      "total": -3.0966722954601167,
      "duration_gate": 1.0,
      "features": {
        "collision_rate": {
          "raw": 0.16666666666666666,
          "z_score": 0.3368794326241136
        },
        "phrase_alignment": {
          "raw": 1.0,
          "z_score": -1.1284046692607006
        },
        "texture_density": {
          "raw": 0.96,
          "z_score": -1.0698529411764703
        },
        "harmonic_consonance": {
          "raw": 0.5,
          "z_score": -1.235294117647059
        }
      }
    }
  },
  "metrics": {
    "reward": 0.4270719207555339,
    "note_count": 84,
    "valid_midi": 1.0,
    "unique_durs": 2,
    "has_rests": false
  },
  "has_midi": true,
  "error": null,
  "timestamp": "2025-12-01T01:09:29.604233"
}