{
  "id": 19,
  "generation": 14,
  "reward": 0.4639609677690675,
  "breakdown": {
    "sax": -0.0865337408661797,
    "sax_sig": 0.48558170835389675,
    "bass": -0.971305721305721,
    "bass_sig": 0.3435447499169439,
    "piano": -1.1329332251418978,
    "piano_sig": 0.3196699878471109,
    "drums": 1.2335208823302326,
    "drums_sig": 0.6947343698790316,
    "ensemble_mult": 1.025819888974716,
    "z_sum": -0.9572518049835661,
    "base_reward": 0.4522830691387608,
    "combined": 0.4639609677690675,
    "sax_detail": {
      "total": -0.0865337408661797,
      "variety_gate": 0.5,
      "features": {
        "melodic_entropy": {
          "raw": 1.3787834934861753,
          "z_score": -0.992084741660721
        },
        "dur_cv": {
          "raw": 0.0,
          "z_score": -0.2978723404255319
        },
        "sax_arpeggio_runs": {
          "raw": 1,
          "z_score": 0.39022611232676874
        },
        "peak_not_late": {
          "raw": 1,
          "z_score": 0.42975206611570255
        },
        "blue_ratio": {
          "raw": 0.25,
          "z_score": 0.4294871794871795
        },
        "rhythm_2grams": {
          "raw": 1,
          "z_score": -0.13257575757575726
        }
      }
    },
    "bass_detail": {
      "total": -0.971305721305721,
      "chromatic_gate": 1.0,
      "direction_gate": 1.0,
      "features": {
        "duration_variety": {
          "raw": 1,
          "z_score": -1.0
        },
        "velocity_variance": {
          "raw": 0.0,
          "z_score": -1.25
        },
        "non_chromatic_ratio": {
          "raw": 0.8181818181818182,
          "z_score": 1.278694278694279
        }
      }
    },
    "piano_detail": {
      "total": -1.1329332251418978,
      "tonic_bonus": 1.0,
      "register_failed": false,
      "avg_pitch": 53.833333333333336,
      "features": {
        "unique_chords": {
          "raw": 3,
          "capped": 3,
          "z_score": 1.0086206896551724,
          "weight": 1.0
        },
        "avg_chord_duration": {
          "raw": 0.375,
          "z_score": 0.5573770491803279,
          "weight": 1.5
        },
        "cluster_ratio": {
          "raw": 1.0,
          "z_score": -1.7314148681055157,
          "weight": 1.0
        },
        "out_of_key_ratio": {
          "raw": 0.16666666666666666,
          "z_score": -1.046204620462046,
          "weight": 1.0
        },
        "chord_duration_variety": {
          "raw": 1,
          "z_score": -0.20000000000000018,
          "weight": 1.0
        }
      }
    },
    "drums_detail": {
      "total": 1.2335208823302326,
      "features": {
        "duration_variety": {
          "raw": 2,
          "z_score": 0.06567534076827748
        },
        "kick_off_beat_ratio": {
          "raw": 0.5,
          "z_score": 0.23571428571428552
        },
        "velocity_variance": {
          "raw": 9.77243363430127,
          "z_score": 0.9321312558476695
        }
      }
    },
    "ensemble_detail": {
      "total": 1.025819888974716,
      "dynamic_coherence": 0.6290994448735805
    }
  },
  "metrics": {
    "reward": 0.4639609677690675,
    "note_count": 65,
    "valid_midi": 1.0,
    "unique_durs": 1,
    "has_rests": true
  },
  "has_midi": true,
  "error": null,
  "timestamp": "2025-12-01T22:49:10.976583"
}