{
  "step": 27,
  "rollout_id": 19,
  "key": "F",
  "tempo": 160,
  "reward": 0.7527791094460353,
  "breakdown": {
    "sax": 0.23906719247264252,
    "sax_sig": 0.539760403569531,
    "bass": 0.328138663398779,
    "bass_sig": 0.5544727151659504,
    "piano": 0.8904182036147545,
    "piano_sig": 0.6441935074919614,
    "drums": -0.5666860871518096,
    "drums_sig": 0.40665985770300483,
    "ensemble": 5.789999667803208,
    "ensemble_sig": 0.9793666982978347,
    "z_sum": 6.680937640137575,
    "combined": 0.7527791094460353,
    "sax_detail": {
      "total": 0.23906719247264252,
      "variety_gate": 0.0,
      "features": {}
    },
    "bass_detail": {
      "total": 0.328138663398779,
      "direction_gate": 1.0,
      "features": {
        "ioi_swing": {
          "raw": 0.0,
          "z_score": -0.24855491329479767
        },
        "non_chromatic_ratio": {
          "raw": 0.6363636363636364,
          "z_score": 0.5766935766935767
        }
      }
    },
    "piano_detail": {
      "total": 0.8904182036147545,
      "variety_gate": 0.5,
      "features": {
        "avg_chord_spread": {
          "raw": 6.0,
          "z_score": -0.8438425730004231
        },
        "gap_ratio": {
          "raw": 0.45454545454545453,
          "z_score": 0.8614973262032085
        },
        "register_separation": {
          "raw": 11.166666666666664,
          "z_score": 1.9939508847959546
        },
        "velocity_variance": {
          "raw": 0.0,
          "z_score": -0.23076923076923078
        }
      }
    },
    "drums_detail": {
      "total": -0.5666860871518096,
      "features": {
        "kick_off_beat_ratio": {
          "raw": 0.19999999999999996,
          "z_score": -1.8865248226950362
        },
        "snare_backbeat_ratio": {
          "raw": 0.0,
          "z_score": -0.3584905660377358
        },
        "velocity_variance": {
          "raw": 6.838765055402417,
          "z_score": 0.3491213807888833
        },
        "duration_variety": {
          "raw": 3,
          "z_score": 1.3292079207920793
        }
      }
    },
    "ensemble_detail": {
      "total": 5.789999667803208,
      "duration_gate": 1.0,
      "features": {
        "collision_rate": {
          "raw": 0.0,
          "z_score": 1.223404255319149
        },
        "phrase_alignment": {
          "raw": 0.5,
          "z_score": 0.8171206225680933
        },
        "texture_density": {
          "raw": 0.45600000000000007,
          "z_score": 0.7830882352941174
        },
        "harmonic_consonance": {
          "raw": 1.0,
          "z_score": 2.966386554621849
        }
      }
    }
  },
  "has_midi": true,
  "error": null,
  "timestamp": "2025-12-01T01:58:45.857404"
}