{
  "id": 27,
  "generation": 48,
  "reward": 0.4921381989888848,
  "breakdown": {
    "sax": -2.144999398851136,
    "sax_sig": 0.19309874667719462,
    "bass": -0.26930501930501927,
    "bass_sig": 0.45523600694864574,
    "piano": 3.590129606516333,
    "piano_sig": 0.9163241473511604,
    "drums": -2.042833412545082,
    "drums_sig": 0.20393347127520242,
    "ensemble_mult": 1.0774596669241483,
    "z_sum": -0.8670082241849046,
    "base_reward": 0.4567578853265146,
    "combined": 0.4921381989888848,
    "sax_detail": {
      "total": -2.144999398851136,
      "variety_gate": 0.5,
      "features": {
        "melodic_entropy": {
          "raw": 1.8423709931771088,
          "z_score": -0.022236415947471007
        },
        "dur_cv": {
          "raw": 0.0,
          "z_score": -0.2978723404255319
        },
        "sax_arpeggio_runs": {
          "raw": 0,
          "z_score": -0.3391684901531729
        },
        "peak_not_late": {
          "raw": 0,
          "z_score": -2.325068870523416
        },
        "blue_ratio": {
          "raw": 0.0,
          "z_score": -1.1730769230769231
        },
        "rhythm_2grams": {
          "raw": 1,
          "z_score": -0.13257575757575726
        }
      }
    },
    "bass_detail": {
      "total": -0.26930501930501927,
      "chromatic_gate": 1.0,
      "direction_gate": 1.0,
      "features": {
        "duration_variety": {
          "raw": 1,
          "z_score": -1.0
        },
        "velocity_variance": {
          "raw": 0.0,
          "z_score": -1.25
        },
        "non_chromatic_ratio": {
          "raw": 1.0,
          "z_score": 1.9806949806949807
        }
      }
    },
    "piano_detail": {
      "total": 3.590129606516333,
      "tonic_bonus": 1.0,
      "register_failed": false,
      "avg_pitch": 53.0,
      "features": {
        "unique_chords": {
          "raw": 2,
          "capped": 2,
          "z_score": 0.146551724137931,
          "weight": 1.0
        },
        "avg_chord_duration": {
          "raw": 0.5,
          "z_score": 1.5819672131147542,
          "weight": 1.5
        },
        "cluster_ratio": {
          "raw": 0.0,
          "z_score": 0.6666666666666667,
          "weight": 1.0
        },
        "out_of_key_ratio": {
          "raw": 0.0,
          "z_score": 0.6039603960396039,
          "weight": 1.0
        },
        "chord_duration_variety": {
          "raw": 1,
          "z_score": -0.20000000000000018,
          "weight": 1.0
        }
      }
    },
    "drums_detail": {
      "total": -2.042833412545082,
      "features": {
        "duration_variety": {
          "raw": 1,
          "z_score": -1.1734820322180917
        },
        "kick_off_beat_ratio": {
          "raw": 0.5,
          "z_score": 0.23571428571428552
        },
        "velocity_variance": {
          "raw": 0.0,
          "z_score": -1.1050656660412759
        }
      }
    },
    "ensemble_detail": {
      "total": 1.0774596669241483,
      "dynamic_coherence": 0.8872983346207417
    }
  },
  "metrics": {
    "reward": 0.4921381989888848,
    "note_count": 88,
    "valid_midi": 1.0,
    "unique_durs": 1,
    "has_rests": true
  },
  "has_midi": true,
  "error": null,
  "timestamp": "2025-12-02T15:44:01.618448"
}