{
  "id": 29,
  "generation": 32,
  "reward": 0.6352158344965171,
  "breakdown": {
    "sax": -1.0368446757783893,
    "sax_sig": 0.3337595575668393,
    "bass": -0.26930501930501927,
    "bass_sig": 0.45523600694864574,
    "piano": 6.935864688924858,
    "piano_sig": 0.9902810364182326,
    "drums": -3.056683381785336,
    "drums_sig": 0.11529206989217011,
    "ensemble_mult": 1.0149071198499986,
    "z_sum": 2.573031612056114,
    "base_reward": 0.6258856816280891,
    "combined": 0.6352158344965171,
    "sax_detail": {
      "total": -1.0368446757783893,
      "variety_gate": 0.5,
      "features": {
        "melodic_entropy": {
          "raw": 1.584962500721156,
          "z_score": -0.5607479064410961
        },
        "dur_cv": {
          "raw": 0.0,
          "z_score": -0.2978723404255319
        },
        "sax_arpeggio_runs": {
          "raw": 0,
          "z_score": -0.3391684901531729
        },
        "peak_not_late": {
          "raw": 1,
          "z_score": 0.42975206611570255
        },
        "blue_ratio": {
          "raw": 0.0,
          "z_score": -1.1730769230769231
        },
        "rhythm_2grams": {
          "raw": 1,
          "z_score": -0.13257575757575726
        }
      }
    },
    "bass_detail": {
      "total": -0.26930501930501927,
      "chromatic_gate": 1.0,
      "direction_gate": 1.0,
      "features": {
        "duration_variety": {
          "raw": 1,
          "z_score": -1.0
        },
        "velocity_variance": {
          "raw": 0.0,
          "z_score": -1.25
        },
        "non_chromatic_ratio": {
          "raw": 1.0,
          "z_score": 1.9806949806949807
        }
      }
    },
    "piano_detail": {
      "total": 6.935864688924858,
      "tonic_bonus": 1.2,
      "register_failed": false,
      "avg_pitch": 71.58333333333333,
      "features": {
        "unique_chords": {
          "raw": 3,
          "capped": 3,
          "z_score": 1.0086206896551724,
          "weight": 1.0
        },
        "avg_chord_duration": {
          "raw": 1.5,
          "z_score": 3.0,
          "weight": 1.5
        },
        "cluster_ratio": {
          "raw": 0.3333333333333333,
          "z_score": -0.13269384492406067,
          "weight": 1.0
        },
        "out_of_key_ratio": {
          "raw": 0.0,
          "z_score": 0.6039603960396039,
          "weight": 1.0
        },
        "chord_duration_variety": {
          "raw": 1,
          "z_score": -0.20000000000000018,
          "weight": 1.0
        }
      }
    },
    "drums_detail": {
      "total": -3.056683381785336,
      "features": {
        "duration_variety": {
          "raw": 2,
          "z_score": 0.06567534076827748
        },
        "kick_off_beat_ratio": {
          "raw": 0.0,
          "z_score": -3.0
        },
        "velocity_variance": {
          "raw": 4.714045207910317,
          "z_score": -0.12235872255361334
        }
      }
    },
    "ensemble_detail": {
      "total": 1.0149071198499986,
      "dynamic_coherence": 0.574535599249993
    }
  },
  "metrics": {
    "reward": 0.6352158344965171,
    "note_count": 37,
    "valid_midi": 1.0,
    "unique_durs": 1,
    "has_rests": true
  },
  "has_midi": true,
  "error": null,
  "timestamp": "2025-12-02T14:24:16.915451"
}