{
  "id": 4,
  "generation": 24,
  "reward": 0.46047645518059155,
  "breakdown": {
    "sax": 0.2161512051684126,
    "sax_sig": 0.5359629913038754,
    "bass": 1.0863460863460863,
    "bass_sig": 0.6735379701674002,
    "piano": -1.0130607666580729,
    "piano_sig": 0.33729459344024304,
    "drums": 0.14214256295892813,
    "drums_sig": 0.5236727151598284,
    "ensemble": -1.3821272884123699,
    "ensemble_sig": 0.28466901599565353,
    "z_sum": -0.9505482005970156,
    "combined": 0.46047645518059155,
    "sax_detail": {
      "total": 0.2161512051684126,
      "variety_gate": 0.0,
      "features": {}
    },
    "bass_detail": {
      "total": 1.0863460863460863,
      "direction_gate": 0.5,
      "features": {
        "ioi_swing": {
          "raw": 0.8931875130777444,
          "z_score": 3.0
        },
        "non_chromatic_ratio": {
          "raw": 0.2727272727272727,
          "z_score": -0.8273078273078274
        }
      }
    },
    "piano_detail": {
      "total": -1.0130607666580729,
      "variety_gate": 0.5,
      "features": {
        "avg_chord_spread": {
          "raw": 8.0,
          "z_score": 0.0025391451544647596
        },
        "gap_ratio": {
          "raw": 0.8235294117647058,
          "z_score": -1.3089965397923873
        },
        "register_separation": {
          "raw": 2.0,
          "z_score": -0.4888949079089924
        },
        "velocity_variance": {
          "raw": 0.0,
          "z_score": -0.23076923076923078
        }
      }
    },
    "drums_detail": {
      "total": 0.14214256295892813,
      "features": {
        "kick_off_beat_ratio": {
          "raw": 0.5,
          "z_score": 0.2411347517730495
        },
        "snare_backbeat_ratio": {
          "raw": 0.0,
          "z_score": -0.3584905660377358
        },
        "velocity_variance": {
          "raw": 0.0,
          "z_score": -1.0697095435684647
        },
        "duration_variety": {
          "raw": 3,
          "z_score": 1.3292079207920793
        }
      }
    },
    "ensemble_detail": {
      "total": -1.3821272884123699,
      "duration_gate": 0.8,
      "features": {
        "collision_rate": {
          "raw": 0.25,
          "z_score": -0.1063829787234042
        },
        "phrase_alignment": {
          "raw": 0.6666666666666666,
          "z_score": 0.16861219195849547
        },
        "texture_density": {
          "raw": 0.8800000000000001,
          "z_score": -0.7757352941176473
        },
        "harmonic_consonance": {
          "raw": 0.5263157894736842,
          "z_score": -1.0141530296329062
        }
      }
    }
  },
  "metrics": {
    "reward": 0.46047645518059155,
    "note_count": 100,
    "valid_midi": 1.0,
    "unique_durs": 3,
    "has_rests": true
  },
  "has_midi": true,
  "error": null,
  "timestamp": "2025-12-01T00:54:22.237908"
}