{
  "step": 37,
  "rollout_id": 12,
  "key": "Dm",
  "tempo": 160,
  "reward": 0.8782040538085398,
  "breakdown": {
    "sax": 4.385465877429333,
    "sax_sig": 0.9490029402752325,
    "bass": 4.963452173613751,
    "bass_sig": 0.9647351916819135,
    "piano": -0.7735697302254385,
    "piano_sig": 0.3738551869148614,
    "drums": 2.659469633941127,
    "drums_sig": 0.8548278415504731,
    "ensemble": 0.6183734568685457,
    "ensemble_sig": 0.601627017167115,
    "z_sum": 11.853191411627318,
    "combined": 0.8782040538085398,
    "sax_detail": {
      "total": 4.385465877429333,
      "variety_gate": 1.0,
      "features": {
        "melodic_entropy": {
          "raw": 2.0,
          "z_score": 0.30753138075313813
        },
        "dur_cv": {
          "raw": 0.24743582965269675,
          "z_score": 2.33442371970954
        },
        "sax_arpeggio_runs": {
          "raw": 0,
          "z_score": -0.3391684901531729
        },
        "peak_not_late": {
          "raw": 1,
          "z_score": 0.42975206611570255
        },
        "blue_ratio": {
          "raw": 0.46153846153846156,
          "z_score": 1.7855029585798818
        },
        "rhythm_2grams": {
          "raw": 1,
          "z_score": -0.13257575757575726
        }
      }
    },
    "bass_detail": {
      "total": 4.963452173613751,
      "direction_gate": 1.0,
      "features": {
        "ioi_swing": {
          "raw": 0.5590169943749473,
          "z_score": 2.9827571929187706
        },
        "non_chromatic_ratio": {
          "raw": 1.0,
          "z_score": 1.9806949806949807
        }
      }
    },
    "piano_detail": {
      "total": -0.7735697302254385,
      "variety_gate": 0.5,
      "features": {
        "avg_chord_spread": {
          "raw": 7.0,
          "z_score": -0.4206517139229792
        },
        "gap_ratio": {
          "raw": 0.625,
          "z_score": -0.1411764705882354
        },
        "register_separation": {
          "raw": 1.0192307692307665,
          "z_score": -0.7545420451704317
        },
        "velocity_variance": {
          "raw": 0.0,
          "z_score": -0.23076923076923078
        }
      }
    },
    "drums_detail": {
      "total": 2.659469633941127,
      "features": {
        "kick_off_beat_ratio": {
          "raw": 0.5,
          "z_score": 0.2411347517730495
        },
        "snare_backbeat_ratio": {
          "raw": 0.0,
          "z_score": -0.3584905660377358
        },
        "velocity_variance": {
          "raw": 12.133516482134198,
          "z_score": 1.447617527413734
        },
        "duration_variety": {
          "raw": 3,
          "z_score": 1.3292079207920793
        }
      }
    },
    "ensemble_detail": {
      "total": 0.6183734568685457,
      "duration_gate": 1.0,
      "features": {
        "collision_rate": {
          "raw": 0.07692307692307693,
          "z_score": 0.8142389525368249
        },
        "phrase_alignment": {
          "raw": 0.6666666666666666,
          "z_score": 0.16861219195849547
        },
        "texture_density": {
          "raw": 0.708,
          "z_score": -0.14338235294117618
        },
        "harmonic_consonance": {
          "raw": 0.6206896551724138,
          "z_score": -0.2210953346855984
        }
      }
    }
  },
  "has_midi": true,
  "error": null,
  "timestamp": "2025-12-01T02:11:38.981878"
}