{
  "id": 20,
  "generation": 0,
  "reward": 0.6497496007447169,
  "breakdown": {
    "sax": 3.3882427048362023,
    "sax_sig": 0.9054093450308711,
    "bass": -0.373862038601923,
    "bass_sig": 0.43801023530346195,
    "piano": -1.924379683048539,
    "piano_sig": 0.2170536208414281,
    "drums": 2.7902834798559915,
    "drums_sig": 0.8653189744504002,
    "ensemble": -0.17265205955440122,
    "ensemble_sig": 0.4712563834698586,
    "z_sum": 3.7076324034873305,
    "combined": 0.6497496007447169,
    "sax_detail": {
      "total": 3.3882427048362023,
      "variety_gate": 1.0,
      "features": {
        "melodic_entropy": {
          "raw": 1.9852281360342512,
          "z_score": 0.27662789965324525
        },
        "dur_cv": {
          "raw": 0.23385358667337136,
          "z_score": 2.1899317731209718
        },
        "sax_arpeggio_runs": {
          "raw": 0,
          "z_score": -0.3391684901531729
        },
        "peak_not_late": {
          "raw": 1,
          "z_score": 0.42975206611570255
        },
        "blue_ratio": {
          "raw": 0.3333333333333333,
          "z_score": 0.9636752136752136
        },
        "rhythm_2grams": {
          "raw": 1,
          "z_score": -0.13257575757575726
        }
      }
    },
    "bass_detail": {
      "total": -0.373862038601923,
      "direction_gate": 1.0,
      "features": {
        "ioi_swing": {
          "raw": 0.0,
          "z_score": -0.24855491329479767
        },
        "non_chromatic_ratio": {
          "raw": 0.45454545454545453,
          "z_score": -0.12530712530712532
        }
      }
    },
    "piano_detail": {
      "total": -1.924379683048539,
      "variety_gate": 1.0,
      "features": {
        "avg_chord_spread": {
          "raw": 8.0,
          "z_score": 0.0025391451544647596
        },
        "gap_ratio": {
          "raw": 0.84,
          "z_score": -1.4058823529411764
        },
        "register_separation": {
          "raw": 2.7333333333333343,
          "z_score": -0.2902672444925964
        },
        "velocity_variance": {
          "raw": 0.0,
          "z_score": -0.23076923076923078
        }
      }
    },
    "drums_detail": {
      "total": 2.7902834798559915,
      "features": {
        "kick_off_beat_ratio": {
          "raw": 0.5,
          "z_score": 0.2411347517730495
        },
        "snare_backbeat_ratio": {
          "raw": 0.0,
          "z_score": -0.3584905660377358
        },
        "velocity_variance": {
          "raw": 6.79869268479038,
          "z_score": 0.340807610952361
        },
        "duration_variety": {
          "raw": 4,
          "z_score": 2.5668316831683167
        }
      }
    },
    "ensemble_detail": {
      "total": -0.17265205955440122,
      "duration_gate": 1.0,
      "features": {
        "collision_rate": {
          "raw": 0.0,
          "z_score": 1.223404255319149
        },
        "phrase_alignment": {
          "raw": 0.5,
          "z_score": 0.8171206225680933
        },
        "texture_density": {
          "raw": 0.808,
          "z_score": -0.5110294117647058
        },
        "harmonic_consonance": {
          "raw": 0.4444444444444444,
          "z_score": -1.7021475256769378
        }
      }
    }
  },
  "metrics": {
    "reward": 0.6497496007447169,
    "note_count": 88,
    "valid_midi": 1.0,
    "unique_durs": 2,
    "has_rests": true
  },
  "has_midi": true,
  "error": null,
  "timestamp": "2025-11-30T22:01:11.879542"
}