{
  "step": 10,
  "rollout_id": 22,
  "key": "Fm",
  "tempo": 160,
  "reward": 0.39010099624851674,
  "breakdown": {
    "sax": -0.6027050321812724,
    "sax_sig": 0.4008791417346463,
    "bass": -1.075862740602625,
    "bass_sig": 0.3280006403243589,
    "piano": -1.0347804620084726,
    "piano_sig": 0.33406563225189867,
    "drums": -0.2584161651130491,
    "drums_sig": 0.4570368470930227,
    "ensemble": 0.2904381668987716,
    "ensemble_sig": 0.5482556931724203,
    "z_sum": -2.6813262330066476,
    "combined": 0.39010099624851674,
    "sax_detail": {
      "total": -0.6027050321812724,
      "variety_gate": 0.5,
      "features": {
        "melodic_entropy": {
          "raw": 2.0,
          "z_score": 0.30753138075313813
        },
        "dur_cv": {
          "raw": 0.0,
          "z_score": -0.2978723404255319
        },
        "sax_arpeggio_runs": {
          "raw": 0,
          "z_score": -0.3391684901531729
        },
        "peak_not_late": {
          "raw": 1,
          "z_score": 0.42975206611570255
        },
        "blue_ratio": {
          "raw": 0.0,
          "z_score": -1.1730769230769231
        },
        "rhythm_2grams": {
          "raw": 1,
          "z_score": -0.13257575757575726
        }
      }
    },
    "bass_detail": {
      "total": -1.075862740602625,
      "direction_gate": 1.0,
      "features": {
        "ioi_swing": {
          "raw": 0.0,
          "z_score": -0.24855491329479767
        },
        "non_chromatic_ratio": {
          "raw": 0.2727272727272727,
          "z_score": -0.8273078273078274
        }
      }
    },
    "piano_detail": {
      "total": -1.0347804620084726,
      "variety_gate": 0.5,
      "features": {
        "avg_chord_spread": {
          "raw": 7.0,
          "z_score": -0.4206517139229792
        },
        "gap_ratio": {
          "raw": 0.8441558441558443,
          "z_score": -1.4303284950343784
        },
        "register_separation": {
          "raw": 3.8500000000000014,
          "z_score": 0.012188515709642812
        },
        "velocity_variance": {
          "raw": 0.0,
          "z_score": -0.23076923076923078
        }
      }
    },
    "drums_detail": {
      "total": -0.2584161651130491,
      "features": {
        "kick_off_beat_ratio": {
          "raw": 0.5,
          "z_score": 0.2411347517730495
        },
        "snare_backbeat_ratio": {
          "raw": 0.0,
          "z_score": -0.3584905660377358
        },
        "velocity_variance": {
          "raw": 10.0,
          "z_score": 1.0049792531120332
        },
        "duration_variety": {
          "raw": 1,
          "z_score": -1.146039603960396
        }
      }
    },
    "ensemble_detail": {
      "total": 0.2904381668987716,
      "duration_gate": 0.8,
      "features": {
        "collision_rate": {
          "raw": 0.2,
          "z_score": 0.15957446808510636
        },
        "phrase_alignment": {
          "raw": 0.5,
          "z_score": 0.8171206225680933
        },
        "texture_density": {
          "raw": 0.41200000000000003,
          "z_score": 0.9448529411764706
        },
        "harmonic_consonance": {
          "raw": 0.46153846153846156,
          "z_score": -1.5585003232062056
        }
      }
    }
  },
  "has_midi": true,
  "error": null,
  "timestamp": "2025-12-01T00:01:14.711774"
}