{
  "id": 8,
  "generation": 19,
  "reward": 0.6653086016736295,
  "breakdown": {
    "sax": 2.9727032016642325,
    "sax_sig": 0.8788731396165304,
    "bass": -0.5844622492021334,
    "bass_sig": 0.40380360538593885,
    "piano": -1.8007529996035194,
    "piano_sig": 0.23138592557703425,
    "drums": 0.7161629081110079,
    "drums_sig": 0.6171436441848254,
    "ensemble": 2.818601663697187,
    "ensemble_sig": 0.8675040125662572,
    "z_sum": 4.1222525246667745,
    "combined": 0.6653086016736295,
    "sax_detail": {
      "total": 2.9727032016642325,
      "variety_gate": 0.5,
      "features": {
        "melodic_entropy": {
          "raw": 1.931584071702181,
          "z_score": 0.16440182364473027
        },
        "dur_cv": {
          "raw": 0.0,
          "z_score": -0.2978723404255319
        },
        "sax_arpeggio_runs": {
          "raw": 10,
          "z_score": 6.954777534646244
        },
        "peak_not_late": {
          "raw": 1,
          "z_score": 0.42975206611570255
        },
        "blue_ratio": {
          "raw": 0.0,
          "z_score": -1.1730769230769231
        },
        "rhythm_2grams": {
          "raw": 1,
          "z_score": -0.13257575757575726
        }
      }
    },
    "bass_detail": {
      "total": -0.5844622492021334,
      "direction_gate": 1.0,
      "features": {
        "ioi_swing": {
          "raw": 0.0,
          "z_score": -0.24855491329479767
        },
        "non_chromatic_ratio": {
          "raw": 0.4,
          "z_score": -0.3359073359073358
        }
      }
    },
    "piano_detail": {
      "total": -1.8007529996035194,
      "variety_gate": 0.5,
      "features": {
        "avg_chord_spread": {
          "raw": 4.333333333333333,
          "z_score": -1.5491606714628299
        },
        "gap_ratio": {
          "raw": 0.8064516129032258,
          "z_score": -1.2085388994307398
        },
        "register_separation": {
          "raw": 1.5416666666666714,
          "z_score": -0.6130371975442386
        },
        "velocity_variance": {
          "raw": 0.0,
          "z_score": -0.23076923076923078
        }
      }
    },
    "drums_detail": {
      "total": 0.7161629081110079,
      "features": {
        "kick_off_beat_ratio": {
          "raw": 0.5,
          "z_score": 0.2411347517730495
        },
        "snare_backbeat_ratio": {
          "raw": 0.0,
          "z_score": -0.3584905660377358
        },
        "velocity_variance": {
          "raw": 8.73212459828649,
          "z_score": 0.7419345639598526
        },
        "duration_variety": {
          "raw": 2,
          "z_score": 0.09158415841584167
        }
      }
    },
    "ensemble_detail": {
      "total": 2.818601663697187,
      "duration_gate": 0.8,
      "features": {
        "collision_rate": {
          "raw": 0.125,
          "z_score": 0.5585106382978724
        },
        "phrase_alignment": {
          "raw": 0.375,
          "z_score": 1.3035019455252916
        },
        "texture_density": {
          "raw": 0.524,
          "z_score": 0.5330882352941176
        },
        "harmonic_consonance": {
          "raw": 0.78125,
          "z_score": 1.1281512605042017
        }
      }
    }
  },
  "metrics": {
    "reward": 0.6653086016736295,
    "note_count": 81,
    "valid_midi": 1.0,
    "unique_durs": 1,
    "has_rests": true
  },
  "has_midi": true,
  "error": null,
  "timestamp": "2025-11-30T21:38:07.982227"
}