{
  "step": 44,
  "rollout_id": 22,
  "key": "Dm",
  "tempo": 160,
  "reward": 0.8287286730911244,
  "breakdown": {
    "sax": 0.9870697100146129,
    "sax_sig": 0.658821419353713,
    "bass": 0.67913901439913,
    "bass_sig": 0.611295091810923,
    "piano": 0.6658818899505717,
    "piano_sig": 0.6091929908280924,
    "drums": 4.042412199176938,
    "drums_sig": 0.936727490725784,
    "ensemble": 3.085359994017584,
    "ensemble_sig": 0.886643640463128,
    "z_sum": 9.459862807558835,
    "combined": 0.8287286730911244,
    "sax_detail": {
      "total": 0.9870697100146129,
      "variety_gate": 0.5,
      "features": {
        "melodic_entropy": {
          "raw": 1.9877733714879842,
          "z_score": 0.2819526600167033
        },
        "dur_cv": {
          "raw": 0.0,
          "z_score": -0.2978723404255319
        },
        "sax_arpeggio_runs": {
          "raw": 0,
          "z_score": -0.3391684901531729
        },
        "peak_not_late": {
          "raw": 1,
          "z_score": 0.42975206611570255
        },
        "blue_ratio": {
          "raw": 0.5,
          "z_score": 2.032051282051282
        },
        "rhythm_2grams": {
          "raw": 1,
          "z_score": -0.13257575757575726
        }
      }
    },
    "bass_detail": {
      "total": 0.67913901439913,
      "direction_gate": 1.0,
      "features": {
        "ioi_swing": {
          "raw": 0.0,
          "z_score": -0.24855491329479767
        },
        "non_chromatic_ratio": {
          "raw": 0.7272727272727273,
          "z_score": 0.9276939276939278
        }
      }
    },
    "piano_detail": {
      "total": 0.6658818899505717,
      "variety_gate": 0.5,
      "features": {
        "avg_chord_spread": {
          "raw": 9.0,
          "z_score": 0.4257300042319087
        },
        "gap_ratio": {
          "raw": 0.45454545454545453,
          "z_score": 0.8614973262032085
        },
        "register_separation": {
          "raw": 4.821428571428569,
          "z_score": 0.2753056802352571
        },
        "velocity_variance": {
          "raw": 0.0,
          "z_score": -0.23076923076923078
        }
      }
    },
    "drums_detail": {
      "total": 4.042412199176938,
      "features": {
        "kick_off_beat_ratio": {
          "raw": 0.7142857142857143,
          "z_score": 1.7608915906788247
        },
        "snare_backbeat_ratio": {
          "raw": 0.0,
          "z_score": -0.3584905660377358
        },
        "velocity_variance": {
          "raw": 11.474071683044968,
          "z_score": 1.3108032537437695
        },
        "duration_variety": {
          "raw": 3,
          "z_score": 1.3292079207920793
        }
      }
    },
    "ensemble_detail": {
      "total": 3.085359994017584,
      "duration_gate": 1.0,
      "features": {
        "collision_rate": {
          "raw": 0.2857142857142857,
          "z_score": -0.29635258358662603
        },
        "phrase_alignment": {
          "raw": 0.375,
          "z_score": 1.3035019455252916
        },
        "texture_density": {
          "raw": 0.3640000000000001,
          "z_score": 1.1213235294117645
        },
        "harmonic_consonance": {
          "raw": 0.7608695652173914,
          "z_score": 0.9568871026671542
        }
      }
    }
  },
  "has_midi": true,
  "error": null,
  "timestamp": "2025-12-01T03:06:51.953502"
}