{
  "step": 8,
  "rollout_id": 1,
  "key": "C",
  "tempo": 120,
  "reward": -0.6188426586014137,
  "has_midi": true,
  "error": null,
  "timestamp": "2025-11-29T20:38:55.778393"
}