{
  "id": 28,
  "generation": 8,
  "reward": 0.6684801913158258,
  "breakdown": {
    "sax": 1.3449636788648915,
    "sax_sig": 0.7102590372082358,
    "bass": -0.6203053703053705,
    "bass_sig": 0.39806433963414856,
    "piano": 3.8107608116306544,
    "piano_sig": 0.9269331862116474,
    "drums": -2.042833412545082,
    "drums_sig": 0.20393347127520242,
    "ensemble_mult": 1.074535599249993,
    "z_sum": 2.4925857076450932,
    "base_reward": 0.6221107907289561,
    "combined": 0.6684801913158258,
    "sax_detail": {
      "total": 1.3449636788648915,
      "variety_gate": 0.5,
      "features": {
        "melodic_entropy": {
          "raw": 2.5219280948873624,
          "z_score": 1.3994311608522225
        },
        "dur_cv": {
          "raw": 0.2635231383473649,
          "z_score": 2.505565301567712
        },
        "sax_arpeggio_runs": {
          "raw": 0,
          "z_score": -0.3391684901531729
        },
        "peak_not_late": {
          "raw": 1,
          "z_score": 0.42975206611570255
        },
        "blue_ratio": {
          "raw": 0.0,
          "z_score": -1.1730769230769231
        },
        "rhythm_2grams": {
          "raw": 1,
          "z_score": -0.13257575757575726
        }
      }
    },
    "bass_detail": {
      "total": -0.6203053703053705,
      "chromatic_gate": 1.0,
      "direction_gate": 1.0,
      "features": {
        "duration_variety": {
          "raw": 1,
          "z_score": -1.0
        },
        "velocity_variance": {
          "raw": 0.0,
          "z_score": -1.25
        },
        "non_chromatic_ratio": {
          "raw": 0.9090909090909091,
          "z_score": 1.6296946296946295
        }
      }
    },
    "piano_detail": {
      "total": 3.8107608116306544,
      "tonic_bonus": 1.2,
      "register_failed": false,
      "avg_pitch": 65.65,
      "features": {
        "unique_chords": {
          "raw": 4,
          "capped": 3,
          "z_score": 1.0086206896551724,
          "weight": 1.0
        },
        "avg_chord_duration": {
          "raw": 0.75,
          "z_score": 3.0,
          "weight": 1.5
        },
        "cluster_ratio": {
          "raw": 0.8,
          "z_score": -1.2517985611510793,
          "weight": 1.0
        },
        "out_of_key_ratio": {
          "raw": 0.15,
          "z_score": -0.8811881188118811,
          "weight": 1.0
        },
        "chord_duration_variety": {
          "raw": 1,
          "z_score": -0.20000000000000018,
          "weight": 1.0
        }
      }
    },
    "drums_detail": {
      "total": -2.042833412545082,
      "features": {
        "duration_variety": {
          "raw": 1,
          "z_score": -1.1734820322180917
        },
        "kick_off_beat_ratio": {
          "raw": 0.5,
          "z_score": 0.23571428571428552
        },
        "velocity_variance": {
          "raw": 0.0,
          "z_score": -1.1050656660412759
        }
      }
    },
    "ensemble_detail": {
      "total": 1.074535599249993,
      "dynamic_coherence": 0.8726779962499649
    }
  },
  "metrics": {
    "reward": 0.6684801913158258,
    "note_count": 67,
    "valid_midi": 1.0,
    "unique_durs": 2,
    "has_rests": false
  },
  "has_midi": true,
  "error": null,
  "timestamp": "2025-12-01T22:19:54.454091"
}