{
  "id": 17,
  "generation": 28,
  "reward": 0.3109617522854488,
  "breakdown": {
    "sax": -0.33431993242212305,
    "sax_sig": 0.44450953091971035,
    "bass": -0.9740011750881317,
    "bass_sig": 0.3431396082850951,
    "piano": -1.140545079946095,
    "piano_sig": 0.31856737624025927,
    "drums": -2.042833412545082,
    "drums_sig": 0.20393347127520242,
    "ensemble_mult": 1.074535599249993,
    "z_sum": -4.491699600001432,
    "base_reward": 0.2893917637558911,
    "combined": 0.3109617522854488,
    "sax_detail": {
      "total": -0.33431993242212305,
      "variety_gate": 0.5,
      "features": {
        "melodic_entropy": {
          "raw": 2.807354922057604,
          "z_score": 1.9965584143464523
        },
        "dur_cv": {
          "raw": 0.0,
          "z_score": -0.2978723404255319
        },
        "sax_arpeggio_runs": {
          "raw": 0,
          "z_score": -0.3391684901531729
        },
        "peak_not_late": {
          "raw": 0,
          "z_score": -2.325068870523416
        },
        "blue_ratio": {
          "raw": 0.25,
          "z_score": 0.4294871794871795
        },
        "rhythm_2grams": {
          "raw": 1,
          "z_score": -0.13257575757575726
        }
      }
    },
    "bass_detail": {
      "total": -0.9740011750881317,
      "chromatic_gate": 0.5,
      "direction_gate": 1.0,
      "features": {
        "duration_variety": {
          "raw": 1,
          "z_score": -1.0
        },
        "velocity_variance": {
          "raw": 0.0,
          "z_score": -1.25
        },
        "non_chromatic_ratio": {
          "raw": 0.5652173913043478,
          "z_score": 0.30199764982373667
        }
      }
    },
    "piano_detail": {
      "total": -1.140545079946095,
      "tonic_bonus": 1.2,
      "register_failed": false,
      "avg_pitch": 77.4074074074074,
      "features": {
        "unique_chords": {
          "raw": 2,
          "capped": 2,
          "z_score": 0.146551724137931,
          "weight": 1.0
        },
        "avg_chord_duration": {
          "raw": 0.25,
          "z_score": -0.4672131147540983,
          "weight": 1.5
        },
        "cluster_ratio": {
          "raw": 0.0,
          "z_score": 0.6666666666666667,
          "weight": 1.0
        },
        "out_of_key_ratio": {
          "raw": 0.14814814814814814,
          "z_score": -0.8628529519618627,
          "weight": 1.0
        },
        "chord_duration_variety": {
          "raw": 1,
          "z_score": -0.20000000000000018,
          "weight": 1.0
        }
      }
    },
    "drums_detail": {
      "total": -2.042833412545082,
      "features": {
        "duration_variety": {
          "raw": 1,
          "z_score": -1.1734820322180917
        },
        "kick_off_beat_ratio": {
          "raw": 0.5,
          "z_score": 0.23571428571428552
        },
        "velocity_variance": {
          "raw": 0.0,
          "z_score": -1.1050656660412759
        }
      }
    },
    "ensemble_detail": {
      "total": 1.074535599249993,
      "dynamic_coherence": 0.8726779962499649
    }
  },
  "metrics": {
    "reward": 0.3109617522854488,
    "note_count": 77,
    "valid_midi": 1.0,
    "unique_durs": 1,
    "has_rests": true
  },
  "has_midi": true,
  "error": null,
  "timestamp": "2025-12-02T13:53:57.805445"
}