{
  "step": 10,
  "rollout_id": 5,
  "key": "Dm",
  "tempo": 160,
  "reward": 0.3117493497542755,
  "breakdown": {
    "sax": -0.5456572803800094,
    "sax_sig": 0.41004689481377143,
    "bass": 0.339569507199565,
    "bass_sig": 0.5563544532418501,
    "piano": -1.1415284249743622,
    "piano_sig": 0.3184250820331904,
    "drums": -2.727115994102452,
    "drums_sig": 0.13966473815904712,
    "ensemble": -0.6769893479696134,
    "ensemble_sig": 0.3890454888225502,
    "z_sum": -4.751721540226871,
    "combined": 0.3117493497542755,
    "sax_detail": {
      "total": -0.5456572803800094,
      "variety_gate": 0.5,
      "features": {
        "melodic_entropy": {
          "raw": 2.584962500721156,
          "z_score": 1.531302302763925
        },
        "dur_cv": {
          "raw": 0.0,
          "z_score": -0.2978723404255319
        },
        "sax_arpeggio_runs": {
          "raw": 1,
          "z_score": 0.39022611232676874
        },
        "peak_not_late": {
          "raw": 0,
          "z_score": -2.325068870523416
        },
        "blue_ratio": {
          "raw": 0.14285714285714285,
          "z_score": -0.25732600732600736
        },
        "rhythm_2grams": {
          "raw": 1,
          "z_score": -0.13257575757575726
        }
      }
    },
    "bass_detail": {
      "total": 0.339569507199565,
      "direction_gate": 0.5,
      "features": {
        "ioi_swing": {
          "raw": 0.0,
          "z_score": -0.24855491329479767
        },
        "non_chromatic_ratio": {
          "raw": 0.7272727272727273,
          "z_score": 0.9276939276939278
        }
      }
    },
    "piano_detail": {
      "total": -1.1415284249743622,
      "variety_gate": 0.5,
      "features": {
        "avg_chord_spread": {
          "raw": 6.333333333333333,
          "z_score": -0.7027789533079419
        },
        "gap_ratio": {
          "raw": 0.7692307692307693,
          "z_score": -0.9895927601809957
        },
        "register_separation": {
          "raw": 2.4761904761904674,
          "z_score": -0.359915905690556
        },
        "velocity_variance": {
          "raw": 0.0,
          "z_score": -0.23076923076923078
        }
      }
    },
    "drums_detail": {
      "total": -2.727115994102452,
      "features": {
        "kick_off_beat_ratio": {
          "raw": 0.4444444444444444,
          "z_score": -0.15287628053585536
        },
        "snare_backbeat_ratio": {
          "raw": 0.0,
          "z_score": -0.3584905660377358
        },
        "velocity_variance": {
          "raw": 0.0,
          "z_score": -1.0697095435684647
        },
        "duration_variety": {
          "raw": 1,
          "z_score": -1.146039603960396
        }
      }
    },
    "ensemble_detail": {
      "total": -0.6769893479696134,
      "duration_gate": 1.0,
      "features": {
        "collision_rate": {
          "raw": 0.5714285714285714,
          "z_score": -1.816109422492401
        },
        "phrase_alignment": {
          "raw": 0.5,
          "z_score": 0.8171206225680933
        },
        "texture_density": {
          "raw": 0.792,
          "z_score": -0.4522058823529411
        },
        "harmonic_consonance": {
          "raw": 0.7391304347826086,
          "z_score": 0.7742053343076356
        }
      }
    }
  },
  "has_midi": true,
  "error": null,
  "timestamp": "2025-12-01T00:00:55.140267"
}