{
  "step": 9,
  "rollout_id": 9,
  "key": "F",
  "tempo": 160,
  "reward": 0.5321538599128027,
  "breakdown": {
    "sax": -1.1792577144771041,
    "sax_sig": 0.3129912465913091,
    "bass": -1.2377964699393271,
    "bass_sig": 0.30466145901052905,
    "piano": 2.1159528145412074,
    "piano_sig": 0.8038661135465254,
    "drums": 0.17903090392894966,
    "drums_sig": 0.5298031127077434,
    "ensemble_mult": 1.0774596669241483,
    "z_sum": -0.12207046594627419,
    "base_reward": 0.49389677985066116,
    "combined": 0.5321538599128027,
    "sax_detail": {
      "total": -1.1792577144771041,
      "variety_gate": 0.5,
      "features": {
        "melodic_entropy": {
          "raw": 1.4488156357251847,
          "z_score": -0.8455739838385258
        },
        "dur_cv": {
          "raw": 0.0,
          "z_score": -0.2978723404255319
        },
        "sax_arpeggio_runs": {
          "raw": 0,
          "z_score": -0.3391684901531729
        },
        "peak_not_late": {
          "raw": 1,
          "z_score": 0.42975206611570255
        },
        "blue_ratio": {
          "raw": 0.0,
          "z_score": -1.1730769230769231
        },
        "rhythm_2grams": {
          "raw": 1,
          "z_score": -0.13257575757575726
        }
      }
    },
    "bass_detail": {
      "total": -1.2377964699393271,
      "chromatic_gate": 0.5,
      "direction_gate": 1.0,
      "features": {
        "duration_variety": {
          "raw": 1,
          "z_score": -1.0
        },
        "velocity_variance": {
          "raw": 0.0,
          "z_score": -1.25
        },
        "non_chromatic_ratio": {
          "raw": 0.42857142857142855,
          "z_score": -0.2255929398786542
        }
      }
    },
    "piano_detail": {
      "total": 2.1159528145412074,
      "tonic_bonus": 1.0,
      "register_failed": false,
      "avg_pitch": 76.41666666666667,
      "features": {
        "unique_chords": {
          "raw": 3,
          "capped": 3,
          "z_score": 1.0086206896551724,
          "weight": 1.0
        },
        "avg_chord_duration": {
          "raw": 0.375,
          "z_score": 0.5573770491803279,
          "weight": 1.5
        },
        "cluster_ratio": {
          "raw": 0.3333333333333333,
          "z_score": -0.13269384492406067,
          "weight": 1.0
        },
        "out_of_key_ratio": {
          "raw": 0.0,
          "z_score": 0.6039603960396039,
          "weight": 1.0
        },
        "chord_duration_variety": {
          "raw": 1,
          "z_score": -0.20000000000000018,
          "weight": 1.0
        }
      }
    },
    "drums_detail": {
      "total": 0.17903090392894966,
      "features": {
        "duration_variety": {
          "raw": 2,
          "z_score": 0.06567534076827748
        },
        "kick_off_beat_ratio": {
          "raw": 0.5,
          "z_score": 0.23571428571428552
        },
        "velocity_variance": {
          "raw": 4.714045207910317,
          "z_score": -0.12235872255361334
        }
      }
    },
    "ensemble_detail": {
      "total": 1.0774596669241483,
      "dynamic_coherence": 0.8872983346207417
    }
  },
  "has_midi": true,
  "error": null,
  "timestamp": "2025-12-01T22:09:55.128727"
}