{
  "step": 15,
  "rollout_id": 24,
  "key": "Dm",
  "tempo": 160,
  "reward": 0.4888146688037437,
  "breakdown": {
    "sax": -0.7714458264067228,
    "sax_sig": 0.3741866989422939,
    "bass": -0.373862038601923,
    "bass_sig": 0.43801023530346195,
    "piano": -0.25265118222164407,
    "piano_sig": 0.4579907397801316,
    "drums": 2.2079126686728316,
    "drums_sig": 0.8133523474941208,
    "ensemble": -1.0784463648858835,
    "ensemble_sig": 0.3276211043913336,
    "z_sum": -0.26849274344334195,
    "combined": 0.4888146688037437,
    "sax_detail": {
      "total": -0.7714458264067228,
      "variety_gate": 0.25,
      "features": {
        "melodic_entropy": {
          "raw": 2.1626441180472606,
          "z_score": 0.6477910419398759
        },
        "dur_cv": {
          "raw": 0.0,
          "z_score": -0.2978723404255319
        },
        "sax_arpeggio_runs": {
          "raw": 0,
          "z_score": -0.3391684901531729
        },
        "peak_not_late": {
          "raw": 0,
          "z_score": -2.325068870523416
        },
        "blue_ratio": {
          "raw": 0.08333333333333333,
          "z_score": -0.6388888888888888
        },
        "rhythm_2grams": {
          "raw": 1,
          "z_score": -0.13257575757575726
        }
      }
    },
    "bass_detail": {
      "total": -0.373862038601923,
      "direction_gate": 1.0,
      "features": {
        "ioi_swing": {
          "raw": 0.0,
          "z_score": -0.24855491329479767
        },
        "non_chromatic_ratio": {
          "raw": 0.45454545454545453,
          "z_score": -0.12530712530712532
        }
      }
    },
    "piano_detail": {
      "total": -0.25265118222164407,
      "variety_gate": 0.5,
      "features": {
        "avg_chord_spread": {
          "raw": 10.0,
          "z_score": 0.8489208633093526
        },
        "gap_ratio": {
          "raw": 0.6666666666666666,
          "z_score": -0.3862745098039215
        },
        "register_separation": {
          "raw": 1.0833333333333286,
          "z_score": -0.7371794871794884
        },
        "velocity_variance": {
          "raw": 0.0,
          "z_score": -0.23076923076923078
        }
      }
    },
    "drums_detail": {
      "total": 2.2079126686728316,
      "features": {
        "kick_off_beat_ratio": {
          "raw": 0.625,
          "z_score": 1.127659574468085
        },
        "snare_backbeat_ratio": {
          "raw": 0.125,
          "z_score": 0.820754716981132
        },
        "velocity_variance": {
          "raw": 0.0,
          "z_score": -1.0697095435684647
        },
        "duration_variety": {
          "raw": 3,
          "z_score": 1.3292079207920793
        }
      }
    },
    "ensemble_detail": {
      "total": -1.0784463648858835,
      "duration_gate": 0.8,
      "features": {
        "collision_rate": {
          "raw": 0.25,
          "z_score": -0.1063829787234042
        },
        "phrase_alignment": {
          "raw": 1.0,
          "z_score": -1.1284046692607006
        },
        "texture_density": {
          "raw": 0.8400000000000001,
          "z_score": -0.6286764705882354
        },
        "harmonic_consonance": {
          "raw": 0.7083333333333334,
          "z_score": 0.5154061624649862
        }
      }
    }
  },
  "has_midi": true,
  "error": null,
  "timestamp": "2025-11-30T22:43:24.902063"
}