{
  "id": 16,
  "generation": 5,
  "reward": 0.22533739657341095,
  "breakdown": {
    "sax": 0.35836087335068884,
    "sax_sig": 0.5594443403904725,
    "bass": -0.41286207760196203,
    "bass_sig": 0.4316207979254501,
    "piano": -2.425169058558519,
    "piano_sig": 0.16564951315207332,
    "drums": -5.574239713566596,
    "drums_sig": 0.023749451928373962,
    "ensemble": 0.6449373875719668,
    "ensemble_sig": 0.6058637008745973,
    "z_sum": -7.4089725888044216,
    "combined": 0.22533739657341095,
    "sax_detail": {
      "total": 0.35836087335068884,
      "variety_gate": 0.5,
      "features": {
        "melodic_entropy": {
          "raw": 2.305958492868042,
          "z_score": 0.9476119097657781
        },
        "dur_cv": {
          "raw": 0.0,
          "z_score": -0.2978723404255319
        },
        "sax_arpeggio_runs": {
          "raw": 0,
          "z_score": -0.3391684901531729
        },
        "peak_not_late": {
          "raw": 1,
          "z_score": 0.42975206611570255
        },
        "blue_ratio": {
          "raw": 0.2,
          "z_score": 0.10897435897435907
        },
        "rhythm_2grams": {
          "raw": 1,
          "z_score": -0.13257575757575726
        }
      }
    },
    "bass_detail": {
      "total": -0.41286207760196203,
      "direction_gate": 1.0,
      "features": {
        "ioi_swing": {
          "raw": 0.0,
          "z_score": -0.24855491329479767
        },
        "non_chromatic_ratio": {
          "raw": 0.4444444444444444,
          "z_score": -0.16430716430716436
        }
      }
    },
    "piano_detail": {
      "total": -2.425169058558519,
      "variety_gate": 1.0,
      "features": {
        "avg_chord_spread": {
          "raw": 5.5,
          "z_score": -1.055438002539145
        },
        "gap_ratio": {
          "raw": 0.7,
          "z_score": -0.5823529411764704
        },
        "register_separation": {
          "raw": 1.75,
          "z_score": -0.5566088840736728
        },
        "velocity_variance": {
          "raw": 0.0,
          "z_score": -0.23076923076923078
        }
      }
    },
    "drums_detail": {
      "total": -5.574239713566596,
      "features": {
        "kick_off_beat_ratio": {
          "raw": 0.0,
          "z_score": -3.0
        },
        "snare_backbeat_ratio": {
          "raw": 0.0,
          "z_score": -0.3584905660377358
        },
        "velocity_variance": {
          "raw": 0.0,
          "z_score": -1.0697095435684647
        },
        "duration_variety": {
          "raw": 1,
          "z_score": -1.146039603960396
        }
      }
    },
    "ensemble_detail": {
      "total": 0.6449373875719668,
      "duration_gate": 1.0,
      "features": {
        "collision_rate": {
          "raw": 0.2,
          "z_score": 0.15957446808510636
        },
        "phrase_alignment": {
          "raw": 0.5,
          "z_score": 0.8171206225680933
        },
        "texture_density": {
          "raw": 0.728,
          "z_score": -0.2169117647058821
        },
        "harmonic_consonance": {
          "raw": 0.6333333333333333,
          "z_score": -0.11484593837535056
        }
      }
    }
  },
  "metrics": {
    "reward": 0.22533739657341095,
    "note_count": 83,
    "valid_midi": 1.0,
    "unique_durs": 1,
    "has_rests": true
  },
  "has_midi": true,
  "error": null,
  "timestamp": "2025-11-30T22:27:01.254236"
}