{
  "id": 17,
  "generation": 27,
  "reward": 0.597938419804167,
  "breakdown": {
    "sax": -0.25269897309641837,
    "sax_sig": 0.4579828308717766,
    "bass": -0.5379313703013126,
    "bass_sig": 0.4112934448315461,
    "piano": 0.12539702607934686,
    "piano_sig": 0.5208873412741448,
    "drums": 1.7267123053364664,
    "drums_sig": 0.7597193615517343,
    "ensemble": 1.319816073648862,
    "ensemble_sig": 0.7067968110766558,
    "z_sum": 2.381295061666944,
    "combined": 0.597938419804167,
    "sax_detail": {
      "total": -0.25269897309641837,
      "variety_gate": 0.5,
      "features": {
        "melodic_entropy": {
          "raw": 1.4591479170272448,
          "z_score": -0.8239583325789858
        },
        "dur_cv": {
          "raw": 0.0,
          "z_score": -0.2978723404255319
        },
        "sax_arpeggio_runs": {
          "raw": 0,
          "z_score": -0.3391684901531729
        },
        "peak_not_late": {
          "raw": 1,
          "z_score": 0.42975206611570255
        },
        "blue_ratio": {
          "raw": 0.2857142857142857,
          "z_score": 0.6584249084249083
        },
        "rhythm_2grams": {
          "raw": 1,
          "z_score": -0.13257575757575726
        }
      }
    },
    "bass_detail": {
      "total": -0.5379313703013126,
      "direction_gate": 0.5,
      "features": {
        "ioi_swing": {
          "raw": 0.0,
          "z_score": -0.24855491329479767
        },
        "non_chromatic_ratio": {
          "raw": 0.2727272727272727,
          "z_score": -0.8273078273078274
        }
      }
    },
    "piano_detail": {
      "total": 0.12539702607934686,
      "variety_gate": 0.5,
      "features": {
        "avg_chord_spread": {
          "raw": 12.0,
          "z_score": 1.6953025814642404
        },
        "gap_ratio": {
          "raw": 0.6666666666666666,
          "z_score": -0.3862745098039215
        },
        "register_separation": {
          "raw": 0.75,
          "z_score": -0.8274647887323944
        },
        "velocity_variance": {
          "raw": 0.0,
          "z_score": -0.23076923076923078
        }
      }
    },
    "drums_detail": {
      "total": 1.7267123053364664,
      "features": {
        "kick_off_beat_ratio": {
          "raw": 0.5,
          "z_score": 0.2411347517730495
        },
        "snare_backbeat_ratio": {
          "raw": 0.0,
          "z_score": -0.3584905660377358
        },
        "velocity_variance": {
          "raw": 7.637626158259733,
          "z_score": 0.5148601988090733
        },
        "duration_variety": {
          "raw": 3,
          "z_score": 1.3292079207920793
        }
      }
    },
    "ensemble_detail": {
      "total": 1.319816073648862,
      "duration_gate": 1.0,
      "features": {
        "collision_rate": {
          "raw": 0.14285714285714285,
          "z_score": 0.4635258358662615
        },
        "phrase_alignment": {
          "raw": 0.5,
          "z_score": 0.8171206225680933
        },
        "texture_density": {
          "raw": 0.984,
          "z_score": -1.1580882352941173
        },
        "harmonic_consonance": {
          "raw": 0.7894736842105263,
          "z_score": 1.1972578505086244
        }
      }
    }
  },
  "metrics": {
    "reward": 0.597938419804167,
    "note_count": 43,
    "valid_midi": 1.0,
    "unique_durs": 1,
    "has_rests": true
  },
  "has_midi": true,
  "error": null,
  "timestamp": "2025-12-01T01:09:18.110603"
}