{
  "id": 8,
  "generation": 7,
  "reward": 0.40825282688789577,
  "breakdown": {
    "sax": 0.2356651597385034,
    "sax_sig": 0.5391969330353562,
    "bass": 1.732140067400183,
    "bass_sig": 0.7603792842765911,
    "piano": 0.03236553068424111,
    "piano_sig": 0.5053940458411541,
    "drums": -1.6020668123859008,
    "drums_sig": 0.2557751361247146,
    "ensemble": -2.625260835354922,
    "ensemble_sig": 0.14802526673315383,
    "z_sum": -2.2271568899178957,
    "combined": 0.40825282688789577,
    "sax_detail": {
      "total": 0.2356651597385034,
      "variety_gate": 0.25,
      "features": {
        "melodic_entropy": {
          "raw": 1.9808259362290785,
          "z_score": 0.2674182766298715
        },
        "dur_cv": {
          "raw": 0.0,
          "z_score": -0.2978723404255319
        },
        "sax_arpeggio_runs": {
          "raw": 3,
          "z_score": 1.8490153172866521
        },
        "peak_not_late": {
          "raw": 1,
          "z_score": 0.42975206611570255
        },
        "blue_ratio": {
          "raw": 0.0,
          "z_score": -1.1730769230769231
        },
        "rhythm_2grams": {
          "raw": 1,
          "z_score": -0.13257575757575726
        }
      }
    },
    "bass_detail": {
      "total": 1.732140067400183,
      "direction_gate": 1.0,
      "features": {
        "ioi_swing": {
          "raw": 0.0,
          "z_score": -0.24855491329479767
        },
        "non_chromatic_ratio": {
          "raw": 1.0,
          "z_score": 1.9806949806949807
        }
      }
    },
    "piano_detail": {
      "total": 0.03236553068424111,
      "variety_gate": 0.5,
      "features": {
        "avg_chord_spread": {
          "raw": 5.0,
          "z_score": -1.2670334320778671
        },
        "gap_ratio": {
          "raw": 0.6666666666666666,
          "z_score": -0.3862745098039215
        },
        "register_separation": {
          "raw": 11.0,
          "z_score": 1.9488082340195017
        },
        "velocity_variance": {
          "raw": 0.0,
          "z_score": -0.23076923076923078
        }
      }
    },
    "drums_detail": {
      "total": -1.6020668123859008,
      "features": {
        "kick_off_beat_ratio": {
          "raw": 0.4285714285714286,
          "z_score": -0.265450861195542
        },
        "snare_backbeat_ratio": {
          "raw": 0.0,
          "z_score": -0.3584905660377358
        },
        "velocity_variance": {
          "raw": 0.0,
          "z_score": -1.0697095435684647
        },
        "duration_variety": {
          "raw": 2,
          "z_score": 0.09158415841584167
        }
      }
    },
    "ensemble_detail": {
      "total": -2.625260835354922,
      "duration_gate": 0.8,
      "features": {
        "collision_rate": {
          "raw": 0.0,
          "z_score": 1.223404255319149
        },
        "phrase_alignment": {
          "raw": 1.0,
          "z_score": -1.1284046692607006
        },
        "texture_density": {
          "raw": 0.68,
          "z_score": -0.040441176470588265
        },
        "harmonic_consonance": {
          "raw": 0.25,
          "z_score": -3.3361344537815127
        }
      }
    }
  },
  "metrics": {
    "reward": 0.40825282688789577,
    "note_count": 63,
    "valid_midi": 1.0,
    "unique_durs": 1,
    "has_rests": false
  },
  "has_midi": true,
  "error": null,
  "timestamp": "2025-11-30T21:30:42.011247"
}