{
  "step": 20,
  "rollout_id": 13,
  "key": "Dm",
  "tempo": 160,
  "reward": 0.2218603490778082,
  "breakdown": {
    "sax": -0.240104759843491,
    "sax_sig": 0.4600677667876709,
    "bass": -0.7789498128737447,
    "bass_sig": 0.3730159608377758,
    "piano": -1.7799391186627884,
    "piano_sig": 0.23386290181377625,
    "drums": -4.188009767131164,
    "drums_sig": 0.05775766053973085,
    "ensemble": -0.5421438349655494,
    "ensemble_sig": 0.41061363536196543,
    "z_sum": -7.529147293476737,
    "combined": 0.2218603490778082,
    "sax_detail": {
      "total": -0.240104759843491,
      "variety_gate": 0.5,
      "features": {
        "melodic_entropy": {
          "raw": 2.4056390622295662,
          "z_score": 0.018453885692746072
        },
        "dur_cv": {
          "raw": 0.0,
          "z_score": -0.8880854560394412
        },
        "sax_arpeggio_runs": {
          "raw": 0,
          "z_score": -0.4150099290132615
        },
        "peak_not_late": {
          "raw": 1,
          "z_score": 0.6122586439155816
        },
        "blue_ratio": {
          "raw": 0.3333333333333333,
          "z_score": 1.0785410010649625
        },
        "rhythm_2grams": {
          "raw": 1,
          "z_score": -0.8863676653075695
        }
      }
    },
    "bass_detail": {
      "total": -0.7789498128737447,
      "direction_gate": 1.0,
      "features": {
        "ioi_swing": {
          "raw": 0.0,
          "z_score": -0.8105992171032821
        },
        "non_chromatic_ratio": {
          "raw": 0.7272727272727273,
          "z_score": 0.03164940422953743
        }
      }
    },
    "piano_detail": {
      "total": -1.7799391186627884,
      "variety_gate": 1.0,
      "features": {
        "avg_chord_spread": {
          "raw": 9.0,
          "z_score": -0.04296943231441056
        },
        "gap_ratio": {
          "raw": 0.5,
          "z_score": -0.25806451612903225
        },
        "register_separation": {
          "raw": 0.8888888888888857,
          "z_score": -0.899957801798293
        },
        "velocity_variance": {
          "raw": 0.0,
          "z_score": -0.5789473684210527
        }
      }
    },
    "drums_detail": {
      "total": -4.188009767131164,
      "features": {
        "kick_off_beat_ratio": {
          "raw": 0.5,
          "z_score": -0.8253055108539016
        },
        "snare_backbeat_ratio": {
          "raw": 0.0,
          "z_score": -0.5855710048313247
        },
        "velocity_variance": {
          "raw": 0.0,
          "z_score": -1.3587178965954583
        },
        "duration_variety": {
          "raw": 1,
          "z_score": -1.418415354850479
        }
      }
    },
    "ensemble_detail": {
      "total": -0.5421438349655494,
      "duration_gate": 1.0,
      "features": {
        "collision_rate": {
          "raw": 0.3333333333333333,
          "z_score": 0.20771144278606976
        },
        "phrase_alignment": {
          "raw": 0.5,
          "z_score": -0.10624999999999991
        },
        "texture_density": {
          "raw": 0.844,
          "z_score": -0.8482384823848237
        },
        "harmonic_consonance": {
          "raw": 0.7857142857142857,
          "z_score": 0.2046332046332044
        }
      }
    }
  },
  "has_midi": true,
  "error": null,
  "timestamp": "2025-11-30T20:57:23.566518"
}