{
  "step": 21,
  "rollout_id": 28,
  "key": "Fm",
  "tempo": 160,
  "reward": 0.8972826471149615,
  "breakdown": {
    "sax": 0.9852140401833498,
    "sax_sig": 0.6585432916822324,
    "bass": 0.08187599364069956,
    "bass_sig": 0.5136426118608396,
    "piano": 3.9964340552140056,
    "piano_sig": 0.9348862650016925,
    "drums": 3.966267583959595,
    "drums_sig": 0.9336512708093394,
    "ensemble_mult": 1.0447213595499958,
    "z_sum": 9.02979167299765,
    "base_reward": 0.8588726926206025,
    "combined": 0.8972826471149615,
    "sax_detail": {
      "total": 0.9852140401833498,
      "variety_gate": 0.5,
      "features": {
        "melodic_entropy": {
          "raw": 1.9219280948873623,
          "z_score": 0.14420103532920983
        },
        "dur_cv": {
          "raw": 0.0,
          "z_score": -0.2978723404255319
        },
        "sax_arpeggio_runs": {
          "raw": 5,
          "z_score": 3.0
        },
        "peak_not_late": {
          "raw": 1,
          "z_score": 0.42975206611570255
        },
        "blue_ratio": {
          "raw": 0.0,
          "z_score": -1.1730769230769231
        },
        "rhythm_2grams": {
          "raw": 1,
          "z_score": -0.13257575757575726
        }
      }
    },
    "bass_detail": {
      "total": 0.08187599364069956,
      "chromatic_gate": 0.5,
      "direction_gate": 1.0,
      "features": {
        "duration_variety": {
          "raw": 2,
          "z_score": 0.0
        },
        "velocity_variance": {
          "raw": 5.0,
          "z_score": 0.0
        },
        "non_chromatic_ratio": {
          "raw": 0.5294117647058824,
          "z_score": 0.16375198728139911
        }
      }
    },
    "piano_detail": {
      "total": 3.9964340552140056,
      "tonic_bonus": 1.2,
      "register_failed": false,
      "avg_pitch": 65.33333333333333,
      "features": {
        "unique_chords": {
          "raw": 3,
          "capped": 3,
          "z_score": 1.0086206896551724,
          "weight": 1.0
        },
        "avg_chord_duration": {
          "raw": 1.5,
          "z_score": 3.0,
          "weight": 1.5
        },
        "cluster_ratio": {
          "raw": 0.6666666666666666,
          "z_score": -0.9320543565147881,
          "weight": 1.0
        },
        "out_of_key_ratio": {
          "raw": 0.16666666666666666,
          "z_score": -1.046204620462046,
          "weight": 1.0
        },
        "chord_duration_variety": {
          "raw": 1,
          "z_score": -0.20000000000000018,
          "weight": 1.0
        }
      }
    },
    "drums_detail": {
      "total": 3.966267583959595,
      "features": {
        "duration_variety": {
          "raw": 4,
          "z_score": 2.5439900867410157
        },
        "kick_off_beat_ratio": {
          "raw": 0.5,
          "z_score": 0.23571428571428552
        },
        "velocity_variance": {
          "raw": 10.992943725586098,
          "z_score": 1.1865632115042941
        }
      }
    },
    "ensemble_detail": {
      "total": 1.0447213595499958,
      "dynamic_coherence": 0.7236067977499789
    }
  },
  "has_midi": true,
  "error": null,
  "timestamp": "2025-12-02T13:51:19.845964"
}