{
  "id": 20,
  "generation": 19,
  "reward": 0.6242738063065438,
  "breakdown": {
    "sax": 0.00877715465392874,
    "sax_sig": 0.501462854935062,
    "bass": 1.0301393653994813,
    "bass_sig": 0.6652456912542147,
    "piano": 0.48934489015759575,
    "piano_sig": 0.5808417781973788,
    "drums": 2.747346609392263,
    "drums_sig": 0.8619479866749916,
    "ensemble": -1.2292376530182234,
    "ensemble_sig": 0.3058715539437344,
    "z_sum": 3.046370366585045,
    "combined": 0.6242738063065438,
    "sax_detail": {
      "total": 0.00877715465392874,
      "variety_gate": 0.5,
      "features": {
        "melodic_entropy": {
          "raw": 2.2359263506290326,
          "z_score": 0.8011011519435828
        },
        "dur_cv": {
          "raw": 1.480297366166874e-15,
          "z_score": -0.29787234042551614
        },
        "sax_arpeggio_runs": {
          "raw": 1,
          "z_score": 0.39022611232676874
        },
        "peak_not_late": {
          "raw": 1,
          "z_score": 0.42975206611570255
        },
        "blue_ratio": {
          "raw": 0.0,
          "z_score": -1.1730769230769231
        },
        "rhythm_2grams": {
          "raw": 1,
          "z_score": -0.13257575757575726
        }
      }
    },
    "bass_detail": {
      "total": 1.0301393653994813,
      "direction_gate": 1.0,
      "features": {
        "ioi_swing": {
          "raw": 0.0,
          "z_score": -0.24855491329479767
        },
        "non_chromatic_ratio": {
          "raw": 0.8181818181818182,
          "z_score": 1.278694278694279
        }
      }
    },
    "piano_detail": {
      "total": 0.48934489015759575,
      "variety_gate": 0.5,
      "features": {
        "avg_chord_spread": {
          "raw": 9.666666666666666,
          "z_score": 0.7078572436168711
        },
        "gap_ratio": {
          "raw": 0.4,
          "z_score": 1.1823529411764702
        },
        "register_separation": {
          "raw": 1.2916666666666714,
          "z_score": -0.6807511737089189
        },
        "velocity_variance": {
          "raw": 0.0,
          "z_score": -0.23076923076923078
        }
      }
    },
    "drums_detail": {
      "total": 2.747346609392263,
      "features": {
        "kick_off_beat_ratio": {
          "raw": 0.5,
          "z_score": 0.2411347517730495
        },
        "snare_backbeat_ratio": {
          "raw": 0.2,
          "z_score": 1.528301886792453
        },
        "velocity_variance": {
          "raw": 9.42809041582063,
          "z_score": 0.8863258124109192
        },
        "duration_variety": {
          "raw": 2,
          "z_score": 0.09158415841584167
        }
      }
    },
    "ensemble_detail": {
      "total": -1.2292376530182234,
      "duration_gate": 1.0,
      "features": {
        "collision_rate": {
          "raw": 0.75,
          "z_score": -2.765957446808511
        },
        "phrase_alignment": {
          "raw": 0.25,
          "z_score": 1.7898832684824901
        },
        "texture_density": {
          "raw": 0.96,
          "z_score": -1.0698529411764703
        },
        "harmonic_consonance": {
          "raw": 0.7441860465116279,
          "z_score": 0.8166894664842679
        }
      }
    }
  },
  "metrics": {
    "reward": 0.6242738063065438,
    "note_count": 92,
    "valid_midi": 1.0,
    "unique_durs": 1,
    "has_rests": true
  },
  "has_midi": true,
  "error": null,
  "timestamp": "2025-11-30T21:38:01.683334"
}