{
  "step": 18,
  "rollout_id": 11,
  "key": "Fm",
  "tempo": 160,
  "reward": 0.5932385984792319,
  "breakdown": {
    "sax": 0.3934989993540239,
    "sax_sig": 0.5652096261274924,
    "bass": 0.3694328223399969,
    "bass_sig": 0.5612627763010823,
    "piano": -0.7986957804860579,
    "piano_sig": 0.3699424168465509,
    "drums": 1.4218458715648892,
    "drums_sig": 0.7206921009972319,
    "ensemble": 0.8781374866087392,
    "ensemble_sig": 0.6423147390796775,
    "z_sum": 2.2642193993815916,
    "combined": 0.5932385984792319,
    "sax_detail": {
      "total": 0.3934989993540239,
      "variety_gate": 0.25,
      "features": {
        "melodic_entropy": {
          "raw": 2.3071885761626687,
          "z_score": 0.9501853057796417
        },
        "dur_cv": {
          "raw": 0.0,
          "z_score": -0.2978723404255319
        },
        "sax_arpeggio_runs": {
          "raw": 0,
          "z_score": -0.3391684901531729
        },
        "peak_not_late": {
          "raw": 1,
          "z_score": 0.42975206611570255
        },
        "blue_ratio": {
          "raw": 0.3333333333333333,
          "z_score": 0.9636752136752136
        },
        "rhythm_2grams": {
          "raw": 1,
          "z_score": -0.13257575757575726
        }
      }
    },
    "bass_detail": {
      "total": 0.3694328223399969,
      "direction_gate": 1.0,
      "features": {
        "ioi_swing": {
          "raw": 0.0,
          "z_score": -0.24855491329479767
        },
        "non_chromatic_ratio": {
          "raw": 0.6470588235294118,
          "z_score": 0.6179877356347946
        }
      }
    },
    "piano_detail": {
      "total": -0.7986957804860579,
      "variety_gate": 1.0,
      "features": {
        "avg_chord_spread": {
          "raw": 7.5,
          "z_score": -0.20905628438425722
        },
        "gap_ratio": {
          "raw": 0.6,
          "z_score": 0.005882352941176476
        },
        "register_separation": {
          "raw": 2.4583333333333286,
          "z_score": -0.36475261827374633
        },
        "velocity_variance": {
          "raw": 0.0,
          "z_score": -0.23076923076923078
        }
      }
    },
    "drums_detail": {
      "total": 1.4218458715648892,
      "features": {
        "kick_off_beat_ratio": {
          "raw": 0.5,
          "z_score": 0.2411347517730495
        },
        "snare_backbeat_ratio": {
          "raw": 0.0,
          "z_score": -0.3584905660377358
        },
        "velocity_variance": {
          "raw": 12.133516482134198,
          "z_score": 1.447617527413734
        },
        "duration_variety": {
          "raw": 2,
          "z_score": 0.09158415841584167
        }
      }
    },
    "ensemble_detail": {
      "total": 0.8781374866087392,
      "duration_gate": 1.0,
      "features": {
        "collision_rate": {
          "raw": 0.2777777777777778,
          "z_score": -0.25413711583924353
        },
        "phrase_alignment": {
          "raw": 1.0,
          "z_score": -1.1284046692607006
        },
        "texture_density": {
          "raw": 0.4800000000000001,
          "z_score": 0.6948529411764703
        },
        "harmonic_consonance": {
          "raw": 0.8333333333333334,
          "z_score": 1.565826330532213
        }
      }
    }
  },
  "has_midi": true,
  "error": null,
  "timestamp": "2025-12-01T00:53:45.577853"
}