{
  "step": 15,
  "rollout_id": 25,
  "key": "F",
  "tempo": 160,
  "reward": 0.7065543387693242,
  "breakdown": {
    "sax": -0.701408941982981,
    "sax_sig": 0.385183036753238,
    "bass": -1.4268630916029759,
    "bass_sig": 0.27863510207761855,
    "piano": 2.644363952015472,
    "piano_sig": 0.8535736553447107,
    "drums": 1.6534109428026704,
    "drums_sig": 0.7506859350411644,
    "ensemble": 3.102742920418372,
    "ensemble_sig": 0.8878031657000297,
    "z_sum": 5.2722457816505575,
    "combined": 0.7065543387693242,
    "sax_detail": {
      "total": -0.701408941982981,
      "variety_gate": 0.5,
      "features": {
        "melodic_entropy": {
          "raw": 1.9056390622295665,
          "z_score": 0.1101235611497207
        },
        "dur_cv": {
          "raw": 0.0,
          "z_score": -0.2978723404255319
        },
        "sax_arpeggio_runs": {
          "raw": 0,
          "z_score": -0.3391684901531729
        },
        "peak_not_late": {
          "raw": 1,
          "z_score": 0.42975206611570255
        },
        "blue_ratio": {
          "raw": 0.0,
          "z_score": -1.1730769230769231
        },
        "rhythm_2grams": {
          "raw": 1,
          "z_score": -0.13257575757575726
        }
      }
    },
    "bass_detail": {
      "total": -1.4268630916029759,
      "direction_gate": 1.0,
      "features": {
        "ioi_swing": {
          "raw": 0.0,
          "z_score": -0.24855491329479767
        },
        "non_chromatic_ratio": {
          "raw": 0.18181818181818182,
          "z_score": -1.1783081783081781
        }
      }
    },
    "piano_detail": {
      "total": 2.644363952015472,
      "variety_gate": 1.0,
      "features": {
        "avg_chord_spread": {
          "raw": 7.333333333333333,
          "z_score": -0.27958809423049796
        },
        "gap_ratio": {
          "raw": 0.6666666666666666,
          "z_score": -0.3862745098039215
        },
        "register_separation": {
          "raw": 1.9722222222222214,
          "z_score": -0.4964186830384016
        },
        "velocity_variance": {
          "raw": 0.052486388108147805,
          "z_score": 3.8066452390882928
        }
      }
    },
    "drums_detail": {
      "total": 1.6534109428026704,
      "features": {
        "kick_off_beat_ratio": {
          "raw": 0.5,
          "z_score": 0.2411347517730495
        },
        "snare_backbeat_ratio": {
          "raw": 0.0,
          "z_score": -0.3584905660377358
        },
        "velocity_variance": {
          "raw": 7.284313590846837,
          "z_score": 0.4415588362752775
        },
        "duration_variety": {
          "raw": 3,
          "z_score": 1.3292079207920793
        }
      }
    },
    "ensemble_detail": {
      "total": 3.102742920418372,
      "duration_gate": 1.0,
      "features": {
        "collision_rate": {
          "raw": 0.2222222222222222,
          "z_score": 0.0413711583924351
        },
        "phrase_alignment": {
          "raw": 0.3333333333333333,
          "z_score": 1.4656290531776912
        },
        "texture_density": {
          "raw": 0.5039999999999999,
          "z_score": 0.606617647058824
        },
        "harmonic_consonance": {
          "raw": 0.7647058823529411,
          "z_score": 0.9891250617894211
        }
      }
    }
  },
  "has_midi": true,
  "error": null,
  "timestamp": "2025-11-30T22:41:47.977514"
}