{
  "id": 5,
  "generation": 36,
  "reward": 0.42393360274999164,
  "breakdown": {
    "sax": -0.5104404019068919,
    "sax_sig": 0.415738159568921,
    "bass": -0.02286168760157209,
    "bass_sig": 0.4961897924894788,
    "piano": -1.53082685594562,
    "piano_sig": 0.26492004009903397,
    "drums": -0.748535219416009,
    "drums_sig": 0.3777701821425709,
    "ensemble": 0.9727876766237578,
    "ensemble_sig": 0.6566780244058402,
    "z_sum": -1.8398764882463352,
    "combined": 0.42393360274999164,
    "sax_detail": {
      "total": -0.5104404019068919,
      "variety_gate": 0.5,
      "features": {
        "melodic_entropy": {
          "raw": 1.3221793455166666,
          "z_score": -1.1105034612622038
        },
        "dur_cv": {
          "raw": 0.0,
          "z_score": -0.2978723404255319
        },
        "sax_arpeggio_runs": {
          "raw": 0,
          "z_score": -0.3391684901531729
        },
        "peak_not_late": {
          "raw": 1,
          "z_score": 0.42975206611570255
        },
        "blue_ratio": {
          "raw": 0.25,
          "z_score": 0.4294871794871795
        },
        "rhythm_2grams": {
          "raw": 1,
          "z_score": -0.13257575757575726
        }
      }
    },
    "bass_detail": {
      "total": -0.02286168760157209,
      "direction_gate": 1.0,
      "features": {
        "ioi_swing": {
          "raw": 0.0,
          "z_score": -0.24855491329479767
        },
        "non_chromatic_ratio": {
          "raw": 0.5454545454545454,
          "z_score": 0.22569322569322559
        }
      }
    },
    "piano_detail": {
      "total": -1.53082685594562,
      "variety_gate": 1.0,
      "features": {
        "avg_chord_spread": {
          "raw": 7.666666666666667,
          "z_score": -0.13852447453801642
        },
        "gap_ratio": {
          "raw": 0.7,
          "z_score": -0.5823529411764704
        },
        "register_separation": {
          "raw": 1.6666666666666572,
          "z_score": -0.5791802094619022
        },
        "velocity_variance": {
          "raw": 0.0,
          "z_score": -0.23076923076923078
        }
      }
    },
    "drums_detail": {
      "total": -0.748535219416009,
      "features": {
        "kick_off_beat_ratio": {
          "raw": 0.5,
          "z_score": 0.2411347517730495
        },
        "snare_backbeat_ratio": {
          "raw": 0.0,
          "z_score": -0.3584905660377358
        },
        "velocity_variance": {
          "raw": 7.637626158259733,
          "z_score": 0.5148601988090733
        },
        "duration_variety": {
          "raw": 1,
          "z_score": -1.146039603960396
        }
      }
    },
    "ensemble_detail": {
      "total": 0.9727876766237578,
      "duration_gate": 1.0,
      "features": {
        "collision_rate": {
          "raw": 0.08333333333333333,
          "z_score": 0.7801418439716312
        },
        "phrase_alignment": {
          "raw": 0.5,
          "z_score": 0.8171206225680933
        },
        "texture_density": {
          "raw": 0.96,
          "z_score": -1.0698529411764703
        },
        "harmonic_consonance": {
          "raw": 0.7,
          "z_score": 0.4453781512605037
        }
      }
    }
  },
  "metrics": {
    "reward": 0.42393360274999164,
    "note_count": 48,
    "valid_midi": 1.0,
    "unique_durs": 1,
    "has_rests": true
  },
  "has_midi": true,
  "error": null,
  "timestamp": "2025-12-01T02:18:21.060504"
}