{
  "step": 3,
  "rollout_id": 31,
  "key": "F",
  "tempo": 160,
  "reward": 0.35324333617421505,
  "breakdown": {
    "sax": -3.1116052138329553,
    "sax_sig": 0.11160967360885483,
    "bass": -0.5496313820013241,
    "bass_sig": 0.409406135416139,
    "piano": 1.587671492129748,
    "piano_sig": 0.742393779639908,
    "drums": 0.8605541565620749,
    "drums_sig": 0.6396171304977055,
    "ensemble": -2.4158668579610003,
    "ensemble_sig": 0.16650839448335641,
    "z_sum": -3.628877805103457,
    "combined": 0.35324333617421505,
    "sax_detail": {
      "total": -3.1116052138329553,
      "variety_gate": 0.5,
      "features": {
        "melodic_entropy": {
          "raw": 0.9182958340544896,
          "z_score": -1.9554480459111097
        },
        "dur_cv": {
          "raw": 0.0,
          "z_score": -0.2978723404255319
        },
        "sax_arpeggio_runs": {
          "raw": 0,
          "z_score": -0.3391684901531729
        },
        "peak_not_late": {
          "raw": 0,
          "z_score": -2.325068870523416
        },
        "blue_ratio": {
          "raw": 0.0,
          "z_score": -1.1730769230769231
        },
        "rhythm_2grams": {
          "raw": 1,
          "z_score": -0.13257575757575726
        }
      }
    },
    "bass_detail": {
      "total": -0.5496313820013241,
      "direction_gate": 0.5,
      "features": {
        "ioi_swing": {
          "raw": 0.0,
          "z_score": -0.24855491329479767
        },
        "non_chromatic_ratio": {
          "raw": 0.26666666666666666,
          "z_score": -0.8507078507078506
        }
      }
    },
    "piano_detail": {
      "total": 1.587671492129748,
      "variety_gate": 0.5,
      "features": {
        "avg_chord_spread": {
          "raw": 13.0,
          "z_score": 2.1184934405416844
        },
        "gap_ratio": {
          "raw": 0.5714285714285714,
          "z_score": 0.17394957983193282
        },
        "register_separation": {
          "raw": 7.916666666666664,
          "z_score": 1.1136691946551096
        },
        "velocity_variance": {
          "raw": 0.0,
          "z_score": -0.23076923076923078
        }
      }
    },
    "drums_detail": {
      "total": 0.8605541565620749,
      "features": {
        "kick_off_beat_ratio": {
          "raw": 0.5,
          "z_score": 0.2411347517730495
        },
        "snare_backbeat_ratio": {
          "raw": 0.0,
          "z_score": -0.3584905660377358
        },
        "velocity_variance": {
          "raw": 9.428090415820632,
          "z_score": 0.8863258124109196
        },
        "duration_variety": {
          "raw": 2,
          "z_score": 0.09158415841584167
        }
      }
    },
    "ensemble_detail": {
      "total": -2.4158668579610003,
      "duration_gate": 1.0,
      "features": {
        "collision_rate": {
          "raw": 0.5,
          "z_score": -1.4361702127659575
        },
        "phrase_alignment": {
          "raw": 0.75,
          "z_score": -0.15564202334630364
        },
        "texture_density": {
          "raw": 0.9,
          "z_score": -0.8492647058823528
        },
        "harmonic_consonance": {
          "raw": 0.65,
          "z_score": 0.02521008403361347
        }
      }
    }
  },
  "has_midi": true,
  "error": null,
  "timestamp": "2025-11-30T22:20:00.634223"
}