{
  "step": 27,
  "rollout_id": 2,
  "key": "D",
  "tempo": 160,
  "reward": 0.8645189147185246,
  "breakdown": {
    "sax": 0.08926023351957288,
    "sax_sig": 0.5148723171959256,
    "bass": 0.624034749034749,
    "bass_sig": 0.6025312378903834,
    "piano": 2.3588239040097365,
    "piano_sig": 0.8281467231468208,
    "drums": 4.768342472701882,
    "drums_sig": 0.9600322877208262,
    "ensemble_mult": 1.0447213595499958,
    "z_sum": 7.84046135926594,
    "base_reward": 0.8275114764485224,
    "combined": 0.8645189147185246,
    "sax_detail": {
      "total": 0.08926023351957288,
      "variety_gate": 0.25,
      "features": {
        "melodic_entropy": {
          "raw": 1.9808259362290785,
          "z_score": 0.2674182766298715
        },
        "dur_cv": {
          "raw": 0.0,
          "z_score": -0.2978723404255319
        },
        "sax_arpeggio_runs": {
          "raw": 0,
          "z_score": -0.3391684901531729
        },
        "peak_not_late": {
          "raw": 1,
          "z_score": 0.42975206611570255
        },
        "blue_ratio": {
          "raw": 0.25,
          "z_score": 0.4294871794871795
        },
        "rhythm_2grams": {
          "raw": 1,
          "z_score": -0.13257575757575726
        }
      }
    },
    "bass_detail": {
      "total": 0.624034749034749,
      "chromatic_gate": 1.0,
      "direction_gate": 0.5,
      "features": {
        "duration_variety": {
          "raw": 3,
          "z_score": 1.0
        },
        "velocity_variance": {
          "raw": 0.0,
          "z_score": -1.25
        },
        "non_chromatic_ratio": {
          "raw": 0.875,
          "z_score": 1.498069498069498
        }
      }
    },
    "piano_detail": {
      "total": 2.3588239040097365,
      "tonic_bonus": 1.2,
      "register_failed": false,
      "avg_pitch": 66.83333333333333,
      "features": {
        "unique_chords": {
          "raw": 2,
          "capped": 2,
          "z_score": 0.146551724137931,
          "weight": 1.0
        },
        "avg_chord_duration": {
          "raw": 0.5,
          "z_score": 1.5819672131147542,
          "weight": 1.5
        },
        "cluster_ratio": {
          "raw": 0.3333333333333333,
          "z_score": -0.13269384492406067,
          "weight": 1.0
        },
        "out_of_key_ratio": {
          "raw": 0.08333333333333333,
          "z_score": -0.22112211221122108,
          "weight": 1.0
        },
        "chord_duration_variety": {
          "raw": 1,
          "z_score": -0.20000000000000018,
          "weight": 1.0
        }
      }
    },
    "drums_detail": {
      "total": 4.768342472701882,
      "features": {
        "duration_variety": {
          "raw": 4,
          "z_score": 2.5439900867410157
        },
        "kick_off_beat_ratio": {
          "raw": 0.6,
          "z_score": 0.9499999999999995
        },
        "velocity_variance": {
          "raw": 11.414068395454278,
          "z_score": 1.2743523859608668
        }
      }
    },
    "ensemble_detail": {
      "total": 1.0447213595499958,
      "dynamic_coherence": 0.7236067977499789
    }
  },
  "has_midi": true,
  "error": null,
  "timestamp": "2025-12-02T14:04:30.910328"
}