{
  "id": 3,
  "generation": 25,
  "reward": 0.6887010448717682,
  "breakdown": {
    "sax": 0.7075855284621347,
    "sax_sig": 0.6157916484410141,
    "bass": 3.9276939276939276,
    "bass_sig": 0.9320403916420313,
    "piano": -1.047246984953441,
    "piano_sig": 0.3322192726158929,
    "drums": 2.0627300025844377,
    "drums_sig": 0.7982114765334805,
    "ensemble": -0.886441121278382,
    "ensemble_sig": 0.35641444458812976,
    "z_sum": 4.764321352508677,
    "combined": 0.6887010448717682,
    "sax_detail": {
      "total": 0.7075855284621347,
      "variety_gate": 0.5,
      "features": {
        "melodic_entropy": {
          "raw": 2.2312702546075758,
          "z_score": 0.7913603652878155
        },
        "dur_cv": {
          "raw": 0.0,
          "z_score": -0.2978723404255319
        },
        "sax_arpeggio_runs": {
          "raw": 0,
          "z_score": -0.3391684901531729
        },
        "peak_not_late": {
          "raw": 1,
          "z_score": 0.42975206611570255
        },
        "blue_ratio": {
          "raw": 0.3333333333333333,
          "z_score": 0.9636752136752136
        },
        "rhythm_2grams": {
          "raw": 1,
          "z_score": -0.13257575757575726
        }
      }
    },
    "bass_detail": {
      "total": 3.9276939276939276,
      "direction_gate": 1.0,
      "features": {
        "ioi_swing": {
          "raw": 0.8931875130777444,
          "z_score": 3.0
        },
        "non_chromatic_ratio": {
          "raw": 0.7272727272727273,
          "z_score": 0.9276939276939278
        }
      }
    },
    "piano_detail": {
      "total": -1.047246984953441,
      "variety_gate": 0.5,
      "features": {
        "avg_chord_spread": {
          "raw": 7.333333333333333,
          "z_score": -0.27958809423049796
        },
        "gap_ratio": {
          "raw": 0.7142857142857143,
          "z_score": -0.6663865546218489
        },
        "register_separation": {
          "raw": 0.4166666666666572,
          "z_score": -0.9177500902853041
        },
        "velocity_variance": {
          "raw": 0.0,
          "z_score": -0.23076923076923078
        }
      }
    },
    "drums_detail": {
      "total": 2.0627300025844377,
      "features": {
        "kick_off_beat_ratio": {
          "raw": 0.5,
          "z_score": 0.2411347517730495
        },
        "snare_backbeat_ratio": {
          "raw": 0.5,
          "z_score": 3.0
        },
        "velocity_variance": {
          "raw": 5.0,
          "z_score": -0.0323651452282157
        },
        "duration_variety": {
          "raw": 1,
          "z_score": -1.146039603960396
        }
      }
    },
    "ensemble_detail": {
      "total": -0.886441121278382,
      "duration_gate": 1.0,
      "features": {
        "collision_rate": {
          "raw": 0.16666666666666666,
          "z_score": 0.3368794326241136
        },
        "phrase_alignment": {
          "raw": 0.5,
          "z_score": 0.8171206225680933
        },
        "texture_density": {
          "raw": 0.8880000000000001,
          "z_score": -0.8051470588235297
        },
        "harmonic_consonance": {
          "raw": 0.5,
          "z_score": -1.235294117647059
        }
      }
    }
  },
  "metrics": {
    "reward": 0.6887010448717682,
    "note_count": 64,
    "valid_midi": 1.0,
    "unique_durs": 1,
    "has_rests": true
  },
  "has_midi": true,
  "error": null,
  "timestamp": "2025-12-01T00:59:20.235714"
}