{
  "step": 4,
  "rollout_id": 4,
  "key": "F",
  "tempo": 160,
  "reward": 0.1797413994323903,
  "breakdown": {
    "sax": -0.6626408902263206,
    "sax_sig": 0.39132153512184575,
    "bass": -1.1107466527800247,
    "bass_sig": 0.3228953050825302,
    "piano": -0.4333781764019888,
    "piano_sig": 0.4282685871621064,
    "drums": -4.188009767131164,
    "drums_sig": 0.05775766053973085,
    "ensemble": -2.7138275675566357,
    "ensemble_sig": 0.14073261831318426,
    "z_sum": -9.108603054096132,
    "combined": 0.1797413994323903,
    "sax_detail": {
      "total": -0.6626408902263206,
      "variety_gate": 0.25,
      "features": {
        "melodic_entropy": {
          "raw": 1.676737030052133,
          "z_score": -1.4862984515851922
        },
        "dur_cv": {
          "raw": 0.0,
          "z_score": -0.8880854560394412
        },
        "sax_arpeggio_runs": {
          "raw": 0,
          "z_score": -0.4150099290132615
        },
        "peak_not_late": {
          "raw": 1,
          "z_score": 0.6122586439155816
        },
        "blue_ratio": {
          "raw": 0.25,
          "z_score": 0.4129392971246006
        },
        "rhythm_2grams": {
          "raw": 1,
          "z_score": -0.8863676653075695
        }
      }
    },
    "bass_detail": {
      "total": -1.1107466527800247,
      "direction_gate": 0.5,
      "features": {
        "ioi_swing": {
          "raw": 0.0,
          "z_score": -0.8105992171032821
        },
        "non_chromatic_ratio": {
          "raw": 0.2727272727272727,
          "z_score": -1.4108940884567673
        }
      }
    },
    "piano_detail": {
      "total": -0.4333781764019888,
      "variety_gate": 0.5,
      "features": {
        "avg_chord_spread": {
          "raw": 9.333333333333334,
          "z_score": 0.015254730713246024
        },
        "gap_ratio": {
          "raw": 0.6666666666666666,
          "z_score": -1.0261136712749614
        },
        "register_separation": {
          "raw": 12.0,
          "z_score": 0.7230499561787905
        },
        "velocity_variance": {
          "raw": 0.0,
          "z_score": -0.5789473684210527
        }
      }
    },
    "drums_detail": {
      "total": -4.188009767131164,
      "features": {
        "kick_off_beat_ratio": {
          "raw": 0.5,
          "z_score": -0.8253055108539016
        },
        "snare_backbeat_ratio": {
          "raw": 0.0,
          "z_score": -0.5855710048313247
        },
        "velocity_variance": {
          "raw": 0.0,
          "z_score": -1.3587178965954583
        },
        "duration_variety": {
          "raw": 1,
          "z_score": -1.418415354850479
        }
      }
    },
    "ensemble_detail": {
      "total": -2.7138275675566357,
      "duration_gate": 1.0,
      "features": {
        "collision_rate": {
          "raw": 0.16666666666666666,
          "z_score": 0.8296019900497513
        },
        "phrase_alignment": {
          "raw": 1.0,
          "z_score": -1.66875
        },
        "texture_density": {
          "raw": 0.764,
          "z_score": -0.6314363143631436
        },
        "harmonic_consonance": {
          "raw": 0.625,
          "z_score": -1.2432432432432434
        }
      }
    }
  },
  "has_midi": true,
  "error": null,
  "timestamp": "2025-11-30T17:39:01.184072"
}