{
  "id": 11,
  "generation": 25,
  "reward": 0.2780798458058771,
  "breakdown": {
    "sax": -0.24492696852194498,
    "sax_sig": 0.45926929480774065,
    "bass": -1.255001002048655,
    "bass_sig": 0.3022371457336172,
    "piano": -0.9169352536662067,
    "piano_sig": 0.3517649491069664,
    "drums": -1.890749711071575,
    "drums_sig": 0.22088786516194367,
    "ensemble": -1.4164245973146592,
    "ensemble_sig": 0.2800359958770361,
    "z_sum": -5.724037532623041,
    "combined": 0.2780798458058771,
    "sax_detail": {
      "total": -0.24492696852194498,
      "variety_gate": 0.25,
      "features": {
        "melodic_entropy": {
          "raw": 2.0464393446710156,
          "z_score": -0.7230814519590926
        },
        "dur_cv": {
          "raw": 0.0,
          "z_score": -0.8880854560394412
        },
        "sax_arpeggio_runs": {
          "raw": 0,
          "z_score": -0.4150099290132615
        },
        "peak_not_late": {
          "raw": 1,
          "z_score": 0.6122586439155816
        },
        "blue_ratio": {
          "raw": 0.36363636363636365,
          "z_score": 1.3205779843160035
        },
        "rhythm_2grams": {
          "raw": 1,
          "z_score": -0.8863676653075695
        }
      }
    },
    "bass_detail": {
      "total": -1.255001002048655,
      "direction_gate": 0.5,
      "features": {
        "ioi_swing": {
          "raw": 0.0,
          "z_score": -0.8105992171032821
        },
        "non_chromatic_ratio": {
          "raw": 0.18181818181818182,
          "z_score": -1.6994027869940278
        }
      }
    },
    "piano_detail": {
      "total": -0.9169352536662067,
      "variety_gate": 0.5,
      "features": {
        "avg_chord_spread": {
          "raw": 7.0,
          "z_score": -0.39231441048034943
        },
        "gap_ratio": {
          "raw": 0.45454545454545453,
          "z_score": -0.04859656472559689
        },
        "register_separation": {
          "raw": 1.4772727272727337,
          "z_score": -0.8140121637054143
        },
        "velocity_variance": {
          "raw": 0.0,
          "z_score": -0.5789473684210527
        }
      }
    },
    "drums_detail": {
      "total": -1.890749711071575,
      "features": {
        "kick_off_beat_ratio": {
          "raw": 0.0,
          "z_score": -2.7365401301933026
        },
        "snare_backbeat_ratio": {
          "raw": 0.5,
          "z_score": 2.422725877971445
        },
        "velocity_variance": {
          "raw": 0.0,
          "z_score": -1.3587178965954583
        },
        "duration_variety": {
          "raw": 2,
          "z_score": -0.21821756225425926
        }
      }
    },
    "ensemble_detail": {
      "total": -1.4164245973146592,
      "duration_gate": 0.8,
      "features": {
        "collision_rate": {
          "raw": 0.5454545454545454,
          "z_score": -0.5837856173677067
        },
        "phrase_alignment": {
          "raw": 0.5,
          "z_score": -0.10624999999999991
        },
        "texture_density": {
          "raw": 0,
          "z_score": 1.4390243902439026
        },
        "harmonic_consonance": {
          "raw": 0.48333333333333334,
          "z_score": -2.5195195195195197
        }
      }
    }
  },
  "metrics": {
    "reward": 0.2780798458058771,
    "note_count": 73,
    "valid_midi": 1.0,
    "unique_durs": 1,
    "has_rests": false
  },
  "has_midi": true,
  "error": null,
  "timestamp": "2025-11-30T17:29:30.846409"
}