{
  "id": 10,
  "generation": 38,
  "reward": 0.23810983453159879,
  "breakdown": {
    "sax": -1.2814344065484746,
    "sax_sig": 0.29853379001040453,
    "bass": -0.373862038601923,
    "bass_sig": 0.43801023530346195,
    "piano": -1.3275074789808992,
    "piano_sig": 0.29214169749758195,
    "drums": -1.0954811994173095,
    "drums_sig": 0.3251243340991838,
    "ensemble": -2.9001369683262292,
    "ensemble_sig": 0.1263720079513573,
    "z_sum": -6.978422091874835,
    "combined": 0.23810983453159879,
    "sax_detail": {
      "total": -1.2814344065484746,
      "variety_gate": 0.5,
      "features": {
        "melodic_entropy": {
          "raw": 1.7924812503605778,
          "z_score": -0.12660826284397944
        },
        "dur_cv": {
          "raw": 0.0,
          "z_score": -0.2978723404255319
        },
        "sax_arpeggio_runs": {
          "raw": 0,
          "z_score": -0.3391684901531729
        },
        "peak_not_late": {
          "raw": 0,
          "z_score": -2.325068870523416
        },
        "blue_ratio": {
          "raw": 0.2857142857142857,
          "z_score": 0.6584249084249083
        },
        "rhythm_2grams": {
          "raw": 1,
          "z_score": -0.13257575757575726
        }
      }
    },
    "bass_detail": {
      "total": -0.373862038601923,
      "direction_gate": 1.0,
      "features": {
        "ioi_swing": {
          "raw": 0.0,
          "z_score": -0.24855491329479767
        },
        "non_chromatic_ratio": {
          "raw": 0.45454545454545453,
          "z_score": -0.12530712530712532
        }
      }
    },
    "piano_detail": {
      "total": -1.3275074789808992,
      "variety_gate": 1.0,
      "features": {
        "avg_chord_spread": {
          "raw": 7.0,
          "z_score": -0.4206517139229792
        },
        "gap_ratio": {
          "raw": 0.5714285714285714,
          "z_score": 0.17394957983193282
        },
        "register_separation": {
          "raw": 0.6666666666666643,
          "z_score": -0.8500361141206219
        },
        "velocity_variance": {
          "raw": 0.0,
          "z_score": -0.23076923076923078
        }
      }
    },
    "drums_detail": {
      "total": -1.0954811994173095,
      "features": {
        "kick_off_beat_ratio": {
          "raw": 0.5,
          "z_score": 0.2411347517730495
        },
        "snare_backbeat_ratio": {
          "raw": 0.0,
          "z_score": -0.3584905660377358
        },
        "velocity_variance": {
          "raw": 0.0,
          "z_score": -1.0697095435684647
        },
        "duration_variety": {
          "raw": 2,
          "z_score": 0.09158415841584167
        }
      }
    },
    "ensemble_detail": {
      "total": -2.9001369683262292,
      "duration_gate": 1.0,
      "features": {
        "collision_rate": {
          "raw": 0.42857142857142855,
          "z_score": -1.0562310030395134
        },
        "phrase_alignment": {
          "raw": 0.75,
          "z_score": -0.15564202334630364
        },
        "texture_density": {
          "raw": 1.0,
          "z_score": -1.216911764705882
        },
        "harmonic_consonance": {
          "raw": 0.5909090909090909,
          "z_score": -0.4713521772345301
        }
      }
    }
  },
  "metrics": {
    "reward": 0.23810983453159879,
    "note_count": 58,
    "valid_midi": 1.0,
    "unique_durs": 1,
    "has_rests": true
  },
  "has_midi": true,
  "error": null,
  "timestamp": "2025-12-01T02:27:51.089012"
}