{
  "id": 8,
  "generation": 21,
  "reward": 0.2272598617782479,
  "breakdown": {
    "sax": -0.9012018844286279,
    "sax_sig": 0.3541604003650769,
    "bass": 0.05679969220461656,
    "bass_sig": 0.5094654843724887,
    "piano": -1.597812320726884,
    "piano_sig": 0.2563154169651081,
    "drums": -3.370058898402824,
    "drums_sig": 0.09563398340108198,
    "ensemble": -1.5308187329961087,
    "ensemble_sig": 0.2649210946618226,
    "z_sum": -7.3430921443498285,
    "combined": 0.2272598617782479,
    "sax_detail": {
      "total": -0.9012018844286279,
      "variety_gate": 0.5,
      "features": {
        "melodic_entropy": {
          "raw": 2.2810361125534238,
          "z_score": -0.2387776371729486
        },
        "dur_cv": {
          "raw": 0.0,
          "z_score": -0.8880854560394412
        },
        "sax_arpeggio_runs": {
          "raw": 0,
          "z_score": -0.4150099290132615
        },
        "peak_not_late": {
          "raw": 1,
          "z_score": 0.6122586439155816
        },
        "blue_ratio": {
          "raw": 0.2,
          "z_score": 0.013578274760383442
        },
        "rhythm_2grams": {
          "raw": 1,
          "z_score": -0.8863676653075695
        }
      }
    },
    "bass_detail": {
      "total": 0.05679969220461656,
      "direction_gate": 1.0,
      "features": {
        "ioi_swing": {
          "raw": 0.5756395979652218,
          "z_score": 0.9227329056465576
        },
        "non_chromatic_ratio": {
          "raw": 0.4444444444444444,
          "z_score": -0.8659332134419411
        }
      }
    },
    "piano_detail": {
      "total": -1.597812320726884,
      "variety_gate": 1.0,
      "features": {
        "avg_chord_spread": {
          "raw": 4.6,
          "z_score": -0.8115283842794762
        },
        "gap_ratio": {
          "raw": 0.5384615384615384,
          "z_score": -0.4353066288550158
        },
        "register_separation": {
          "raw": 5.049999999999997,
          "z_score": -0.29214139643587533
        },
        "velocity_variance": {
          "raw": 0.04941058844013092,
          "z_score": -0.0588359111565166
        }
      }
    },
    "drums_detail": {
      "total": -3.370058898402824,
      "features": {
        "kick_off_beat_ratio": {
          "raw": 0.4,
          "z_score": -1.2075524347217816
        },
        "snare_backbeat_ratio": {
          "raw": 0.0,
          "z_score": -0.5855710048313247
        },
        "velocity_variance": {
          "raw": 0.0,
          "z_score": -1.3587178965954583
        },
        "duration_variety": {
          "raw": 2,
          "z_score": -0.21821756225425926
        }
      }
    },
    "ensemble_detail": {
      "total": -1.5308187329961087,
      "duration_gate": 1.0,
      "features": {
        "collision_rate": {
          "raw": 0.1,
          "z_score": 1.078358208955224
        },
        "phrase_alignment": {
          "raw": 0.5,
          "z_score": -0.10624999999999991
        },
        "texture_density": {
          "raw": 0.836,
          "z_score": -0.8265582655826557
        },
        "harmonic_consonance": {
          "raw": 0.5769230769230769,
          "z_score": -1.676368676368677
        }
      }
    }
  },
  "metrics": {
    "reward": 0.2272598617782479,
    "note_count": 49,
    "valid_midi": 1.0,
    "unique_durs": 1,
    "has_rests": true
  },
  "has_midi": true,
  "error": null,
  "timestamp": "2025-11-30T17:27:00.150969"
}