{
  "id": 5,
  "generation": 2,
  "reward": 0.5071208728511543,
  "breakdown": {
    "sax": -1.066453246132286,
    "sax_sig": 0.3293847993628899,
    "bass": -0.26930501930501927,
    "bass_sig": 0.45523600694864574,
    "piano": -1.3279031803689123,
    "piano_sig": 0.2920871477961775,
    "drums": 2.806088532718327,
    "drums_sig": 0.8665422233416228,
    "ensemble_mult": 1.0,
    "z_sum": 0.1424270869121096,
    "base_reward": 0.5071208728511543,
    "combined": 0.5071208728511543,
    "sax_detail": {
      "total": -1.066453246132286,
      "variety_gate": 0.5,
      "features": {
        "melodic_entropy": {
          "raw": 1.5566567074628228,
          "z_score": -0.6199650471489062
        },
        "dur_cv": {
          "raw": 1.5700924586837755e-15,
          "z_score": -0.2978723404255152
        },
        "sax_arpeggio_runs": {
          "raw": 0,
          "z_score": -0.3391684901531729
        },
        "peak_not_late": {
          "raw": 1,
          "z_score": 0.42975206611570255
        },
        "blue_ratio": {
          "raw": 0.0,
          "z_score": -1.1730769230769231
        },
        "rhythm_2grams": {
          "raw": 1,
          "z_score": -0.13257575757575726
        }
      }
    },
    "bass_detail": {
      "total": -0.26930501930501927,
      "chromatic_gate": 1.0,
      "direction_gate": 1.0,
      "features": {
        "duration_variety": {
          "raw": 1,
          "z_score": -1.0
        },
        "velocity_variance": {
          "raw": 0.0,
          "z_score": -1.25
        },
        "non_chromatic_ratio": {
          "raw": 1.0,
          "z_score": 1.9806949806949807
        }
      }
    },
    "piano_detail": {
      "total": -1.3279031803689123,
      "tonic_bonus": 1.0,
      "register_failed": false,
      "avg_pitch": 69.5,
      "features": {
        "unique_chords": {
          "raw": 2,
          "capped": 2,
          "z_score": 0.146551724137931,
          "weight": 1.0
        },
        "avg_chord_duration": {
          "raw": 0.10000000000000009,
          "z_score": -1.6967213114754092,
          "weight": 1.5
        },
        "cluster_ratio": {
          "raw": 0.0,
          "z_score": 0.6666666666666667,
          "weight": 1.0
        },
        "out_of_key_ratio": {
          "raw": 0.0,
          "z_score": 0.6039603960396039,
          "weight": 1.0
        },
        "chord_duration_variety": {
          "raw": 1,
          "z_score": -0.20000000000000018,
          "weight": 1.0
        }
      }
    },
    "drums_detail": {
      "total": 2.806088532718327,
      "features": {
        "duration_variety": {
          "raw": 1,
          "z_score": -1.1734820322180917
        },
        "kick_off_beat_ratio": {
          "raw": 1.0,
          "z_score": 3.0
        },
        "velocity_variance": {
          "raw": 10.0,
          "z_score": 0.9795705649364186
        }
      }
    },
    "ensemble_detail": {
      "total": 1.0,
      "dynamic_coherence": 0.425464400750007
    }
  },
  "metrics": {
    "reward": 0.5071208728511543,
    "note_count": 109,
    "valid_midi": 1.0,
    "unique_durs": 1,
    "has_rests": true
  },
  "has_midi": true,
  "error": null,
  "timestamp": "2025-12-01T20:27:39.183254"
}