{
  "step": 32,
  "rollout_id": 7,
  "key": "D",
  "tempo": 160,
  "reward": 0.9903623382546631,
  "breakdown": {
    "sax": 3.5048454501374904,
    "sax_sig": 0.9118602912106595,
    "bass": 0.7306949806949807,
    "bass_sig": 0.6194300979814052,
    "piano": 4.95480473251989,
    "piano_sig": 0.964538534455177,
    "drums": 2.964878140209853,
    "drums_sig": 0.8783166957205382,
    "ensemble_mult": 1.0774596669241483,
    "z_sum": 12.155223303562215,
    "base_reward": 0.9191641865183463,
    "combined": 0.9903623382546631,
    "sax_detail": {
      "total": 3.5048454501374904,
      "variety_gate": 1.0,
      "features": {
        "melodic_entropy": {
          "raw": 1.8910611120726526,
          "z_score": 0.07962575747416865
        },
        "dur_cv": {
          "raw": 0.1697250257391052,
          "z_score": 1.507713039777715
        },
        "sax_arpeggio_runs": {
          "raw": 0,
          "z_score": -0.3391684901531729
        },
        "peak_not_late": {
          "raw": 1,
          "z_score": 0.42975206611570255
        },
        "blue_ratio": {
          "raw": 0.0,
          "z_score": -1.1730769230769231
        },
        "rhythm_2grams": {
          "raw": 3,
          "z_score": 3.0
        }
      }
    },
    "bass_detail": {
      "total": 0.7306949806949807,
      "chromatic_gate": 1.0,
      "direction_gate": 1.0,
      "features": {
        "duration_variety": {
          "raw": 2,
          "z_score": 0.0
        },
        "velocity_variance": {
          "raw": 0.0,
          "z_score": -1.25
        },
        "non_chromatic_ratio": {
          "raw": 1.0,
          "z_score": 1.9806949806949807
        }
      }
    },
    "piano_detail": {
      "total": 4.95480473251989,
      "tonic_bonus": 1.0,
      "register_failed": false,
      "avg_pitch": 67.25,
      "features": {
        "unique_chords": {
          "raw": 3,
          "capped": 3,
          "z_score": 1.0086206896551724,
          "weight": 1.0
        },
        "avg_chord_duration": {
          "raw": 1.5,
          "z_score": 3.0,
          "weight": 1.5
        },
        "cluster_ratio": {
          "raw": 0.3333333333333333,
          "z_score": -0.13269384492406067,
          "weight": 1.0
        },
        "out_of_key_ratio": {
          "raw": 0.08333333333333333,
          "z_score": -0.22112211221122108,
          "weight": 1.0
        },
        "chord_duration_variety": {
          "raw": 1,
          "z_score": -0.20000000000000018,
          "weight": 1.0
        }
      }
    },
    "drums_detail": {
      "total": 2.964878140209853,
      "features": {
        "duration_variety": {
          "raw": 3,
          "z_score": 1.3048327137546467
        },
        "kick_off_beat_ratio": {
          "raw": 0.5,
          "z_score": 0.23571428571428552
        },
        "velocity_variance": {
          "raw": 12.133516482134198,
          "z_score": 1.424331140740921
        }
      }
    },
    "ensemble_detail": {
      "total": 1.0774596669241483,
      "dynamic_coherence": 0.8872983346207417
    }
  },
  "has_midi": true,
  "error": null,
  "timestamp": "2025-12-02T14:15:25.853634"
}