{
  "step": 29,
  "rollout_id": 8,
  "key": "F",
  "tempo": 160,
  "reward": 0.5140014799403939,
  "breakdown": {
    "sax": -1.1044047240292278,
    "sax_sig": 0.32382037024280746,
    "bass": 0.18773852299863858,
    "bass_sig": 0.5312489721253528,
    "piano": -1.503760265233506,
    "piano_sig": 0.2684488316048853,
    "drums": 3.8055055853709687,
    "drums_sig": 0.9266955468377008,
    "ensemble": -1.048955723338037,
    "ensemble_sig": 0.33196659895369335,
    "z_sum": 0.3361233957688363,
    "combined": 0.5140014799403939,
    "sax_detail": {
      "total": -1.1044047240292278,
      "variety_gate": 0.5,
      "features": {
        "melodic_entropy": {
          "raw": 1.5203750945933545,
          "z_score": -0.695868002942773
        },
        "dur_cv": {
          "raw": 0.0,
          "z_score": -0.2978723404255319
        },
        "sax_arpeggio_runs": {
          "raw": 0,
          "z_score": -0.3391684901531729
        },
        "peak_not_late": {
          "raw": 1,
          "z_score": 0.42975206611570255
        },
        "blue_ratio": {
          "raw": 0.0,
          "z_score": -1.1730769230769231
        },
        "rhythm_2grams": {
          "raw": 1,
          "z_score": -0.13257575757575726
        }
      }
    },
    "bass_detail": {
      "total": 0.18773852299863858,
      "direction_gate": 1.0,
      "features": {
        "ioi_swing": {
          "raw": 0.0,
          "z_score": -0.24855491329479767
        },
        "non_chromatic_ratio": {
          "raw": 0.6,
          "z_score": 0.43629343629343625
        }
      }
    },
    "piano_detail": {
      "total": -1.503760265233506,
      "variety_gate": 1.0,
      "features": {
        "avg_chord_spread": {
          "raw": 9.0,
          "z_score": 0.4257300042319087
        },
        "gap_ratio": {
          "raw": 0.8181818181818182,
          "z_score": -1.277540106951872
        },
        "register_separation": {
          "raw": 2.25,
          "z_score": -0.42118093174431204
        },
        "velocity_variance": {
          "raw": 0.0,
          "z_score": -0.23076923076923078
        }
      }
    },
    "drums_detail": {
      "total": 3.8055055853709687,
      "features": {
        "kick_off_beat_ratio": {
          "raw": 0.5,
          "z_score": 0.2411347517730495
        },
        "snare_backbeat_ratio": {
          "raw": 0.0,
          "z_score": -0.3584905660377358
        },
        "velocity_variance": {
          "raw": 11.692063233372572,
          "z_score": 1.3560297164673385
        },
        "duration_variety": {
          "raw": 4,
          "z_score": 2.5668316831683167
        }
      }
    },
    "ensemble_detail": {
      "total": -1.048955723338037,
      "duration_gate": 1.0,
      "features": {
        "collision_rate": {
          "raw": 0.0,
          "z_score": 1.223404255319149
        },
        "phrase_alignment": {
          "raw": 1.0,
          "z_score": -1.1284046692607006
        },
        "texture_density": {
          "raw": 0.8,
          "z_score": -0.48161764705882354
        },
        "harmonic_consonance": {
          "raw": 0.5681818181818182,
          "z_score": -0.6623376623376621
        }
      }
    }
  },
  "has_midi": true,
  "error": null,
  "timestamp": "2025-12-01T02:47:22.783339"
}