{
  "step": 15,
  "rollout_id": 3,
  "key": "D",
  "tempo": 160,
  "reward": 0.505706869392684,
  "breakdown": {
    "sax": -0.8613710583531295,
    "sax_sig": 0.3602573446313568,
    "bass": 0.67913901439913,
    "bass_sig": 0.611295091810923,
    "piano": -0.46198947922154343,
    "piano_sig": 0.42360470362486846,
    "drums": 1.1201602409486207,
    "drums_sig": 0.678475253596676,
    "ensemble": -0.3389679042559827,
    "ensemble_sig": 0.44374454242804884,
    "z_sum": 0.136970813517095,
    "combined": 0.505706869392684,
    "sax_detail": {
      "total": -0.8613710583531295,
      "variety_gate": 0.5,
      "features": {
        "melodic_entropy": {
          "raw": 1.7527152789797045,
          "z_score": -0.2098006715905764
        },
        "dur_cv": {
          "raw": 0.0,
          "z_score": -0.2978723404255319
        },
        "sax_arpeggio_runs": {
          "raw": 0,
          "z_score": -0.3391684901531729
        },
        "peak_not_late": {
          "raw": 1,
          "z_score": 0.42975206611570255
        },
        "blue_ratio": {
          "raw": 0.0,
          "z_score": -1.1730769230769231
        },
        "rhythm_2grams": {
          "raw": 1,
          "z_score": -0.13257575757575726
        }
      }
    },
    "bass_detail": {
      "total": 0.67913901439913,
      "direction_gate": 1.0,
      "features": {
        "ioi_swing": {
          "raw": 0.0,
          "z_score": -0.24855491329479767
        },
        "non_chromatic_ratio": {
          "raw": 0.7272727272727273,
          "z_score": 0.9276939276939278
        }
      }
    },
    "piano_detail": {
      "total": -0.46198947922154343,
      "variety_gate": 0.5,
      "features": {
        "avg_chord_spread": {
          "raw": 9.0,
          "z_score": 0.4257300042319087
        },
        "gap_ratio": {
          "raw": 0.6666666666666666,
          "z_score": -0.3862745098039215
        },
        "register_separation": {
          "raw": 1.0999999999999943,
          "z_score": -0.7326652221018434
        },
        "velocity_variance": {
          "raw": 0.0,
          "z_score": -0.23076923076923078
        }
      }
    },
    "drums_detail": {
      "total": 1.1201602409486207,
      "features": {
        "kick_off_beat_ratio": {
          "raw": 0.5,
          "z_score": 0.2411347517730495
        },
        "snare_backbeat_ratio": {
          "raw": 0.0,
          "z_score": -0.3584905660377358
        },
        "velocity_variance": {
          "raw": 4.714045207910317,
          "z_score": -0.09169186557877233
        },
        "duration_variety": {
          "raw": 3,
          "z_score": 1.3292079207920793
        }
      }
    },
    "ensemble_detail": {
      "total": -0.3389679042559827,
      "duration_gate": 0.8,
      "features": {
        "collision_rate": {
          "raw": 0.2,
          "z_score": 0.15957446808510636
        },
        "phrase_alignment": {
          "raw": 1.0,
          "z_score": -1.1284046692607006
        },
        "texture_density": {
          "raw": 0.9119999999999999,
          "z_score": -0.893382352941176
        },
        "harmonic_consonance": {
          "raw": 0.8181818181818182,
          "z_score": 1.4385026737967919
        }
      }
    }
  },
  "has_midi": true,
  "error": null,
  "timestamp": "2025-11-30T22:40:14.446465"
}