{
  "id": 6,
  "generation": 26,
  "reward": 0.17277494044901248,
  "breakdown": {
    "sax": -1.6663847008783972,
    "sax_sig": 0.24769882792194559,
    "bass": -1.9329846070227883,
    "bass_sig": 0.2160803150918429,
    "piano": -2.0489560899582315,
    "piano_sig": 0.20327161624577897,
    "drums": -0.5099763704878426,
    "drums_sig": 0.41581330366367686,
    "ensemble": -3.2382200661710128,
    "ensemble_sig": 0.103510513592764,
    "z_sum": -9.396521834518271,
    "combined": 0.17277494044901248,
    "sax_detail": {
      "total": -1.6663847008783972,
      "variety_gate": 0.5,
      "features": {
        "melodic_entropy": {
          "raw": 1.950212064914747,
          "z_score": -0.9217339700356174
        },
        "dur_cv": {
          "raw": 0.0,
          "z_score": -0.8880854560394412
        },
        "sax_arpeggio_runs": {
          "raw": 0,
          "z_score": -0.4150099290132615
        },
        "peak_not_late": {
          "raw": 0,
          "z_score": -1.6329142343960483
        },
        "blue_ratio": {
          "raw": 0.375,
          "z_score": 1.4113418530351436
        },
        "rhythm_2grams": {
          "raw": 1,
          "z_score": -0.8863676653075695
        }
      }
    },
    "bass_detail": {
      "total": -1.9329846070227883,
      "direction_gate": 1.0,
      "features": {
        "ioi_swing": {
          "raw": 0.0,
          "z_score": -0.8105992171032821
        },
        "non_chromatic_ratio": {
          "raw": 0.36363636363636365,
          "z_score": -1.1223853899195062
        }
      }
    },
    "piano_detail": {
      "total": -2.0489560899582315,
      "variety_gate": 0.5,
      "features": {
        "avg_chord_spread": {
          "raw": 3.0,
          "z_score": -1.0910043668122271
        },
        "gap_ratio": {
          "raw": 0.7777777777777778,
          "z_score": -1.5381464413722479
        },
        "register_separation": {
          "raw": 0.9583333333333357,
          "z_score": -0.8898140033109354
        },
        "velocity_variance": {
          "raw": 0.0,
          "z_score": -0.5789473684210527
        }
      }
    },
    "drums_detail": {
      "total": -0.5099763704878426,
      "features": {
        "kick_off_beat_ratio": {
          "raw": 0.6,
          "z_score": -0.4430585869860214
        },
        "snare_backbeat_ratio": {
          "raw": 0.0,
          "z_score": -0.5855710048313247
        },
        "velocity_variance": {
          "raw": 9.078224051271151,
          "z_score": -0.46332700901245677
        },
        "duration_variety": {
          "raw": 3,
          "z_score": 0.9819802303419605
        }
      }
    },
    "ensemble_detail": {
      "total": -3.2382200661710128,
      "duration_gate": 1.0,
      "features": {
        "collision_rate": {
          "raw": 0.5,
          "z_score": -0.41417910447761186
        },
        "phrase_alignment": {
          "raw": 0.5,
          "z_score": -0.10624999999999991
        },
        "texture_density": {
          "raw": 0.992,
          "z_score": -1.2493224932249323
        },
        "harmonic_consonance": {
          "raw": 0.6,
          "z_score": -1.4684684684684688
        }
      }
    }
  },
  "metrics": {
    "reward": 0.17277494044901248,
    "note_count": 57,
    "valid_midi": 1.0,
    "unique_durs": 1,
    "has_rests": true
  },
  "has_midi": true,
  "error": null,
  "timestamp": "2025-11-30T17:30:01.950295"
}