{
  "id": 27,
  "generation": 35,
  "reward": 0.5900906412689048,
  "breakdown": {
    "sax": -0.8670973727566981,
    "sax_sig": 0.35937797809980127,
    "bass": -1.5563063063063063,
    "bass_sig": 0.2616254070874318,
    "piano": 0.5145616089277693,
    "piano_sig": 0.5849290461801503,
    "drums": 2.8651148968902165,
    "drums_sig": 0.8710277529873578,
    "ensemble_mult": 1.0774596669241483,
    "z_sum": 0.9562728267549812,
    "base_reward": 0.5476684273049882,
    "combined": 0.5900906412689048,
    "sax_detail": {
      "total": -0.8670973727566981,
      "variety_gate": 0.25,
      "features": {
        "melodic_entropy": {
          "raw": 0.9182958340544896,
          "z_score": -1.9554480459111097
        },
        "dur_cv": {
          "raw": 0.0,
          "z_score": -0.2978723404255319
        },
        "sax_arpeggio_runs": {
          "raw": 0,
          "z_score": -0.3391684901531729
        },
        "peak_not_late": {
          "raw": 1,
          "z_score": 0.42975206611570255
        },
        "blue_ratio": {
          "raw": 0.0,
          "z_score": -1.1730769230769231
        },
        "rhythm_2grams": {
          "raw": 1,
          "z_score": -0.13257575757575726
        }
      }
    },
    "bass_detail": {
      "total": -1.5563063063063063,
      "chromatic_gate": 1.0,
      "direction_gate": 1.0,
      "features": {
        "duration_variety": {
          "raw": 1,
          "z_score": -1.0
        },
        "velocity_variance": {
          "raw": 0.0,
          "z_score": -1.25
        },
        "non_chromatic_ratio": {
          "raw": 0.6666666666666666,
          "z_score": 0.6936936936936936
        }
      }
    },
    "piano_detail": {
      "total": 0.5145616089277693,
      "tonic_bonus": 1.2,
      "register_failed": false,
      "avg_pitch": 59.5,
      "features": {
        "unique_chords": {
          "raw": 2,
          "capped": 2,
          "z_score": 0.146551724137931,
          "weight": 1.0
        },
        "avg_chord_duration": {
          "raw": 0.375,
          "z_score": 0.5573770491803279,
          "weight": 1.5
        },
        "cluster_ratio": {
          "raw": 0.3333333333333333,
          "z_score": -0.13269384492406067,
          "weight": 1.0
        },
        "out_of_key_ratio": {
          "raw": 0.08333333333333333,
          "z_score": -0.22112211221122108,
          "weight": 1.0
        },
        "chord_duration_variety": {
          "raw": 1,
          "z_score": -0.20000000000000018,
          "weight": 1.0
        }
      }
    },
    "drums_detail": {
      "total": 2.8651148968902165,
      "features": {
        "duration_variety": {
          "raw": 4,
          "z_score": 2.5439900867410157
        },
        "kick_off_beat_ratio": {
          "raw": 0.6666666666666667,
          "z_score": 1.4261904761904765
        },
        "velocity_variance": {
          "raw": 0.0,
          "z_score": -1.1050656660412759
        }
      }
    },
    "ensemble_detail": {
      "total": 1.0774596669241483,
      "dynamic_coherence": 0.8872983346207417
    }
  },
  "metrics": {
    "reward": 0.5900906412689048,
    "note_count": 40,
    "valid_midi": 1.0,
    "unique_durs": 1,
    "has_rests": false
  },
  "has_midi": true,
  "error": null,
  "timestamp": "2025-12-02T14:39:05.827509"
}