{
  "step": 32,
  "rollout_id": 22,
  "key": "D",
  "tempo": 160,
  "reward": 0.8138321117715578,
  "breakdown": {
    "sax": -0.3828964375060944,
    "sax_sig": 0.4365282044735828,
    "bass": 0.339569507199565,
    "bass_sig": 0.5563544532418501,
    "piano": 1.1356677841562879,
    "piano_sig": 0.6807263583222555,
    "drums": 6.5067680402985655,
    "drums_sig": 0.9871038363240595,
    "ensemble": 1.2515223200031667,
    "ensemble_sig": 0.6972735509089545,
    "z_sum": 8.850631214151491,
    "combined": 0.8138321117715578,
    "sax_detail": {
      "total": -0.3828964375060944,
      "variety_gate": 0.5,
      "features": {
        "melodic_entropy": {
          "raw": 1.3346791410515946,
          "z_score": -1.0843532613983378
        },
        "dur_cv": {
          "raw": 0.0,
          "z_score": -0.2978723404255319
        },
        "sax_arpeggio_runs": {
          "raw": 0,
          "z_score": -0.3391684901531729
        },
        "peak_not_late": {
          "raw": 1,
          "z_score": 0.42975206611570255
        },
        "blue_ratio": {
          "raw": 0.2857142857142857,
          "z_score": 0.6584249084249083
        },
        "rhythm_2grams": {
          "raw": 1,
          "z_score": -0.13257575757575726
        }
      }
    },
    "bass_detail": {
      "total": 0.339569507199565,
      "direction_gate": 0.5,
      "features": {
        "ioi_swing": {
          "raw": 0.0,
          "z_score": -0.24855491329479767
        },
        "non_chromatic_ratio": {
          "raw": 0.7272727272727273,
          "z_score": 0.9276939276939278
        }
      }
    },
    "piano_detail": {
      "total": 1.1356677841562879,
      "variety_gate": 1.0,
      "features": {
        "avg_chord_spread": {
          "raw": 9.0,
          "z_score": 0.4257300042319087
        },
        "gap_ratio": {
          "raw": 0.7142857142857143,
          "z_score": -0.6663865546218489
        },
        "register_separation": {
          "raw": 3.0,
          "z_score": -0.2180390032502709
        },
        "velocity_variance": {
          "raw": 0.023726723391354485,
          "z_score": 1.594363337796499
        }
      }
    },
    "drums_detail": {
      "total": 6.5067680402985655,
      "features": {
        "kick_off_beat_ratio": {
          "raw": 0.6666666666666667,
          "z_score": 1.423167848699764
        },
        "snare_backbeat_ratio": {
          "raw": 0.16666666666666666,
          "z_score": 1.2138364779874213
        },
        "velocity_variance": {
          "raw": 11.436132386735569,
          "z_score": 1.302932030443064
        },
        "duration_variety": {
          "raw": 4,
          "z_score": 2.5668316831683167
        }
      }
    },
    "ensemble_detail": {
      "total": 1.2515223200031667,
      "duration_gate": 1.0,
      "features": {
        "collision_rate": {
          "raw": 0.14285714285714285,
          "z_score": 0.4635258358662615
        },
        "phrase_alignment": {
          "raw": 0.6666666666666666,
          "z_score": 0.16861219195849547
        },
        "texture_density": {
          "raw": 0.692,
          "z_score": -0.08455882352941142
        },
        "harmonic_consonance": {
          "raw": 0.7307692307692307,
          "z_score": 0.7039431157078211
        }
      }
    }
  },
  "has_midi": true,
  "error": null,
  "timestamp": "2025-12-01T01:31:28.260402"
}