{
  "id": 12,
  "generation": 29,
  "reward": 0.19250261910466068,
  "breakdown": {
    "sax": -1.0687204972283368,
    "sax_sig": 0.3290510094242721,
    "bass": -1.0674585114110058,
    "bass_sig": 0.32923678062449835,
    "piano": -0.019582289012655685,
    "piano_sig": 0.49673633151650126,
    "drums": -3.7023103125176533,
    "drums_sig": 0.07811726930899641,
    "ensemble": -2.7449087032974004,
    "ensemble_sig": 0.13824552402210746,
    "z_sum": -8.602980313467054,
    "combined": 0.19250261910466068,
    "sax_detail": {
      "total": -1.0687204972283368,
      "variety_gate": 0.25,
      "features": {
        "melodic_entropy": {
          "raw": 2.2998963911678914,
          "z_score": -0.19984229734126488
        },
        "dur_cv": {
          "raw": 0.0,
          "z_score": -0.8880854560394412
        },
        "sax_arpeggio_runs": {
          "raw": 0,
          "z_score": -0.4150099290132615
        },
        "peak_not_late": {
          "raw": 0,
          "z_score": -1.6329142343960483
        },
        "blue_ratio": {
          "raw": 0.16666666666666666,
          "z_score": -0.2526624068157615
        },
        "rhythm_2grams": {
          "raw": 1,
          "z_score": -0.8863676653075695
        }
      }
    },
    "bass_detail": {
      "total": -1.0674585114110058,
      "direction_gate": 1.0,
      "features": {
        "ioi_swing": {
          "raw": 0.0,
          "z_score": -0.8105992171032821
        },
        "non_chromatic_ratio": {
          "raw": 0.6363636363636364,
          "z_score": -0.2568592943077236
        }
      }
    },
    "piano_detail": {
      "total": -0.019582289012655685,
      "variety_gate": 0.5,
      "features": {
        "avg_chord_spread": {
          "raw": 5.333333333333333,
          "z_score": -0.6834352256186319
        },
        "gap_ratio": {
          "raw": 0.0,
          "z_score": 2.046082949308756
        },
        "register_separation": {
          "raw": 1.4166666666666572,
          "z_score": -0.8228649332943825
        },
        "velocity_variance": {
          "raw": 0.0,
          "z_score": -0.5789473684210527
        }
      }
    },
    "drums_detail": {
      "total": -3.7023103125176533,
      "features": {
        "kick_off_beat_ratio": {
          "raw": 0.0,
          "z_score": -2.7365401301933026
        },
        "snare_backbeat_ratio": {
          "raw": 0.0,
          "z_score": -0.5855710048313247
        },
        "velocity_variance": {
          "raw": 12.133516482134198,
          "z_score": -0.1619816152387667
        },
        "duration_variety": {
          "raw": 2,
          "z_score": -0.21821756225425926
        }
      }
    },
    "ensemble_detail": {
      "total": -2.7449087032974004,
      "duration_gate": 1.0,
      "features": {
        "collision_rate": {
          "raw": 0.75,
          "z_score": -1.3470149253731343
        },
        "phrase_alignment": {
          "raw": 1.0,
          "z_score": -1.66875
        },
        "texture_density": {
          "raw": 0,
          "z_score": 1.4390243902439026
        },
        "harmonic_consonance": {
          "raw": 0.6333333333333333,
          "z_score": -1.1681681681681686
        }
      }
    }
  },
  "metrics": {
    "reward": 0.19250261910466068,
    "note_count": 66,
    "valid_midi": 1.0,
    "unique_durs": 1,
    "has_rests": false
  },
  "has_midi": true,
  "error": null,
  "timestamp": "2025-11-30T17:31:52.837419"
}