{
  "id": 23,
  "generation": 42,
  "reward": 0.39363375628816727,
  "breakdown": {
    "sax": -1.8173131341519129,
    "sax_sig": 0.22942830973512537,
    "bass": -0.5379313703013126,
    "bass_sig": 0.4112934448315461,
    "piano": 1.1053902286366692,
    "piano_sig": 0.676323470979787,
    "drums": -1.9855170115091578,
    "drums_sig": 0.21020701969517733,
    "ensemble": 0.642991837433707,
    "ensemble_sig": 0.6055539360415684,
    "z_sum": -2.592379449892007,
    "combined": 0.39363375628816727,
    "sax_detail": {
      "total": -1.8173131341519129,
      "variety_gate": 0.5,
      "features": {
        "melodic_entropy": {
          "raw": 2.1556390622295662,
          "z_score": 0.6331361134509755
        },
        "dur_cv": {
          "raw": 0.0,
          "z_score": -0.2978723404255319
        },
        "sax_arpeggio_runs": {
          "raw": 0,
          "z_score": -0.3391684901531729
        },
        "peak_not_late": {
          "raw": 0,
          "z_score": -2.325068870523416
        },
        "blue_ratio": {
          "raw": 0.0,
          "z_score": -1.1730769230769231
        },
        "rhythm_2grams": {
          "raw": 1,
          "z_score": -0.13257575757575726
        }
      }
    },
    "bass_detail": {
      "total": -0.5379313703013126,
      "direction_gate": 0.5,
      "features": {
        "ioi_swing": {
          "raw": 0.0,
          "z_score": -0.24855491329479767
        },
        "non_chromatic_ratio": {
          "raw": 0.2727272727272727,
          "z_score": -0.8273078273078274
        }
      }
    },
    "piano_detail": {
      "total": 1.1053902286366692,
      "variety_gate": 0.5,
      "features": {
        "avg_chord_spread": {
          "raw": 10.0,
          "z_score": 0.8489208633093526
        },
        "gap_ratio": {
          "raw": 0.6666666666666666,
          "z_score": -0.3862745098039215
        },
        "register_separation": {
          "raw": 11.111111111111114,
          "z_score": 1.9789033345371383
        },
        "velocity_variance": {
          "raw": 0.0,
          "z_score": -0.23076923076923078
        }
      }
    },
    "drums_detail": {
      "total": -1.9855170115091578,
      "features": {
        "kick_off_beat_ratio": {
          "raw": 0.19999999999999996,
          "z_score": -1.8865248226950362
        },
        "snare_backbeat_ratio": {
          "raw": 0.0,
          "z_score": -0.3584905660377358
        },
        "velocity_variance": {
          "raw": 0.0,
          "z_score": -1.0697095435684647
        },
        "duration_variety": {
          "raw": 3,
          "z_score": 1.3292079207920793
        }
      }
    },
    "ensemble_detail": {
      "total": 0.642991837433707,
      "duration_gate": 1.0,
      "features": {
        "collision_rate": {
          "raw": 0.0,
          "z_score": 1.223404255319149
        },
        "phrase_alignment": {
          "raw": 0.6666666666666666,
          "z_score": 0.16861219195849547
        },
        "texture_density": {
          "raw": 0.7,
          "z_score": -0.1139705882352938
        },
        "harmonic_consonance": {
          "raw": 0.5714285714285714,
          "z_score": -0.6350540216086439
        }
      }
    }
  },
  "metrics": {
    "reward": 0.39363375628816727,
    "note_count": 52,
    "valid_midi": 1.0,
    "unique_durs": 1,
    "has_rests": true
  },
  "has_midi": true,
  "error": null,
  "timestamp": "2025-12-01T03:08:03.485932"
}