{
  "step": 18,
  "rollout_id": 22,
  "key": "Dm",
  "tempo": 160,
  "reward": 0.7702938341456608,
  "breakdown": {
    "sax": 0.038320608844368845,
    "sax_sig": 0.5063864208014929,
    "bass": -0.5825289575289575,
    "bass_sig": 0.4041139323035253,
    "piano": 1.5490443675484589,
    "piano_sig": 0.7374382851619721,
    "drums": 4.120270222259978,
    "drums_sig": 0.9397350225544421,
    "ensemble_mult": 1.0466666666666666,
    "z_sum": 5.125106241123849,
    "base_reward": 0.7359495230691027,
    "combined": 0.7702938341456608,
    "sax_detail": {
      "total": 0.038320608844368845,
      "variety_gate": 0.5,
      "features": {
        "melodic_entropy": {
          "raw": 2.0,
          "z_score": 0.30753138075313813
        },
        "dur_cv": {
          "raw": 0.0,
          "z_score": -0.2978723404255319
        },
        "sax_arpeggio_runs": {
          "raw": 0,
          "z_score": -0.3391684901531729
        },
        "peak_not_late": {
          "raw": 1,
          "z_score": 0.42975206611570255
        },
        "blue_ratio": {
          "raw": 0.2,
          "z_score": 0.10897435897435907
        },
        "rhythm_2grams": {
          "raw": 1,
          "z_score": -0.13257575757575726
        }
      }
    },
    "bass_detail": {
      "total": -0.5825289575289575,
      "chromatic_gate": 0.5,
      "direction_gate": 1.0,
      "features": {
        "duration_variety": {
          "raw": 3,
          "z_score": 1.0
        },
        "velocity_variance": {
          "raw": 0.0,
          "z_score": -1.25
        },
        "non_chromatic_ratio": {
          "raw": 0.25,
          "z_score": -0.915057915057915
        }
      }
    },
    "piano_detail": {
      "total": 1.5490443675484589,
      "tonic_bonus": 1.2,
      "register_failed": false,
      "avg_pitch": 67.0,
      "features": {
        "unique_chords": {
          "raw": 3,
          "capped": 3,
          "z_score": 1.0086206896551724,
          "weight": 1.0
        },
        "avg_chord_duration": {
          "raw": 0.375,
          "z_score": 0.5573770491803279,
          "weight": 1.5
        },
        "cluster_ratio": {
          "raw": 0.3333333333333333,
          "z_score": -0.13269384492406067,
          "weight": 1.0
        },
        "out_of_key_ratio": {
          "raw": 0.08333333333333333,
          "z_score": -0.22112211221122108,
          "weight": 1.0
        },
        "chord_duration_variety": {
          "raw": 1,
          "z_score": -0.20000000000000018,
          "weight": 1.0
        }
      }
    },
    "drums_detail": {
      "total": 4.120270222259978,
      "features": {
        "duration_variety": {
          "raw": 4,
          "z_score": 2.5439900867410157
        },
        "kick_off_beat_ratio": {
          "raw": 0.5,
          "z_score": 0.23571428571428552
        },
        "velocity_variance": {
          "raw": 11.731694381513037,
          "z_score": 1.3405658498046773
        }
      }
    },
    "ensemble_detail": {
      "total": 1.0466666666666666,
      "dynamic_coherence": 0.7333333333333333
    }
  },
  "has_midi": true,
  "error": null,
  "timestamp": "2025-12-02T13:45:40.196180"
}