{
  "step": 52,
  "rollout_id": 18,
  "key": "D",
  "tempo": 160,
  "reward": 0.8770571385480486,
  "breakdown": {
    "sax": -0.08377730970699741,
    "sax_sig": 0.48604074356250304,
    "bass": 0.339569507199565,
    "bass_sig": 0.5563544532418501,
    "piano": 3.7480142045696274,
    "piano_sig": 0.9240489600909632,
    "drums": 6.5067680402985655,
    "drums_sig": 0.9871038363240595,
    "ensemble": 1.2785401744155591,
    "ensemble_sig": 0.7010619962495812,
    "z_sum": 11.789114616776319,
    "combined": 0.8770571385480486,
    "sax_detail": {
      "total": -0.08377730970699741,
      "variety_gate": 0.5,
      "features": {
        "melodic_entropy": {
          "raw": 2.1556390622295662,
          "z_score": 0.6331361134509755
        },
        "dur_cv": {
          "raw": 0.0,
          "z_score": -0.2978723404255319
        },
        "sax_arpeggio_runs": {
          "raw": 0,
          "z_score": -0.3391684901531729
        },
        "peak_not_late": {
          "raw": 1,
          "z_score": 0.42975206611570255
        },
        "blue_ratio": {
          "raw": 0.1111111111111111,
          "z_score": -0.46082621082621084
        },
        "rhythm_2grams": {
          "raw": 1,
          "z_score": -0.13257575757575726
        }
      }
    },
    "bass_detail": {
      "total": 0.339569507199565,
      "direction_gate": 0.5,
      "features": {
        "ioi_swing": {
          "raw": 0.0,
          "z_score": -0.24855491329479767
        },
        "non_chromatic_ratio": {
          "raw": 0.7272727272727273,
          "z_score": 0.9276939276939278
        }
      }
    },
    "piano_detail": {
      "total": 3.7480142045696274,
      "variety_gate": 1.0,
      "features": {
        "avg_chord_spread": {
          "raw": 10.0,
          "z_score": 0.8489208633093526
        },
        "gap_ratio": {
          "raw": 0.7777777777777778,
          "z_score": -1.0398692810457517
        },
        "register_separation": {
          "raw": 1.0555555555555571,
          "z_score": -0.7447032623088957
        },
        "velocity_variance": {
          "raw": 0.06388765649999399,
          "z_score": 4.683665884614922
        }
      }
    },
    "drums_detail": {
      "total": 6.5067680402985655,
      "features": {
        "kick_off_beat_ratio": {
          "raw": 0.6666666666666667,
          "z_score": 1.423167848699764
        },
        "snare_backbeat_ratio": {
          "raw": 0.16666666666666666,
          "z_score": 1.2138364779874213
        },
        "velocity_variance": {
          "raw": 11.436132386735569,
          "z_score": 1.302932030443064
        },
        "duration_variety": {
          "raw": 4,
          "z_score": 2.5668316831683167
        }
      }
    },
    "ensemble_detail": {
      "total": 1.2785401744155591,
      "duration_gate": 1.0,
      "features": {
        "collision_rate": {
          "raw": 0.0,
          "z_score": 1.223404255319149
        },
        "phrase_alignment": {
          "raw": 0.6666666666666666,
          "z_score": 0.16861219195849547
        },
        "texture_density": {
          "raw": 0.7,
          "z_score": -0.1139705882352938
        },
        "harmonic_consonance": {
          "raw": 0.6470588235294118,
          "z_score": 0.000494315373208217
        }
      }
    }
  },
  "has_midi": true,
  "error": null,
  "timestamp": "2025-12-01T04:10:25.957904"
}