{
  "id": 23,
  "generation": 2,
  "reward": 0.6282139561406448,
  "breakdown": {
    "sax": 0.3033534594021745,
    "sax_sig": 0.5503872932908164,
    "bass": 0.3694328223399969,
    "bass_sig": 0.5612627763010823,
    "piano": 1.9066487556055391,
    "piano_sig": 0.7809308496952037,
    "drums": 0.957928175293867,
    "drums_sig": 0.6544411680334953,
    "ensemble": -0.3899896223908883,
    "ensemble_sig": 0.43536540889518566,
    "z_sum": 3.147373590250689,
    "combined": 0.6282139561406448,
    "sax_detail": {
      "total": 0.3033534594021745,
      "variety_gate": 0.25,
      "features": {
        "melodic_entropy": {
          "raw": 1.7779849042597489,
          "z_score": -0.15693534673692702
        },
        "dur_cv": {
          "raw": 0.0,
          "z_score": -0.2978723404255319
        },
        "sax_arpeggio_runs": {
          "raw": 2,
          "z_score": 1.1196207148067103
        },
        "peak_not_late": {
          "raw": 1,
          "z_score": 0.42975206611570255
        },
        "blue_ratio": {
          "raw": 0.2222222222222222,
          "z_score": 0.25142450142450135
        },
        "rhythm_2grams": {
          "raw": 1,
          "z_score": -0.13257575757575726
        }
      }
    },
    "bass_detail": {
      "total": 0.3694328223399969,
      "direction_gate": 1.0,
      "features": {
        "ioi_swing": {
          "raw": 0.0,
          "z_score": -0.24855491329479767
        },
        "non_chromatic_ratio": {
          "raw": 0.6470588235294118,
          "z_score": 0.6179877356347946
        }
      }
    },
    "piano_detail": {
      "total": 1.9066487556055391,
      "variety_gate": 1.0,
      "features": {
        "avg_chord_spread": {
          "raw": 11.0,
          "z_score": 1.2721117223867966
        },
        "gap_ratio": {
          "raw": 0.6470588235294118,
          "z_score": -0.27093425605536364
        },
        "register_separation": {
          "raw": 8.0,
          "z_score": 1.136240520043337
        },
        "velocity_variance": {
          "raw": 0.0,
          "z_score": -0.23076923076923078
        }
      }
    },
    "drums_detail": {
      "total": 0.957928175293867,
      "features": {
        "kick_off_beat_ratio": {
          "raw": 0.5,
          "z_score": 0.2411347517730495
        },
        "snare_backbeat_ratio": {
          "raw": 0.0,
          "z_score": -0.3584905660377358
        },
        "velocity_variance": {
          "raw": 9.89743318610787,
          "z_score": 0.9836998311427116
        },
        "duration_variety": {
          "raw": 2,
          "z_score": 0.09158415841584167
        }
      }
    },
    "ensemble_detail": {
      "total": -0.3899896223908883,
      "duration_gate": 1.0,
      "features": {
        "collision_rate": {
          "raw": 0.16666666666666666,
          "z_score": 0.3368794326241136
        },
        "phrase_alignment": {
          "raw": 1.0,
          "z_score": -1.1284046692607006
        },
        "texture_density": {
          "raw": 0.768,
          "z_score": -0.363970588235294
        },
        "harmonic_consonance": {
          "raw": 0.7380952380952381,
          "z_score": 0.7655062024809927
        }
      }
    }
  },
  "metrics": {
    "reward": 0.6282139561406448,
    "note_count": 67,
    "valid_midi": 1.0,
    "unique_durs": 1,
    "has_rests": false
  },
  "has_midi": true,
  "error": null,
  "timestamp": "2025-11-30T22:11:22.259828"
}