{
  "id": 9,
  "generation": 37,
  "reward": 0.3953469463577969,
  "breakdown": {
    "sax": 0.5869808352511453,
    "sax_sig": 0.5966005560098095,
    "bass": -1.4268630916029759,
    "bass_sig": 0.27863510207761855,
    "piano": -0.23286903457923155,
    "piano_sig": 0.4612662575570703,
    "drums": 0.14214256295892813,
    "drums_sig": 0.5236727151598284,
    "ensemble": -1.6187378953759466,
    "ensemble_sig": 0.25366527740571243,
    "z_sum": -2.5493466233480806,
    "combined": 0.3953469463577969,
    "sax_detail": {
      "total": 0.5869808352511453,
      "variety_gate": 1.0,
      "features": {
        "melodic_entropy": {
          "raw": 1.823067982273661,
          "z_score": -0.06261928394631572
        },
        "dur_cv": {
          "raw": 0.2032789070454355,
          "z_score": 1.8646692238876117
        },
        "sax_arpeggio_runs": {
          "raw": 0,
          "z_score": -0.3391684901531729
        },
        "peak_not_late": {
          "raw": 1,
          "z_score": 0.42975206611570255
        },
        "blue_ratio": {
          "raw": 0.0,
          "z_score": -1.1730769230769231
        },
        "rhythm_2grams": {
          "raw": 1,
          "z_score": -0.13257575757575726
        }
      }
    },
    "bass_detail": {
      "total": -1.4268630916029759,
      "direction_gate": 1.0,
      "features": {
        "ioi_swing": {
          "raw": 0.0,
          "z_score": -0.24855491329479767
        },
        "non_chromatic_ratio": {
          "raw": 0.18181818181818182,
          "z_score": -1.1783081783081781
        }
      }
    },
    "piano_detail": {
      "total": -0.23286903457923155,
      "variety_gate": 0.5,
      "features": {
        "avg_chord_spread": {
          "raw": 7.0,
          "z_score": -0.4206517139229792
        },
        "gap_ratio": {
          "raw": 0.6666666666666666,
          "z_score": -0.3862745098039215
        },
        "register_separation": {
          "raw": 5.916666666666671,
          "z_score": 0.5719573853376683
        },
        "velocity_variance": {
          "raw": 0.0,
          "z_score": -0.23076923076923078
        }
      }
    },
    "drums_detail": {
      "total": 0.14214256295892813,
      "features": {
        "kick_off_beat_ratio": {
          "raw": 0.5,
          "z_score": 0.2411347517730495
        },
        "snare_backbeat_ratio": {
          "raw": 0.0,
          "z_score": -0.3584905660377358
        },
        "velocity_variance": {
          "raw": 0.0,
          "z_score": -1.0697095435684647
        },
        "duration_variety": {
          "raw": 3,
          "z_score": 1.3292079207920793
        }
      }
    },
    "ensemble_detail": {
      "total": -1.6187378953759466,
      "duration_gate": 1.0,
      "features": {
        "collision_rate": {
          "raw": 0.3333333333333333,
          "z_score": -0.5496453900709218
        },
        "phrase_alignment": {
          "raw": 0.6666666666666666,
          "z_score": 0.16861219195849547
        },
        "texture_density": {
          "raw": 0.992,
          "z_score": -1.1874999999999998
        },
        "harmonic_consonance": {
          "raw": 0.6410256410256411,
          "z_score": -0.050204697263520504
        }
      }
    }
  },
  "metrics": {
    "reward": 0.3953469463577969,
    "note_count": 48,
    "valid_midi": 1.0,
    "unique_durs": 2,
    "has_rests": true
  },
  "has_midi": true,
  "error": null,
  "timestamp": "2025-12-01T02:23:03.170483"
}