{
  "step": 12,
  "rollout_id": 18,
  "key": "D",
  "tempo": 160,
  "reward": 0.39470225941962545,
  "breakdown": {
    "sax": -0.36667885473250056,
    "sax_sig": 0.43918937836869903,
    "bass": 0.67913901439913,
    "bass_sig": 0.611295091810923,
    "piano": -0.4315110259634992,
    "piano_sig": 0.42857340126059174,
    "drums": 1.4218458715648887,
    "drums_sig": 0.7206921009972318,
    "ensemble": -3.86832758395187,
    "ensemble_sig": 0.07050976726928394,
    "z_sum": -2.5655325786838508,
    "combined": 0.39470225941962545,
    "sax_detail": {
      "total": -0.36667885473250056,
      "variety_gate": 0.5,
      "features": {
        "melodic_entropy": {
          "raw": 1.0,
          "z_score": -1.784518828451883
        },
        "dur_cv": {
          "raw": 0.0,
          "z_score": -0.2978723404255319
        },
        "sax_arpeggio_runs": {
          "raw": 0,
          "z_score": -0.3391684901531729
        },
        "peak_not_late": {
          "raw": 1,
          "z_score": 0.42975206611570255
        },
        "blue_ratio": {
          "raw": 0.4,
          "z_score": 1.3910256410256412
        },
        "rhythm_2grams": {
          "raw": 1,
          "z_score": -0.13257575757575726
        }
      }
    },
    "bass_detail": {
      "total": 0.67913901439913,
      "direction_gate": 1.0,
      "features": {
        "ioi_swing": {
          "raw": 0.0,
          "z_score": -0.24855491329479767
        },
        "non_chromatic_ratio": {
          "raw": 0.7272727272727273,
          "z_score": 0.9276939276939278
        }
      }
    },
    "piano_detail": {
      "total": -0.4315110259634992,
      "variety_gate": 0.5,
      "features": {
        "avg_chord_spread": {
          "raw": 8.333333333333334,
          "z_score": 0.1436027648469463
        },
        "gap_ratio": {
          "raw": 0.6666666666666666,
          "z_score": -0.3862745098039215
        },
        "register_separation": {
          "raw": 2.3666666666666742,
          "z_score": -0.38958107620079246
        },
        "velocity_variance": {
          "raw": 0.0,
          "z_score": -0.23076923076923078
        }
      }
    },
    "drums_detail": {
      "total": 1.4218458715648887,
      "features": {
        "kick_off_beat_ratio": {
          "raw": 0.5,
          "z_score": 0.2411347517730495
        },
        "snare_backbeat_ratio": {
          "raw": 0.0,
          "z_score": -0.3584905660377358
        },
        "velocity_variance": {
          "raw": 12.133516482134196,
          "z_score": 1.4476175274137335
        },
        "duration_variety": {
          "raw": 2,
          "z_score": 0.09158415841584167
        }
      }
    },
    "ensemble_detail": {
      "total": -3.86832758395187,
      "duration_gate": 1.0,
      "features": {
        "collision_rate": {
          "raw": 1.0,
          "z_score": -3.0
        },
        "phrase_alignment": {
          "raw": 0.6666666666666666,
          "z_score": 0.16861219195849547
        },
        "texture_density": {
          "raw": 0.9960000000000001,
          "z_score": -1.2022058823529413
        },
        "harmonic_consonance": {
          "raw": 0.6666666666666666,
          "z_score": 0.16526610644257655
        }
      }
    }
  },
  "has_midi": true,
  "error": null,
  "timestamp": "2025-12-01T00:13:31.166228"
}