{
  "step": 1,
  "rollout_id": 31,
  "key": "Dm",
  "tempo": 160,
  "reward": 0.4424101683460662,
  "breakdown": {
    "sax": -1.9396003304162492,
    "sax_sig": 0.21533416077133813,
    "bass": -1.075862740602625,
    "bass_sig": 0.3280006403243589,
    "piano": 2.3897811699564664,
    "piano_sig": 0.8310640820025497,
    "drums": -2.333104961793547,
    "drums_sig": 0.17430723222270691,
    "ensemble": 1.5704697293724554,
    "ensemble_sig": 0.7401945200430939,
    "z_sum": -1.3883171334834996,
    "combined": 0.4424101683460662,
    "sax_detail": {
      "total": -1.9396003304162492,
      "variety_gate": 0.5,
      "features": {
        "melodic_entropy": {
          "raw": 0.7219280948873623,
          "z_score": -2.3662592157168154
        },
        "dur_cv": {
          "raw": 0.0,
          "z_score": -0.2978723404255319
        },
        "sax_arpeggio_runs": {
          "raw": 0,
          "z_score": -0.3391684901531729
        },
        "peak_not_late": {
          "raw": 1,
          "z_score": 0.42975206611570255
        },
        "blue_ratio": {
          "raw": 0.0,
          "z_score": -1.1730769230769231
        },
        "rhythm_2grams": {
          "raw": 1,
          "z_score": -0.13257575757575726
        }
      }
    },
    "bass_detail": {
      "total": -1.075862740602625,
      "direction_gate": 1.0,
      "features": {
        "ioi_swing": {
          "raw": 0.0,
          "z_score": -0.24855491329479767
        },
        "non_chromatic_ratio": {
          "raw": 0.2727272727272727,
          "z_score": -0.8273078273078274
        }
      }
    },
    "piano_detail": {
      "total": 2.3897811699564664,
      "variety_gate": 1.0,
      "features": {
        "avg_chord_spread": {
          "raw": 7.0,
          "z_score": -0.4206517139229792
        },
        "gap_ratio": {
          "raw": 0.14285714285714285,
          "z_score": 2.694957983193277
        },
        "register_separation": {
          "raw": 5.083333333333336,
          "z_score": 0.3462441314553996
        },
        "velocity_variance": {
          "raw": 0.0,
          "z_score": -0.23076923076923078
        }
      }
    },
    "drums_detail": {
      "total": -2.333104961793547,
      "features": {
        "kick_off_beat_ratio": {
          "raw": 0.5,
          "z_score": 0.2411347517730495
        },
        "snare_backbeat_ratio": {
          "raw": 0.0,
          "z_score": -0.3584905660377358
        },
        "velocity_variance": {
          "raw": 0.0,
          "z_score": -1.0697095435684647
        },
        "duration_variety": {
          "raw": 1,
          "z_score": -1.146039603960396
        }
      }
    },
    "ensemble_detail": {
      "total": 1.5704697293724554,
      "duration_gate": 1.0,
      "features": {
        "collision_rate": {
          "raw": 0.16666666666666666,
          "z_score": 0.3368794326241136
        },
        "phrase_alignment": {
          "raw": 0.25,
          "z_score": 1.7898832684824901
        },
        "texture_density": {
          "raw": 0.796,
          "z_score": -0.4669117647058823
        },
        "harmonic_consonance": {
          "raw": 0.6363636363636364,
          "z_score": -0.0893812070282661
        }
      }
    }
  },
  "has_midi": true,
  "error": null,
  "timestamp": "2025-11-30T21:15:14.318377"
}