{
  "step": 6,
  "rollout_id": 16,
  "key": "Fm",
  "tempo": 160,
  "reward": 0.6771609735745014,
  "breakdown": {
    "sax": -0.4268463170830015,
    "sax_sig": 0.4293351558495129,
    "bass": 0.4172326261602035,
    "bass_sig": 0.5690938603156048,
    "piano": -0.21086597550077976,
    "piano_sig": 0.4649134334024361,
    "drums": 0.362312827963865,
    "drums_sig": 0.5600935876065568,
    "ensemble": 4.302697982687379,
    "ensemble_sig": 0.9462653672915731,
    "z_sum": 4.444531144227666,
    "combined": 0.6771609735745014,
    "sax_detail": {
      "total": -0.4268463170830015,
      "variety_gate": 0.25,
      "features": {
        "melodic_entropy": {
          "raw": 0.9940302114769565,
          "z_score": -1.797007925780426
        },
        "dur_cv": {
          "raw": 0.0,
          "z_score": -0.2978723404255319
        },
        "sax_arpeggio_runs": {
          "raw": 0,
          "z_score": -0.3391684901531729
        },
        "peak_not_late": {
          "raw": 1,
          "z_score": 0.42975206611570255
        },
        "blue_ratio": {
          "raw": 0.25,
          "z_score": 0.4294871794871795
        },
        "rhythm_2grams": {
          "raw": 1,
          "z_score": -0.13257575757575726
        }
      }
    },
    "bass_detail": {
      "total": 0.4172326261602035,
      "direction_gate": 1.0,
      "features": {
        "ioi_swing": {
          "raw": 0.13685937700384787,
          "z_score": 0.5425397514673288
        },
        "non_chromatic_ratio": {
          "raw": 0.45454545454545453,
          "z_score": -0.12530712530712532
        }
      }
    },
    "piano_detail": {
      "total": -0.21086597550077976,
      "variety_gate": 0.5,
      "features": {
        "avg_chord_spread": {
          "raw": 7.0,
          "z_score": -0.4206517139229792
        },
        "gap_ratio": {
          "raw": 0.64,
          "z_score": -0.22941176470588254
        },
        "register_separation": {
          "raw": 5.5,
          "z_score": 0.45910075839653297
        },
        "velocity_variance": {
          "raw": 0.0,
          "z_score": -0.23076923076923078
        }
      }
    },
    "drums_detail": {
      "total": 0.362312827963865,
      "features": {
        "kick_off_beat_ratio": {
          "raw": 0.5,
          "z_score": 0.2411347517730495
        },
        "snare_backbeat_ratio": {
          "raw": 0.2857142857142857,
          "z_score": 2.3369272237196763
        },
        "velocity_variance": {
          "raw": 0.0,
          "z_score": -1.0697095435684647
        },
        "duration_variety": {
          "raw": 1,
          "z_score": -1.146039603960396
        }
      }
    },
    "ensemble_detail": {
      "total": 4.302697982687379,
      "duration_gate": 1.0,
      "features": {
        "collision_rate": {
          "raw": 0.0,
          "z_score": 1.223404255319149
        },
        "phrase_alignment": {
          "raw": 0.0,
          "z_score": 2.762645914396887
        },
        "texture_density": {
          "raw": 0.45199999999999996,
          "z_score": 0.7977941176470591
        },
        "harmonic_consonance": {
          "raw": 0.5897435897435898,
          "z_score": -0.4811463046757165
        }
      }
    }
  },
  "has_midi": true,
  "error": null,
  "timestamp": "2025-11-30T22:35:55.660741"
}