{
  "step": 12,
  "rollout_id": 23,
  "key": "D",
  "tempo": 160,
  "reward": 0.5899049463839184,
  "breakdown": {
    "sax": 0.8495713634919829,
    "sax_sig": 0.6379276701107748,
    "bass": -0.47414785317345187,
    "bass_sig": 0.42162684967454517,
    "piano": 0.32613506890908495,
    "piano_sig": 0.5541427222690046,
    "drums": -1.6020668123859008,
    "drums_sig": 0.2557751361247146,
    "ensemble": 3.081942904241753,
    "ensemble_sig": 0.8864144784496865,
    "z_sum": 2.1814346710834682,
    "combined": 0.5899049463839184,
    "sax_detail": {
      "total": 0.8495713634919829,
      "variety_gate": 0.5,
      "features": {
        "melodic_entropy": {
          "raw": 1.9937737543219836,
          "z_score": 0.294505762179882
        },
        "dur_cv": {
          "raw": 0.0,
          "z_score": -0.2978723404255319
        },
        "sax_arpeggio_runs": {
          "raw": 4,
          "z_score": 2.5784099197665937
        },
        "peak_not_late": {
          "raw": 1,
          "z_score": 0.42975206611570255
        },
        "blue_ratio": {
          "raw": 0.0,
          "z_score": -1.1730769230769231
        },
        "rhythm_2grams": {
          "raw": 1,
          "z_score": -0.13257575757575726
        }
      }
    },
    "bass_detail": {
      "total": -0.47414785317345187,
      "direction_gate": 1.0,
      "features": {
        "ioi_swing": {
          "raw": 0.0,
          "z_score": -0.24855491329479767
        },
        "non_chromatic_ratio": {
          "raw": 0.42857142857142855,
          "z_score": -0.2255929398786542
        }
      }
    },
    "piano_detail": {
      "total": 0.32613506890908495,
      "variety_gate": 0.5,
      "features": {
        "avg_chord_spread": {
          "raw": 6.0,
          "z_score": -0.8438425730004231
        },
        "gap_ratio": {
          "raw": 0.45454545454545453,
          "z_score": 0.8614973262032085
        },
        "register_separation": {
          "raw": 7.0,
          "z_score": 0.8653846153846153
        },
        "velocity_variance": {
          "raw": 0.0,
          "z_score": -0.23076923076923078
        }
      }
    },
    "drums_detail": {
      "total": -1.6020668123859008,
      "features": {
        "kick_off_beat_ratio": {
          "raw": 0.4285714285714286,
          "z_score": -0.265450861195542
        },
        "snare_backbeat_ratio": {
          "raw": 0.0,
          "z_score": -0.3584905660377358
        },
        "velocity_variance": {
          "raw": 0.0,
          "z_score": -1.0697095435684647
        },
        "duration_variety": {
          "raw": 2,
          "z_score": 0.09158415841584167
        }
      }
    },
    "ensemble_detail": {
      "total": 3.081942904241753,
      "duration_gate": 1.0,
      "features": {
        "collision_rate": {
          "raw": 0.0,
          "z_score": 1.223404255319149
        },
        "phrase_alignment": {
          "raw": 0.75,
          "z_score": -0.15564202334630364
        },
        "texture_density": {
          "raw": 0.42799999999999994,
          "z_score": 0.8860294117647062
        },
        "harmonic_consonance": {
          "raw": 0.78125,
          "z_score": 1.1281512605042017
        }
      }
    }
  },
  "has_midi": true,
  "error": null,
  "timestamp": "2025-11-30T22:22:16.236636"
}