{
  "id": 16,
  "generation": 26,
  "reward": 0.19740323812522687,
  "breakdown": {
    "sax": -1.2938847363184274,
    "sax_sig": 0.2967985413014786,
    "bass": -1.0674585114110058,
    "bass_sig": 0.32923678062449835,
    "piano": -1.2119116095821927,
    "piano_sig": 0.30832941400419894,
    "drums": -1.9415904337281233,
    "drums_sig": 0.21511007308849195,
    "ensemble": -2.900778064194519,
    "ensemble_sig": 0.12632482992231167,
    "z_sum": -8.415623355234267,
    "combined": 0.19740323812522687,
    "sax_detail": {
      "total": -1.2938847363184274,
      "variety_gate": 0.5,
      "features": {
        "melodic_entropy": {
          "raw": 1.9709505944546686,
          "z_score": -0.8789211510019229
        },
        "dur_cv": {
          "raw": 0.0,
          "z_score": -0.8880854560394412
        },
        "sax_arpeggio_runs": {
          "raw": 0,
          "z_score": -0.4150099290132615
        },
        "peak_not_late": {
          "raw": 1,
          "z_score": 0.6122586439155816
        },
        "blue_ratio": {
          "raw": 0.18181818181818182,
          "z_score": -0.13164391519024105
        },
        "rhythm_2grams": {
          "raw": 1,
          "z_score": -0.8863676653075695
        }
      }
    },
    "bass_detail": {
      "total": -1.0674585114110058,
      "direction_gate": 1.0,
      "features": {
        "ioi_swing": {
          "raw": 0.0,
          "z_score": -0.8105992171032821
        },
        "non_chromatic_ratio": {
          "raw": 0.6363636363636364,
          "z_score": -0.2568592943077236
        }
      }
    },
    "piano_detail": {
      "total": -1.2119116095821927,
      "variety_gate": 0.5,
      "features": {
        "avg_chord_spread": {
          "raw": 7.666666666666667,
          "z_score": -0.2758660844250364
        },
        "gap_ratio": {
          "raw": 0.6666666666666666,
          "z_score": -1.0261136712749614
        },
        "register_separation": {
          "raw": 3.3333333333333286,
          "z_score": -0.5428960950433349
        },
        "velocity_variance": {
          "raw": 0.0,
          "z_score": -0.5789473684210527
        }
      }
    },
    "drums_detail": {
      "total": -1.9415904337281233,
      "features": {
        "kick_off_beat_ratio": {
          "raw": 0.5,
          "z_score": -0.8253055108539016
        },
        "snare_backbeat_ratio": {
          "raw": 0.0,
          "z_score": -0.5855710048313247
        },
        "velocity_variance": {
          "raw": 22.776083947860748,
          "z_score": 0.887701436807582
        },
        "duration_variety": {
          "raw": 1,
          "z_score": -1.418415354850479
        }
      }
    },
    "ensemble_detail": {
      "total": -2.900778064194519,
      "duration_gate": 0.8,
      "features": {
        "collision_rate": {
          "raw": 0.0,
          "z_score": 1.4514925373134329
        },
        "phrase_alignment": {
          "raw": 0.5,
          "z_score": -0.10624999999999991
        },
        "texture_density": {
          "raw": 0.6599999999999999,
          "z_score": -0.3495934959349591
        },
        "harmonic_consonance": {
          "raw": 0.25,
          "z_score": -4.621621621621622
        }
      }
    }
  },
  "metrics": {
    "reward": 0.19740323812522687,
    "note_count": 67,
    "valid_midi": 1.0,
    "unique_durs": 1,
    "has_rests": true
  },
  "has_midi": true,
  "error": null,
  "timestamp": "2025-11-30T17:30:04.938179"
}