{
  "id": 7,
  "generation": 32,
  "reward": 0.8316283763979719,
  "breakdown": {
    "sax": 0.6069698182351174,
    "sax_sig": 0.5998035289002399,
    "bass": -0.26930501930501927,
    "bass_sig": 0.45523600694864574,
    "piano": 3.857489771588804,
    "piano_sig": 0.9290152340928375,
    "drums": 2.5184491878027737,
    "drums_sig": 0.8427675805108108,
    "ensemble_mult": 1.0487950036474267,
    "z_sum": 6.713603758321676,
    "base_reward": 0.7929370120050079,
    "combined": 0.8316283763979719,
    "sax_detail": {
      "total": 0.6069698182351174,
      "variety_gate": 0.5,
      "features": {
        "melodic_entropy": {
          "raw": 2.4591479170272446,
          "z_score": 1.2680918766260347
        },
        "dur_cv": {
          "raw": 0.0,
          "z_score": -0.2978723404255319
        },
        "sax_arpeggio_runs": {
          "raw": 2,
          "z_score": 1.1196207148067103
        },
        "peak_not_late": {
          "raw": 1,
          "z_score": 0.42975206611570255
        },
        "blue_ratio": {
          "raw": 0.0,
          "z_score": -1.1730769230769231
        },
        "rhythm_2grams": {
          "raw": 1,
          "z_score": -0.13257575757575726
        }
      }
    },
    "bass_detail": {
      "total": -0.26930501930501927,
      "chromatic_gate": 1.0,
      "direction_gate": 1.0,
      "features": {
        "duration_variety": {
          "raw": 1,
          "z_score": -1.0
        },
        "velocity_variance": {
          "raw": 0.0,
          "z_score": -1.25
        },
        "non_chromatic_ratio": {
          "raw": 1.0,
          "z_score": 1.9806949806949807
        }
      }
    },
    "piano_detail": {
      "total": 3.857489771588804,
      "tonic_bonus": 1.2,
      "register_failed": false,
      "avg_pitch": 63.208333333333336,
      "features": {
        "unique_chords": {
          "raw": 6,
          "capped": 3,
          "z_score": 1.0086206896551724,
          "weight": 1.0
        },
        "avg_chord_duration": {
          "raw": 0.5,
          "z_score": 1.5819672131147542,
          "weight": 1.5
        },
        "cluster_ratio": {
          "raw": 0.0,
          "z_score": 0.6666666666666667,
          "weight": 1.0
        },
        "out_of_key_ratio": {
          "raw": 0.125,
          "z_score": -0.6336633663366337,
          "weight": 1.0
        },
        "chord_duration_variety": {
          "raw": 1,
          "z_score": -0.20000000000000018,
          "weight": 1.0
        }
      }
    },
    "drums_detail": {
      "total": 2.5184491878027737,
      "features": {
        "duration_variety": {
          "raw": 3,
          "z_score": 1.3048327137546467
        },
        "kick_off_beat_ratio": {
          "raw": 0.5,
          "z_score": 0.23571428571428552
        },
        "velocity_variance": {
          "raw": 9.991996797437437,
          "z_score": 0.9779021883338415
        }
      }
    },
    "ensemble_detail": {
      "total": 1.0487950036474267,
      "dynamic_coherence": 0.7439750182371333
    }
  },
  "metrics": {
    "reward": 0.8316283763979719,
    "note_count": 80,
    "valid_midi": 1.0,
    "unique_durs": 1,
    "has_rests": true
  },
  "has_midi": true,
  "error": null,
  "timestamp": "2025-12-02T14:24:21.066383"
}