{
  "id": 16,
  "generation": 35,
  "reward": 0.5378954529886515,
  "breakdown": {
    "sax": 0.6255549212580749,
    "sax_sig": 0.6027739206591547,
    "bass": -0.8889317213016634,
    "bass_sig": 0.35603366760706934,
    "piano": 1.90847040804677,
    "piano_sig": 0.7811385417423159,
    "drums": 0.8605541565620749,
    "drums_sig": 0.6396171304977055,
    "ensemble": -1.5944094149788404,
    "ensemble_sig": 0.2567480922987144,
    "z_sum": 0.9112383495864158,
    "combined": 0.5378954529886515,
    "sax_detail": {
      "total": 0.6255549212580749,
      "variety_gate": 0.5,
      "features": {
        "melodic_entropy": {
          "raw": 2.663532754804255,
          "z_score": 1.695675219255764
        },
        "dur_cv": {
          "raw": 0.0,
          "z_score": -0.2978723404255319
        },
        "sax_arpeggio_runs": {
          "raw": 0,
          "z_score": -0.3391684901531729
        },
        "peak_not_late": {
          "raw": 1,
          "z_score": 0.42975206611570255
        },
        "blue_ratio": {
          "raw": 0.16666666666666666,
          "z_score": -0.10470085470085473
        },
        "rhythm_2grams": {
          "raw": 1,
          "z_score": -0.13257575757575726
        }
      }
    },
    "bass_detail": {
      "total": -0.8889317213016634,
      "direction_gate": 0.5,
      "features": {
        "ioi_swing": {
          "raw": 0.0,
          "z_score": -0.24855491329479767
        },
        "non_chromatic_ratio": {
          "raw": 0.09090909090909091,
          "z_score": -1.5293085293085291
        }
      }
    },
    "piano_detail": {
      "total": 1.90847040804677,
      "variety_gate": 0.5,
      "features": {
        "avg_chord_spread": {
          "raw": 14.0,
          "z_score": 2.5416842996191282
        },
        "gap_ratio": {
          "raw": 0.4,
          "z_score": 1.1823529411764702
        },
        "register_separation": {
          "raw": 5.0,
          "z_score": 0.3236728060671722
        },
        "velocity_variance": {
          "raw": 0.0,
          "z_score": -0.23076923076923078
        }
      }
    },
    "drums_detail": {
      "total": 0.8605541565620749,
      "features": {
        "kick_off_beat_ratio": {
          "raw": 0.5,
          "z_score": 0.2411347517730495
        },
        "snare_backbeat_ratio": {
          "raw": 0.0,
          "z_score": -0.3584905660377358
        },
        "velocity_variance": {
          "raw": 9.428090415820632,
          "z_score": 0.8863258124109196
        },
        "duration_variety": {
          "raw": 2,
          "z_score": 0.09158415841584167
        }
      }
    },
    "ensemble_detail": {
      "total": -1.5944094149788404,
      "duration_gate": 1.0,
      "features": {
        "collision_rate": {
          "raw": 0.25,
          "z_score": -0.1063829787234042
        },
        "phrase_alignment": {
          "raw": 0.5,
          "z_score": 0.8171206225680933
        },
        "texture_density": {
          "raw": 0.96,
          "z_score": -1.0698529411764703
        },
        "harmonic_consonance": {
          "raw": 0.5,
          "z_score": -1.235294117647059
        }
      }
    }
  },
  "metrics": {
    "reward": 0.5378954529886515,
    "note_count": 48,
    "valid_midi": 1.0,
    "unique_durs": 1,
    "has_rests": true
  },
  "has_midi": true,
  "error": null,
  "timestamp": "2025-12-01T02:13:24.879902"
}