{
  "step": 4,
  "rollout_id": 4,
  "key": "C",
  "tempo": 120,
  "reward": 0.19532599493153258,
  "has_midi": true,
  "error": null,
  "timestamp": "2025-11-29T22:34:45.014672"
}