{
  "step": 25,
  "rollout_id": 25,
  "key": "F",
  "tempo": 160,
  "reward": 0.5503319510549814,
  "breakdown": {
    "sax": 0.9249313445750369,
    "sax_sig": 0.649449634639745,
    "bass": -1.064431896801839,
    "bass_sig": 0.3296825322844519,
    "piano": -0.20187286408206886,
    "piano_sig": 0.46640521389602946,
    "drums": 1.4218458715648887,
    "drums_sig": 0.7206921009972318,
    "ensemble": 0.13159955672065346,
    "ensemble_sig": 0.5219192017584544,
    "z_sum": 1.2120720119766712,
    "combined": 0.5503319510549814,
    "sax_detail": {
      "total": 0.9249313445750369,
      "variety_gate": 0.5,
      "features": {
        "melodic_entropy": {
          "raw": 2.584962500721156,
          "z_score": 1.531302302763925
        },
        "dur_cv": {
          "raw": 0.0,
          "z_score": -0.2978723404255319
        },
        "sax_arpeggio_runs": {
          "raw": 0,
          "z_score": -0.3391684901531729
        },
        "peak_not_late": {
          "raw": 1,
          "z_score": 0.42975206611570255
        },
        "blue_ratio": {
          "raw": 0.2857142857142857,
          "z_score": 0.6584249084249083
        },
        "rhythm_2grams": {
          "raw": 1,
          "z_score": -0.13257575757575726
        }
      }
    },
    "bass_detail": {
      "total": -1.064431896801839,
      "direction_gate": 0.5,
      "features": {
        "ioi_swing": {
          "raw": 0.0,
          "z_score": -0.24855491329479767
        },
        "non_chromatic_ratio": {
          "raw": 0.0,
          "z_score": -1.88030888030888
        }
      }
    },
    "piano_detail": {
      "total": -0.20187286408206886,
      "variety_gate": 0.5,
      "features": {
        "avg_chord_spread": {
          "raw": 10.666666666666666,
          "z_score": 1.1310481026943149
        },
        "gap_ratio": {
          "raw": 0.6666666666666666,
          "z_score": -0.3862745098039215
        },
        "register_separation": {
          "raw": 0.4166666666666714,
          "z_score": -0.9177500902853003
        },
        "velocity_variance": {
          "raw": 0.0,
          "z_score": -0.23076923076923078
        }
      }
    },
    "drums_detail": {
      "total": 1.4218458715648887,
      "features": {
        "kick_off_beat_ratio": {
          "raw": 0.5,
          "z_score": 0.2411347517730495
        },
        "snare_backbeat_ratio": {
          "raw": 0.0,
          "z_score": -0.3584905660377358
        },
        "velocity_variance": {
          "raw": 12.133516482134196,
          "z_score": 1.4476175274137335
        },
        "duration_variety": {
          "raw": 2,
          "z_score": 0.09158415841584167
        }
      }
    },
    "ensemble_detail": {
      "total": 0.13159955672065346,
      "duration_gate": 1.0,
      "features": {
        "collision_rate": {
          "raw": 0.2857142857142857,
          "z_score": -0.29635258358662603
        },
        "phrase_alignment": {
          "raw": 0.3333333333333333,
          "z_score": 1.4656290531776912
        },
        "texture_density": {
          "raw": 0.916,
          "z_score": -0.9080882352941175
        },
        "harmonic_consonance": {
          "raw": 0.631578947368421,
          "z_score": -0.12958867757629414
        }
      }
    }
  },
  "has_midi": true,
  "error": null,
  "timestamp": "2025-11-30T23:45:59.446118"
}