{
  "id": 9,
  "generation": 1,
  "reward": 0.4900931530126106,
  "breakdown": {
    "sax": -3.2235484247067596,
    "sax_sig": 0.10442168723206234,
    "bass": -0.26930501930501927,
    "bass_sig": 0.45523600694864574,
    "piano": 3.4983759913583214,
    "piano_sig": 0.9115130365579718,
    "drums": -0.45066619172796013,
    "drums_sig": 0.4254489160428521,
    "ensemble_mult": 1.025819888974716,
    "z_sum": -0.44514364438141735,
    "base_reward": 0.4777575072193693,
    "combined": 0.4900931530126106,
    "sax_detail": {
      "total": -3.2235484247067596,
      "variety_gate": 0.5,
      "features": {
        "melodic_entropy": {
          "raw": 0.8112781244591328,
          "z_score": -2.1793344676587183
        },
        "dur_cv": {
          "raw": 0.0,
          "z_score": -0.2978723404255319
        },
        "sax_arpeggio_runs": {
          "raw": 0,
          "z_score": -0.3391684901531729
        },
        "peak_not_late": {
          "raw": 0,
          "z_score": -2.325068870523416
        },
        "blue_ratio": {
          "raw": 0.0,
          "z_score": -1.1730769230769231
        },
        "rhythm_2grams": {
          "raw": 1,
          "z_score": -0.13257575757575726
        }
      }
    },
    "bass_detail": {
      "total": -0.26930501930501927,
      "chromatic_gate": 1.0,
      "direction_gate": 1.0,
      "features": {
        "duration_variety": {
          "raw": 1,
          "z_score": -1.0
        },
        "velocity_variance": {
          "raw": 0.0,
          "z_score": -1.25
        },
        "non_chromatic_ratio": {
          "raw": 1.0,
          "z_score": 1.9806949806949807
        }
      }
    },
    "piano_detail": {
      "total": 3.4983759913583214,
      "tonic_bonus": 1.2,
      "register_failed": false,
      "avg_pitch": 69.25,
      "features": {
        "unique_chords": {
          "raw": 3,
          "capped": 3,
          "z_score": 1.0086206896551724,
          "weight": 1.0
        },
        "avg_chord_duration": {
          "raw": 0.375,
          "z_score": 0.5573770491803279,
          "weight": 1.5
        },
        "cluster_ratio": {
          "raw": 0.0,
          "z_score": 0.6666666666666667,
          "weight": 1.0
        },
        "out_of_key_ratio": {
          "raw": 0.0,
          "z_score": 0.6039603960396039,
          "weight": 1.0
        },
        "chord_duration_variety": {
          "raw": 1,
          "z_score": -0.20000000000000018,
          "weight": 1.0
        }
      }
    },
    "drums_detail": {
      "total": -0.45066619172796013,
      "features": {
        "duration_variety": {
          "raw": 1,
          "z_score": -1.1734820322180917
        },
        "kick_off_beat_ratio": {
          "raw": 0.5,
          "z_score": 0.23571428571428552
        },
        "velocity_variance": {
          "raw": 7.637626158259733,
          "z_score": 0.487101554775846
        }
      }
    },
    "ensemble_detail": {
      "total": 1.025819888974716,
      "dynamic_coherence": 0.6290994448735805
    }
  },
  "metrics": {
    "sax": 0.10442168723206234,
    "bass": 0.45523600694864574,
    "piano": 0.9115130365579718,
    "drums": 0.4254489160428521,
    "valid_midi": 1.0
  },
  "has_midi": true,
  "error": null,
  "timestamp": "2025-12-06T16:13:54.921792"
}