{
  "step": 30,
  "rollout_id": 22,
  "key": "D",
  "tempo": 160,
  "reward": 0.6258162499948219,
  "breakdown": {
    "sax": 0.838685608702038,
    "sax_sig": 0.6362497661931223,
    "bass": -0.49663721136009464,
    "bass_sig": 0.41797507438563297,
    "piano": 0.45553286544850485,
    "piano_sig": 0.5753439715594466,
    "drums": 2.659469633941127,
    "drums_sig": 0.8548278415504731,
    "ensemble": -0.3711920324329203,
    "ensemble_sig": 0.43844844449196674,
    "z_sum": 3.085858864298655,
    "combined": 0.6258162499948219,
    "sax_detail": {
      "total": 0.838685608702038,
      "variety_gate": 0.25,
      "features": {
        "melodic_entropy": {
          "raw": 2.793345194191516,
          "z_score": 1.9672493602332974
        },
        "dur_cv": {
          "raw": 0.0,
          "z_score": -0.2978723404255319
        },
        "sax_arpeggio_runs": {
          "raw": 3,
          "z_score": 1.8490153172866521
        },
        "peak_not_late": {
          "raw": 1,
          "z_score": 0.42975206611570255
        },
        "blue_ratio": {
          "raw": 0.1111111111111111,
          "z_score": -0.46082621082621084
        },
        "rhythm_2grams": {
          "raw": 1,
          "z_score": -0.13257575757575726
        }
      }
    },
    "bass_detail": {
      "total": -0.49663721136009464,
      "direction_gate": 0.5,
      "features": {
        "ioi_swing": {
          "raw": 0.0,
          "z_score": -0.24855491329479767
        },
        "non_chromatic_ratio": {
          "raw": 0.29411764705882354,
          "z_score": -0.7447195094253917
        }
      }
    },
    "piano_detail": {
      "total": 0.45553286544850485,
      "variety_gate": 1.0,
      "features": {
        "avg_chord_spread": {
          "raw": 9.5,
          "z_score": 0.6373254337706307
        },
        "gap_ratio": {
          "raw": 0.6470588235294118,
          "z_score": -0.27093425605536364
        },
        "register_separation": {
          "raw": 4.986111111111114,
          "z_score": 0.3199109185024686
        },
        "velocity_variance": {
          "raw": 0.0,
          "z_score": -0.23076923076923078
        }
      }
    },
    "drums_detail": {
      "total": 2.659469633941127,
      "features": {
        "kick_off_beat_ratio": {
          "raw": 0.5,
          "z_score": 0.2411347517730495
        },
        "snare_backbeat_ratio": {
          "raw": 0.0,
          "z_score": -0.3584905660377358
        },
        "velocity_variance": {
          "raw": 12.133516482134198,
          "z_score": 1.447617527413734
        },
        "duration_variety": {
          "raw": 3,
          "z_score": 1.3292079207920793
        }
      }
    },
    "ensemble_detail": {
      "total": -0.3711920324329203,
      "duration_gate": 1.0,
      "features": {
        "collision_rate": {
          "raw": 0.1111111111111111,
          "z_score": 0.632387706855792
        },
        "phrase_alignment": {
          "raw": 1.0,
          "z_score": -1.1284046692607006
        },
        "texture_density": {
          "raw": 0.68,
          "z_score": -0.040441176470588265
        },
        "harmonic_consonance": {
          "raw": 0.6666666666666666,
          "z_score": 0.16526610644257655
        }
      }
    }
  },
  "has_midi": true,
  "error": null,
  "timestamp": "2025-12-01T01:19:07.047734"
}