{
  "step": 44,
  "rollout_id": 16,
  "key": "D",
  "tempo": 160,
  "reward": 1.018425631178395,
  "breakdown": {
    "sax": 5.013037134572798,
    "sax_sig": 0.9658427032281766,
    "bass": 4.801254773119637,
    "bass_sig": 0.9608657446256198,
    "piano": 5.717178786844201,
    "piano_sig": 0.9783625040075411,
    "drums": 2.7515628472163756,
    "drums_sig": 0.8622821168859683,
    "ensemble_mult": 1.0447213595499958,
    "z_sum": 18.283033541753014,
    "base_reward": 0.9748299121758864,
    "combined": 1.018425631178395,
    "sax_detail": {
      "total": 5.013037134572798,
      "variety_gate": 1.0,
      "features": {
        "melodic_entropy": {
          "raw": 1.2957378005380122,
          "z_score": -1.1658205009665017
        },
        "dur_cv": {
          "raw": 0.25640582020827496,
          "z_score": 2.429849151151861
        },
        "sax_arpeggio_runs": {
          "raw": 0,
          "z_score": -0.3391684901531729
        },
        "peak_not_late": {
          "raw": 1,
          "z_score": 0.42975206611570255
        },
        "blue_ratio": {
          "raw": 0.2857142857142857,
          "z_score": 0.6584249084249083
        },
        "rhythm_2grams": {
          "raw": 4,
          "z_score": 3.0
        }
      }
    },
    "bass_detail": {
      "total": 4.801254773119637,
      "chromatic_gate": 1.0,
      "direction_gate": 1.0,
      "features": {
        "duration_variety": {
          "raw": 5,
          "z_score": 3.0
        },
        "velocity_variance": {
          "raw": 9.797958971132712,
          "z_score": 1.1994897427831779
        },
        "non_chromatic_ratio": {
          "raw": 0.6428571428571429,
          "z_score": 0.6017650303364591
        }
      }
    },
    "piano_detail": {
      "total": 5.717178786844201,
      "tonic_bonus": 1.0,
      "register_failed": false,
      "avg_pitch": 70.41666666666667,
      "features": {
        "unique_chords": {
          "raw": 2,
          "capped": 2,
          "z_score": 0.146551724137931,
          "weight": 1.0
        },
        "avg_chord_duration": {
          "raw": 1.5,
          "z_score": 3.0,
          "weight": 1.5
        },
        "cluster_ratio": {
          "raw": 0.0,
          "z_score": 0.6666666666666667,
          "weight": 1.0
        },
        "out_of_key_ratio": {
          "raw": 0.0,
          "z_score": 0.6039603960396039,
          "weight": 1.0
        },
        "chord_duration_variety": {
          "raw": 1,
          "z_score": -0.20000000000000018,
          "weight": 1.0
        }
      }
    },
    "drums_detail": {
      "total": 2.7515628472163756,
      "features": {
        "duration_variety": {
          "raw": 3,
          "z_score": 1.3048327137546467
        },
        "kick_off_beat_ratio": {
          "raw": 0.5,
          "z_score": 0.23571428571428552
        },
        "velocity_variance": {
          "raw": 11.110243021644486,
          "z_score": 1.2110158477474433
        }
      }
    },
    "ensemble_detail": {
      "total": 1.0447213595499958,
      "dynamic_coherence": 0.7236067977499789
    }
  },
  "has_midi": true,
  "error": null,
  "timestamp": "2025-12-02T14:42:19.690648"
}