{
  "id": 6,
  "generation": 14,
  "reward": 0.47805419572531854,
  "breakdown": {
    "sax": 0.9539445344289298,
    "sax_sig": 0.6538403272011709,
    "bass": -1.1360342293455423,
    "bass_sig": 0.3192205490497864,
    "piano": -1.0220709296454402,
    "piano_sig": 0.3359532322606316,
    "drums": 1.7267123053364664,
    "drums_sig": 0.7597193615517343,
    "ensemble": -1.0495895989013424,
    "ensemble_sig": 0.33187289142749354,
    "z_sum": -0.5270379181269287,
    "combined": 0.47805419572531854,
    "sax_detail": {
      "total": 0.9539445344289298,
      "variety_gate": 1.0,
      "features": {
        "melodic_entropy": {
          "raw": 2.5492553971685,
          "z_score": 1.4566012493064853
        },
        "dur_cv": {
          "raw": 0.20327890704543544,
          "z_score": 1.864669223887611
        },
        "sax_arpeggio_runs": {
          "raw": 0,
          "z_score": -0.3391684901531729
        },
        "peak_not_late": {
          "raw": 0,
          "z_score": -2.325068870523416
        },
        "blue_ratio": {
          "raw": 0.25,
          "z_score": 0.4294871794871795
        },
        "rhythm_2grams": {
          "raw": 1,
          "z_score": -0.13257575757575726
        }
      }
    },
    "bass_detail": {
      "total": -1.1360342293455423,
      "direction_gate": 1.0,
      "features": {
        "ioi_swing": {
          "raw": 0.0,
          "z_score": -0.24855491329479767
        },
        "non_chromatic_ratio": {
          "raw": 0.2571428571428571,
          "z_score": -0.8874793160507446
        }
      }
    },
    "piano_detail": {
      "total": -1.0220709296454402,
      "variety_gate": 0.5,
      "features": {
        "avg_chord_spread": {
          "raw": 7.0,
          "z_score": -0.4206517139229792
        },
        "gap_ratio": {
          "raw": 0.8064516129032258,
          "z_score": -1.2085388994307398
        },
        "register_separation": {
          "raw": 3.125,
          "z_score": -0.1841820151679307
        },
        "velocity_variance": {
          "raw": 0.0,
          "z_score": -0.23076923076923078
        }
      }
    },
    "drums_detail": {
      "total": 1.7267123053364664,
      "features": {
        "kick_off_beat_ratio": {
          "raw": 0.5,
          "z_score": 0.2411347517730495
        },
        "snare_backbeat_ratio": {
          "raw": 0.0,
          "z_score": -0.3584905660377358
        },
        "velocity_variance": {
          "raw": 7.637626158259733,
          "z_score": 0.5148601988090733
        },
        "duration_variety": {
          "raw": 3,
          "z_score": 1.3292079207920793
        }
      }
    },
    "ensemble_detail": {
      "total": -1.0495895989013424,
      "duration_gate": 1.0,
      "features": {
        "collision_rate": {
          "raw": 0.125,
          "z_score": 0.5585106382978724
        },
        "phrase_alignment": {
          "raw": 0.6666666666666666,
          "z_score": 0.16861219195849547
        },
        "texture_density": {
          "raw": 0.8960000000000001,
          "z_score": -0.834558823529412
        },
        "harmonic_consonance": {
          "raw": 0.5348837209302325,
          "z_score": -0.9421536056282984
        }
      }
    }
  },
  "metrics": {
    "reward": 0.47805419572531854,
    "note_count": 88,
    "valid_midi": 1.0,
    "unique_durs": 2,
    "has_rests": true
  },
  "has_midi": true,
  "error": null,
  "timestamp": "2025-11-30T23:16:30.630583"
}