{
  "id": 12,
  "generation": 0,
  "reward": 0.2206918879657315,
  "breakdown": {
    "sax": -1.514188792136576,
    "sax_sig": 0.2670857005542342,
    "bass": -0.3894749064368723,
    "bass_sig": 0.43544976322891954,
    "piano": -1.3324890499411282,
    "piano_sig": 0.2914553961548422,
    "drums": -2.991273485774472,
    "drums_sig": 0.11981509515350248,
    "ensemble": -1.3424073668681424,
    "ensemble_sig": 0.2900917993224212,
    "z_sum": -7.569833601157191,
    "combined": 0.2206918879657315,
    "sax_detail": {
      "total": -1.514188792136576,
      "variety_gate": 0.25,
      "features": {
        "melodic_entropy": {
          "raw": 0.9940302114769565,
          "z_score": -2.8956849474051274
        },
        "dur_cv": {
          "raw": 0.0,
          "z_score": -0.8880854560394412
        },
        "sax_arpeggio_runs": {
          "raw": 0,
          "z_score": -0.4150099290132615
        },
        "peak_not_late": {
          "raw": 1,
          "z_score": 0.6122586439155816
        },
        "blue_ratio": {
          "raw": 0.0,
          "z_score": -1.5838658146964857
        },
        "rhythm_2grams": {
          "raw": 1,
          "z_score": -0.8863676653075695
        }
      }
    },
    "bass_detail": {
      "total": -0.3894749064368723,
      "direction_gate": 0.5,
      "features": {
        "ioi_swing": {
          "raw": 0.0,
          "z_score": -0.8105992171032821
        },
        "non_chromatic_ratio": {
          "raw": 0.7272727272727273,
          "z_score": 0.03164940422953743
        }
      }
    },
    "piano_detail": {
      "total": -1.3324890499411282,
      "variety_gate": 0.5,
      "features": {
        "avg_chord_spread": {
          "raw": 9.0,
          "z_score": -0.04296943231441056
        },
        "gap_ratio": {
          "raw": 0.7272727272727273,
          "z_score": -1.3054042731462088
        },
        "register_separation": {
          "raw": 2.0,
          "z_score": -0.7376570260005842
        },
        "velocity_variance": {
          "raw": 0.0,
          "z_score": -0.5789473684210527
        }
      }
    },
    "drums_detail": {
      "total": -2.991273485774472,
      "features": {
        "kick_off_beat_ratio": {
          "raw": 0.5,
          "z_score": -0.8253055108539016
        },
        "snare_backbeat_ratio": {
          "raw": 0.0,
          "z_score": -0.5855710048313247
        },
        "velocity_variance": {
          "raw": 12.133516482134196,
          "z_score": -0.16198161523876686
        },
        "duration_variety": {
          "raw": 1,
          "z_score": -1.418415354850479
        }
      }
    },
    "ensemble_detail": {
      "total": -1.3424073668681424,
      "duration_gate": 1.0,
      "features": {
        "collision_rate": {
          "raw": 0.16666666666666666,
          "z_score": 0.8296019900497513
        },
        "phrase_alignment": {
          "raw": 1.0,
          "z_score": -1.66875
        },
        "texture_density": {
          "raw": 0.8119999999999999,
          "z_score": -0.7615176151761516
        },
        "harmonic_consonance": {
          "raw": 0.7916666666666666,
          "z_score": 0.2582582582582578
        }
      }
    }
  },
  "metrics": {
    "reward": 0.2206918879657315,
    "note_count": 48,
    "valid_midi": 1.0,
    "unique_durs": 1,
    "has_rests": false
  },
  "has_midi": true,
  "error": null,
  "timestamp": "2025-11-30T16:46:47.894515"
}