{
  "step": 16,
  "rollout_id": 9,
  "key": "D",
  "tempo": 160,
  "reward": 0.6119063338117682,
  "breakdown": {
    "sax": 0.025737664751657667,
    "sax_sig": 0.5042895055522388,
    "bass": 1.435139770399886,
    "bass_sig": 0.7224726037278287,
    "piano": 1.226190503895712,
    "piano_sig": 0.6936969741398654,
    "drums": -1.4894922317262143,
    "drums_sig": 0.2703209503997125,
    "ensemble": 1.5344193123658887,
    "ensemble_sig": 0.7355460876887963,
    "z_sum": 2.7319950196869303,
    "combined": 0.6119063338117682,
    "sax_detail": {
      "total": 0.025737664751657667,
      "variety_gate": 0.25,
      "features": {
        "melodic_entropy": {
          "raw": 1.9182958340544893,
          "z_score": 0.13660216329391078
        },
        "dur_cv": {
          "raw": 0.0,
          "z_score": -0.2978723404255319
        },
        "sax_arpeggio_runs": {
          "raw": 0,
          "z_score": -0.3391684901531729
        },
        "peak_not_late": {
          "raw": 1,
          "z_score": 0.42975206611570255
        },
        "blue_ratio": {
          "raw": 0.23076923076923078,
          "z_score": 0.3062130177514794
        },
        "rhythm_2grams": {
          "raw": 1,
          "z_score": -0.13257575757575726
        }
      }
    },
    "bass_detail": {
      "total": 1.435139770399886,
      "direction_gate": 1.0,
      "features": {
        "ioi_swing": {
          "raw": 0.0,
          "z_score": -0.24855491329479767
        },
        "non_chromatic_ratio": {
          "raw": 0.9230769230769231,
          "z_score": 1.6836946836946838
        }
      }
    },
    "piano_detail": {
      "total": 1.226190503895712,
      "variety_gate": 0.5,
      "features": {
        "avg_chord_spread": {
          "raw": 7.0,
          "z_score": -0.4206517139229792
        },
        "gap_ratio": {
          "raw": 0.0,
          "z_score": 3.5352941176470583
        },
        "register_separation": {
          "raw": 2.2119309262166382,
          "z_score": -0.43149216516342415
        },
        "velocity_variance": {
          "raw": 0.0,
          "z_score": -0.23076923076923078
        }
      }
    },
    "drums_detail": {
      "total": -1.4894922317262143,
      "features": {
        "kick_off_beat_ratio": {
          "raw": 0.4444444444444444,
          "z_score": -0.15287628053585536
        },
        "snare_backbeat_ratio": {
          "raw": 0.0,
          "z_score": -0.3584905660377358
        },
        "velocity_variance": {
          "raw": 0.0,
          "z_score": -1.0697095435684647
        },
        "duration_variety": {
          "raw": 2,
          "z_score": 0.09158415841584167
        }
      }
    },
    "ensemble_detail": {
      "total": 1.5344193123658887,
      "duration_gate": 1.0,
      "features": {
        "collision_rate": {
          "raw": 0.5384615384615384,
          "z_score": -1.6407528641571194
        },
        "phrase_alignment": {
          "raw": 0.5,
          "z_score": 0.8171206225680933
        },
        "texture_density": {
          "raw": 0,
          "z_score": 2.4595588235294117
        },
        "harmonic_consonance": {
          "raw": 0.6349206349206349,
          "z_score": -0.10150726957449693
        }
      }
    }
  },
  "has_midi": true,
  "error": null,
  "timestamp": "2025-11-30T22:49:02.414775"
}