{
  "step": 5,
  "rollout_id": 17,
  "key": "Fm",
  "tempo": 160,
  "reward": 0.24446941501434116,
  "breakdown": {
    "sax": -1.1116581638179268,
    "sax_sig": 0.32276246122502605,
    "bass": -0.49044111433648363,
    "bass_sig": 0.4189803044627908,
    "piano": -1.4831555408443413,
    "piano_sig": 0.27115502286906024,
    "drums": -2.52286276211424,
    "drums_sig": 0.15684291631527522,
    "ensemble": -1.161862748129585,
    "ensemble_sig": 0.3154902381235649,
    "z_sum": -6.7699803292425775,
    "combined": 0.24446941501434116,
    "sax_detail": {
      "total": -1.1116581638179268,
      "variety_gate": 0.5,
      "features": {
        "melodic_entropy": {
          "raw": 1.561278124459133,
          "z_score": -1.7246529222561253
        },
        "dur_cv": {
          "raw": 0.0,
          "z_score": -0.8880854560394412
        },
        "sax_arpeggio_runs": {
          "raw": 0,
          "z_score": -0.4150099290132615
        },
        "peak_not_late": {
          "raw": 1,
          "z_score": 0.6122586439155816
        },
        "blue_ratio": {
          "raw": 0.3333333333333333,
          "z_score": 1.0785410010649625
        },
        "rhythm_2grams": {
          "raw": 1,
          "z_score": -0.8863676653075695
        }
      }
    },
    "bass_detail": {
      "total": -0.49044111433648363,
      "direction_gate": 1.0,
      "features": {
        "ioi_swing": {
          "raw": 0.0,
          "z_score": -0.8105992171032821
        },
        "non_chromatic_ratio": {
          "raw": 0.8181818181818182,
          "z_score": 0.32015810276679846
        }
      }
    },
    "piano_detail": {
      "total": -1.4831555408443413,
      "variety_gate": 0.5,
      "features": {
        "avg_chord_spread": {
          "raw": 7.0,
          "z_score": -0.39231441048034943
        },
        "gap_ratio": {
          "raw": 0.6666666666666666,
          "z_score": -1.0261136712749614
        },
        "register_separation": {
          "raw": 0.4166666666666643,
          "z_score": -0.968935631512319
        },
        "velocity_variance": {
          "raw": 0.0,
          "z_score": -0.5789473684210527
        }
      }
    },
    "drums_detail": {
      "total": -2.52286276211424,
      "features": {
        "kick_off_beat_ratio": {
          "raw": 0.5,
          "z_score": -0.8253055108539016
        },
        "snare_backbeat_ratio": {
          "raw": 0.0,
          "z_score": -0.5855710048313247
        },
        "velocity_variance": {
          "raw": 4.714045207910317,
          "z_score": -0.8937686841747543
        },
        "duration_variety": {
          "raw": 2,
          "z_score": -0.21821756225425926
        }
      }
    },
    "ensemble_detail": {
      "total": -1.161862748129585,
      "duration_gate": 1.0,
      "features": {
        "collision_rate": {
          "raw": 0.3333333333333333,
          "z_score": 0.20771144278606976
        },
        "phrase_alignment": {
          "raw": 0.25,
          "z_score": 0.675
        },
        "texture_density": {
          "raw": 0.3320000000000001,
          "z_score": 0.5392953929539295
        },
        "harmonic_consonance": {
          "raw": 0.47619047619047616,
          "z_score": -2.583869583869584
        }
      }
    }
  },
  "has_midi": true,
  "error": null,
  "timestamp": "2025-11-30T17:45:50.735131"
}