{
  "step": 0,
  "rollout_id": 9,
  "key": "C",
  "tempo": 120,
  "reward": 0.4995694954054264,
  "has_midi": true,
  "error": null,
  "timestamp": "2025-11-29T21:48:59.796794"
}