{
  "step": 18,
  "rollout_id": 1,
  "key": "D",
  "tempo": 160,
  "reward": 0.5854843096385388,
  "breakdown": {
    "sax": -0.5184223378891947,
    "sax_sig": 0.41444620071554217,
    "bass": 0.339569507199565,
    "bass_sig": 0.5563544532418501,
    "piano": 0.9645451673112557,
    "piano_sig": 0.6554380998954985,
    "drums": 1.4218458715648892,
    "drums_sig": 0.7206921009972319,
    "ensemble": -0.1355668668659618,
    "ensemble_sig": 0.477420889259086,
    "z_sum": 2.071971341320553,
    "combined": 0.5854843096385388,
    "sax_detail": {
      "total": -0.5184223378891947,
      "variety_gate": 0.25,
      "features": {
        "melodic_entropy": {
          "raw": 1.584962500721156,
          "z_score": -0.5607479064410961
        },
        "dur_cv": {
          "raw": 0.0,
          "z_score": -0.2978723404255319
        },
        "sax_arpeggio_runs": {
          "raw": 0,
          "z_score": -0.3391684901531729
        },
        "peak_not_late": {
          "raw": 1,
          "z_score": 0.42975206611570255
        },
        "blue_ratio": {
          "raw": 0.0,
          "z_score": -1.1730769230769231
        },
        "rhythm_2grams": {
          "raw": 1,
          "z_score": -0.13257575757575726
        }
      }
    },
    "bass_detail": {
      "total": 0.339569507199565,
      "direction_gate": 0.5,
      "features": {
        "ioi_swing": {
          "raw": 0.0,
          "z_score": -0.24855491329479767
        },
        "non_chromatic_ratio": {
          "raw": 0.7272727272727273,
          "z_score": 0.9276939276939278
        }
      }
    },
    "piano_detail": {
      "total": 0.9645451673112557,
      "variety_gate": 0.5,
      "features": {
        "avg_chord_spread": {
          "raw": 14.0,
          "z_score": 2.5416842996191282
        },
        "gap_ratio": {
          "raw": 0.6666666666666666,
          "z_score": -0.3862745098039215
        },
        "register_separation": {
          "raw": 3.8214285714285694,
          "z_score": 0.004449775576535546
        },
        "velocity_variance": {
          "raw": 0.0,
          "z_score": -0.23076923076923078
        }
      }
    },
    "drums_detail": {
      "total": 1.4218458715648892,
      "features": {
        "kick_off_beat_ratio": {
          "raw": 0.5,
          "z_score": 0.2411347517730495
        },
        "snare_backbeat_ratio": {
          "raw": 0.0,
          "z_score": -0.3584905660377358
        },
        "velocity_variance": {
          "raw": 12.133516482134198,
          "z_score": 1.447617527413734
        },
        "duration_variety": {
          "raw": 2,
          "z_score": 0.09158415841584167
        }
      }
    },
    "ensemble_detail": {
      "total": -0.1355668668659618,
      "duration_gate": 0.8,
      "features": {
        "collision_rate": {
          "raw": 0.14285714285714285,
          "z_score": 0.4635258358662615
        },
        "phrase_alignment": {
          "raw": 0.5,
          "z_score": 0.8171206225680933
        },
        "texture_density": {
          "raw": 0.9560000000000001,
          "z_score": -1.0551470588235294
        },
        "harmonic_consonance": {
          "raw": 0.6,
          "z_score": -0.3949579831932777
        }
      }
    }
  },
  "has_midi": true,
  "error": null,
  "timestamp": "2025-11-30T22:58:34.849096"
}