{
  "id": 25,
  "generation": 13,
  "reward": 0.5836900560464794,
  "breakdown": {
    "sax": -0.7610202832425567,
    "sax_sig": 0.37581569019053707,
    "bass": 0.6289961071133656,
    "bass_sig": 0.6033230902780828,
    "piano": 0.9273375793024354,
    "piano_sig": 0.6498147570028607,
    "drums": 0.8605541565620749,
    "drums_sig": 0.6396171304977055,
    "ensemble": 0.37177289369262045,
    "ensemble_sig": 0.5616468963460002,
    "z_sum": 2.0276404534279395,
    "combined": 0.5836900560464794,
    "sax_detail": {
      "total": -0.7610202832425567,
      "variety_gate": 0.5,
      "features": {
        "melodic_entropy": {
          "raw": 1.5,
          "z_score": -0.7384937238493724
        },
        "dur_cv": {
          "raw": 0.0,
          "z_score": -0.2978723404255319
        },
        "sax_arpeggio_runs": {
          "raw": 1,
          "z_score": 0.39022611232676874
        },
        "peak_not_late": {
          "raw": 1,
          "z_score": 0.42975206611570255
        },
        "blue_ratio": {
          "raw": 0.0,
          "z_score": -1.1730769230769231
        },
        "rhythm_2grams": {
          "raw": 1,
          "z_score": -0.13257575757575726
        }
      }
    },
    "bass_detail": {
      "total": 0.6289961071133656,
      "direction_gate": 1.0,
      "features": {
        "ioi_swing": {
          "raw": 0.0,
          "z_score": -0.24855491329479767
        },
        "non_chromatic_ratio": {
          "raw": 0.7142857142857143,
          "z_score": 0.8775510204081634
        }
      }
    },
    "piano_detail": {
      "total": 0.9273375793024354,
      "variety_gate": 1.0,
      "features": {
        "avg_chord_spread": {
          "raw": 7.0,
          "z_score": -0.4206517139229792
        },
        "gap_ratio": {
          "raw": 0.2,
          "z_score": 2.3588235294117643
        },
        "register_separation": {
          "raw": 0.9249999999999972,
          "z_score": -0.7800650054171189
        },
        "velocity_variance": {
          "raw": 0.0,
          "z_score": -0.23076923076923078
        }
      }
    },
    "drums_detail": {
      "total": 0.8605541565620749,
      "features": {
        "kick_off_beat_ratio": {
          "raw": 0.5,
          "z_score": 0.2411347517730495
        },
        "snare_backbeat_ratio": {
          "raw": 0.0,
          "z_score": -0.3584905660377358
        },
        "velocity_variance": {
          "raw": 9.428090415820632,
          "z_score": 0.8863258124109196
        },
        "duration_variety": {
          "raw": 2,
          "z_score": 0.09158415841584167
        }
      }
    },
    "ensemble_detail": {
      "total": 0.37177289369262045,
      "duration_gate": 1.0,
      "features": {
        "collision_rate": {
          "raw": 0.4,
          "z_score": -0.9042553191489362
        },
        "phrase_alignment": {
          "raw": 0.3333333333333333,
          "z_score": 1.4656290531776912
        },
        "texture_density": {
          "raw": 0.9560000000000001,
          "z_score": -1.0551470588235294
        },
        "harmonic_consonance": {
          "raw": 0.75,
          "z_score": 0.8655462184873949
        }
      }
    }
  },
  "metrics": {
    "reward": 0.5836900560464794,
    "note_count": 65,
    "valid_midi": 1.0,
    "unique_durs": 1,
    "has_rests": true
  },
  "has_midi": true,
  "error": null,
  "timestamp": "2025-11-30T23:11:06.624701"
}