{
  "step": 3,
  "rollout_id": 14,
  "key": "F",
  "tempo": 160,
  "reward": 0.41363483637687304,
  "breakdown": {
    "sax": -0.4062584275954682,
    "sax_sig": 0.4327011452123823,
    "bass": 1.3811397163998318,
    "bass_sig": 0.7151968971168157,
    "piano": 0.4150623685615903,
    "piano_sig": 0.5687390224562907,
    "drums": -2.333104961793547,
    "drums_sig": 0.17430723222270691,
    "ensemble": -1.150593864087567,
    "ensemble_sig": 0.3171148723210976,
    "z_sum": -2.0937551685151603,
    "combined": 0.41363483637687304,
    "sax_detail": {
      "total": -0.4062584275954682,
      "variety_gate": 0.25,
      "features": {
        "melodic_entropy": {
          "raw": 2.0948567835487384,
          "z_score": 0.5059765346207916
        },
        "dur_cv": {
          "raw": 0.0,
          "z_score": -0.2978723404255319
        },
        "sax_arpeggio_runs": {
          "raw": 0,
          "z_score": -0.3391684901531729
        },
        "peak_not_late": {
          "raw": 0,
          "z_score": -2.325068870523416
        },
        "blue_ratio": {
          "raw": 0.3333333333333333,
          "z_score": 0.9636752136752136
        },
        "rhythm_2grams": {
          "raw": 1,
          "z_score": -0.13257575757575726
        }
      }
    },
    "bass_detail": {
      "total": 1.3811397163998318,
      "direction_gate": 1.0,
      "features": {
        "ioi_swing": {
          "raw": 0.0,
          "z_score": -0.24855491329479767
        },
        "non_chromatic_ratio": {
          "raw": 0.9090909090909091,
          "z_score": 1.6296946296946295
        }
      }
    },
    "piano_detail": {
      "total": 0.4150623685615903,
      "variety_gate": 0.5,
      "features": {
        "avg_chord_spread": {
          "raw": 12.0,
          "z_score": 1.6953025814642404
        },
        "gap_ratio": {
          "raw": 0.6666666666666666,
          "z_score": -0.3862745098039215
        },
        "register_separation": {
          "raw": 2.8888888888888857,
          "z_score": -0.24813410376790748
        },
        "velocity_variance": {
          "raw": 0.0,
          "z_score": -0.23076923076923078
        }
      }
    },
    "drums_detail": {
      "total": -2.333104961793547,
      "features": {
        "kick_off_beat_ratio": {
          "raw": 0.5,
          "z_score": 0.2411347517730495
        },
        "snare_backbeat_ratio": {
          "raw": 0.0,
          "z_score": -0.3584905660377358
        },
        "velocity_variance": {
          "raw": 0.0,
          "z_score": -1.0697095435684647
        },
        "duration_variety": {
          "raw": 1,
          "z_score": -1.146039603960396
        }
      }
    },
    "ensemble_detail": {
      "total": -1.150593864087567,
      "duration_gate": 1.0,
      "features": {
        "collision_rate": {
          "raw": 0.16666666666666666,
          "z_score": 0.3368794326241136
        },
        "phrase_alignment": {
          "raw": 1.0,
          "z_score": -1.1284046692607006
        },
        "texture_density": {
          "raw": 0.764,
          "z_score": -0.3492647058823528
        },
        "harmonic_consonance": {
          "raw": 0.6458333333333334,
          "z_score": -0.009803921568627305
        }
      }
    }
  },
  "has_midi": true,
  "error": null,
  "timestamp": "2025-11-30T22:19:36.368128"
}