{
  "step": 6,
  "rollout_id": 14,
  "key": "Dm",
  "tempo": 160,
  "reward": 0.33203250816541735,
  "breakdown": {
    "sax": -0.15917221209799723,
    "sax_sig": 0.47349616352921386,
    "bass": -1.1876535626535627,
    "bass_sig": 0.3117889481187919,
    "piano": -3.5244283201069013,
    "piano_sig": 0.08709607064906727,
    "drums": 1.1617378474166116,
    "drums_sig": 0.6844917795489537,
    "ensemble_mult": 1.029277002188456,
    "z_sum": -3.7095162474418495,
    "base_reward": 0.3225880957793164,
    "combined": 0.33203250816541735,
    "sax_detail": {
      "total": -0.15917221209799723,
      "variety_gate": 0.25,
      "features": {
        "melodic_entropy": {
          "raw": 1.5058231002082845,
          "z_score": -0.726311505840409
        },
        "dur_cv": {
          "raw": 0.0,
          "z_score": -0.2978723404255319
        },
        "sax_arpeggio_runs": {
          "raw": 0,
          "z_score": -0.3391684901531729
        },
        "peak_not_late": {
          "raw": 1,
          "z_score": 0.42975206611570255
        },
        "blue_ratio": {
          "raw": 0.25,
          "z_score": 0.4294871794871795
        },
        "rhythm_2grams": {
          "raw": 1,
          "z_score": -0.13257575757575726
        }
      }
    },
    "bass_detail": {
      "total": -1.1876535626535627,
      "chromatic_gate": 0.5,
      "direction_gate": 1.0,
      "features": {
        "duration_variety": {
          "raw": 1,
          "z_score": -1.0
        },
        "velocity_variance": {
          "raw": 0.0,
          "z_score": -1.25
        },
        "non_chromatic_ratio": {
          "raw": 0.45454545454545453,
          "z_score": -0.12530712530712532
        }
      }
    },
    "piano_detail": {
      "total": -3.5244283201069013,
      "tonic_bonus": 1.2,
      "register_failed": true,
      "avg_pitch": 44.333333333333336,
      "features": {
        "unique_chords": {
          "raw": 3,
          "capped": 3,
          "z_score": 1.0086206896551724,
          "weight": 1.0
        },
        "avg_chord_duration": {
          "raw": 0.375,
          "z_score": 0.5573770491803279,
          "weight": 1.5
        },
        "cluster_ratio": {
          "raw": 1.0,
          "z_score": -1.7314148681055157,
          "weight": 1.0
        },
        "out_of_key_ratio": {
          "raw": 0.25,
          "z_score": -1.8712871287128712,
          "weight": 1.0
        },
        "chord_duration_variety": {
          "raw": 1,
          "z_score": -0.20000000000000018,
          "weight": 1.0
        }
      }
    },
    "drums_detail": {
      "total": 1.1617378474166116,
      "features": {
        "duration_variety": {
          "raw": 2,
          "z_score": 0.06567534076827748
        },
        "kick_off_beat_ratio": {
          "raw": 0.5,
          "z_score": 0.23571428571428552
        },
        "velocity_variance": {
          "raw": 9.42809041582063,
          "z_score": 0.8603482209340485
        }
      }
    },
    "ensemble_detail": {
      "total": 1.029277002188456,
      "dynamic_coherence": 0.64638501094228
    }
  },
  "has_midi": true,
  "error": null,
  "timestamp": "2025-12-01T20:59:13.544323"
}