{
  "id": 26,
  "generation": 2,
  "reward": 0.23551277869164436,
  "breakdown": {
    "sax": -1.1522754528061294,
    "sax_sig": 0.3168721533550896,
    "bass": -1.0674585114110058,
    "bass_sig": 0.32923678062449835,
    "piano": -1.2153592607781223,
    "piano_sig": 0.30783946051726163,
    "drums": -3.2608454915834297,
    "drums_sig": 0.10211916032169416,
    "ensemble": -0.36870210054820546,
    "ensemble_sig": 0.4388571859138388,
    "z_sum": -7.064640817126892,
    "combined": 0.23551277869164436,
    "sax_detail": {
      "total": -1.1522754528061294,
      "variety_gate": 0.5,
      "features": {
        "melodic_entropy": {
          "raw": 1.5219280948873621,
          "z_score": -1.8058875002325308
        },
        "dur_cv": {
          "raw": 0.0,
          "z_score": -0.8880854560394412
        },
        "sax_arpeggio_runs": {
          "raw": 0,
          "z_score": -0.4150099290132615
        },
        "peak_not_late": {
          "raw": 1,
          "z_score": 0.6122586439155816
        },
        "blue_ratio": {
          "raw": 0.3333333333333333,
          "z_score": 1.0785410010649625
        },
        "rhythm_2grams": {
          "raw": 1,
          "z_score": -0.8863676653075695
        }
      }
    },
    "bass_detail": {
      "total": -1.0674585114110058,
      "direction_gate": 1.0,
      "features": {
        "ioi_swing": {
          "raw": 0.0,
          "z_score": -0.8105992171032821
        },
        "non_chromatic_ratio": {
          "raw": 0.6363636363636364,
          "z_score": -0.2568592943077236
        }
      }
    },
    "piano_detail": {
      "total": -1.2153592607781223,
      "variety_gate": 0.5,
      "features": {
        "avg_chord_spread": {
          "raw": 7.0,
          "z_score": -0.39231441048034943
        },
        "gap_ratio": {
          "raw": 0.6666666666666666,
          "z_score": -1.0261136712749614
        },
        "register_separation": {
          "raw": 4.083333333333336,
          "z_score": -0.4333430713798808
        },
        "velocity_variance": {
          "raw": 0.0,
          "z_score": -0.5789473684210527
        }
      }
    },
    "drums_detail": {
      "total": -3.2608454915834297,
      "features": {
        "kick_off_beat_ratio": {
          "raw": 0.4285714285714286,
          "z_score": -1.0983390279023872
        },
        "snare_backbeat_ratio": {
          "raw": 0.0,
          "z_score": -0.5855710048313247
        },
        "velocity_variance": {
          "raw": 0.0,
          "z_score": -1.3587178965954583
        },
        "duration_variety": {
          "raw": 2,
          "z_score": -0.21821756225425926
        }
      }
    },
    "ensemble_detail": {
      "total": -0.36870210054820546,
      "duration_gate": 1.0,
      "features": {
        "collision_rate": {
          "raw": 0.3333333333333333,
          "z_score": 0.20771144278606976
        },
        "phrase_alignment": {
          "raw": 0.5,
          "z_score": -0.10624999999999991
        },
        "texture_density": {
          "raw": 0.78,
          "z_score": -0.6747967479674797
        },
        "harmonic_consonance": {
          "raw": 0.7857142857142857,
          "z_score": 0.2046332046332044
        }
      }
    }
  },
  "metrics": {
    "reward": 0.23551277869164436,
    "note_count": 58,
    "valid_midi": 1.0,
    "unique_durs": 1,
    "has_rests": true
  },
  "has_midi": true,
  "error": null,
  "timestamp": "2025-11-30T17:16:01.712413"
}