{
  "step": 1,
  "rollout_id": 21,
  "key": "Fm",
  "tempo": 160,
  "reward": 0.1593509673457626,
  "breakdown": {
    "sax": -0.3259009069356072,
    "sax_sig": 0.44589584743218647,
    "bass": -0.7789498128737447,
    "bass_sig": 0.3730159608377758,
    "piano": -1.546109331781508,
    "piano_sig": 0.2629407512205537,
    "drums": -4.400369169279986,
    "drums_sig": 0.05051835581837861,
    "ensemble": -2.92706161909898,
    "ensemble_sig": 0.12440356978879395,
    "z_sum": -9.978390839969826,
    "combined": 0.1593509673457626,
    "sax_detail": {
      "total": -0.3259009069356072,
      "variety_gate": 0.5,
      "features": {
        "melodic_entropy": {
          "raw": 2.4464393446710155,
          "z_score": 0.10268237958508564
        },
        "dur_cv": {
          "raw": 0.0,
          "z_score": -0.8880854560394412
        },
        "sax_arpeggio_runs": {
          "raw": 2,
          "z_score": -0.18675675058775193
        },
        "peak_not_late": {
          "raw": 1,
          "z_score": 0.6122586439155816
        },
        "blue_ratio": {
          "raw": 0.2727272727272727,
          "z_score": 0.594467034562881
        },
        "rhythm_2grams": {
          "raw": 1,
          "z_score": -0.8863676653075695
        }
      }
    },
    "bass_detail": {
      "total": -0.7789498128737447,
      "direction_gate": 1.0,
      "features": {
        "ioi_swing": {
          "raw": 0.0,
          "z_score": -0.8105992171032821
        },
        "non_chromatic_ratio": {
          "raw": 0.7272727272727273,
          "z_score": 0.03164940422953743
        }
      }
    },
    "piano_detail": {
      "total": -1.546109331781508,
      "variety_gate": 0.5,
      "features": {
        "avg_chord_spread": {
          "raw": 7.0,
          "z_score": -0.39231441048034943
        },
        "gap_ratio": {
          "raw": 0.6923076923076923,
          "z_score": -1.1442750797589507
        },
        "register_separation": {
          "raw": 0.36363636363636687,
          "z_score": -0.9766818049026633
        },
        "velocity_variance": {
          "raw": 0.0,
          "z_score": -0.5789473684210527
        }
      }
    },
    "drums_detail": {
      "total": -4.400369169279986,
      "features": {
        "kick_off_beat_ratio": {
          "raw": 0.4444444444444444,
          "z_score": -1.037664913002724
        },
        "snare_backbeat_ratio": {
          "raw": 0.0,
          "z_score": -0.5855710048313247
        },
        "velocity_variance": {
          "raw": 0.0,
          "z_score": -1.3587178965954583
        },
        "duration_variety": {
          "raw": 1,
          "z_score": -1.418415354850479
        }
      }
    },
    "ensemble_detail": {
      "total": -2.92706161909898,
      "duration_gate": 1.0,
      "features": {
        "collision_rate": {
          "raw": 0.09090909090909091,
          "z_score": 1.1122795115332427
        },
        "phrase_alignment": {
          "raw": 0.75,
          "z_score": -0.8875
        },
        "texture_density": {
          "raw": 0.892,
          "z_score": -0.978319783197832
        },
        "harmonic_consonance": {
          "raw": 0.5217391304347826,
          "z_score": -2.173521347434391
        }
      }
    }
  },
  "has_midi": true,
  "error": null,
  "timestamp": "2025-11-30T16:52:36.893564"
}