{
  "step": 44,
  "rollout_id": 19,
  "key": "Dm",
  "tempo": 160,
  "reward": 0.7915179839031805,
  "breakdown": {
    "sax": -1.3121687494964,
    "sax_sig": 0.29426083091521404,
    "bass": 1.0301393653994813,
    "bass_sig": 0.6652456912542147,
    "piano": 3.9351635737238455,
    "piano_sig": 0.9323551375593223,
    "drums": 3.686819530166296,
    "drums_sig": 0.9211357708649345,
    "ensemble": 0.6646451796216464,
    "ensemble_sig": 0.6089966850665302,
    "z_sum": 8.00459889941487,
    "combined": 0.7915179839031805,
    "sax_detail": {
      "total": -1.3121687494964,
      "variety_gate": 0.5,
      "features": {
        "melodic_entropy": {
          "raw": 1.6171895725927152,
          "z_score": -0.4933272539901355
        },
        "dur_cv": {
          "raw": 0.0,
          "z_score": -0.2978723404255319
        },
        "sax_arpeggio_runs": {
          "raw": 0,
          "z_score": -0.3391684901531729
        },
        "peak_not_late": {
          "raw": 0,
          "z_score": -2.325068870523416
        },
        "blue_ratio": {
          "raw": 0.3333333333333333,
          "z_score": 0.9636752136752136
        },
        "rhythm_2grams": {
          "raw": 1,
          "z_score": -0.13257575757575726
        }
      }
    },
    "bass_detail": {
      "total": 1.0301393653994813,
      "direction_gate": 1.0,
      "features": {
        "ioi_swing": {
          "raw": 0.0,
          "z_score": -0.24855491329479767
        },
        "non_chromatic_ratio": {
          "raw": 0.8181818181818182,
          "z_score": 1.278694278694279
        }
      }
    },
    "piano_detail": {
      "total": 3.9351635737238455,
      "variety_gate": 1.0,
      "features": {
        "avg_chord_spread": {
          "raw": 8.666666666666666,
          "z_score": 0.2846663845394271
        },
        "gap_ratio": {
          "raw": 0.6666666666666666,
          "z_score": -0.3862745098039215
        },
        "register_separation": {
          "raw": 1.4166666666666572,
          "z_score": -0.6468941856265825
        },
        "velocity_variance": {
          "raw": 0.06388765649999399,
          "z_score": 4.683665884614922
        }
      }
    },
    "drums_detail": {
      "total": 3.686819530166296,
      "features": {
        "kick_off_beat_ratio": {
          "raw": 0.5,
          "z_score": 0.2411347517730495
        },
        "snare_backbeat_ratio": {
          "raw": 0.0,
          "z_score": -0.3584905660377358
        },
        "velocity_variance": {
          "raw": 11.119996447286049,
          "z_score": 1.2373436612626656
        },
        "duration_variety": {
          "raw": 4,
          "z_score": 2.5668316831683167
        }
      }
    },
    "ensemble_detail": {
      "total": 0.6646451796216464,
      "duration_gate": 1.0,
      "features": {
        "collision_rate": {
          "raw": 0.25,
          "z_score": -0.1063829787234042
        },
        "phrase_alignment": {
          "raw": 0.6666666666666666,
          "z_score": 0.16861219195849547
        },
        "texture_density": {
          "raw": 0.5119999999999999,
          "z_score": 0.5772058823529417
        },
        "harmonic_consonance": {
          "raw": 0.65,
          "z_score": 0.02521008403361347
        }
      }
    }
  },
  "has_midi": true,
  "error": null,
  "timestamp": "2025-12-01T03:05:26.887474"
}