{
  "id": 8,
  "generation": 41,
  "reward": 0.4500527650604835,
  "breakdown": {
    "sax": -4.398062190194608,
    "sax_sig": 0.050592178263101736,
    "bass": -1.0415057915057913,
    "bass_sig": 0.33306893829743545,
    "piano": 3.1496402096541933,
    "piano_sig": 0.8908798634741034,
    "drums": 0.788491181258409,
    "drums_sig": 0.6284704921872947,
    "ensemble_mult": 1.0577350269189625,
    "z_sum": -1.5014365907877971,
    "base_reward": 0.42548724737936083,
    "combined": 0.4500527650604835,
    "sax_detail": {
      "total": -4.398062190194608,
      "variety_gate": 1.0,
      "features": {
        "melodic_entropy": {
          "raw": 1.584962500721156,
          "z_score": -0.5607479064410961
        },
        "dur_cv": {
          "raw": 0.3333333333333333,
          "z_score": 3.0
        },
        "sax_arpeggio_runs": {
          "raw": 0,
          "z_score": -0.3391684901531729
        },
        "peak_not_late": {
          "raw": 0,
          "z_score": -2.325068870523416
        },
        "blue_ratio": {
          "raw": 0.0,
          "z_score": -1.1730769230769231
        },
        "rhythm_2grams": {
          "raw": 0,
          "z_score": -3.0
        }
      }
    },
    "bass_detail": {
      "total": -1.0415057915057913,
      "chromatic_gate": 1.0,
      "direction_gate": 1.0,
      "features": {
        "duration_variety": {
          "raw": 1,
          "z_score": -1.0
        },
        "velocity_variance": {
          "raw": 0.0,
          "z_score": -1.25
        },
        "non_chromatic_ratio": {
          "raw": 0.8,
          "z_score": 1.2084942084942087
        }
      }
    },
    "piano_detail": {
      "total": 3.1496402096541933,
      "tonic_bonus": 1.2,
      "register_failed": false,
      "avg_pitch": 57.125,
      "features": {
        "unique_chords": {
          "raw": 3,
          "capped": 3,
          "z_score": 1.0086206896551724,
          "weight": 1.0
        },
        "avg_chord_duration": {
          "raw": 0.5,
          "z_score": 1.5819672131147542,
          "weight": 1.5
        },
        "cluster_ratio": {
          "raw": 0.375,
          "z_score": -0.23261390887290162,
          "weight": 1.0
        },
        "out_of_key_ratio": {
          "raw": 0.09375,
          "z_score": -0.32425742574257427,
          "weight": 1.0
        },
        "chord_duration_variety": {
          "raw": 1,
          "z_score": -0.20000000000000018,
          "weight": 1.0
        }
      }
    },
    "drums_detail": {
      "total": 0.788491181258409,
      "features": {
        "duration_variety": {
          "raw": 2,
          "z_score": 0.06567534076827748
        },
        "kick_off_beat_ratio": {
          "raw": 0.5,
          "z_score": 0.23571428571428552
        },
        "velocity_variance": {
          "raw": 7.637626158259733,
          "z_score": 0.487101554775846
        }
      }
    },
    "ensemble_detail": {
      "total": 1.0577350269189625,
      "dynamic_coherence": 0.7886751345948129
    }
  },
  "metrics": {
    "reward": 0.4500527650604835,
    "note_count": 64,
    "valid_midi": 1.0,
    "unique_durs": 2,
    "has_rests": true
  },
  "has_midi": true,
  "error": null,
  "timestamp": "2025-12-02T15:08:04.259203"
}