{
  "step": 55,
  "rollout_id": 23,
  "key": "D",
  "tempo": 160,
  "reward": 1.0125137109583868,
  "breakdown": {
    "sax": 3.3168283500894185,
    "sax_sig": 0.9012524576861283,
    "bass": 4.801254773119637,
    "bass_sig": 0.9608657446256198,
    "piano": 4.917818275253473,
    "piano_sig": 0.9636854170885173,
    "drums": 4.204035513196222,
    "drums_sig": 0.9428210320949701,
    "ensemble_mult": 1.0447213595499958,
    "z_sum": 17.23993691165875,
    "base_reward": 0.9691710633680525,
    "combined": 1.0125137109583868,
    "sax_detail": {
      "total": 3.3168283500894185,
      "variety_gate": 0.5,
      "features": {
        "melodic_entropy": {
          "raw": 2.495602923729013,
          "z_score": 1.3443575810230401
        },
        "dur_cv": {
          "raw": 0.27638539919628335,
          "z_score": 2.6423978637902485
        },
        "sax_arpeggio_runs": {
          "raw": 1,
          "z_score": 0.39022611232676874
        },
        "peak_not_late": {
          "raw": 1,
          "z_score": 0.42975206611570255
        },
        "blue_ratio": {
          "raw": 0.0,
          "z_score": -1.1730769230769231
        },
        "rhythm_2grams": {
          "raw": 3,
          "z_score": 3.0
        }
      }
    },
    "bass_detail": {
      "total": 4.801254773119637,
      "chromatic_gate": 1.0,
      "direction_gate": 1.0,
      "features": {
        "duration_variety": {
          "raw": 5,
          "z_score": 3.0
        },
        "velocity_variance": {
          "raw": 9.797958971132712,
          "z_score": 1.1994897427831779
        },
        "non_chromatic_ratio": {
          "raw": 0.6428571428571429,
          "z_score": 0.6017650303364591
        }
      }
    },
    "piano_detail": {
      "total": 4.917818275253473,
      "tonic_bonus": 1.0,
      "register_failed": false,
      "avg_pitch": 68.66666666666667,
      "features": {
        "unique_chords": {
          "raw": 2,
          "capped": 2,
          "z_score": 0.146551724137931,
          "weight": 1.0
        },
        "avg_chord_duration": {
          "raw": 1.5,
          "z_score": 3.0,
          "weight": 1.5
        },
        "cluster_ratio": {
          "raw": 0.3333333333333333,
          "z_score": -0.13269384492406067,
          "weight": 1.0
        },
        "out_of_key_ratio": {
          "raw": 0.0,
          "z_score": 0.6039603960396039,
          "weight": 1.0
        },
        "chord_duration_variety": {
          "raw": 1,
          "z_score": -0.20000000000000018,
          "weight": 1.0
        }
      }
    },
    "drums_detail": {
      "total": 4.204035513196222,
      "features": {
        "duration_variety": {
          "raw": 4,
          "z_score": 2.5439900867410157
        },
        "kick_off_beat_ratio": {
          "raw": 0.5,
          "z_score": 0.23571428571428552
        },
        "velocity_variance": {
          "raw": 12.133516482134198,
          "z_score": 1.424331140740921
        }
      }
    },
    "ensemble_detail": {
      "total": 1.0447213595499958,
      "dynamic_coherence": 0.7236067977499789
    }
  },
  "has_midi": true,
  "error": null,
  "timestamp": "2025-12-02T15:08:39.225848"
}