{
  "step": 6,
  "rollout_id": 22,
  "key": "Dm",
  "tempo": 160,
  "reward": 0.46846194089633536,
  "breakdown": {
    "sax": -0.14156674310049863,
    "sax_sig": 0.47642304056026125,
    "bass": -1.075862740602625,
    "bass_sig": 0.3280006403243589,
    "piano": 0.08873252045231428,
    "piano_sig": 0.5147844423742738,
    "drums": 0.9792075972631885,
    "drums_sig": 0.6576422989345257,
    "ensemble": -0.6084302733428832,
    "ensemble_sig": 0.3999627827883154,
    "z_sum": -0.7579196393305042,
    "combined": 0.46846194089633536,
    "sax_detail": {
      "total": -0.14156674310049863,
      "variety_gate": 0.25,
      "features": {
        "melodic_entropy": {
          "raw": 1.5394847569315018,
          "z_score": -0.6558896298504147
        },
        "dur_cv": {
          "raw": 0.0,
          "z_score": -0.2978723404255319
        },
        "sax_arpeggio_runs": {
          "raw": 0,
          "z_score": -0.3391684901531729
        },
        "peak_not_late": {
          "raw": 1,
          "z_score": 0.42975206611570255
        },
        "blue_ratio": {
          "raw": 0.25,
          "z_score": 0.4294871794871795
        },
        "rhythm_2grams": {
          "raw": 1,
          "z_score": -0.13257575757575726
        }
      }
    },
    "bass_detail": {
      "total": -1.075862740602625,
      "direction_gate": 1.0,
      "features": {
        "ioi_swing": {
          "raw": 0.0,
          "z_score": -0.24855491329479767
        },
        "non_chromatic_ratio": {
          "raw": 0.2727272727272727,
          "z_score": -0.8273078273078274
        }
      }
    },
    "piano_detail": {
      "total": 0.08873252045231428,
      "variety_gate": 0.5,
      "features": {
        "avg_chord_spread": {
          "raw": 7.0,
          "z_score": -0.4206517139229792
        },
        "gap_ratio": {
          "raw": 0.4,
          "z_score": 1.1823529411764702
        },
        "register_separation": {
          "raw": 2.5,
          "z_score": -0.35346695557963165
        },
        "velocity_variance": {
          "raw": 0.0,
          "z_score": -0.23076923076923078
        }
      }
    },
    "drums_detail": {
      "total": 0.9792075972631885,
      "features": {
        "kick_off_beat_ratio": {
          "raw": 0.5,
          "z_score": 0.2411347517730495
        },
        "snare_backbeat_ratio": {
          "raw": 0.0,
          "z_score": -0.3584905660377358
        },
        "velocity_variance": {
          "raw": 10.0,
          "z_score": 1.0049792531120332
        },
        "duration_variety": {
          "raw": 2,
          "z_score": 0.09158415841584167
        }
      }
    },
    "ensemble_detail": {
      "total": -0.6084302733428832,
      "duration_gate": 0.8,
      "features": {
        "collision_rate": {
          "raw": 0.16666666666666666,
          "z_score": 0.3368794326241136
        },
        "phrase_alignment": {
          "raw": 1.0,
          "z_score": -1.1284046692607006
        },
        "texture_density": {
          "raw": 0.8960000000000001,
          "z_score": -0.834558823529412
        },
        "harmonic_consonance": {
          "raw": 0.75,
          "z_score": 0.8655462184873949
        }
      }
    }
  },
  "has_midi": true,
  "error": null,
  "timestamp": "2025-11-30T22:37:03.844604"
}