{
  "id": 0,
  "generation": 1,
  "reward": 0.4921648509114457,
  "breakdown": {
    "sax": -0.7179659920081496,
    "sax_sig": 0.38257237722729,
    "bass": 0.016138351398467143,
    "bass_sig": 0.5026896992878517,
    "piano": 0.9371603766227747,
    "piano_sig": 0.6513034458030144,
    "drums": 0.8605541565620749,
    "drums_sig": 0.6396171304977055,
    "ensemble": -1.2839458648523046,
    "ensemble_sig": 0.2981832897118792,
    "z_sum": -0.1880589722771373,
    "combined": 0.4921648509114457,
    "sax_detail": {
      "total": -0.7179659920081496,
      "variety_gate": 0.5,
      "features": {
        "melodic_entropy": {
          "raw": 2.3709505944546683,
          "z_score": 1.0835786494867539
        },
        "dur_cv": {
          "raw": 0.0,
          "z_score": -0.2978723404255319
        },
        "sax_arpeggio_runs": {
          "raw": 0,
          "z_score": -0.3391684901531729
        },
        "peak_not_late": {
          "raw": 0,
          "z_score": -2.325068870523416
        },
        "blue_ratio": {
          "raw": 0.2727272727272727,
          "z_score": 0.5751748251748251
        },
        "rhythm_2grams": {
          "raw": 1,
          "z_score": -0.13257575757575726
        }
      }
    },
    "bass_detail": {
      "total": 0.016138351398467143,
      "direction_gate": 1.0,
      "features": {
        "ioi_swing": {
          "raw": 0.0,
          "z_score": -0.24855491329479767
        },
        "non_chromatic_ratio": {
          "raw": 0.5555555555555556,
          "z_score": 0.2646932646932648
        }
      }
    },
    "piano_detail": {
      "total": 0.9371603766227747,
      "variety_gate": 0.5,
      "features": {
        "avg_chord_spread": {
          "raw": 13.0,
          "z_score": 2.1184934405416844
        },
        "gap_ratio": {
          "raw": 0.7692307692307693,
          "z_score": -0.9895927601809957
        },
        "register_separation": {
          "raw": 7.4090909090909065,
          "z_score": 0.9761893036540916
        },
        "velocity_variance": {
          "raw": 0.0,
          "z_score": -0.23076923076923078
        }
      }
    },
    "drums_detail": {
      "total": 0.8605541565620749,
      "features": {
        "kick_off_beat_ratio": {
          "raw": 0.5,
          "z_score": 0.2411347517730495
        },
        "snare_backbeat_ratio": {
          "raw": 0.0,
          "z_score": -0.3584905660377358
        },
        "velocity_variance": {
          "raw": 9.428090415820632,
          "z_score": 0.8863258124109196
        },
        "duration_variety": {
          "raw": 2,
          "z_score": 0.09158415841584167
        }
      }
    },
    "ensemble_detail": {
      "total": -1.2839458648523046,
      "duration_gate": 0.8,
      "features": {
        "collision_rate": {
          "raw": 0.2727272727272727,
          "z_score": -0.2272727272727271
        },
        "phrase_alignment": {
          "raw": 1.0,
          "z_score": -1.1284046692607006
        },
        "texture_density": {
          "raw": 0.64,
          "z_score": 0.10661764705882362
        },
        "harmonic_consonance": {
          "raw": 0.6046511627906976,
          "z_score": -0.35587258159077634
        }
      }
    }
  },
  "metrics": {
    "reward": 0.4921648509114457,
    "note_count": 78,
    "valid_midi": 1.0,
    "unique_durs": 1,
    "has_rests": true
  },
  "has_midi": true,
  "error": null,
  "timestamp": "2025-11-30T21:10:00.001911"
}