{
  "id": 14,
  "generation": 12,
  "reward": 0.5517385062688792,
  "breakdown": {
    "sax": -0.24337136760554764,
    "sax_sig": 0.4595268519987952,
    "bass": -0.19836186310174744,
    "bass_sig": 0.46698778457036083,
    "piano": -1.0590035443626313,
    "piano_sig": 0.33048277281317306,
    "drums": 3.621499932658163,
    "drums_sig": 0.917913778649479,
    "ensemble": -0.874578397521413,
    "ensemble_sig": 0.3582305703442653,
    "z_sum": 1.2461847600668239,
    "combined": 0.5517385062688792,
    "sax_detail": {
      "total": -0.24337136760554764,
      "variety_gate": 0.25,
      "features": {
        "melodic_entropy": {
          "raw": 1.8919954870390203,
          "z_score": 0.08158051681803419
        },
        "dur_cv": {
          "raw": 0.0,
          "z_score": -0.2978723404255319
        },
        "sax_arpeggio_runs": {
          "raw": 0,
          "z_score": -0.3391684901531729
        },
        "peak_not_late": {
          "raw": 1,
          "z_score": 0.42975206611570255
        },
        "blue_ratio": {
          "raw": 0.07142857142857142,
          "z_score": -0.7152014652014652
        },
        "rhythm_2grams": {
          "raw": 1,
          "z_score": -0.13257575757575726
        }
      }
    },
    "bass_detail": {
      "total": -0.19836186310174744,
      "direction_gate": 1.0,
      "features": {
        "ioi_swing": {
          "raw": 0.0,
          "z_score": -0.24855491329479767
        },
        "non_chromatic_ratio": {
          "raw": 0.5,
          "z_score": 0.05019305019305024
        }
      }
    },
    "piano_detail": {
      "total": -1.0590035443626313,
      "variety_gate": 1.0,
      "features": {
        "avg_chord_spread": {
          "raw": 7.0,
          "z_score": -0.4206517139229792
        },
        "gap_ratio": {
          "raw": 0.625,
          "z_score": -0.1411764705882354
        },
        "register_separation": {
          "raw": 2.8214285714285694,
          "z_score": -0.266406129082186
        },
        "velocity_variance": {
          "raw": 0.0,
          "z_score": -0.23076923076923078
        }
      }
    },
    "drums_detail": {
      "total": 3.621499932658163,
      "features": {
        "kick_off_beat_ratio": {
          "raw": 0.5,
          "z_score": 0.2411347517730495
        },
        "snare_backbeat_ratio": {
          "raw": 0.5,
          "z_score": 4.358490566037736
        },
        "velocity_variance": {
          "raw": 0.0,
          "z_score": -1.0697095435684647
        },
        "duration_variety": {
          "raw": 2,
          "z_score": 0.09158415841584167
        }
      }
    },
    "ensemble_detail": {
      "total": -0.874578397521413,
      "duration_gate": 1.0,
      "features": {
        "collision_rate": {
          "raw": 0.2857142857142857,
          "z_score": -0.29635258358662603
        },
        "phrase_alignment": {
          "raw": 1.0,
          "z_score": -1.1284046692607006
        },
        "texture_density": {
          "raw": 0.8320000000000001,
          "z_score": -0.599264705882353
        },
        "harmonic_consonance": {
          "raw": 0.7837837837837838,
          "z_score": 1.149443561208267
        }
      }
    }
  },
  "metrics": {
    "reward": 0.5517385062688792,
    "note_count": 50,
    "valid_midi": 1.0,
    "unique_durs": 1,
    "has_rests": false
  },
  "has_midi": true,
  "error": null,
  "timestamp": "2025-11-30T21:33:21.568919"
}