{
  "step": 10,
  "rollout_id": 5,
  "key": "C",
  "tempo": 120,
  "reward": 0.48144758879352734,
  "has_midi": true,
  "error": null,
  "timestamp": "2025-11-29T22:56:13.514365"
}