{
  "id": 3,
  "generation": 50,
  "reward": 0.9018229235096152,
  "breakdown": {
    "sax": 0.02727473849280595,
    "sax_sig": 0.5045456645061036,
    "bass": -1.3223060723060722,
    "bass_sig": 0.29285929700889063,
    "piano": 6.579247752361443,
    "piano_sig": 0.9877046815086293,
    "drums": 3.927203806195668,
    "drums_sig": 0.9320196921635554,
    "ensemble_mult": 1.0447213595499958,
    "z_sum": 9.211420224743843,
    "base_reward": 0.8632186135239613,
    "combined": 0.9018229235096152,
    "sax_detail": {
      "total": 0.02727473849280595,
      "variety_gate": 0.25,
      "features": {
        "melodic_entropy": {
          "raw": 2.413088436425758,
          "z_score": 1.1717331305978198
        },
        "dur_cv": {
          "raw": 0.0,
          "z_score": -0.2978723404255319
        },
        "sax_arpeggio_runs": {
          "raw": 0,
          "z_score": -0.3391684901531729
        },
        "peak_not_late": {
          "raw": 0,
          "z_score": -2.325068870523416
        },
        "blue_ratio": {
          "raw": 0.5,
          "z_score": 2.032051282051282
        },
        "rhythm_2grams": {
          "raw": 1,
          "z_score": -0.13257575757575726
        }
      }
    },
    "bass_detail": {
      "total": -1.3223060723060722,
      "chromatic_gate": 1.0,
      "direction_gate": 1.0,
      "features": {
        "duration_variety": {
          "raw": 1,
          "z_score": -1.0
        },
        "velocity_variance": {
          "raw": 0.0,
          "z_score": -1.25
        },
        "non_chromatic_ratio": {
          "raw": 0.7272727272727273,
          "z_score": 0.9276939276939278
        }
      }
    },
    "piano_detail": {
      "total": 6.579247752361443,
      "tonic_bonus": 1.0,
      "register_failed": false,
      "avg_pitch": 71.58333333333333,
      "features": {
        "unique_chords": {
          "raw": 3,
          "capped": 3,
          "z_score": 1.0086206896551724,
          "weight": 1.0
        },
        "avg_chord_duration": {
          "raw": 1.5,
          "z_score": 3.0,
          "weight": 1.5
        },
        "cluster_ratio": {
          "raw": 0.0,
          "z_score": 0.6666666666666667,
          "weight": 1.0
        },
        "out_of_key_ratio": {
          "raw": 0.0,
          "z_score": 0.6039603960396039,
          "weight": 1.0
        },
        "chord_duration_variety": {
          "raw": 1,
          "z_score": -0.20000000000000018,
          "weight": 1.0
        }
      }
    },
    "drums_detail": {
      "total": 3.927203806195668,
      "features": {
        "duration_variety": {
          "raw": 3,
          "z_score": 1.3048327137546467
        },
        "kick_off_beat_ratio": {
          "raw": 0.5,
          "z_score": 0.23571428571428552
        },
        "velocity_variance": {
          "raw": 16.749792701868152,
          "z_score": 2.386656806726736
        }
      }
    },
    "ensemble_detail": {
      "total": 1.0447213595499958,
      "dynamic_coherence": 0.7236067977499789
    }
  },
  "metrics": {
    "reward": 0.9018229235096152,
    "note_count": 60,
    "valid_midi": 1.0,
    "unique_durs": 1,
    "has_rests": false
  },
  "has_midi": true,
  "error": null,
  "timestamp": "2025-12-02T15:56:13.956392"
}