{
  "step": 22,
  "rollout_id": 12,
  "key": "Fm",
  "tempo": 160,
  "reward": 0.5217623230806424,
  "breakdown": {
    "sax": -0.5210892310129508,
    "sax_sig": 0.41401479772713246,
    "bass": -0.7248623896022739,
    "bass_sig": 0.38148696295716106,
    "piano": 0.37970829424490016,
    "piano_sig": 0.5629489306249914,
    "drums": 1.4218458715648887,
    "drums_sig": 0.7206921009972318,
    "ensemble": -0.03297660441774153,
    "ensemble_sig": 0.49450412061486837,
    "z_sum": 0.5226259407768226,
    "combined": 0.5217623230806424,
    "sax_detail": {
      "total": -0.5210892310129508,
      "variety_gate": 0.25,
      "features": {
        "melodic_entropy": {
          "raw": 1.5798634010685344,
          "z_score": -0.5714154789361204
        },
        "dur_cv": {
          "raw": 0.0,
          "z_score": -0.2978723404255319
        },
        "sax_arpeggio_runs": {
          "raw": 0,
          "z_score": -0.3391684901531729
        },
        "peak_not_late": {
          "raw": 1,
          "z_score": 0.42975206611570255
        },
        "blue_ratio": {
          "raw": 0.0,
          "z_score": -1.1730769230769231
        },
        "rhythm_2grams": {
          "raw": 1,
          "z_score": -0.13257575757575726
        }
      }
    },
    "bass_detail": {
      "total": -0.7248623896022739,
      "direction_gate": 1.0,
      "features": {
        "ioi_swing": {
          "raw": 0.0,
          "z_score": -0.24855491329479767
        },
        "non_chromatic_ratio": {
          "raw": 0.36363636363636365,
          "z_score": -0.4763074763074762
        }
      }
    },
    "piano_detail": {
      "total": 0.37970829424490016,
      "variety_gate": 0.5,
      "features": {
        "avg_chord_spread": {
          "raw": 5.0,
          "z_score": -1.2670334320778671
        },
        "gap_ratio": {
          "raw": 0.7272727272727273,
          "z_score": -0.7427807486631018
        },
        "register_separation": {
          "raw": 17.333333333333336,
          "z_score": 3.0
        },
        "velocity_variance": {
          "raw": 0.0,
          "z_score": -0.23076923076923078
        }
      }
    },
    "drums_detail": {
      "total": 1.4218458715648887,
      "features": {
        "kick_off_beat_ratio": {
          "raw": 0.5,
          "z_score": 0.2411347517730495
        },
        "snare_backbeat_ratio": {
          "raw": 0.0,
          "z_score": -0.3584905660377358
        },
        "velocity_variance": {
          "raw": 12.133516482134196,
          "z_score": 1.4476175274137335
        },
        "duration_variety": {
          "raw": 2,
          "z_score": 0.09158415841584167
        }
      }
    },
    "ensemble_detail": {
      "total": -0.03297660441774153,
      "duration_gate": 1.0,
      "features": {
        "collision_rate": {
          "raw": 0.0,
          "z_score": 1.223404255319149
        },
        "phrase_alignment": {
          "raw": 1.0,
          "z_score": -1.1284046692607006
        },
        "texture_density": {
          "raw": 0.844,
          "z_score": -0.6433823529411762
        },
        "harmonic_consonance": {
          "raw": 0.7083333333333334,
          "z_score": 0.5154061624649862
        }
      }
    }
  },
  "has_midi": true,
  "error": null,
  "timestamp": "2025-12-01T01:17:48.429069"
}