{
  "id": 27,
  "generation": 25,
  "reward": 0.5017559699544304,
  "breakdown": {
    "sax": -0.0899356000503874,
    "sax_sig": 0.4850152220582282,
    "bass": 0.9236433289413291,
    "bass_sig": 0.6492541190079155,
    "piano": -0.039979638238297505,
    "piano_sig": 0.4933371213909879,
    "drums": -0.11746352142761701,
    "drums_sig": 0.48043274476630254,
    "ensemble": -0.6341211170562545,
    "ensemble_sig": 0.39585950599995,
    "z_sum": 0.04214345216877258,
    "combined": 0.5017559699544304,
    "sax_detail": {
      "total": -0.0899356000503874,
      "variety_gate": 0.5,
      "features": {
        "melodic_entropy": {
          "raw": 1.877387064296613,
          "z_score": 0.051018962963625694
        },
        "dur_cv": {
          "raw": 0.0,
          "z_score": -0.2978723404255319
        },
        "sax_arpeggio_runs": {
          "raw": 0,
          "z_score": -0.3391684901531729
        },
        "peak_not_late": {
          "raw": 1,
          "z_score": 0.42975206611570255
        },
        "blue_ratio": {
          "raw": 0.2,
          "z_score": 0.10897435897435907
        },
        "rhythm_2grams": {
          "raw": 1,
          "z_score": -0.13257575757575726
        }
      }
    },
    "bass_detail": {
      "total": 0.9236433289413291,
      "direction_gate": 0.5,
      "features": {
        "ioi_swing": {
          "raw": 0.3061862178478973,
          "z_score": 1.5213076176179037
        },
        "non_chromatic_ratio": {
          "raw": 0.5714285714285714,
          "z_score": 0.32597904026475444
        }
      }
    },
    "piano_detail": {
      "total": -0.039979638238297505,
      "variety_gate": 1.0,
      "features": {
        "avg_chord_spread": {
          "raw": 9.0,
          "z_score": 0.4257300042319087
        },
        "gap_ratio": {
          "raw": 0.6153846153846154,
          "z_score": -0.08461538461538494
        },
        "register_separation": {
          "raw": 3.25,
          "z_score": -0.1503250270855905
        },
        "velocity_variance": {
          "raw": 0.0,
          "z_score": -0.23076923076923078
        }
      }
    },
    "drums_detail": {
      "total": -0.11746352142761701,
      "features": {
        "kick_off_beat_ratio": {
          "raw": 0.5,
          "z_score": 0.2411347517730495
        },
        "snare_backbeat_ratio": {
          "raw": 0.0,
          "z_score": -0.3584905660377358
        },
        "velocity_variance": {
          "raw": 4.714045207910317,
          "z_score": -0.09169186557877233
        },
        "duration_variety": {
          "raw": 2,
          "z_score": 0.09158415841584167
        }
      }
    },
    "ensemble_detail": {
      "total": -0.6341211170562545,
      "duration_gate": 0.8,
      "features": {
        "collision_rate": {
          "raw": 0.2,
          "z_score": 0.15957446808510636
        },
        "phrase_alignment": {
          "raw": 1.0,
          "z_score": -1.1284046692607006
        },
        "texture_density": {
          "raw": 0.9199999999999999,
          "z_score": -0.9227941176470583
        },
        "harmonic_consonance": {
          "raw": 0.7777777777777778,
          "z_score": 1.0989729225023344
        }
      }
    }
  },
  "metrics": {
    "reward": 0.5017559699544304,
    "note_count": 74,
    "valid_midi": 1.0,
    "unique_durs": 1,
    "has_rests": true
  },
  "has_midi": true,
  "error": null,
  "timestamp": "2025-12-01T00:59:22.750905"
}