{
  "id": 22,
  "generation": 12,
  "reward": 0.5673553570207787,
  "breakdown": {
    "sax": -1.2210767707508043,
    "sax_sig": 0.3070278862134476,
    "bass": -0.19836186310174744,
    "bass_sig": 0.46698778457036083,
    "piano": -0.2639368449157568,
    "piano_sig": 0.4561236727182052,
    "drums": 0.8577369246598363,
    "drums_sig": 0.6391840891822599,
    "ensemble": 2.4520533597714818,
    "ensemble_sig": 0.8368127806591971,
    "z_sum": 1.6264148056630094,
    "combined": 0.5673553570207787,
    "sax_detail": {
      "total": -1.2210767707508043,
      "variety_gate": 0.5,
      "features": {
        "melodic_entropy": {
          "raw": 1.5,
          "z_score": -0.7384937238493724
        },
        "dur_cv": {
          "raw": 0.0,
          "z_score": -0.2978723404255319
        },
        "sax_arpeggio_runs": {
          "raw": 0,
          "z_score": -0.3391684901531729
        },
        "peak_not_late": {
          "raw": 0,
          "z_score": -2.325068870523416
        },
        "blue_ratio": {
          "raw": 0.4,
          "z_score": 1.3910256410256412
        },
        "rhythm_2grams": {
          "raw": 1,
          "z_score": -0.13257575757575726
        }
      }
    },
    "bass_detail": {
      "total": -0.19836186310174744,
      "direction_gate": 1.0,
      "features": {
        "ioi_swing": {
          "raw": 0.0,
          "z_score": -0.24855491329479767
        },
        "non_chromatic_ratio": {
          "raw": 0.5,
          "z_score": 0.05019305019305024
        }
      }
    },
    "piano_detail": {
      "total": -0.2639368449157568,
      "variety_gate": 0.5,
      "features": {
        "avg_chord_spread": {
          "raw": 10.0,
          "z_score": 0.8489208633093526
        },
        "gap_ratio": {
          "raw": 0.6666666666666666,
          "z_score": -0.3862745098039215
        },
        "register_separation": {
          "raw": 1.0,
          "z_score": -0.7597508125677139
        },
        "velocity_variance": {
          "raw": 0.0,
          "z_score": -0.23076923076923078
        }
      }
    },
    "drums_detail": {
      "total": 0.8577369246598363,
      "features": {
        "kick_off_beat_ratio": {
          "raw": 0.6666666666666667,
          "z_score": 1.423167848699764
        },
        "snare_backbeat_ratio": {
          "raw": 0.0,
          "z_score": -0.3584905660377358
        },
        "velocity_variance": {
          "raw": 9.682458365518542,
          "z_score": 0.9390992459582037
        },
        "duration_variety": {
          "raw": 1,
          "z_score": -1.146039603960396
        }
      }
    },
    "ensemble_detail": {
      "total": 2.4520533597714818,
      "duration_gate": 1.0,
      "features": {
        "collision_rate": {
          "raw": 0.2,
          "z_score": 0.15957446808510636
        },
        "phrase_alignment": {
          "raw": 0.75,
          "z_score": -0.15564202334630364
        },
        "texture_density": {
          "raw": 0.556,
          "z_score": 0.41544117647058815
        },
        "harmonic_consonance": {
          "raw": 0.8888888888888888,
          "z_score": 2.032679738562091
        }
      }
    }
  },
  "metrics": {
    "reward": 0.5673553570207787,
    "note_count": 58,
    "valid_midi": 1.0,
    "unique_durs": 1,
    "has_rests": true
  },
  "has_midi": true,
  "error": null,
  "timestamp": "2025-11-30T21:33:25.197405"
}