{
  "id": 20,
  "generation": 23,
  "reward": 0.5177117202388194,
  "breakdown": {
    "sax": 0.1400270386162362,
    "sax_sig": 0.5233209064382142,
    "bass": -0.7859059289066828,
    "bass_sig": 0.37193202641024825,
    "piano": 1.852517366295954,
    "piano_sig": 0.7746945136974065,
    "drums": -1.0954811994173095,
    "drums_sig": 0.3251243340991838,
    "ensemble": 0.3141019433134079,
    "ensemble_sig": 0.5521598669537545,
    "z_sum": 0.42525921990160576,
    "combined": 0.5177117202388194,
    "sax_detail": {
      "total": 0.1400270386162362,
      "variety_gate": 0.25,
      "features": {
        "melodic_entropy": {
          "raw": 1.9927781074599387,
          "z_score": 0.29242281895384664
        },
        "dur_cv": {
          "raw": 0.0,
          "z_score": -0.2978723404255319
        },
        "sax_arpeggio_runs": {
          "raw": 0,
          "z_score": -0.3391684901531729
        },
        "peak_not_late": {
          "raw": 1,
          "z_score": 0.42975206611570255
        },
        "blue_ratio": {
          "raw": 0.2777777777777778,
          "z_score": 0.6075498575498577
        },
        "rhythm_2grams": {
          "raw": 1,
          "z_score": -0.13257575757575726
        }
      }
    },
    "bass_detail": {
      "total": -0.7859059289066828,
      "direction_gate": 1.0,
      "features": {
        "ioi_swing": {
          "raw": 0.0,
          "z_score": -0.24855491329479767
        },
        "non_chromatic_ratio": {
          "raw": 0.34782608695652173,
          "z_score": -0.5373510156118851
        }
      }
    },
    "piano_detail": {
      "total": 1.852517366295954,
      "variety_gate": 0.5,
      "features": {
        "avg_chord_spread": {
          "raw": 6.333333333333333,
          "z_score": -0.7027789533079419
        },
        "gap_ratio": {
          "raw": 0.45454545454545453,
          "z_score": 0.8614973262032085
        },
        "register_separation": {
          "raw": 17.75,
          "z_score": 3.7770855904658722
        },
        "velocity_variance": {
          "raw": 0.0,
          "z_score": -0.23076923076923078
        }
      }
    },
    "drums_detail": {
      "total": -1.0954811994173095,
      "features": {
        "kick_off_beat_ratio": {
          "raw": 0.5,
          "z_score": 0.2411347517730495
        },
        "snare_backbeat_ratio": {
          "raw": 0.0,
          "z_score": -0.3584905660377358
        },
        "velocity_variance": {
          "raw": 0.0,
          "z_score": -1.0697095435684647
        },
        "duration_variety": {
          "raw": 2,
          "z_score": 0.09158415841584167
        }
      }
    },
    "ensemble_detail": {
      "total": 0.3141019433134079,
      "duration_gate": 1.0,
      "features": {
        "collision_rate": {
          "raw": 0.2222222222222222,
          "z_score": 0.0413711583924351
        },
        "phrase_alignment": {
          "raw": 1.0,
          "z_score": -1.1284046692607006
        },
        "texture_density": {
          "raw": 0.22399999999999987,
          "z_score": 1.6360294117647065
        },
        "harmonic_consonance": {
          "raw": 0.6190476190476191,
          "z_score": -0.23489395758303322
        }
      }
    }
  },
  "metrics": {
    "reward": 0.5177117202388194,
    "note_count": 81,
    "valid_midi": 1.0,
    "unique_durs": 1,
    "has_rests": false
  },
  "has_midi": true,
  "error": null,
  "timestamp": "2025-11-30T21:40:36.446512"
}