{
  "step": 6,
  "rollout_id": 10,
  "key": "Dm",
  "tempo": 160,
  "reward": 0.535753756469974,
  "breakdown": {
    "sax": -0.6843702048932364,
    "sax_sig": 0.3878765632250514,
    "bass": -0.373862038601923,
    "bass_sig": 0.43801023530346195,
    "piano": 1.909285829891946,
    "piano_sig": 0.7812314644933545,
    "drums": -1.0954811994173095,
    "drums_sig": 0.3251243340991838,
    "ensemble": 1.1039848363387081,
    "ensemble_sig": 0.6761183341222575,
    "z_sum": 0.8595572233181852,
    "combined": 0.535753756469974,
    "sax_detail": {
      "total": -0.6843702048932364,
      "variety_gate": 0.5,
      "features": {
        "melodic_entropy": {
          "raw": 1.9219280948873623,
          "z_score": 0.14420103532920983
        },
        "dur_cv": {
          "raw": 0.0,
          "z_score": -0.2978723404255319
        },
        "sax_arpeggio_runs": {
          "raw": 0,
          "z_score": -0.3391684901531729
        },
        "peak_not_late": {
          "raw": 1,
          "z_score": 0.42975206611570255
        },
        "blue_ratio": {
          "raw": 0.0,
          "z_score": -1.1730769230769231
        },
        "rhythm_2grams": {
          "raw": 1,
          "z_score": -0.13257575757575726
        }
      }
    },
    "bass_detail": {
      "total": -0.373862038601923,
      "direction_gate": 1.0,
      "features": {
        "ioi_swing": {
          "raw": 0.0,
          "z_score": -0.24855491329479767
        },
        "non_chromatic_ratio": {
          "raw": 0.45454545454545453,
          "z_score": -0.12530712530712532
        }
      }
    },
    "piano_detail": {
      "total": 1.909285829891946,
      "variety_gate": 1.0,
      "features": {
        "avg_chord_spread": {
          "raw": 7.0,
          "z_score": -0.4206517139229792
        },
        "gap_ratio": {
          "raw": 0.52,
          "z_score": 0.47647058823529387
        },
        "register_separation": {
          "raw": 11.5,
          "z_score": 2.0842361863488623
        },
        "velocity_variance": {
          "raw": 0.0,
          "z_score": -0.23076923076923078
        }
      }
    },
    "drums_detail": {
      "total": -1.0954811994173095,
      "features": {
        "kick_off_beat_ratio": {
          "raw": 0.5,
          "z_score": 0.2411347517730495
        },
        "snare_backbeat_ratio": {
          "raw": 0.0,
          "z_score": -0.3584905660377358
        },
        "velocity_variance": {
          "raw": 0.0,
          "z_score": -1.0697095435684647
        },
        "duration_variety": {
          "raw": 2,
          "z_score": 0.09158415841584167
        }
      }
    },
    "ensemble_detail": {
      "total": 1.1039848363387081,
      "duration_gate": 1.0,
      "features": {
        "collision_rate": {
          "raw": 0.3333333333333333,
          "z_score": -0.5496453900709218
        },
        "phrase_alignment": {
          "raw": 0.5,
          "z_score": 0.8171206225680933
        },
        "texture_density": {
          "raw": 0.43200000000000005,
          "z_score": 0.8713235294117646
        },
        "harmonic_consonance": {
          "raw": 0.6428571428571429,
          "z_score": -0.03481392557022786
        }
      }
    }
  },
  "has_midi": true,
  "error": null,
  "timestamp": "2025-11-30T21:45:37.260276"
}