{
  "step": 14,
  "rollout_id": 24,
  "key": "Fm",
  "tempo": 160,
  "reward": 0.39137926995089817,
  "breakdown": {
    "sax": 0.3470501006238079,
    "sax_sig": 0.5575850323821585,
    "bass": -1.075862740602625,
    "bass_sig": 0.3280006403243589,
    "piano": -0.5714532433705061,
    "piano_sig": 0.4058932485802101,
    "drums": 0.8605541565620749,
    "drums_sig": 0.6396171304977055,
    "ensemble": -2.209397527396863,
    "ensemble_sig": 0.1864974212131303,
    "z_sum": -2.6491092541841113,
    "combined": 0.39137926995089817,
    "sax_detail": {
      "total": 0.3470501006238079,
      "variety_gate": 0.25,
      "features": {
        "melodic_entropy": {
          "raw": 2.218378281790496,
          "z_score": 0.7643897108587778
        },
        "dur_cv": {
          "raw": 0.0,
          "z_score": -0.2978723404255319
        },
        "sax_arpeggio_runs": {
          "raw": 0,
          "z_score": -0.3391684901531729
        },
        "peak_not_late": {
          "raw": 1,
          "z_score": 0.42975206611570255
        },
        "blue_ratio": {
          "raw": 0.3333333333333333,
          "z_score": 0.9636752136752136
        },
        "rhythm_2grams": {
          "raw": 1,
          "z_score": -0.13257575757575726
        }
      }
    },
    "bass_detail": {
      "total": -1.075862740602625,
      "direction_gate": 1.0,
      "features": {
        "ioi_swing": {
          "raw": 0.0,
          "z_score": -0.24855491329479767
        },
        "non_chromatic_ratio": {
          "raw": 0.2727272727272727,
          "z_score": -0.8273078273078274
        }
      }
    },
    "piano_detail": {
      "total": -0.5714532433705061,
      "variety_gate": 0.5,
      "features": {
        "avg_chord_spread": {
          "raw": 8.333333333333334,
          "z_score": 0.1436027648469463
        },
        "gap_ratio": {
          "raw": 0.6666666666666666,
          "z_score": -0.3862745098039215
        },
        "register_separation": {
          "raw": 1.3333333333333357,
          "z_score": -0.6694655110148061
        },
        "velocity_variance": {
          "raw": 0.0,
          "z_score": -0.23076923076923078
        }
      }
    },
    "drums_detail": {
      "total": 0.8605541565620749,
      "features": {
        "kick_off_beat_ratio": {
          "raw": 0.5,
          "z_score": 0.2411347517730495
        },
        "snare_backbeat_ratio": {
          "raw": 0.0,
          "z_score": -0.3584905660377358
        },
        "velocity_variance": {
          "raw": 9.428090415820632,
          "z_score": 0.8863258124109196
        },
        "duration_variety": {
          "raw": 2,
          "z_score": 0.09158415841584167
        }
      }
    },
    "ensemble_detail": {
      "total": -2.209397527396863,
      "duration_gate": 1.0,
      "features": {
        "collision_rate": {
          "raw": 0.2777777777777778,
          "z_score": -0.25413711583924353
        },
        "phrase_alignment": {
          "raw": 1.0,
          "z_score": -1.1284046692607006
        },
        "texture_density": {
          "raw": 0.796,
          "z_score": -0.4669117647058823
        },
        "harmonic_consonance": {
          "raw": 0.6041666666666666,
          "z_score": -0.3599439775910369
        }
      }
    }
  },
  "has_midi": true,
  "error": null,
  "timestamp": "2025-12-01T00:26:14.318478"
}