{
  "id": 10,
  "generation": 49,
  "reward": 0.48214356776001,
  "breakdown": {
    "sax": -0.6996611647327527,
    "sax_sig": 0.38545900929483645,
    "bass": -0.6203053703053705,
    "bass_sig": 0.39806433963414856,
    "piano": 1.5490443675484589,
    "piano_sig": 0.7374382851619721,
    "drums": -1.0005152970562348,
    "drums_sig": 0.33916663039186756,
    "ensemble_mult": 1.0447213595499958,
    "z_sum": -0.771437464545899,
    "base_reward": 0.46150446083316315,
    "combined": 0.48214356776001,
    "sax_detail": {
      "total": -0.6996611647327527,
      "variety_gate": 0.25,
      "features": {
        "melodic_entropy": {
          "raw": 2.2998963911678914,
          "z_score": 0.9349296886357561
        },
        "dur_cv": {
          "raw": 0.0,
          "z_score": -0.2978723404255319
        },
        "sax_arpeggio_runs": {
          "raw": 0,
          "z_score": -0.3391684901531729
        },
        "peak_not_late": {
          "raw": 0,
          "z_score": -2.325068870523416
        },
        "blue_ratio": {
          "raw": 0.08333333333333333,
          "z_score": -0.6388888888888888
        },
        "rhythm_2grams": {
          "raw": 1,
          "z_score": -0.13257575757575726
        }
      }
    },
    "bass_detail": {
      "total": -0.6203053703053705,
      "chromatic_gate": 1.0,
      "direction_gate": 1.0,
      "features": {
        "duration_variety": {
          "raw": 1,
          "z_score": -1.0
        },
        "velocity_variance": {
          "raw": 0.0,
          "z_score": -1.25
        },
        "non_chromatic_ratio": {
          "raw": 0.9090909090909091,
          "z_score": 1.6296946296946295
        }
      }
    },
    "piano_detail": {
      "total": 1.5490443675484589,
      "tonic_bonus": 1.2,
      "register_failed": false,
      "avg_pitch": 71.25,
      "features": {
        "unique_chords": {
          "raw": 3,
          "capped": 3,
          "z_score": 1.0086206896551724,
          "weight": 1.0
        },
        "avg_chord_duration": {
          "raw": 0.375,
          "z_score": 0.5573770491803279,
          "weight": 1.5
        },
        "cluster_ratio": {
          "raw": 0.3333333333333333,
          "z_score": -0.13269384492406067,
          "weight": 1.0
        },
        "out_of_key_ratio": {
          "raw": 0.08333333333333333,
          "z_score": -0.22112211221122108,
          "weight": 1.0
        },
        "chord_duration_variety": {
          "raw": 1,
          "z_score": -0.20000000000000018,
          "weight": 1.0
        }
      }
    },
    "drums_detail": {
      "total": -1.0005152970562348,
      "features": {
        "duration_variety": {
          "raw": 1,
          "z_score": -1.1734820322180917
        },
        "kick_off_beat_ratio": {
          "raw": 0.5,
          "z_score": 0.23571428571428552
        },
        "velocity_variance": {
          "raw": 5.0,
          "z_score": -0.06274755055242864
        }
      }
    },
    "ensemble_detail": {
      "total": 1.0447213595499958,
      "dynamic_coherence": 0.7236067977499789
    }
  },
  "metrics": {
    "reward": 0.48214356776001,
    "note_count": 58,
    "valid_midi": 1.0,
    "unique_durs": 1,
    "has_rests": false
  },
  "has_midi": true,
  "error": null,
  "timestamp": "2025-12-02T15:50:36.765903"
}