{
  "id": 12,
  "generation": 10,
  "reward": 0.6653098703035922,
  "breakdown": {
    "sax": 1.606315220772035,
    "sax_sig": 0.7447636258120887,
    "bass": -0.26930501930501927,
    "bass_sig": 0.45523600694864574,
    "piano": 1.231946616368816,
    "piano_sig": 0.694511745731579,
    "drums": 0.041802818432612465,
    "drums_sig": 0.5069666855181919,
    "ensemble_mult": 1.06,
    "z_sum": 2.6107596362684444,
    "base_reward": 0.6276508210411247,
    "combined": 0.6653098703035922,
    "sax_detail": {
      "total": 1.606315220772035,
      "variety_gate": 0.5,
      "features": {
        "melodic_entropy": {
          "raw": 2.75,
          "z_score": 1.876569037656904
        },
        "dur_cv": {
          "raw": 0.0,
          "z_score": -0.2978723404255319
        },
        "sax_arpeggio_runs": {
          "raw": 0,
          "z_score": -0.3391684901531729
        },
        "peak_not_late": {
          "raw": 1,
          "z_score": 0.42975206611570255
        },
        "blue_ratio": {
          "raw": 0.4444444444444444,
          "z_score": 1.6759259259259258
        },
        "rhythm_2grams": {
          "raw": 1,
          "z_score": -0.13257575757575726
        }
      }
    },
    "bass_detail": {
      "total": -0.26930501930501927,
      "chromatic_gate": 1.0,
      "direction_gate": 1.0,
      "features": {
        "duration_variety": {
          "raw": 1,
          "z_score": -1.0
        },
        "velocity_variance": {
          "raw": 0.0,
          "z_score": -1.25
        },
        "non_chromatic_ratio": {
          "raw": 1.0,
          "z_score": 1.9806949806949807
        }
      }
    },
    "piano_detail": {
      "total": 1.231946616368816,
      "tonic_bonus": 1.2,
      "register_failed": true,
      "avg_pitch": 45.833333333333336,
      "features": {
        "unique_chords": {
          "raw": 2,
          "capped": 2,
          "z_score": 0.146551724137931,
          "weight": 1.0
        },
        "avg_chord_duration": {
          "raw": 0.375,
          "z_score": 0.5573770491803279,
          "weight": 1.5
        },
        "cluster_ratio": {
          "raw": 0.0,
          "z_score": 0.6666666666666667,
          "weight": 1.0
        },
        "out_of_key_ratio": {
          "raw": 0.0,
          "z_score": 0.6039603960396039,
          "weight": 1.0
        },
        "chord_duration_variety": {
          "raw": 1,
          "z_score": -0.20000000000000018,
          "weight": 1.0
        }
      }
    },
    "drums_detail": {
      "total": 0.041802818432612465,
      "features": {
        "duration_variety": {
          "raw": 1,
          "z_score": -1.1734820322180917
        },
        "kick_off_beat_ratio": {
          "raw": 0.5,
          "z_score": 0.23571428571428552
        },
        "velocity_variance": {
          "raw": 10.0,
          "z_score": 0.9795705649364186
        }
      }
    },
    "ensemble_detail": {
      "total": 1.06,
      "dynamic_coherence": 0.8
    }
  },
  "metrics": {
    "reward": 0.6653098703035922,
    "note_count": 65,
    "valid_midi": 1.0,
    "unique_durs": 1,
    "has_rests": true
  },
  "has_midi": true,
  "error": null,
  "timestamp": "2025-12-01T22:29:53.767453"
}