{
  "step": 44,
  "rollout_id": 17,
  "key": "Dm",
  "tempo": 160,
  "reward": 0.7046219050227758,
  "breakdown": {
    "sax": -1.283202834451437,
    "sax_sig": 0.2982869627296621,
    "bass": 1.2779043190467874,
    "bass_sig": 0.7009731494784915,
    "piano": 2.117645838865422,
    "piano_sig": 0.8040440067371869,
    "drums": 3.7524078993466943,
    "drums_sig": 0.924254278514874,
    "ensemble": -0.648324380189262,
    "ensemble_sig": 0.39359723507155076,
    "z_sum": 5.216430842618205,
    "combined": 0.7046219050227758,
    "sax_detail": {
      "total": -1.283202834451437,
      "variety_gate": 0.5,
      "features": {
        "melodic_entropy": {
          "raw": 1.9591479170272448,
          "z_score": 0.22206677202352468
        },
        "dur_cv": {
          "raw": 0.0,
          "z_score": -0.2978723404255319
        },
        "sax_arpeggio_runs": {
          "raw": 0,
          "z_score": -0.3391684901531729
        },
        "peak_not_late": {
          "raw": 0,
          "z_score": -2.325068870523416
        },
        "blue_ratio": {
          "raw": 0.23076923076923078,
          "z_score": 0.3062130177514794
        },
        "rhythm_2grams": {
          "raw": 1,
          "z_score": -0.13257575757575726
        }
      }
    },
    "bass_detail": {
      "total": 1.2779043190467874,
      "direction_gate": 1.0,
      "features": {
        "ioi_swing": {
          "raw": 0.0,
          "z_score": -0.24855491329479767
        },
        "non_chromatic_ratio": {
          "raw": 0.8823529411764706,
          "z_score": 1.526459232341585
        }
      }
    },
    "piano_detail": {
      "total": 2.117645838865422,
      "variety_gate": 1.0,
      "features": {
        "avg_chord_spread": {
          "raw": 6.666666666666667,
          "z_score": -0.5617153336154603
        },
        "gap_ratio": {
          "raw": 0.7857142857142857,
          "z_score": -1.0865546218487394
        },
        "register_separation": {
          "raw": 0.4166666666666714,
          "z_score": -0.9177500902853003
        },
        "velocity_variance": {
          "raw": 0.06388765649999399,
          "z_score": 4.683665884614922
        }
      }
    },
    "drums_detail": {
      "total": 3.7524078993466943,
      "features": {
        "kick_off_beat_ratio": {
          "raw": 0.5,
          "z_score": 0.2411347517730495
        },
        "snare_backbeat_ratio": {
          "raw": 0.0,
          "z_score": -0.3584905660377358
        },
        "velocity_variance": {
          "raw": 11.436132386735569,
          "z_score": 1.302932030443064
        },
        "duration_variety": {
          "raw": 4,
          "z_score": 2.5668316831683167
        }
      }
    },
    "ensemble_detail": {
      "total": -0.648324380189262,
      "duration_gate": 1.0,
      "features": {
        "collision_rate": {
          "raw": 0.07692307692307693,
          "z_score": 0.8142389525368249
        },
        "phrase_alignment": {
          "raw": 1.0,
          "z_score": -1.1284046692607006
        },
        "texture_density": {
          "raw": 0.6960000000000001,
          "z_score": -0.09926470588235302
        },
        "harmonic_consonance": {
          "raw": 0.6190476190476191,
          "z_score": -0.23489395758303322
        }
      }
    }
  },
  "has_midi": true,
  "error": null,
  "timestamp": "2025-12-01T03:05:50.506734"
}