{
  "id": 10,
  "generation": 2,
  "reward": 0.6485770019421041,
  "breakdown": {
    "sax": -0.6227615842429056,
    "sax_sig": 0.3976720510262372,
    "bass": 1.7883467883467883,
    "bass_sig": 0.7671398736674025,
    "piano": 2.7395755207700514,
    "piano_sig": 0.8613303564130014,
    "drums": 0.48908854296022863,
    "drums_sig": 0.5808001699762088,
    "ensemble": -0.7175085797213169,
    "ensemble_sig": 0.3826444102733924,
    "z_sum": 3.6767406881128464,
    "combined": 0.6485770019421041,
    "sax_detail": {
      "total": -0.6227615842429056,
      "variety_gate": 0.5,
      "features": {
        "melodic_entropy": {
          "raw": 1.9808259362290785,
          "z_score": 0.2674182766298715
        },
        "dur_cv": {
          "raw": 0.0,
          "z_score": -0.2978723404255319
        },
        "sax_arpeggio_runs": {
          "raw": 0,
          "z_score": -0.3391684901531729
        },
        "peak_not_late": {
          "raw": 1,
          "z_score": 0.42975206611570255
        },
        "blue_ratio": {
          "raw": 0.0,
          "z_score": -1.1730769230769231
        },
        "rhythm_2grams": {
          "raw": 1,
          "z_score": -0.13257575757575726
        }
      }
    },
    "bass_detail": {
      "total": 1.7883467883467883,
      "direction_gate": 0.5,
      "features": {
        "ioi_swing": {
          "raw": 0.565685424949238,
          "z_score": 3.0
        },
        "non_chromatic_ratio": {
          "raw": 0.6363636363636364,
          "z_score": 0.5766935766935767
        }
      }
    },
    "piano_detail": {
      "total": 2.7395755207700514,
      "variety_gate": 1.0,
      "features": {
        "avg_chord_spread": {
          "raw": 9.0,
          "z_score": 0.4257300042319087
        },
        "gap_ratio": {
          "raw": 0.6,
          "z_score": 0.005882352941176476
        },
        "register_separation": {
          "raw": 1.25,
          "z_score": -0.6920368364030336
        },
        "velocity_variance": {
          "raw": 0.06388765649999399,
          "z_score": 3.0
        }
      }
    },
    "drums_detail": {
      "total": 0.48908854296022863,
      "features": {
        "kick_off_beat_ratio": {
          "raw": 0.5,
          "z_score": 0.2411347517730495
        },
        "snare_backbeat_ratio": {
          "raw": 0.0,
          "z_score": -0.3584905660377358
        },
        "velocity_variance": {
          "raw": 7.637626158259733,
          "z_score": 0.5148601988090733
        },
        "duration_variety": {
          "raw": 2,
          "z_score": 0.09158415841584167
        }
      }
    },
    "ensemble_detail": {
      "total": -0.7175085797213169,
      "duration_gate": 0.8,
      "features": {
        "collision_rate": {
          "raw": 0.5,
          "z_score": -1.4361702127659575
        },
        "phrase_alignment": {
          "raw": 0.5,
          "z_score": 0.8171206225680933
        },
        "texture_density": {
          "raw": 0.9800000000000001,
          "z_score": -1.1433823529411766
        },
        "harmonic_consonance": {
          "raw": 0.75,
          "z_score": 0.8655462184873949
        }
      }
    }
  },
  "metrics": {
    "reward": 0.6485770019421041,
    "note_count": 72,
    "valid_midi": 1.0,
    "unique_durs": 1,
    "has_rests": true
  },
  "has_midi": true,
  "error": null,
  "timestamp": "2025-11-30T22:11:20.921208"
}