{
  "step": 45,
  "rollout_id": 2,
  "key": "Fm",
  "tempo": 160,
  "reward": 0.7332917979618082,
  "breakdown": {
    "sax": -0.13052456037972646,
    "sax_sig": 0.47825962277747985,
    "bass": -0.36243119480113695,
    "bass_sig": 0.43988696964675406,
    "piano": 6.561509072902308,
    "piano_sig": 0.9875602360566205,
    "drums": 0.2808472933623032,
    "drums_sig": 0.546671619840208,
    "ensemble": -0.2810694585806839,
    "ensemble_sig": 0.453291675496643,
    "z_sum": 6.068331152503064,
    "combined": 0.7332917979618082,
    "sax_detail": {
      "total": -0.13052456037972646,
      "variety_gate": 0.25,
      "features": {
        "melodic_entropy": {
          "raw": 1.6457113704075783,
          "z_score": -0.43365822090464784
        },
        "dur_cv": {
          "raw": 0.0,
          "z_score": -0.2978723404255319
        },
        "sax_arpeggio_runs": {
          "raw": 0,
          "z_score": -0.3391684901531729
        },
        "peak_not_late": {
          "raw": 1,
          "z_score": 0.42975206611570255
        },
        "blue_ratio": {
          "raw": 0.2222222222222222,
          "z_score": 0.25142450142450135
        },
        "rhythm_2grams": {
          "raw": 1,
          "z_score": -0.13257575757575726
        }
      }
    },
    "bass_detail": {
      "total": -0.36243119480113695,
      "direction_gate": 0.5,
      "features": {
        "ioi_swing": {
          "raw": 0.0,
          "z_score": -0.24855491329479767
        },
        "non_chromatic_ratio": {
          "raw": 0.36363636363636365,
          "z_score": -0.4763074763074762
        }
      }
    },
    "piano_detail": {
      "total": 6.561509072902308,
      "variety_gate": 1.0,
      "features": {
        "avg_chord_spread": {
          "raw": 9.0,
          "z_score": 0.4257300042319087
        },
        "gap_ratio": {
          "raw": 0.6086956521739131,
          "z_score": -0.04526854219948884
        },
        "register_separation": {
          "raw": 9.333333333333336,
          "z_score": 1.4973817262549662
        },
        "velocity_variance": {
          "raw": 0.06388765649999399,
          "z_score": 4.683665884614922
        }
      }
    },
    "drums_detail": {
      "total": 0.2808472933623032,
      "features": {
        "kick_off_beat_ratio": {
          "raw": 0.19999999999999996,
          "z_score": -1.8865248226950362
        },
        "snare_backbeat_ratio": {
          "raw": 0.0,
          "z_score": -0.3584905660377358
        },
        "velocity_variance": {
          "raw": 10.923875949480442,
          "z_score": 1.196654761302996
        },
        "duration_variety": {
          "raw": 3,
          "z_score": 1.3292079207920793
        }
      }
    },
    "ensemble_detail": {
      "total": -0.2810694585806839,
      "duration_gate": 1.0,
      "features": {
        "collision_rate": {
          "raw": 0.2222222222222222,
          "z_score": 0.0413711583924351
        },
        "phrase_alignment": {
          "raw": 1.0,
          "z_score": -1.1284046692607006
        },
        "texture_density": {
          "raw": 0.33599999999999997,
          "z_score": 1.224264705882353
        },
        "harmonic_consonance": {
          "raw": 0.5972222222222222,
          "z_score": -0.41830065359477153
        }
      }
    }
  },
  "has_midi": true,
  "error": null,
  "timestamp": "2025-12-01T03:14:41.244498"
}