{
  "step": 13,
  "rollout_id": 21,
  "key": "Fm",
  "tempo": 160,
  "reward": 0.9273846077675482,
  "breakdown": {
    "sax": 0.21234106504597258,
    "sax_sig": 0.5353311957718644,
    "bass": -0.26930501930501927,
    "bass_sig": 0.45523600694864574,
    "piano": 6.860614544213041,
    "piano_sig": 0.9897861374861509,
    "drums": 2.400895220402981,
    "drums_sig": 0.832101781538285,
    "ensemble_mult": 1.074535599249993,
    "z_sum": 9.204545810356976,
    "base_reward": 0.8630561969420524,
    "combined": 0.9273846077675482,
    "sax_detail": {
      "total": 0.21234106504597258,
      "variety_gate": 0.0,
      "features": {}
    },
    "bass_detail": {
      "total": -0.26930501930501927,
      "chromatic_gate": 1.0,
      "direction_gate": 1.0,
      "features": {
        "duration_variety": {
          "raw": 1,
          "z_score": -1.0
        },
        "velocity_variance": {
          "raw": 0.0,
          "z_score": -1.25
        },
        "non_chromatic_ratio": {
          "raw": 1.0,
          "z_score": 1.9806949806949807
        }
      }
    },
    "piano_detail": {
      "total": 6.860614544213041,
      "tonic_bonus": 1.2,
      "register_failed": false,
      "avg_pitch": 66.0,
      "features": {
        "unique_chords": {
          "raw": 2,
          "capped": 2,
          "z_score": 0.146551724137931,
          "weight": 1.0
        },
        "avg_chord_duration": {
          "raw": 1.5,
          "z_score": 3.0,
          "weight": 1.5
        },
        "cluster_ratio": {
          "raw": 0.0,
          "z_score": 0.6666666666666667,
          "weight": 1.0
        },
        "out_of_key_ratio": {
          "raw": 0.0,
          "z_score": 0.6039603960396039,
          "weight": 1.0
        },
        "chord_duration_variety": {
          "raw": 1,
          "z_score": -0.20000000000000018,
          "weight": 1.0
        }
      }
    },
    "drums_detail": {
      "total": 2.400895220402981,
      "features": {
        "duration_variety": {
          "raw": 3,
          "z_score": 1.3048327137546467
        },
        "kick_off_beat_ratio": {
          "raw": 0.5,
          "z_score": 0.23571428571428552
        },
        "velocity_variance": {
          "raw": 9.428090415820632,
          "z_score": 0.8603482209340488
        }
      }
    },
    "ensemble_detail": {
      "total": 1.074535599249993,
      "dynamic_coherence": 0.8726779962499649
    }
  },
  "has_midi": true,
  "error": null,
  "timestamp": "2025-12-02T05:08:00.211659"
}