{
  "step": 40,
  "rollout_id": 15,
  "key": "F",
  "tempo": 160,
  "reward": 0.7811950602332549,
  "breakdown": {
    "sax": 0.744226220296719,
    "sax_sig": 0.6215543326220118,
    "bass": 0.1640693316993895,
    "bass_sig": 0.5273176585974825,
    "piano": 5.02054507505428,
    "piano_sig": 0.9660074462761926,
    "drums": 0.2808472933623032,
    "drums_sig": 0.546671619840208,
    "ensemble": 1.4261774521051072,
    "ensemble_sig": 0.721273014039322,
    "z_sum": 7.635865372517799,
    "combined": 0.7811950602332549,
    "sax_detail": {
      "total": 0.744226220296719,
      "variety_gate": 0.5,
      "features": {
        "melodic_entropy": {
          "raw": 2.5216406363433186,
          "z_score": 1.398829783145018
        },
        "dur_cv": {
          "raw": 0.0,
          "z_score": -0.2978723404255319
        },
        "sax_arpeggio_runs": {
          "raw": 0,
          "z_score": -0.3391684901531729
        },
        "peak_not_late": {
          "raw": 1,
          "z_score": 0.42975206611570255
        },
        "blue_ratio": {
          "raw": 0.25,
          "z_score": 0.4294871794871795
        },
        "rhythm_2grams": {
          "raw": 1,
          "z_score": -0.13257575757575726
        }
      }
    },
    "bass_detail": {
      "total": 0.1640693316993895,
      "direction_gate": 0.5,
      "features": {
        "ioi_swing": {
          "raw": 0.0,
          "z_score": -0.24855491329479767
        },
        "non_chromatic_ratio": {
          "raw": 0.6363636363636364,
          "z_score": 0.5766935766935767
        }
      }
    },
    "piano_detail": {
      "total": 5.02054507505428,
      "variety_gate": 1.0,
      "features": {
        "avg_chord_spread": {
          "raw": 12.0,
          "z_score": 1.6953025814642404
        },
        "gap_ratio": {
          "raw": 0.7142857142857143,
          "z_score": -0.6663865546218489
        },
        "register_separation": {
          "raw": 1.25,
          "z_score": -0.6920368364030336
        },
        "velocity_variance": {
          "raw": 0.06388765649999399,
          "z_score": 4.683665884614922
        }
      }
    },
    "drums_detail": {
      "total": 0.2808472933623032,
      "features": {
        "kick_off_beat_ratio": {
          "raw": 0.19999999999999996,
          "z_score": -1.8865248226950362
        },
        "snare_backbeat_ratio": {
          "raw": 0.0,
          "z_score": -0.3584905660377358
        },
        "velocity_variance": {
          "raw": 10.923875949480442,
          "z_score": 1.196654761302996
        },
        "duration_variety": {
          "raw": 3,
          "z_score": 1.3292079207920793
        }
      }
    },
    "ensemble_detail": {
      "total": 1.4261774521051072,
      "duration_gate": 1.0,
      "features": {
        "collision_rate": {
          "raw": 0.125,
          "z_score": 0.5585106382978724
        },
        "phrase_alignment": {
          "raw": 0.6666666666666666,
          "z_score": 0.16861219195849547
        },
        "texture_density": {
          "raw": 0.6,
          "z_score": 0.2536764705882355
        },
        "harmonic_consonance": {
          "raw": 0.7,
          "z_score": 0.4453781512605037
        }
      }
    }
  },
  "has_midi": true,
  "error": null,
  "timestamp": "2025-12-01T02:32:08.309390"
}