{
  "step": 6,
  "rollout_id": 17,
  "key": "Dm",
  "tempo": 160,
  "reward": 0.6608240929133503,
  "breakdown": {
    "sax": -0.079692479880017,
    "sax_sig": 0.4867210433253305,
    "bass": -0.373862038601923,
    "bass_sig": 0.43801023530346195,
    "piano": 0.9057381486309266,
    "piano_sig": 0.646531016422777,
    "drums": 2.6594696339411263,
    "drums_sig": 0.8548278415504731,
    "ensemble": 0.8901595899280873,
    "ensemble_sig": 0.6441539889189535,
    "z_sum": 4.0018128540182,
    "combined": 0.6608240929133503,
    "sax_detail": {
      "total": -0.079692479880017,
      "variety_gate": 0.5,
      "features": {
        "melodic_entropy": {
          "raw": 2.5,
          "z_score": 1.3535564853556485
        },
        "dur_cv": {
          "raw": 0.0,
          "z_score": -0.2978723404255319
        },
        "sax_arpeggio_runs": {
          "raw": 0,
          "z_score": -0.3391684901531729
        },
        "peak_not_late": {
          "raw": 1,
          "z_score": 0.42975206611570255
        },
        "blue_ratio": {
          "raw": 0.0,
          "z_score": -1.1730769230769231
        },
        "rhythm_2grams": {
          "raw": 1,
          "z_score": -0.13257575757575726
        }
      }
    },
    "bass_detail": {
      "total": -0.373862038601923,
      "direction_gate": 1.0,
      "features": {
        "ioi_swing": {
          "raw": 0.0,
          "z_score": -0.24855491329479767
        },
        "non_chromatic_ratio": {
          "raw": 0.45454545454545453,
          "z_score": -0.12530712530712532
        }
      }
    },
    "piano_detail": {
      "total": 0.9057381486309266,
      "variety_gate": 1.0,
      "features": {
        "avg_chord_spread": {
          "raw": 7.0,
          "z_score": -0.4206517139229792
        },
        "gap_ratio": {
          "raw": 0.7333333333333333,
          "z_score": -0.7784313725490194
        },
        "register_separation": {
          "raw": 0.5,
          "z_score": -0.8951787648970747
        },
        "velocity_variance": {
          "raw": 0.052486388108147805,
          "z_score": 3.0
        }
      }
    },
    "drums_detail": {
      "total": 2.6594696339411263,
      "features": {
        "kick_off_beat_ratio": {
          "raw": 0.5,
          "z_score": 0.2411347517730495
        },
        "snare_backbeat_ratio": {
          "raw": 0.0,
          "z_score": -0.3584905660377358
        },
        "velocity_variance": {
          "raw": 12.133516482134196,
          "z_score": 1.4476175274137335
        },
        "duration_variety": {
          "raw": 3,
          "z_score": 1.3292079207920793
        }
      }
    },
    "ensemble_detail": {
      "total": 0.8901595899280873,
      "duration_gate": 1.0,
      "features": {
        "collision_rate": {
          "raw": 0.1111111111111111,
          "z_score": 0.632387706855792
        },
        "phrase_alignment": {
          "raw": 0.5,
          "z_score": 0.8171206225680933
        },
        "texture_density": {
          "raw": 0.828,
          "z_score": -0.5845588235294115
        },
        "harmonic_consonance": {
          "raw": 0.65,
          "z_score": 0.02521008403361347
        }
      }
    }
  },
  "has_midi": true,
  "error": null,
  "timestamp": "2025-11-30T22:36:09.282637"
}