{
  "step": 56,
  "rollout_id": 8,
  "key": "F",
  "tempo": 160,
  "reward": 0.8928592435416629,
  "breakdown": {
    "sax": 0.6854567327154877,
    "sax_sig": 0.6122954044618856,
    "bass": 0.339569507199565,
    "bass_sig": 0.5563544532418501,
    "piano": 4.253573321466682,
    "piano_sig": 0.9445755869935164,
    "drums": 5.8391917796411485,
    "drums_sig": 0.9800190858178012,
    "ensemble": 1.603921632247393,
    "ensemble_sig": 0.7444601746360672,
    "z_sum": 12.721712973270277,
    "combined": 0.8928592435416629,
    "sax_detail": {
      "total": 0.6854567327154877,
      "variety_gate": 0.5,
      "features": {
        "melodic_entropy": {
          "raw": 1.9182958340544893,
          "z_score": 0.13660216329391078
        },
        "dur_cv": {
          "raw": 0.0,
          "z_score": -0.2978723404255319
        },
        "sax_arpeggio_runs": {
          "raw": 0,
          "z_score": -0.3391684901531729
        },
        "peak_not_late": {
          "raw": 1,
          "z_score": 0.42975206611570255
        },
        "blue_ratio": {
          "raw": 0.42857142857142855,
          "z_score": 1.5741758241758241
        },
        "rhythm_2grams": {
          "raw": 1,
          "z_score": -0.13257575757575726
        }
      }
    },
    "bass_detail": {
      "total": 0.339569507199565,
      "direction_gate": 0.5,
      "features": {
        "ioi_swing": {
          "raw": 0.0,
          "z_score": -0.24855491329479767
        },
        "non_chromatic_ratio": {
          "raw": 0.7272727272727273,
          "z_score": 0.9276939276939278
        }
      }
    },
    "piano_detail": {
      "total": 4.253573321466682,
      "variety_gate": 1.0,
      "features": {
        "avg_chord_spread": {
          "raw": 9.0,
          "z_score": 0.4257300042319087
        },
        "gap_ratio": {
          "raw": 0.6666666666666666,
          "z_score": -0.3862745098039215
        },
        "register_separation": {
          "raw": 2.0714285714285694,
          "z_score": -0.46954805757622714
        },
        "velocity_variance": {
          "raw": 0.06388765649999399,
          "z_score": 4.683665884614922
        }
      }
    },
    "drums_detail": {
      "total": 5.8391917796411485,
      "features": {
        "kick_off_beat_ratio": {
          "raw": 0.5714285714285714,
          "z_score": 0.747720364741641
        },
        "snare_backbeat_ratio": {
          "raw": 0.16666666666666666,
          "z_score": 1.2138364779874213
        },
        "velocity_variance": {
          "raw": 11.474071683044968,
          "z_score": 1.3108032537437695
        },
        "duration_variety": {
          "raw": 4,
          "z_score": 2.5668316831683167
        }
      }
    },
    "ensemble_detail": {
      "total": 1.603921632247393,
      "duration_gate": 1.0,
      "features": {
        "collision_rate": {
          "raw": 0.0,
          "z_score": 1.223404255319149
        },
        "phrase_alignment": {
          "raw": 0.3333333333333333,
          "z_score": 1.4656290531776912
        },
        "texture_density": {
          "raw": 0.568,
          "z_score": 0.371323529411765
        },
        "harmonic_consonance": {
          "raw": 0.47368421052631576,
          "z_score": -1.4564352056612122
        }
      }
    }
  },
  "has_midi": true,
  "error": null,
  "timestamp": "2025-12-01T04:42:40.015938"
}