{
  "step": 3,
  "rollout_id": 29,
  "key": "F",
  "tempo": 160,
  "reward": 0.6825972453344265,
  "breakdown": {
    "sax": -1.1933207322079113,
    "sax_sig": 0.3109788304934658,
    "bass": 4.980694980694981,
    "bass_sig": 0.965124189959019,
    "piano": -1.676145308977469,
    "piano_sig": 0.2464882650166612,
    "drums": 2.659469633941127,
    "drums_sig": 0.8548278415504731,
    "ensemble": -0.1762974893575281,
    "ensemble_sig": 0.47065086232462944,
    "z_sum": 4.5944010840932,
    "combined": 0.6825972453344265,
    "sax_detail": {
      "total": -1.1933207322079113,
      "variety_gate": 0.5,
      "features": {
        "melodic_entropy": {
          "raw": 1.4353713907745331,
          "z_score": -0.8737000193001399
        },
        "dur_cv": {
          "raw": 0.0,
          "z_score": -0.2978723404255319
        },
        "sax_arpeggio_runs": {
          "raw": 0,
          "z_score": -0.3391684901531729
        },
        "peak_not_late": {
          "raw": 1,
          "z_score": 0.42975206611570255
        },
        "blue_ratio": {
          "raw": 0.0,
          "z_score": -1.1730769230769231
        },
        "rhythm_2grams": {
          "raw": 1,
          "z_score": -0.13257575757575726
        }
      }
    },
    "bass_detail": {
      "total": 4.980694980694981,
      "direction_gate": 1.0,
      "features": {
        "ioi_swing": {
          "raw": 0.565685424949238,
          "z_score": 3.0
        },
        "non_chromatic_ratio": {
          "raw": 1.0,
          "z_score": 1.9806949806949807
        }
      }
    },
    "piano_detail": {
      "total": -1.676145308977469,
      "variety_gate": 1.0,
      "features": {
        "avg_chord_spread": {
          "raw": 7.0,
          "z_score": -0.4206517139229792
        },
        "gap_ratio": {
          "raw": 0.6,
          "z_score": 0.005882352941176476
        },
        "register_separation": {
          "raw": 0.0,
          "z_score": -1.0306067172264355
        },
        "velocity_variance": {
          "raw": 0.0,
          "z_score": -0.23076923076923078
        }
      }
    },
    "drums_detail": {
      "total": 2.659469633941127,
      "features": {
        "kick_off_beat_ratio": {
          "raw": 0.5,
          "z_score": 0.2411347517730495
        },
        "snare_backbeat_ratio": {
          "raw": 0.0,
          "z_score": -0.3584905660377358
        },
        "velocity_variance": {
          "raw": 12.133516482134198,
          "z_score": 1.447617527413734
        },
        "duration_variety": {
          "raw": 3,
          "z_score": 1.3292079207920793
        }
      }
    },
    "ensemble_detail": {
      "total": -0.1762974893575281,
      "duration_gate": 1.0,
      "features": {
        "collision_rate": {
          "raw": 0.5,
          "z_score": -1.4361702127659575
        },
        "phrase_alignment": {
          "raw": 0.5,
          "z_score": 0.8171206225680933
        },
        "texture_density": {
          "raw": 0.784,
          "z_score": -0.42279411764705876
        },
        "harmonic_consonance": {
          "raw": 0.75,
          "z_score": 0.8655462184873949
        }
      }
    }
  },
  "has_midi": true,
  "error": null,
  "timestamp": "2025-11-30T22:21:14.920843"
}