{
  "step": 5,
  "rollout_id": 12,
  "key": "Dm",
  "tempo": 160,
  "reward": 0.478500338680153,
  "breakdown": {
    "sax": -0.3113807921214528,
    "sax_sig": 0.4482887650364402,
    "bass": -0.02286168760157209,
    "bass_sig": 0.4961897924894788,
    "piano": 0.2523180022484357,
    "piano_sig": 0.541954121702503,
    "drums": 1.7267123053364664,
    "drums_sig": 0.7597193615517343,
    "ensemble": -2.1610980657682397,
    "ensemble_sig": 0.191432012975342,
    "z_sum": -0.5163102379063624,
    "combined": 0.478500338680153,
    "sax_detail": {
      "total": -0.3113807921214528,
      "variety_gate": 0.25,
      "features": {
        "melodic_entropy": {
          "raw": 1.9808259362290785,
          "z_score": 0.2674182766298715
        },
        "dur_cv": {
          "raw": 0.0,
          "z_score": -0.2978723404255319
        },
        "sax_arpeggio_runs": {
          "raw": 0,
          "z_score": -0.3391684901531729
        },
        "peak_not_late": {
          "raw": 1,
          "z_score": 0.42975206611570255
        },
        "blue_ratio": {
          "raw": 0.0,
          "z_score": -1.1730769230769231
        },
        "rhythm_2grams": {
          "raw": 1,
          "z_score": -0.13257575757575726
        }
      }
    },
    "bass_detail": {
      "total": -0.02286168760157209,
      "direction_gate": 1.0,
      "features": {
        "ioi_swing": {
          "raw": 0.0,
          "z_score": -0.24855491329479767
        },
        "non_chromatic_ratio": {
          "raw": 0.5454545454545454,
          "z_score": 0.22569322569322559
        }
      }
    },
    "piano_detail": {
      "total": 0.2523180022484357,
      "variety_gate": 1.0,
      "features": {
        "avg_chord_spread": {
          "raw": 7.0,
          "z_score": -0.4206517139229792
        },
        "gap_ratio": {
          "raw": 0.6666666666666666,
          "z_score": -0.3862745098039215
        },
        "register_separation": {
          "raw": 1.0,
          "z_score": -0.7597508125677139
        },
        "velocity_variance": {
          "raw": 0.026646935501059652,
          "z_score": 1.8189950385430502
        }
      }
    },
    "drums_detail": {
      "total": 1.7267123053364664,
      "features": {
        "kick_off_beat_ratio": {
          "raw": 0.5,
          "z_score": 0.2411347517730495
        },
        "snare_backbeat_ratio": {
          "raw": 0.0,
          "z_score": -0.3584905660377358
        },
        "velocity_variance": {
          "raw": 7.637626158259733,
          "z_score": 0.5148601988090733
        },
        "duration_variety": {
          "raw": 3,
          "z_score": 1.3292079207920793
        }
      }
    },
    "ensemble_detail": {
      "total": -2.1610980657682397,
      "duration_gate": 1.0,
      "features": {
        "collision_rate": {
          "raw": 0.16666666666666666,
          "z_score": 0.3368794326241136
        },
        "phrase_alignment": {
          "raw": 1.0,
          "z_score": -1.1284046692607006
        },
        "texture_density": {
          "raw": 0.8960000000000001,
          "z_score": -0.834558823529412
        },
        "harmonic_consonance": {
          "raw": 0.5833333333333334,
          "z_score": -0.5350140056022408
        }
      }
    }
  },
  "has_midi": true,
  "error": null,
  "timestamp": "2025-11-30T22:30:45.243649"
}