{
  "id": 2,
  "generation": 27,
  "reward": 0.291873226508949,
  "breakdown": {
    "sax": -1.0368446757783893,
    "sax_sig": 0.3337595575668393,
    "bass": -1.3936755078059426,
    "bass_sig": 0.2831038893401305,
    "piano": -3.5119490442604397,
    "piano_sig": 0.08775983464331429,
    "drums": 1.2809601914189817,
    "drums_sig": 0.7014000017477605,
    "ensemble_mult": 1.0333333333333332,
    "z_sum": -4.66150903642579,
    "base_reward": 0.2824579611376926,
    "combined": 0.291873226508949,
    "sax_detail": {
      "total": -1.0368446757783893,
      "variety_gate": 0.5,
      "features": {
        "melodic_entropy": {
          "raw": 1.584962500721156,
          "z_score": -0.5607479064410961
        },
        "dur_cv": {
          "raw": 0.0,
          "z_score": -0.2978723404255319
        },
        "sax_arpeggio_runs": {
          "raw": 0,
          "z_score": -0.3391684901531729
        },
        "peak_not_late": {
          "raw": 1,
          "z_score": 0.42975206611570255
        },
        "blue_ratio": {
          "raw": 0.0,
          "z_score": -1.1730769230769231
        },
        "rhythm_2grams": {
          "raw": 1,
          "z_score": -0.13257575757575726
        }
      }
    },
    "bass_detail": {
      "total": -1.3936755078059426,
      "chromatic_gate": 0.5,
      "direction_gate": 1.0,
      "features": {
        "duration_variety": {
          "raw": 1,
          "z_score": -1.0
        },
        "velocity_variance": {
          "raw": 0.0,
          "z_score": -1.25
        },
        "non_chromatic_ratio": {
          "raw": 0.34782608695652173,
          "z_score": -0.5373510156118851
        }
      }
    },
    "piano_detail": {
      "total": -3.5119490442604397,
      "tonic_bonus": 1.2,
      "register_failed": false,
      "avg_pitch": 54.583333333333336,
      "features": {
        "unique_chords": {
          "raw": 2,
          "capped": 2,
          "z_score": 0.146551724137931,
          "weight": 1.0
        },
        "avg_chord_duration": {
          "raw": 0.10000000000000009,
          "z_score": -1.6967213114754092,
          "weight": 1.5
        },
        "cluster_ratio": {
          "raw": 0.6666666666666666,
          "z_score": -0.9320543565147881,
          "weight": 1.0
        },
        "out_of_key_ratio": {
          "raw": 0.0,
          "z_score": 0.6039603960396039,
          "weight": 1.0
        },
        "chord_duration_variety": {
          "raw": 1,
          "z_score": -0.20000000000000018,
          "weight": 1.0
        }
      }
    },
    "drums_detail": {
      "total": 1.2809601914189817,
      "features": {
        "duration_variety": {
          "raw": 2,
          "z_score": 0.06567534076827748
        },
        "kick_off_beat_ratio": {
          "raw": 0.5,
          "z_score": 0.23571428571428552
        },
        "velocity_variance": {
          "raw": 10.0,
          "z_score": 0.9795705649364186
        }
      }
    },
    "ensemble_detail": {
      "total": 1.0333333333333332,
      "dynamic_coherence": 0.6666666666666666
    }
  },
  "metrics": {
    "reward": 0.291873226508949,
    "note_count": 84,
    "valid_midi": 1.0,
    "unique_durs": 1,
    "has_rests": true
  },
  "has_midi": true,
  "error": null,
  "timestamp": "2025-12-02T13:48:42.440437"
}