{
  "step": 9,
  "rollout_id": 4,
  "key": "F",
  "tempo": 160,
  "reward": 0.4598453308094766,
  "breakdown": {
    "sax": -0.8527854111739835,
    "sax_sig": 0.3615775644723269,
    "bass": -1.3223060723060722,
    "bass_sig": 0.29285929700889063,
    "piano": 1.3246694120672986,
    "piano_sig": 0.707466883457934,
    "drums": -0.8036760395587128,
    "drums_sig": 0.36916886904512747,
    "ensemble_mult": 1.1,
    "z_sum": -1.6540981109714699,
    "base_reward": 0.4180412098267969,
    "combined": 0.4598453308094766,
    "sax_detail": {
      "total": -0.8527854111739835,
      "variety_gate": 0.25,
      "features": {
        "melodic_entropy": {
          "raw": 0.9456603046006401,
          "z_score": -1.8982001995802509
        },
        "dur_cv": {
          "raw": 0.0,
          "z_score": -0.2978723404255319
        },
        "sax_arpeggio_runs": {
          "raw": 0,
          "z_score": -0.3391684901531729
        },
        "peak_not_late": {
          "raw": 1,
          "z_score": 0.42975206611570255
        },
        "blue_ratio": {
          "raw": 0.0,
          "z_score": -1.1730769230769231
        },
        "rhythm_2grams": {
          "raw": 1,
          "z_score": -0.13257575757575726
        }
      }
    },
    "bass_detail": {
      "total": -1.3223060723060722,
      "chromatic_gate": 1.0,
      "direction_gate": 1.0,
      "features": {
        "duration_variety": {
          "raw": 1,
          "z_score": -1.0
        },
        "velocity_variance": {
          "raw": 0.0,
          "z_score": -1.25
        },
        "non_chromatic_ratio": {
          "raw": 0.7272727272727273,
          "z_score": 0.9276939276939278
        }
      }
    },
    "piano_detail": {
      "total": 1.3246694120672986,
      "tonic_bonus": 1.2,
      "register_failed": false,
      "avg_pitch": 69.14583333333333,
      "features": {
        "unique_chords": {
          "raw": 5,
          "capped": 3,
          "z_score": 1.0086206896551724,
          "weight": 1.0
        },
        "avg_chord_duration": {
          "raw": 0.375,
          "z_score": 0.5573770491803279,
          "weight": 1.5
        },
        "cluster_ratio": {
          "raw": 0.5833333333333334,
          "z_score": -0.7322142286171064,
          "weight": 1.0
        },
        "out_of_key_ratio": {
          "raw": 0.041666666666666664,
          "z_score": 0.1914191419141914,
          "weight": 1.0
        },
        "chord_duration_variety": {
          "raw": 1,
          "z_score": -0.20000000000000018,
          "weight": 1.0
        }
      }
    },
    "drums_detail": {
      "total": -0.8036760395587128,
      "features": {
        "duration_variety": {
          "raw": 2,
          "z_score": 0.06567534076827748
        },
        "kick_off_beat_ratio": {
          "raw": 0.5,
          "z_score": 0.23571428571428552
        },
        "velocity_variance": {
          "raw": 0.0,
          "z_score": -1.1050656660412759
        }
      }
    },
    "ensemble_detail": {
      "total": 1.1,
      "dynamic_coherence": 1.0
    }
  },
  "has_midi": true,
  "error": null,
  "timestamp": "2025-12-01T22:13:01.618637"
}