{
  "id": 13,
  "generation": 46,
  "reward": 0.4663538389850654,
  "breakdown": {
    "sax": -0.4037674008635836,
    "sax_sig": 0.43310884033989594,
    "bass": -0.373862038601923,
    "bass_sig": 0.43801023530346195,
    "piano": -0.09988795181779095,
    "piano_sig": 0.4833581574165271,
    "drums": 0.14214256295892813,
    "drums_sig": 0.5236727151598284,
    "ensemble": -0.07335522599695735,
    "ensemble_sig": 0.48777656498384125,
    "z_sum": -0.8087300543213267,
    "combined": 0.4663538389850654,
    "sax_detail": {
      "total": -0.4037674008635836,
      "variety_gate": 0.5,
      "features": {
        "melodic_entropy": {
          "raw": 1.974937501201927,
          "z_score": 0.25509937489942897
        },
        "dur_cv": {
          "raw": 0.0,
          "z_score": -0.2978723404255319
        },
        "sax_arpeggio_runs": {
          "raw": 0,
          "z_score": -0.3391684901531729
        },
        "peak_not_late": {
          "raw": 0,
          "z_score": -2.325068870523416
        },
        "blue_ratio": {
          "raw": 0.5,
          "z_score": 2.032051282051282
        },
        "rhythm_2grams": {
          "raw": 1,
          "z_score": -0.13257575757575726
        }
      }
    },
    "bass_detail": {
      "total": -0.373862038601923,
      "direction_gate": 1.0,
      "features": {
        "ioi_swing": {
          "raw": 0.0,
          "z_score": -0.24855491329479767
        },
        "non_chromatic_ratio": {
          "raw": 0.45454545454545453,
          "z_score": -0.12530712530712532
        }
      }
    },
    "piano_detail": {
      "total": -0.09988795181779095,
      "variety_gate": 0.5,
      "features": {
        "avg_chord_spread": {
          "raw": 5.0,
          "z_score": -1.2670334320778671
        },
        "gap_ratio": {
          "raw": 0.45454545454545453,
          "z_score": 0.8614973262032085
        },
        "register_separation": {
          "raw": 5.416666666666671,
          "z_score": 0.4365294330083075
        },
        "velocity_variance": {
          "raw": 0.0,
          "z_score": -0.23076923076923078
        }
      }
    },
    "drums_detail": {
      "total": 0.14214256295892813,
      "features": {
        "kick_off_beat_ratio": {
          "raw": 0.5,
          "z_score": 0.2411347517730495
        },
        "snare_backbeat_ratio": {
          "raw": 0.0,
          "z_score": -0.3584905660377358
        },
        "velocity_variance": {
          "raw": 0.0,
          "z_score": -1.0697095435684647
        },
        "duration_variety": {
          "raw": 3,
          "z_score": 1.3292079207920793
        }
      }
    },
    "ensemble_detail": {
      "total": -0.07335522599695735,
      "duration_gate": 0.8,
      "features": {
        "collision_rate": {
          "raw": 0.3,
          "z_score": -0.37234042553191476
        },
        "phrase_alignment": {
          "raw": 0.8333333333333334,
          "z_score": -0.47989623865110276
        },
        "texture_density": {
          "raw": 0.6,
          "z_score": 0.2536764705882355
        },
        "harmonic_consonance": {
          "raw": 0.7073170731707317,
          "z_score": 0.5068661610985853
        }
      }
    }
  },
  "metrics": {
    "reward": 0.4663538389850654,
    "note_count": 76,
    "valid_midi": 1.0,
    "unique_durs": 1,
    "has_rests": true
  },
  "has_midi": true,
  "error": null,
  "timestamp": "2025-12-01T03:29:54.410267"
}