{
  "id": 8,
  "generation": 5,
  "reward": 0.49389343131053076,
  "breakdown": {
    "sax": -1.6580648022249729,
    "sax_sig": 0.248733849812755,
    "bass": -0.6203053703053705,
    "bass_sig": 0.39806433963414856,
    "piano": 1.2651483096302845,
    "piano_sig": 0.6991875855759967,
    "drums": 0.17903090392894966,
    "drums_sig": 0.5298031127077434,
    "ensemble_mult": 1.0774596669241483,
    "z_sum": -0.8341909589711094,
    "base_reward": 0.45838693221850335,
    "combined": 0.49389343131053076,
    "sax_detail": {
      "total": -1.6580648022249729,
      "variety_gate": 0.5,
      "features": {
        "melodic_entropy": {
          "raw": 0.9910760598382222,
          "z_score": -1.8031881593342631
        },
        "dur_cv": {
          "raw": 0.0,
          "z_score": -0.2978723404255319
        },
        "sax_arpeggio_runs": {
          "raw": 0,
          "z_score": -0.3391684901531729
        },
        "peak_not_late": {
          "raw": 1,
          "z_score": 0.42975206611570255
        },
        "blue_ratio": {
          "raw": 0.0,
          "z_score": -1.1730769230769231
        },
        "rhythm_2grams": {
          "raw": 1,
          "z_score": -0.13257575757575726
        }
      }
    },
    "bass_detail": {
      "total": -0.6203053703053705,
      "chromatic_gate": 1.0,
      "direction_gate": 1.0,
      "features": {
        "duration_variety": {
          "raw": 1,
          "z_score": -1.0
        },
        "velocity_variance": {
          "raw": 0.0,
          "z_score": -1.25
        },
        "non_chromatic_ratio": {
          "raw": 0.9090909090909091,
          "z_score": 1.6296946296946295
        }
      }
    },
    "piano_detail": {
      "total": 1.2651483096302845,
      "tonic_bonus": 1.0,
      "register_failed": false,
      "avg_pitch": 54.583333333333336,
      "features": {
        "unique_chords": {
          "raw": 3,
          "capped": 3,
          "z_score": 1.0086206896551724,
          "weight": 1.0
        },
        "avg_chord_duration": {
          "raw": 0.375,
          "z_score": 0.5573770491803279,
          "weight": 1.5
        },
        "cluster_ratio": {
          "raw": 0.0,
          "z_score": 0.6666666666666667,
          "weight": 1.0
        },
        "out_of_key_ratio": {
          "raw": 0.16666666666666666,
          "z_score": -1.046204620462046,
          "weight": 1.0
        },
        "chord_duration_variety": {
          "raw": 1,
          "z_score": -0.20000000000000018,
          "weight": 1.0
        }
      }
    },
    "drums_detail": {
      "total": 0.17903090392894966,
      "features": {
        "duration_variety": {
          "raw": 2,
          "z_score": 0.06567534076827748
        },
        "kick_off_beat_ratio": {
          "raw": 0.5,
          "z_score": 0.23571428571428552
        },
        "velocity_variance": {
          "raw": 4.714045207910317,
          "z_score": -0.12235872255361334
        }
      }
    },
    "ensemble_detail": {
      "total": 1.0774596669241483,
      "dynamic_coherence": 0.8872983346207417
    }
  },
  "metrics": {
    "reward": 0.49389343131053076,
    "note_count": 46,
    "valid_midi": 1.0,
    "unique_durs": 1,
    "has_rests": true
  },
  "has_midi": true,
  "error": null,
  "timestamp": "2025-12-01T22:05:21.657740"
}