{
  "step": 17,
  "rollout_id": 25,
  "key": "Dm",
  "tempo": 160,
  "reward": 0.15406676864621258,
  "breakdown": {
    "sax": -0.23427583910869934,
    "sax_sig": 0.4610332057072166,
    "bass": -1.1828619908259101,
    "bass_sig": 0.3124747993423785,
    "piano": -1.714826809523328,
    "piano_sig": 0.2417300456247587,
    "drums": -3.6948566556161273,
    "drums_sig": 0.07847587021142062,
    "ensemble": -3.3915048808364245,
    "ensemble_sig": 0.09440456351715956,
    "z_sum": -10.21832617591049,
    "combined": 0.15406676864621258,
    "sax_detail": {
      "total": -0.23427583910869934,
      "variety_gate": 0.25,
      "features": {
        "melodic_entropy": {
          "raw": 1.5394847569315018,
          "z_score": -1.7696433589357934
        },
        "dur_cv": {
          "raw": 0.0,
          "z_score": -0.8880854560394412
        },
        "sax_arpeggio_runs": {
          "raw": 0,
          "z_score": -0.4150099290132615
        },
        "peak_not_late": {
          "raw": 1,
          "z_score": 0.6122586439155816
        },
        "blue_ratio": {
          "raw": 0.5,
          "z_score": 2.4097444089456865
        },
        "rhythm_2grams": {
          "raw": 1,
          "z_score": -0.8863676653075695
        }
      }
    },
    "bass_detail": {
      "total": -1.1828619908259101,
      "direction_gate": 1.0,
      "features": {
        "ioi_swing": {
          "raw": 0.0,
          "z_score": -0.8105992171032821
        },
        "non_chromatic_ratio": {
          "raw": 0.6,
          "z_score": -0.37226277372262795
        }
      }
    },
    "piano_detail": {
      "total": -1.714826809523328,
      "variety_gate": 0.5,
      "features": {
        "avg_chord_spread": {
          "raw": 7.0,
          "z_score": -0.39231441048034943
        },
        "gap_ratio": {
          "raw": 0.7777777777777778,
          "z_score": -1.5381464413722479
        },
        "register_separation": {
          "raw": 0.75,
          "z_score": -0.9202453987730062
        },
        "velocity_variance": {
          "raw": 0.0,
          "z_score": -0.5789473684210527
        }
      }
    },
    "drums_detail": {
      "total": -3.6948566556161273,
      "features": {
        "kick_off_beat_ratio": {
          "raw": 0.5,
          "z_score": -0.8253055108539016
        },
        "snare_backbeat_ratio": {
          "raw": 0.0,
          "z_score": -0.5855710048313247
        },
        "velocity_variance": {
          "raw": 5.0,
          "z_score": -0.8655647850804218
        },
        "duration_variety": {
          "raw": 1,
          "z_score": -1.418415354850479
        }
      }
    },
    "ensemble_detail": {
      "total": -3.3915048808364245,
      "duration_gate": 1.0,
      "features": {
        "collision_rate": {
          "raw": 0.0,
          "z_score": 1.4514925373134329
        },
        "phrase_alignment": {
          "raw": 1.0,
          "z_score": -1.66875
        },
        "texture_density": {
          "raw": 0.828,
          "z_score": -0.8048780487804876
        },
        "harmonic_consonance": {
          "raw": 0.5,
          "z_score": -2.3693693693693696
        }
      }
    }
  },
  "has_midi": true,
  "error": null,
  "timestamp": "2025-11-30T20:38:30.517589"
}