{
  "step": 19,
  "rollout_id": 12,
  "key": "C",
  "tempo": 120,
  "reward": 0.5530589742355927,
  "has_midi": true,
  "error": null,
  "timestamp": "2025-11-29T23:23:53.313045"
}