{
  "step": 24,
  "rollout_id": 21,
  "key": "Fm",
  "tempo": 160,
  "reward": 0.43156607671752784,
  "breakdown": {
    "sax": -1.1050624219012006,
    "sax_sig": 0.32372437098584683,
    "bass": -1.3223060723060722,
    "bass_sig": 0.29285929700889063,
    "piano": -0.40028725626140416,
    "piano_sig": 0.43367857150097777,
    "drums": 0.9486044649469729,
    "drums_sig": 0.6530341300043054,
    "ensemble_mult": 1.06,
    "z_sum": -1.879051285521704,
    "base_reward": 0.40713780822408285,
    "combined": 0.43156607671752784,
    "sax_detail": {
      "total": -1.1050624219012006,
      "variety_gate": 0.5,
      "features": {
        "melodic_entropy": {
          "raw": 2.1556390622295662,
          "z_score": 0.6331361134509755
        },
        "dur_cv": {
          "raw": 0.0,
          "z_score": -0.2978723404255319
        },
        "sax_arpeggio_runs": {
          "raw": 0,
          "z_score": -0.3391684901531729
        },
        "peak_not_late": {
          "raw": 0,
          "z_score": -2.325068870523416
        },
        "blue_ratio": {
          "raw": 0.2222222222222222,
          "z_score": 0.25142450142450135
        },
        "rhythm_2grams": {
          "raw": 1,
          "z_score": -0.13257575757575726
        }
      }
    },
    "bass_detail": {
      "total": -1.3223060723060722,
      "chromatic_gate": 1.0,
      "direction_gate": 1.0,
      "features": {
        "duration_variety": {
          "raw": 1,
          "z_score": -1.0
        },
        "velocity_variance": {
          "raw": 0.0,
          "z_score": -1.25
        },
        "non_chromatic_ratio": {
          "raw": 0.7272727272727273,
          "z_score": 0.9276939276939278
        }
      }
    },
    "piano_detail": {
      "total": -0.40028725626140416,
      "tonic_bonus": 1.2,
      "register_failed": false,
      "avg_pitch": 54.083333333333336,
      "features": {
        "unique_chords": {
          "raw": 3,
          "capped": 3,
          "z_score": 1.0086206896551724,
          "weight": 1.0
        },
        "avg_chord_duration": {
          "raw": 0.375,
          "z_score": 0.5573770491803279,
          "weight": 1.5
        },
        "cluster_ratio": {
          "raw": 0.6666666666666666,
          "z_score": -0.9320543565147881,
          "weight": 1.0
        },
        "out_of_key_ratio": {
          "raw": 0.16666666666666666,
          "z_score": -1.046204620462046,
          "weight": 1.0
        },
        "chord_duration_variety": {
          "raw": 1,
          "z_score": -0.20000000000000018,
          "weight": 1.0
        }
      }
    },
    "drums_detail": {
      "total": 0.9486044649469729,
      "features": {
        "duration_variety": {
          "raw": 3,
          "z_score": 1.3048327137546467
        },
        "kick_off_beat_ratio": {
          "raw": 0.19999999999999996,
          "z_score": -1.9071428571428575
        },
        "velocity_variance": {
          "raw": 12.740737376183876,
          "z_score": 1.5509146083351837
        }
      }
    },
    "ensemble_detail": {
      "total": 1.06,
      "dynamic_coherence": 0.8
    }
  },
  "has_midi": true,
  "error": null,
  "timestamp": "2025-12-02T13:58:22.943635"
}