{
  "step": 7,
  "rollout_id": 25,
  "key": "Fm",
  "tempo": 160,
  "reward": 0.6060095945846985,
  "breakdown": {
    "sax": 0.9318739625847184,
    "sax_sig": 0.6505026309119875,
    "bass": 1.2285308681388096,
    "bass_sig": 0.694028396620869,
    "piano": -0.770748248947662,
    "piano_sig": 0.3742956069261209,
    "drums": 1.9388757658312077,
    "drums_sig": 0.7845842104618571,
    "ensemble": -0.7451167796367655,
    "ensemble_sig": 0.3783060231832956,
    "z_sum": 2.5834155679703086,
    "combined": 0.6060095945846985,
    "sax_detail": {
      "total": 0.9318739625847184,
      "variety_gate": 0.25,
      "features": {
        "melodic_entropy": {
          "raw": 1.9957808479084205,
          "z_score": 0.2987047027372814
        },
        "dur_cv": {
          "raw": 0.0,
          "z_score": -0.2978723404255319
        },
        "sax_arpeggio_runs": {
          "raw": 5,
          "z_score": 3.0
        },
        "peak_not_late": {
          "raw": 1,
          "z_score": 0.42975206611570255
        },
        "blue_ratio": {
          "raw": 0.25,
          "z_score": 0.4294871794871795
        },
        "rhythm_2grams": {
          "raw": 1,
          "z_score": -0.13257575757575726
        }
      }
    },
    "bass_detail": {
      "total": 1.2285308681388096,
      "direction_gate": 1.0,
      "features": {
        "ioi_swing": {
          "raw": 0.0,
          "z_score": -0.24855491329479767
        },
        "non_chromatic_ratio": {
          "raw": 0.8695652173913043,
          "z_score": 1.4770857814336074
        }
      }
    },
    "piano_detail": {
      "total": -0.770748248947662,
      "variety_gate": 0.5,
      "features": {
        "avg_chord_spread": {
          "raw": 7.333333333333333,
          "z_score": -0.27958809423049796
        },
        "gap_ratio": {
          "raw": 0.7142857142857143,
          "z_score": -0.6663865546218489
        },
        "register_separation": {
          "raw": 2.4583333333333286,
          "z_score": -0.36475261827374633
        },
        "velocity_variance": {
          "raw": 0.0,
          "z_score": -0.23076923076923078
        }
      }
    },
    "drums_detail": {
      "total": 1.9388757658312077,
      "features": {
        "kick_off_beat_ratio": {
          "raw": 0.5,
          "z_score": 0.2411347517730495
        },
        "snare_backbeat_ratio": {
          "raw": 0.0,
          "z_score": -0.3584905660377358
        },
        "velocity_variance": {
          "raw": 8.660254037844387,
          "z_score": 0.7270236593038149
        },
        "duration_variety": {
          "raw": 3,
          "z_score": 1.3292079207920793
        }
      }
    },
    "ensemble_detail": {
      "total": -0.7451167796367655,
      "duration_gate": 1.0,
      "features": {
        "collision_rate": {
          "raw": 0.25,
          "z_score": -0.1063829787234042
        },
        "phrase_alignment": {
          "raw": 1.0,
          "z_score": -1.1284046692607006
        },
        "texture_density": {
          "raw": 0.6759999999999999,
          "z_score": -0.025735294117646672
        },
        "harmonic_consonance": {
          "raw": 0.7083333333333334,
          "z_score": 0.5154061624649862
        }
      }
    }
  },
  "has_midi": true,
  "error": null,
  "timestamp": "2025-11-30T22:45:54.824269"
}