{
  "step": 12,
  "rollout_id": 14,
  "key": "D",
  "tempo": 160,
  "reward": 0.8205526491299376,
  "breakdown": {
    "sax": 0.6462505709650131,
    "sax_sig": 0.6060727340484279,
    "bass": 4.2999973130829385,
    "bass_sig": 0.9461737460028649,
    "piano": 1.1620913988330093,
    "piano_sig": 0.6845426799672641,
    "drums": 1.4218458715648892,
    "drums_sig": 0.7206921009972319,
    "ensemble": 1.5903921692307472,
    "ensemble_sig": 0.7427405048321171,
    "z_sum": 9.120577323676597,
    "combined": 0.8205526491299376,
    "sax_detail": {
      "total": 0.6462505709650131,
      "variety_gate": 0.5,
      "features": {
        "melodic_entropy": {
          "raw": 2.8453509366224368,
          "z_score": 2.0760479845657676
        },
        "dur_cv": {
          "raw": 0.0,
          "z_score": -0.2978723404255319
        },
        "sax_arpeggio_runs": {
          "raw": 1,
          "z_score": 0.39022611232676874
        },
        "peak_not_late": {
          "raw": 1,
          "z_score": 0.42975206611570255
        },
        "blue_ratio": {
          "raw": 0.0,
          "z_score": -1.1730769230769231
        },
        "rhythm_2grams": {
          "raw": 1,
          "z_score": -0.13257575757575726
        }
      }
    },
    "bass_detail": {
      "total": 4.2999973130829385,
      "direction_gate": 1.0,
      "features": {
        "ioi_swing": {
          "raw": 0.565685424949238,
          "z_score": 3.021303034388659
        },
        "non_chromatic_ratio": {
          "raw": 0.8181818181818182,
          "z_score": 1.278694278694279
        }
      }
    },
    "piano_detail": {
      "total": 1.1620913988330093,
      "variety_gate": 1.0,
      "features": {
        "avg_chord_spread": {
          "raw": 12.0,
          "z_score": 1.6953025814642404
        },
        "gap_ratio": {
          "raw": 0.6,
          "z_score": 0.005882352941176476
        },
        "register_separation": {
          "raw": 2.6666666666666714,
          "z_score": -0.3083243048031768
        },
        "velocity_variance": {
          "raw": 0.0,
          "z_score": -0.23076923076923078
        }
      }
    },
    "drums_detail": {
      "total": 1.4218458715648892,
      "features": {
        "kick_off_beat_ratio": {
          "raw": 0.5,
          "z_score": 0.2411347517730495
        },
        "snare_backbeat_ratio": {
          "raw": 0.0,
          "z_score": -0.3584905660377358
        },
        "velocity_variance": {
          "raw": 12.133516482134198,
          "z_score": 1.447617527413734
        },
        "duration_variety": {
          "raw": 2,
          "z_score": 0.09158415841584167
        }
      }
    },
    "ensemble_detail": {
      "total": 1.5903921692307472,
      "duration_gate": 0.8,
      "features": {
        "collision_rate": {
          "raw": 0.25,
          "z_score": -0.1063829787234042
        },
        "phrase_alignment": {
          "raw": 0.5,
          "z_score": 0.8171206225680933
        },
        "texture_density": {
          "raw": 0.6839999999999999,
          "z_score": -0.05514705882352905
        },
        "harmonic_consonance": {
          "raw": 0.8055555555555556,
          "z_score": 1.3323996265172737
        }
      }
    }
  },
  "has_midi": true,
  "error": null,
  "timestamp": "2025-11-30T22:23:52.583016"
}