{
  "id": 22,
  "generation": 59,
  "reward": 0.8529476130055385,
  "breakdown": {
    "sax": 0.5647414611201488,
    "sax_sig": 0.5930272950286842,
    "bass": -0.26930501930501927,
    "bass_sig": 0.45523600694864574,
    "piano": 6.860614544213041,
    "piano_sig": 0.9897861374861509,
    "drums": -0.07741952556975729,
    "drums_sig": 0.48709960939423913,
    "ensemble_mult": 1.06,
    "z_sum": 7.078631460458413,
    "base_reward": 0.8046675594391872,
    "combined": 0.8529476130055385,
    "sax_detail": {
      "total": 0.5647414611201488,
      "variety_gate": 0.5,
      "features": {
        "melodic_entropy": {
          "raw": 2.5032583347756456,
          "z_score": 1.360373085304698
        },
        "dur_cv": {
          "raw": 0.0,
          "z_score": -0.2978723404255319
        },
        "sax_arpeggio_runs": {
          "raw": 0,
          "z_score": -0.3391684901531729
        },
        "peak_not_late": {
          "raw": 1,
          "z_score": 0.42975206611570255
        },
        "blue_ratio": {
          "raw": 0.2,
          "z_score": 0.10897435897435907
        },
        "rhythm_2grams": {
          "raw": 1,
          "z_score": -0.13257575757575726
        }
      }
    },
    "bass_detail": {
      "total": -0.26930501930501927,
      "chromatic_gate": 1.0,
      "direction_gate": 1.0,
      "features": {
        "duration_variety": {
          "raw": 1,
          "z_score": -1.0
        },
        "velocity_variance": {
          "raw": 0.0,
          "z_score": -1.25
        },
        "non_chromatic_ratio": {
          "raw": 1.0,
          "z_score": 1.9806949806949807
        }
      }
    },
    "piano_detail": {
      "total": 6.860614544213041,
      "tonic_bonus": 1.2,
      "register_failed": false,
      "avg_pitch": 75.25,
      "features": {
        "unique_chords": {
          "raw": 2,
          "capped": 2,
          "z_score": 0.146551724137931,
          "weight": 1.0
        },
        "avg_chord_duration": {
          "raw": 0.75,
          "z_score": 3.0,
          "weight": 1.5
        },
        "cluster_ratio": {
          "raw": 0.0,
          "z_score": 0.6666666666666667,
          "weight": 1.0
        },
        "out_of_key_ratio": {
          "raw": 0.0,
          "z_score": 0.6039603960396039,
          "weight": 1.0
        },
        "chord_duration_variety": {
          "raw": 1,
          "z_score": -0.20000000000000018,
          "weight": 1.0
        }
      }
    },
    "drums_detail": {
      "total": -0.07741952556975729,
      "features": {
        "duration_variety": {
          "raw": 1,
          "z_score": -1.1734820322180917
        },
        "kick_off_beat_ratio": {
          "raw": 0.5,
          "z_score": 0.23571428571428552
        },
        "velocity_variance": {
          "raw": 9.428090415820632,
          "z_score": 0.8603482209340488
        }
      }
    },
    "ensemble_detail": {
      "total": 1.06,
      "dynamic_coherence": 0.7999999999999999
    }
  },
  "metrics": {
    "reward": 0.8529476130055385,
    "note_count": 58,
    "valid_midi": 1.0,
    "unique_durs": 1,
    "has_rests": true
  },
  "has_midi": true,
  "error": null,
  "timestamp": "2025-12-02T16:57:17.773703"
}