{
  "id": 9,
  "generation": 42,
  "reward": 0.7792093307809446,
  "breakdown": {
    "sax": -0.06539876364028227,
    "sax_sig": 0.4891019323392146,
    "bass": 3.9276939276939276,
    "bass_sig": 0.9320403916420313,
    "piano": -0.698786840402799,
    "piano_sig": 0.385597092018748,
    "drums": 4.231796677966284,
    "drums_sig": 0.9438106213135697,
    "ensemble": 0.17108303362187116,
    "ensemble_sig": 0.5284829686098624,
    "z_sum": 7.566388035239001,
    "combined": 0.7792093307809446,
    "sax_detail": {
      "total": -0.06539876364028227,
      "variety_gate": 0.25,
      "features": {
        "melodic_entropy": {
          "raw": 1.6851179336594355,
          "z_score": -0.3512177120095491
        },
        "dur_cv": {
          "raw": 0.0,
          "z_score": -0.2978723404255319
        },
        "sax_arpeggio_runs": {
          "raw": 0,
          "z_score": -0.3391684901531729
        },
        "peak_not_late": {
          "raw": 1,
          "z_score": 0.42975206611570255
        },
        "blue_ratio": {
          "raw": 0.25,
          "z_score": 0.4294871794871795
        },
        "rhythm_2grams": {
          "raw": 1,
          "z_score": -0.13257575757575726
        }
      }
    },
    "bass_detail": {
      "total": 3.9276939276939276,
      "direction_gate": 1.0,
      "features": {
        "ioi_swing": {
          "raw": 0.8931875130777444,
          "z_score": 3.0
        },
        "non_chromatic_ratio": {
          "raw": 0.7272727272727273,
          "z_score": 0.9276939276939278
        }
      }
    },
    "piano_detail": {
      "total": -0.698786840402799,
      "variety_gate": 1.0,
      "features": {
        "avg_chord_spread": {
          "raw": 10.0,
          "z_score": 0.8489208633093526
        },
        "gap_ratio": {
          "raw": 0.6842105263157895,
          "z_score": -0.4894736842105265
        },
        "register_separation": {
          "raw": 0.75,
          "z_score": -0.8274647887323944
        },
        "velocity_variance": {
          "raw": 0.0,
          "z_score": -0.23076923076923078
        }
      }
    },
    "drums_detail": {
      "total": 4.231796677966284,
      "features": {
        "kick_off_beat_ratio": {
          "raw": 0.5,
          "z_score": 0.2411347517730495
        },
        "snare_backbeat_ratio": {
          "raw": 0.16666666666666666,
          "z_score": 1.2138364779874213
        },
        "velocity_variance": {
          "raw": 12.133516482134198,
          "z_score": 1.447617527413734
        },
        "duration_variety": {
          "raw": 3,
          "z_score": 1.3292079207920793
        }
      }
    },
    "ensemble_detail": {
      "total": 0.17108303362187116,
      "duration_gate": 1.0,
      "features": {
        "collision_rate": {
          "raw": 0.25,
          "z_score": -0.1063829787234042
        },
        "phrase_alignment": {
          "raw": 1.0,
          "z_score": -1.1284046692607006
        },
        "texture_density": {
          "raw": 0.776,
          "z_score": -0.3933823529411764
        },
        "harmonic_consonance": {
          "raw": 0.8611111111111112,
          "z_score": 1.7992530345471525
        }
      }
    }
  },
  "metrics": {
    "reward": 0.7792093307809446,
    "note_count": 96,
    "valid_midi": 1.0,
    "unique_durs": 1,
    "has_rests": false
  },
  "has_midi": true,
  "error": null,
  "timestamp": "2025-12-01T03:08:15.055613"
}