{
  "step": 3,
  "rollout_id": 3,
  "key": "Dm",
  "tempo": 160,
  "reward": 1.0065969587716666,
  "breakdown": {
    "sax": 6.509982954009134,
    "sax_sig": 0.9871310914445257,
    "bass": -0.6876535626535627,
    "bass_sig": 0.38735698284119197,
    "piano": 6.904998292932742,
    "piano_sig": 0.9900809759108786,
    "drums": 3.64005259338935,
    "drums_sig": 0.9188409126927578,
    "ensemble_mult": 1.0447213595499958,
    "z_sum": 16.36738027767766,
    "base_reward": 0.9635075894353774,
    "combined": 1.0065969587716666,
    "sax_detail": {
      "total": 6.509982954009134,
      "variety_gate": 1.0,
      "features": {
        "melodic_entropy": {
          "raw": 2.3685225277282065,
          "z_score": 1.0784990119836957
        },
        "dur_cv": {
          "raw": 0.15745916432444337,
          "z_score": 1.3772251523876955
        },
        "sax_arpeggio_runs": {
          "raw": 0,
          "z_score": -0.3391684901531729
        },
        "peak_not_late": {
          "raw": 1,
          "z_score": 0.42975206611570255
        },
        "blue_ratio": {
          "raw": 0.3333333333333333,
          "z_score": 0.9636752136752136
        },
        "rhythm_2grams": {
          "raw": 3,
          "z_score": 3.0
        }
      }
    },
    "bass_detail": {
      "total": -0.6876535626535627,
      "chromatic_gate": 0.5,
      "direction_gate": 1.0,
      "features": {
        "duration_variety": {
          "raw": 2,
          "z_score": 0.0
        },
        "velocity_variance": {
          "raw": 0.0,
          "z_score": -1.25
        },
        "non_chromatic_ratio": {
          "raw": 0.45454545454545453,
          "z_score": -0.12530712530712532
        }
      }
    },
    "piano_detail": {
      "total": 6.904998292932742,
      "tonic_bonus": 1.2,
      "register_failed": false,
      "avg_pitch": 66.0,
      "features": {
        "unique_chords": {
          "raw": 3,
          "capped": 3,
          "z_score": 1.0086206896551724,
          "weight": 1.0
        },
        "avg_chord_duration": {
          "raw": 1.5,
          "z_score": 3.0,
          "weight": 1.5
        },
        "cluster_ratio": {
          "raw": 0.0,
          "z_score": 0.6666666666666667,
          "weight": 1.0
        },
        "out_of_key_ratio": {
          "raw": 0.08333333333333333,
          "z_score": -0.22112211221122108,
          "weight": 1.0
        },
        "chord_duration_variety": {
          "raw": 1,
          "z_score": -0.20000000000000018,
          "weight": 1.0
        }
      }
    },
    "drums_detail": {
      "total": 3.64005259338935,
      "features": {
        "duration_variety": {
          "raw": 4,
          "z_score": 2.5439900867410157
        },
        "kick_off_beat_ratio": {
          "raw": 0.5,
          "z_score": 0.23571428571428552
        },
        "velocity_variance": {
          "raw": 9.428090415820632,
          "z_score": 0.8603482209340488
        }
      }
    },
    "ensemble_detail": {
      "total": 1.0447213595499958,
      "dynamic_coherence": 0.7236067977499789
    }
  },
  "has_midi": true,
  "error": null,
  "timestamp": "2025-12-01T20:41:12.715315"
}