{
  "step": 52,
  "rollout_id": 20,
  "key": "F",
  "tempo": 160,
  "reward": 0.8029514630471756,
  "breakdown": {
    "sax": -0.15018217070520218,
    "sax_sig": 0.4749905266069058,
    "bass": 6.088724758877601,
    "bass_sig": 0.983029287329379,
    "piano": 1.388365373146108,
    "piano_sig": 0.7161770765803923,
    "drums": 2.576901978627418,
    "drums_sig": 0.8478626152154095,
    "ensemble": -1.4747448075457792,
    "ensemble_sig": 0.2722645857348528,
    "z_sum": 8.429065132400146,
    "combined": 0.8029514630471756,
    "sax_detail": {
      "total": -0.15018217070520218,
      "variety_gate": 0.5,
      "features": {
        "melodic_entropy": {
          "raw": 1.9219280948873623,
          "z_score": 0.14420103532920983
        },
        "dur_cv": {
          "raw": 0.0,
          "z_score": -0.2978723404255319
        },
        "sax_arpeggio_runs": {
          "raw": 0,
          "z_score": -0.3391684901531729
        },
        "peak_not_late": {
          "raw": 1,
          "z_score": 0.42975206611570255
        },
        "blue_ratio": {
          "raw": 0.16666666666666666,
          "z_score": -0.10470085470085473
        },
        "rhythm_2grams": {
          "raw": 1,
          "z_score": -0.13257575757575726
        }
      }
    },
    "bass_detail": {
      "total": 6.088724758877601,
      "direction_gate": 1.0,
      "features": {
        "ioi_swing": {
          "raw": 0.7536891516255932,
          "z_score": 4.10802977818262
        },
        "non_chromatic_ratio": {
          "raw": 1.0,
          "z_score": 1.9806949806949807
        }
      }
    },
    "piano_detail": {
      "total": 1.388365373146108,
      "variety_gate": 1.0,
      "features": {
        "avg_chord_spread": {
          "raw": 7.0,
          "z_score": -0.4206517139229792
        },
        "gap_ratio": {
          "raw": 0.7692307692307693,
          "z_score": -0.9895927601809957
        },
        "register_separation": {
          "raw": 0.0833333333333286,
          "z_score": -1.0080353918382101
        },
        "velocity_variance": {
          "raw": 0.052486388108147805,
          "z_score": 3.8066452390882928
        }
      }
    },
    "drums_detail": {
      "total": 2.576901978627418,
      "features": {
        "kick_off_beat_ratio": {
          "raw": 0.5,
          "z_score": 0.2411347517730495
        },
        "snare_backbeat_ratio": {
          "raw": 0.0,
          "z_score": -0.3584905660377358
        },
        "velocity_variance": {
          "raw": 11.735540383522121,
          "z_score": 1.365049872100025
        },
        "duration_variety": {
          "raw": 3,
          "z_score": 1.3292079207920793
        }
      }
    },
    "ensemble_detail": {
      "total": -1.4747448075457792,
      "duration_gate": 0.8,
      "features": {
        "collision_rate": {
          "raw": 0.5,
          "z_score": -1.4361702127659575
        },
        "phrase_alignment": {
          "raw": 0.5,
          "z_score": 0.8171206225680933
        },
        "texture_density": {
          "raw": 0.9199999999999999,
          "z_score": -0.9227941176470583
        },
        "harmonic_consonance": {
          "raw": 0.6111111111111112,
          "z_score": -0.30158730158730135
        }
      }
    }
  },
  "has_midi": true,
  "error": null,
  "timestamp": "2025-12-01T04:08:32.117927"
}