{
  "step": 27,
  "rollout_id": 11,
  "key": "Fm",
  "tempo": 160,
  "reward": 0.4852166222732746,
  "breakdown": {
    "sax": -0.04940974779248073,
    "sax_sig": 0.4917657865535721,
    "bass": -1.4268630916029759,
    "bass_sig": 0.27863510207761855,
    "piano": -1.0228654231671708,
    "piano_sig": 0.33583508086713176,
    "drums": 2.856467168177029,
    "drums_sig": 0.8703787184372291,
    "ensemble": -0.7122334135243639,
    "ensemble_sig": 0.38347551255471274,
    "z_sum": -0.35490450790996186,
    "combined": 0.4852166222732746,
    "sax_detail": {
      "total": -0.04940974779248073,
      "variety_gate": 0.25,
      "features": {
        "melodic_entropy": {
          "raw": 2.481714572986073,
          "z_score": 1.3153024539457596
        },
        "dur_cv": {
          "raw": 0.0,
          "z_score": -0.2978723404255319
        },
        "sax_arpeggio_runs": {
          "raw": 0,
          "z_score": -0.3391684901531729
        },
        "peak_not_late": {
          "raw": 1,
          "z_score": 0.42975206611570255
        },
        "blue_ratio": {
          "raw": 0.0,
          "z_score": -1.1730769230769231
        },
        "rhythm_2grams": {
          "raw": 1,
          "z_score": -0.13257575757575726
        }
      }
    },
    "bass_detail": {
      "total": -1.4268630916029759,
      "direction_gate": 1.0,
      "features": {
        "ioi_swing": {
          "raw": 0.0,
          "z_score": -0.24855491329479767
        },
        "non_chromatic_ratio": {
          "raw": 0.18181818181818182,
          "z_score": -1.1783081783081781
        }
      }
    },
    "piano_detail": {
      "total": -1.0228654231671708,
      "variety_gate": 0.5,
      "features": {
        "avg_chord_spread": {
          "raw": 7.0,
          "z_score": -0.4206517139229792
        },
        "gap_ratio": {
          "raw": 0.6666666666666666,
          "z_score": -0.3862745098039215
        },
        "register_separation": {
          "raw": 0.0833333333333286,
          "z_score": -1.0080353918382101
        },
        "velocity_variance": {
          "raw": 0.0,
          "z_score": -0.23076923076923078
        }
      }
    },
    "drums_detail": {
      "total": 2.856467168177029,
      "features": {
        "kick_off_beat_ratio": {
          "raw": 0.5,
          "z_score": 0.2411347517730495
        },
        "snare_backbeat_ratio": {
          "raw": 0.0,
          "z_score": -0.3584905660377358
        },
        "velocity_variance": {
          "raw": 7.117698062497783,
          "z_score": 0.40699129927339894
        },
        "duration_variety": {
          "raw": 4,
          "z_score": 2.5668316831683167
        }
      }
    },
    "ensemble_detail": {
      "total": -0.7122334135243639,
      "duration_gate": 1.0,
      "features": {
        "collision_rate": {
          "raw": 0.08333333333333333,
          "z_score": 0.7801418439716312
        },
        "phrase_alignment": {
          "raw": 1.0,
          "z_score": -1.1284046692607006
        },
        "texture_density": {
          "raw": 0.43200000000000005,
          "z_score": 0.8713235294117646
        },
        "harmonic_consonance": {
          "raw": 0.5,
          "z_score": -1.235294117647059
        }
      }
    }
  },
  "has_midi": true,
  "error": null,
  "timestamp": "2025-12-01T00:03:22.686113"
}