{
  "step": 3,
  "rollout_id": 16,
  "key": "D",
  "tempo": 160,
  "reward": 0.8226352632777695,
  "breakdown": {
    "sax": -0.3116449302609489,
    "sax_sig": 0.44824521328926503,
    "bass": -0.26930501930501927,
    "bass_sig": 0.45523600694864574,
    "piano": 4.85510982132696,
    "piano_sig": 0.9621936947086367,
    "drums": 1.1617378474166118,
    "drums_sig": 0.6844917795489537,
    "ensemble_mult": 1.1,
    "z_sum": 5.4358977191776034,
    "base_reward": 0.7478502393434268,
    "combined": 0.8226352632777695,
    "sax_detail": {
      "total": -0.3116449302609489,
      "variety_gate": 0.25,
      "features": {
        "melodic_entropy": {
          "raw": 1.2142952630807209,
          "z_score": -1.3362023784922157
        },
        "dur_cv": {
          "raw": 0.0,
          "z_score": -0.2978723404255319
        },
        "sax_arpeggio_runs": {
          "raw": 0,
          "z_score": -0.3391684901531729
        },
        "peak_not_late": {
          "raw": 1,
          "z_score": 0.42975206611570255
        },
        "blue_ratio": {
          "raw": 0.25,
          "z_score": 0.4294871794871795
        },
        "rhythm_2grams": {
          "raw": 1,
          "z_score": -0.13257575757575726
        }
      }
    },
    "bass_detail": {
      "total": -0.26930501930501927,
      "chromatic_gate": 1.0,
      "direction_gate": 1.0,
      "features": {
        "duration_variety": {
          "raw": 1,
          "z_score": -1.0
        },
        "velocity_variance": {
          "raw": 0.0,
          "z_score": -1.25
        },
        "non_chromatic_ratio": {
          "raw": 1.0,
          "z_score": 1.9806949806949807
        }
      }
    },
    "piano_detail": {
      "total": 4.85510982132696,
      "tonic_bonus": 1.0,
      "register_failed": false,
      "avg_pitch": 66.5,
      "features": {
        "unique_chords": {
          "raw": 1,
          "capped": 1,
          "z_score": -0.7155172413793105,
          "weight": 1.0
        },
        "avg_chord_duration": {
          "raw": 0.75,
          "z_score": 3.0,
          "weight": 1.5
        },
        "cluster_ratio": {
          "raw": 0.0,
          "z_score": 0.6666666666666667,
          "weight": 1.0
        },
        "out_of_key_ratio": {
          "raw": 0.0,
          "z_score": 0.6039603960396039,
          "weight": 1.0
        },
        "chord_duration_variety": {
          "raw": 1,
          "z_score": -0.20000000000000018,
          "weight": 1.0
        }
      }
    },
    "drums_detail": {
      "total": 1.1617378474166118,
      "features": {
        "duration_variety": {
          "raw": 2,
          "z_score": 0.06567534076827748
        },
        "kick_off_beat_ratio": {
          "raw": 0.5,
          "z_score": 0.23571428571428552
        },
        "velocity_variance": {
          "raw": 9.428090415820632,
          "z_score": 0.8603482209340488
        }
      }
    },
    "ensemble_detail": {
      "total": 1.1,
      "dynamic_coherence": 1.0
    }
  },
  "has_midi": true,
  "error": null,
  "timestamp": "2025-12-01T20:39:48.628857"
}