{
  "step": 15,
  "rollout_id": 26,
  "key": "F",
  "tempo": 160,
  "reward": 0.48736799461336877,
  "breakdown": {
    "sax": 0.09911877998382772,
    "sax_sig": 0.516513788203084,
    "bass": -1.064431896801839,
    "bass_sig": 0.3296825322844519,
    "piano": -0.9514577159889577,
    "piano_sig": 0.34653500141342414,
    "drums": 1.7267123053364664,
    "drums_sig": 0.7597193615517343,
    "ensemble": -0.11317412758629408,
    "ensemble_sig": 0.48114658832127044,
    "z_sum": -0.30323265505679653,
    "combined": 0.48736799461336877,
    "sax_detail": {
      "total": 0.09911877998382772,
      "variety_gate": 0.5,
      "features": {
        "melodic_entropy": {
          "raw": 1.5766212201074912,
          "z_score": -0.5781982842939515
        },
        "dur_cv": {
          "raw": 0.0,
          "z_score": -0.2978723404255319
        },
        "sax_arpeggio_runs": {
          "raw": 0,
          "z_score": -0.3391684901531729
        },
        "peak_not_late": {
          "raw": 1,
          "z_score": 0.42975206611570255
        },
        "blue_ratio": {
          "raw": 0.35714285714285715,
          "z_score": 1.1163003663003663
        },
        "rhythm_2grams": {
          "raw": 1,
          "z_score": -0.13257575757575726
        }
      }
    },
    "bass_detail": {
      "total": -1.064431896801839,
      "direction_gate": 0.5,
      "features": {
        "ioi_swing": {
          "raw": 0.0,
          "z_score": -0.24855491329479767
        },
        "non_chromatic_ratio": {
          "raw": 0.0,
          "z_score": -1.88030888030888
        }
      }
    },
    "piano_detail": {
      "total": -0.9514577159889577,
      "variety_gate": 0.5,
      "features": {
        "avg_chord_spread": {
          "raw": 7.0,
          "z_score": -0.4206517139229792
        },
        "gap_ratio": {
          "raw": 0.84,
          "z_score": -1.4058823529411764
        },
        "register_separation": {
          "raw": 4.375,
          "z_score": 0.15438786565547125
        },
        "velocity_variance": {
          "raw": 0.0,
          "z_score": -0.23076923076923078
        }
      }
    },
    "drums_detail": {
      "total": 1.7267123053364664,
      "features": {
        "kick_off_beat_ratio": {
          "raw": 0.5,
          "z_score": 0.2411347517730495
        },
        "snare_backbeat_ratio": {
          "raw": 0.0,
          "z_score": -0.3584905660377358
        },
        "velocity_variance": {
          "raw": 7.637626158259733,
          "z_score": 0.5148601988090733
        },
        "duration_variety": {
          "raw": 3,
          "z_score": 1.3292079207920793
        }
      }
    },
    "ensemble_detail": {
      "total": -0.11317412758629408,
      "duration_gate": 1.0,
      "features": {
        "collision_rate": {
          "raw": 0.07142857142857142,
          "z_score": 0.8434650455927052
        },
        "phrase_alignment": {
          "raw": 0.45,
          "z_score": 1.0116731517509725
        },
        "texture_density": {
          "raw": 0.716,
          "z_score": -0.17279411764705854
        },
        "harmonic_consonance": {
          "raw": 0.43333333333333335,
          "z_score": -1.7955182072829132
        }
      }
    }
  },
  "has_midi": true,
  "error": null,
  "timestamp": "2025-11-30T22:42:50.447553"
}