{
  "step": 1,
  "rollout_id": 22,
  "key": "F",
  "tempo": 160,
  "reward": 0.5032625889447201,
  "breakdown": {
    "sax": -2.7811689080908413,
    "sax_sig": 0.1353907527306925,
    "bass": 0.7306949806949807,
    "bass_sig": 0.6194300979814052,
    "piano": 1.8418371225144041,
    "piano_sig": 0.773449309514259,
    "drums": -0.45066619172796013,
    "drums_sig": 0.4254489160428521,
    "ensemble_mult": 1.0774596669241483,
    "z_sum": -0.6593029966094168,
    "base_reward": 0.46708253161939384,
    "combined": 0.5032625889447201,
    "sax_detail": {
      "total": -2.7811689080908413,
      "variety_gate": 1.0,
      "features": {
        "melodic_entropy": {
          "raw": 1.584962500721156,
          "z_score": -0.5607479064410961
        },
        "dur_cv": {
          "raw": 0.19245008972987523,
          "z_score": 1.7494690396795238
        },
        "sax_arpeggio_runs": {
          "raw": 0,
          "z_score": -0.3391684901531729
        },
        "peak_not_late": {
          "raw": 0,
          "z_score": -2.325068870523416
        },
        "blue_ratio": {
          "raw": 0.0,
          "z_score": -1.1730769230769231
        },
        "rhythm_2grams": {
          "raw": 1,
          "z_score": -0.13257575757575726
        }
      }
    },
    "bass_detail": {
      "total": 0.7306949806949807,
      "chromatic_gate": 1.0,
      "direction_gate": 1.0,
      "features": {
        "duration_variety": {
          "raw": 2,
          "z_score": 0.0
        },
        "velocity_variance": {
          "raw": 0.0,
          "z_score": -1.25
        },
        "non_chromatic_ratio": {
          "raw": 1.0,
          "z_score": 1.9806949806949807
        }
      }
    },
    "piano_detail": {
      "total": 1.8418371225144041,
      "tonic_bonus": 1.0,
      "register_failed": false,
      "avg_pitch": 62.0,
      "features": {
        "unique_chords": {
          "raw": 3,
          "capped": 3,
          "z_score": 1.0086206896551724,
          "weight": 1.0
        },
        "avg_chord_duration": {
          "raw": 0.2916666666666667,
          "z_score": -0.12568306010928942,
          "weight": 1.5
        },
        "cluster_ratio": {
          "raw": 0.6666666666666666,
          "z_score": -0.9320543565147881,
          "weight": 1.0
        },
        "out_of_key_ratio": {
          "raw": 0.16666666666666666,
          "z_score": -1.046204620462046,
          "weight": 1.0
        },
        "chord_duration_variety": {
          "raw": 2,
          "z_score": 3.0,
          "weight": 1.0
        }
      }
    },
    "drums_detail": {
      "total": -0.45066619172796013,
      "features": {
        "duration_variety": {
          "raw": 1,
          "z_score": -1.1734820322180917
        },
        "kick_off_beat_ratio": {
          "raw": 0.5,
          "z_score": 0.23571428571428552
        },
        "velocity_variance": {
          "raw": 7.637626158259733,
          "z_score": 0.487101554775846
        }
      }
    },
    "ensemble_detail": {
      "total": 1.0774596669241483,
      "dynamic_coherence": 0.8872983346207417
    }
  },
  "has_midi": true,
  "error": null,
  "timestamp": "2025-12-01T20:24:49.270901"
}