{
  "step": 12,
  "rollout_id": 11,
  "key": "F",
  "tempo": 160,
  "reward": 0.43475891148510853,
  "breakdown": {
    "sax": -1.6129730928158972,
    "sax_sig": 0.25439355787227313,
    "bass": -1.0257198333168605,
    "bass_sig": 0.33541076299076295,
    "piano": -0.3047928542641637,
    "piano_sig": 0.44937525536476614,
    "drums": 1.4008060984500277,
    "drums_sig": 0.7178599129055955,
    "ensemble": -0.032084485006851904,
    "ensemble_sig": 0.4946527897007884,
    "z_sum": -1.574764166953746,
    "combined": 0.43475891148510853,
    "sax_detail": {
      "total": -1.6129730928158972,
      "variety_gate": 0.5,
      "features": {
        "melodic_entropy": {
          "raw": 1.584962500721156,
          "z_score": -0.5607479064410961
        },
        "dur_cv": {
          "raw": 0.0,
          "z_score": -0.2978723404255319
        },
        "sax_arpeggio_runs": {
          "raw": 0,
          "z_score": -0.3391684901531729
        },
        "peak_not_late": {
          "raw": 0,
          "z_score": -2.325068870523416
        },
        "blue_ratio": {
          "raw": 0.25,
          "z_score": 0.4294871794871795
        },
        "rhythm_2grams": {
          "raw": 1,
          "z_score": -0.13257575757575726
        }
      }
    },
    "bass_detail": {
      "total": -1.0257198333168605,
      "direction_gate": 1.0,
      "features": {
        "ioi_swing": {
          "raw": 0.0,
          "z_score": -0.24855491329479767
        },
        "non_chromatic_ratio": {
          "raw": 0.2857142857142857,
          "z_score": -0.7771649200220628
        }
      }
    },
    "piano_detail": {
      "total": -0.3047928542641637,
      "variety_gate": 0.5,
      "features": {
        "avg_chord_spread": {
          "raw": 4.0,
          "z_score": -1.690224291155311
        },
        "gap_ratio": {
          "raw": 0.6,
          "z_score": 0.005882352941176476
        },
        "register_separation": {
          "raw": 8.625,
          "z_score": 1.305525460455038
        },
        "velocity_variance": {
          "raw": 0.0,
          "z_score": -0.23076923076923078
        }
      }
    },
    "drums_detail": {
      "total": 1.4008060984500277,
      "features": {
        "kick_off_beat_ratio": {
          "raw": 0.5,
          "z_score": 0.2411347517730495
        },
        "snare_backbeat_ratio": {
          "raw": 0.0,
          "z_score": -0.3584905660377358
        },
        "velocity_variance": {
          "raw": 6.066758241067099,
          "z_score": 0.18895399192263465
        },
        "duration_variety": {
          "raw": 3,
          "z_score": 1.3292079207920793
        }
      }
    },
    "ensemble_detail": {
      "total": -0.032084485006851904,
      "duration_gate": 1.0,
      "features": {
        "collision_rate": {
          "raw": 0.25,
          "z_score": -0.1063829787234042
        },
        "phrase_alignment": {
          "raw": 0.5,
          "z_score": 0.8171206225680933
        },
        "texture_density": {
          "raw": 0.916,
          "z_score": -0.9080882352941175
        },
        "harmonic_consonance": {
          "raw": 0.6666666666666666,
          "z_score": 0.16526610644257655
        }
      }
    }
  },
  "has_midi": true,
  "error": null,
  "timestamp": "2025-12-01T00:14:44.554095"
}