{
  "id": 3,
  "generation": 22,
  "reward": 0.3558283022676105,
  "breakdown": {
    "sax": 0.20462168517809567,
    "sax_sig": 0.534050826519312,
    "bass": -0.26930501930501927,
    "bass_sig": 0.45523600694864574,
    "piano": 1.6541136962763543,
    "piano_sig": 0.7507736080253363,
    "drums": -5.278547698259367,
    "drums_sig": 0.028775542396895587,
    "ensemble_mult": 1.1,
    "z_sum": -3.6891173361099368,
    "base_reward": 0.32348027478873675,
    "combined": 0.3558283022676105,
    "sax_detail": {
      "total": 0.20462168517809567,
      "variety_gate": 0.25,
      "features": {
        "melodic_entropy": {
          "raw": 1.4353713907745331,
          "z_score": -0.8737000193001399
        },
        "dur_cv": {
          "raw": 0.0,
          "z_score": -0.2978723404255319
        },
        "sax_arpeggio_runs": {
          "raw": 0,
          "z_score": -0.3391684901531729
        },
        "peak_not_late": {
          "raw": 1,
          "z_score": 0.42975206611570255
        },
        "blue_ratio": {
          "raw": 0.5,
          "z_score": 2.032051282051282
        },
        "rhythm_2grams": {
          "raw": 1,
          "z_score": -0.13257575757575726
        }
      }
    },
    "bass_detail": {
      "total": -0.26930501930501927,
      "chromatic_gate": 1.0,
      "direction_gate": 1.0,
      "features": {
        "duration_variety": {
          "raw": 1,
          "z_score": -1.0
        },
        "velocity_variance": {
          "raw": 0.0,
          "z_score": -1.25
        },
        "non_chromatic_ratio": {
          "raw": 1.0,
          "z_score": 1.9806949806949807
        }
      }
    },
    "piano_detail": {
      "total": 1.6541136962763543,
      "tonic_bonus": 1.2,
      "register_failed": false,
      "avg_pitch": 69.625,
      "features": {
        "unique_chords": {
          "raw": 5,
          "capped": 3,
          "z_score": 1.0086206896551724,
          "weight": 1.0
        },
        "avg_chord_duration": {
          "raw": 0.25,
          "z_score": -0.4672131147540983,
          "weight": 1.5
        },
        "cluster_ratio": {
          "raw": 0.0,
          "z_score": 0.6666666666666667,
          "weight": 1.0
        },
        "out_of_key_ratio": {
          "raw": 0.0,
          "z_score": 0.6039603960396039,
          "weight": 1.0
        },
        "chord_duration_variety": {
          "raw": 1,
          "z_score": -0.20000000000000018,
          "weight": 1.0
        }
      }
    },
    "drums_detail": {
      "total": -5.278547698259367,
      "features": {
        "duration_variety": {
          "raw": 1,
          "z_score": -1.1734820322180917
        },
        "kick_off_beat_ratio": {
          "raw": 0.0,
          "z_score": -3.0
        },
        "velocity_variance": {
          "raw": 0.0,
          "z_score": -1.1050656660412759
        }
      }
    },
    "ensemble_detail": {
      "total": 1.1,
      "dynamic_coherence": 1.0
    }
  },
  "metrics": {
    "reward": 0.3558283022676105,
    "note_count": 104,
    "valid_midi": 1.0,
    "unique_durs": 1,
    "has_rests": false
  },
  "has_midi": true,
  "error": null,
  "timestamp": "2025-12-02T13:24:08.512414"
}