{
  "id": 3,
  "generation": 45,
  "reward": 0.49803961686423326,
  "breakdown": {
    "sax": -0.5166088618120639,
    "sax_sig": 0.41473962794134295,
    "bass": -0.7661565485434916,
    "bass_sig": 0.37501279494754214,
    "piano": -0.10310540554873664,
    "piano_sig": 0.4828225285045284,
    "drums": 3.100074400924687,
    "drums_sig": 0.8876258382272489,
    "ensemble": -1.7612530213675004,
    "ensemble_sig": 0.23610230236032712,
    "z_sum": -0.047049436347105456,
    "combined": 0.49803961686423326,
    "sax_detail": {
      "total": -0.5166088618120639,
      "variety_gate": 0.25,
      "features": {
        "melodic_entropy": {
          "raw": 0.8224042259549891,
          "z_score": -2.1560581046966756
        },
        "dur_cv": {
          "raw": 0.0,
          "z_score": -0.2978723404255319
        },
        "sax_arpeggio_runs": {
          "raw": 0,
          "z_score": -0.3391684901531729
        },
        "peak_not_late": {
          "raw": 1,
          "z_score": 0.42975206611570255
        },
        "blue_ratio": {
          "raw": 0.25,
          "z_score": 0.4294871794871795
        },
        "rhythm_2grams": {
          "raw": 1,
          "z_score": -0.13257575757575726
        }
      }
    },
    "bass_detail": {
      "total": -0.7661565485434916,
      "direction_gate": 1.0,
      "features": {
        "ioi_swing": {
          "raw": 0.0,
          "z_score": -0.24855491329479767
        },
        "non_chromatic_ratio": {
          "raw": 0.35294117647058826,
          "z_score": -0.517601635248694
        }
      }
    },
    "piano_detail": {
      "total": -0.10310540554873664,
      "variety_gate": 0.5,
      "features": {
        "avg_chord_spread": {
          "raw": 9.0,
          "z_score": 0.4257300042319087
        },
        "gap_ratio": {
          "raw": 0.6666666666666666,
          "z_score": -0.3862745098039215
        },
        "register_separation": {
          "raw": 3.75,
          "z_score": -0.014897074756229728
        },
        "velocity_variance": {
          "raw": 0.0,
          "z_score": -0.23076923076923078
        }
      }
    },
    "drums_detail": {
      "total": 3.100074400924687,
      "features": {
        "kick_off_beat_ratio": {
          "raw": 0.5,
          "z_score": 0.2411347517730495
        },
        "snare_backbeat_ratio": {
          "raw": 0.5,
          "z_score": 3.0
        },
        "velocity_variance": {
          "raw": 10.0,
          "z_score": 1.0049792531120332
        },
        "duration_variety": {
          "raw": 1,
          "z_score": -1.146039603960396
        }
      }
    },
    "ensemble_detail": {
      "total": -1.7612530213675004,
      "duration_gate": 1.0,
      "features": {
        "collision_rate": {
          "raw": 0.08333333333333333,
          "z_score": 0.7801418439716312
        },
        "phrase_alignment": {
          "raw": 1.0,
          "z_score": -1.1284046692607006
        },
        "texture_density": {
          "raw": 0.984,
          "z_score": -1.1580882352941173
        },
        "harmonic_consonance": {
          "raw": 0.6166666666666667,
          "z_score": -0.25490196078431365
        }
      }
    }
  },
  "metrics": {
    "reward": 0.49803961686423326,
    "note_count": 74,
    "valid_midi": 1.0,
    "unique_durs": 1,
    "has_rests": false
  },
  "has_midi": true,
  "error": null,
  "timestamp": "2025-12-01T03:24:18.567663"
}