{
  "id": 8,
  "generation": 18,
  "reward": 0.4717668544725379,
  "breakdown": {
    "sax": -0.20697527103590113,
    "sax_sig": 0.4655587493678165,
    "bass": -0.36243119480113695,
    "bass_sig": 0.43988696964675406,
    "piano": -2.536205228568502,
    "piano_sig": 0.15567020315913094,
    "drums": 3.56590926720864,
    "drums_sig": 0.9150777455294625,
    "ensemble": -1.1386146042985454,
    "ensemble_sig": 0.31884682272366144,
    "z_sum": -0.6783170314954456,
    "combined": 0.4717668544725379,
    "sax_detail": {
      "total": -0.20697527103590113,
      "variety_gate": 0.5,
      "features": {
        "melodic_entropy": {
          "raw": 1.8676338909712125,
          "z_score": 0.03061483466780854
        },
        "dur_cv": {
          "raw": 3.20493781063927e-16,
          "z_score": -0.2978723404255285
        },
        "sax_arpeggio_runs": {
          "raw": 0,
          "z_score": -0.3391684901531729
        },
        "peak_not_late": {
          "raw": 1,
          "z_score": 0.42975206611570255
        },
        "blue_ratio": {
          "raw": 0.16666666666666666,
          "z_score": -0.10470085470085473
        },
        "rhythm_2grams": {
          "raw": 1,
          "z_score": -0.13257575757575726
        }
      }
    },
    "bass_detail": {
      "total": -0.36243119480113695,
      "direction_gate": 0.5,
      "features": {
        "ioi_swing": {
          "raw": 0.0,
          "z_score": -0.24855491329479767
        },
        "non_chromatic_ratio": {
          "raw": 0.36363636363636365,
          "z_score": -0.4763074763074762
        }
      }
    },
    "piano_detail": {
      "total": -2.536205228568502,
      "variety_gate": 0.5,
      "features": {
        "avg_chord_spread": {
          "raw": 0.0,
          "z_score": -3.382987727465087
        },
        "gap_ratio": {
          "raw": 0.715976331360947,
          "z_score": -0.676331360946747
        },
        "register_separation": {
          "raw": 0.9166666666666714,
          "z_score": -0.7823221379559395
        },
        "velocity_variance": {
          "raw": 0.0,
          "z_score": -0.23076923076923078
        }
      }
    },
    "drums_detail": {
      "total": 3.56590926720864,
      "features": {
        "kick_off_beat_ratio": {
          "raw": 0.6666666666666667,
          "z_score": 1.423167848699764
        },
        "snare_backbeat_ratio": {
          "raw": 0.5,
          "z_score": 4.358490566037736
        },
        "velocity_variance": {
          "raw": 0.0,
          "z_score": -1.0697095435684647
        },
        "duration_variety": {
          "raw": 1,
          "z_score": -1.146039603960396
        }
      }
    },
    "ensemble_detail": {
      "total": -1.1386146042985454,
      "duration_gate": 1.0,
      "features": {
        "collision_rate": {
          "raw": 0.5833333333333334,
          "z_score": -1.8794326241134756
        },
        "phrase_alignment": {
          "raw": 1.0,
          "z_score": -1.1284046692607006
        },
        "texture_density": {
          "raw": 0.396,
          "z_score": 1.0036764705882353
        },
        "harmonic_consonance": {
          "raw": 0.75,
          "z_score": 0.8655462184873949
        }
      }
    }
  },
  "metrics": {
    "reward": 0.4717668544725379,
    "note_count": 46,
    "valid_midi": 1.0,
    "unique_durs": 1,
    "has_rests": true
  },
  "has_midi": true,
  "error": null,
  "timestamp": "2025-11-30T21:37:22.629594"
}