{
  "id": 3,
  "generation": 13,
  "reward": 0.4422942154952759,
  "breakdown": {
    "sax": -0.330946261089437,
    "sax_sig": 0.4450649531052823,
    "bass": 0.67913901439913,
    "bass_sig": 0.611295091810923,
    "piano": -1.3783423060799342,
    "piano_sig": 0.2851831255103502,
    "drums": 1.4218458715648887,
    "drums_sig": 0.7206921009972318,
    "ensemble": -1.7828338119749927,
    "ensemble_sig": 0.23351731592680447,
    "z_sum": -1.391137493180345,
    "combined": 0.4422942154952759,
    "sax_detail": {
      "total": -0.330946261089437,
      "variety_gate": 0.5,
      "features": {
        "melodic_entropy": {
          "raw": 2.2998963911678914,
          "z_score": 0.9349296886357561
        },
        "dur_cv": {
          "raw": 0.0,
          "z_score": -0.2978723404255319
        },
        "sax_arpeggio_runs": {
          "raw": 0,
          "z_score": -0.3391684901531729
        },
        "peak_not_late": {
          "raw": 0,
          "z_score": -2.325068870523416
        },
        "blue_ratio": {
          "raw": 0.4166666666666667,
          "z_score": 1.497863247863248
        },
        "rhythm_2grams": {
          "raw": 1,
          "z_score": -0.13257575757575726
        }
      }
    },
    "bass_detail": {
      "total": 0.67913901439913,
      "direction_gate": 1.0,
      "features": {
        "ioi_swing": {
          "raw": 0.0,
          "z_score": -0.24855491329479767
        },
        "non_chromatic_ratio": {
          "raw": 0.7272727272727273,
          "z_score": 0.9276939276939278
        }
      }
    },
    "piano_detail": {
      "total": -1.3783423060799342,
      "variety_gate": 0.5,
      "features": {
        "avg_chord_spread": {
          "raw": 5.0,
          "z_score": -1.2670334320778671
        },
        "gap_ratio": {
          "raw": 0.6666666666666666,
          "z_score": -0.3862745098039215
        },
        "register_separation": {
          "raw": 0.5833333333333286,
          "z_score": -0.8726074395088492
        },
        "velocity_variance": {
          "raw": 0.0,
          "z_score": -0.23076923076923078
        }
      }
    },
    "drums_detail": {
      "total": 1.4218458715648887,
      "features": {
        "kick_off_beat_ratio": {
          "raw": 0.5,
          "z_score": 0.2411347517730495
        },
        "snare_backbeat_ratio": {
          "raw": 0.0,
          "z_score": -0.3584905660377358
        },
        "velocity_variance": {
          "raw": 12.133516482134196,
          "z_score": 1.4476175274137335
        },
        "duration_variety": {
          "raw": 2,
          "z_score": 0.09158415841584167
        }
      }
    },
    "ensemble_detail": {
      "total": -1.7828338119749927,
      "duration_gate": 1.0,
      "features": {
        "collision_rate": {
          "raw": 0.25,
          "z_score": -0.1063829787234042
        },
        "phrase_alignment": {
          "raw": 0.6666666666666666,
          "z_score": 0.16861219195849547
        },
        "texture_density": {
          "raw": 0.892,
          "z_score": -0.8198529411764705
        },
        "harmonic_consonance": {
          "raw": 0.525,
          "z_score": -1.0252100840336136
        }
      }
    }
  },
  "metrics": {
    "reward": 0.4422942154952759,
    "note_count": 48,
    "valid_midi": 1.0,
    "unique_durs": 1,
    "has_rests": true
  },
  "has_midi": true,
  "error": null,
  "timestamp": "2025-11-30T23:11:04.980959"
}