{
  "step": 29,
  "rollout_id": 24,
  "key": "Fm",
  "tempo": 160,
  "reward": 0.6283754630116463,
  "breakdown": {
    "sax": -1.1711519337179312,
    "sax_sig": 0.31415439760751473,
    "bass": -0.373862038601923,
    "bass_sig": 0.43801023530346195,
    "piano": 0.5579614136744903,
    "piano_sig": 0.5919359467867311,
    "drums": 2.6594696339411263,
    "drums_sig": 0.8548278415504731,
    "ensemble": 1.479105865377859,
    "ensemble_sig": 0.7283110894243287,
    "z_sum": 3.1515229406736216,
    "combined": 0.6283754630116463,
    "sax_detail": {
      "total": -1.1711519337179312,
      "variety_gate": 0.5,
      "features": {
        "melodic_entropy": {
          "raw": 1.456564762130954,
          "z_score": -0.8293624223201798
        },
        "dur_cv": {
          "raw": 0.0,
          "z_score": -0.2978723404255319
        },
        "sax_arpeggio_runs": {
          "raw": 0,
          "z_score": -0.3391684901531729
        },
        "peak_not_late": {
          "raw": 1,
          "z_score": 0.42975206611570255
        },
        "blue_ratio": {
          "raw": 0.0,
          "z_score": -1.1730769230769231
        },
        "rhythm_2grams": {
          "raw": 1,
          "z_score": -0.13257575757575726
        }
      }
    },
    "bass_detail": {
      "total": -0.373862038601923,
      "direction_gate": 1.0,
      "features": {
        "ioi_swing": {
          "raw": 0.0,
          "z_score": -0.24855491329479767
        },
        "non_chromatic_ratio": {
          "raw": 0.45454545454545453,
          "z_score": -0.12530712530712532
        }
      }
    },
    "piano_detail": {
      "total": 0.5579614136744903,
      "variety_gate": 0.5,
      "features": {
        "avg_chord_spread": {
          "raw": 5.0,
          "z_score": -1.2670334320778671
        },
        "gap_ratio": {
          "raw": 0.6666666666666666,
          "z_score": -0.3862745098039215
        },
        "register_separation": {
          "raw": 37.25,
          "z_score": 3.0
        },
        "velocity_variance": {
          "raw": 0.0,
          "z_score": -0.23076923076923078
        }
      }
    },
    "drums_detail": {
      "total": 2.6594696339411263,
      "features": {
        "kick_off_beat_ratio": {
          "raw": 0.5,
          "z_score": 0.2411347517730495
        },
        "snare_backbeat_ratio": {
          "raw": 0.0,
          "z_score": -0.3584905660377358
        },
        "velocity_variance": {
          "raw": 12.133516482134196,
          "z_score": 1.4476175274137335
        },
        "duration_variety": {
          "raw": 3,
          "z_score": 1.3292079207920793
        }
      }
    },
    "ensemble_detail": {
      "total": 1.479105865377859,
      "duration_gate": 0.8,
      "features": {
        "collision_rate": {
          "raw": 0.125,
          "z_score": 0.5585106382978724
        },
        "phrase_alignment": {
          "raw": 0.375,
          "z_score": 1.3035019455252916
        },
        "texture_density": {
          "raw": 0.908,
          "z_score": -0.8786764705882352
        },
        "harmonic_consonance": {
          "raw": 0.75,
          "z_score": 0.8655462184873949
        }
      }
    }
  },
  "has_midi": true,
  "error": null,
  "timestamp": "2025-12-01T02:43:12.672146"
}