{
  "step": 19,
  "rollout_id": 1,
  "key": "Dm",
  "tempo": 160,
  "reward": 0.33807717683615074,
  "breakdown": {
    "sax": -1.0298205725677045,
    "sax_sig": 0.3348016392123153,
    "bass": -0.20193241579922305,
    "bass_sig": 0.46639533343011175,
    "piano": -2.0062844060738665,
    "piano_sig": 0.20791770573927784,
    "drums": -0.5190230737161505,
    "drums_sig": 0.4143490127806087,
    "ensemble": -0.27418811922588743,
    "ensemble_sig": 0.45442879852440066,
    "z_sum": -4.031248587382832,
    "combined": 0.33807717683615074,
    "sax_detail": {
      "total": -1.0298205725677045,
      "variety_gate": 0.5,
      "features": {
        "melodic_entropy": {
          "raw": 0.9957274520849255,
          "z_score": -2.8921811476364048
        },
        "dur_cv": {
          "raw": 0.0,
          "z_score": -0.8880854560394412
        },
        "sax_arpeggio_runs": {
          "raw": 0,
          "z_score": -0.4150099290132615
        },
        "peak_not_late": {
          "raw": 1,
          "z_score": 0.6122586439155816
        },
        "blue_ratio": {
          "raw": 0.5,
          "z_score": 2.4097444089456865
        },
        "rhythm_2grams": {
          "raw": 1,
          "z_score": -0.8863676653075695
        }
      }
    },
    "bass_detail": {
      "total": -0.20193241579922305,
      "direction_gate": 1.0,
      "features": {
        "ioi_swing": {
          "raw": 0.0,
          "z_score": -0.8105992171032821
        },
        "non_chromatic_ratio": {
          "raw": 0.9090909090909091,
          "z_score": 0.608666801304059
        }
      }
    },
    "piano_detail": {
      "total": -2.0062844060738665,
      "variety_gate": 1.0,
      "features": {
        "avg_chord_spread": {
          "raw": 7.0,
          "z_score": -0.39231441048034943
        },
        "gap_ratio": {
          "raw": 0.6666666666666666,
          "z_score": -1.0261136712749614
        },
        "register_separation": {
          "raw": 2.75,
          "z_score": -0.6281040023371312
        },
        "velocity_variance": {
          "raw": 0.058823529411764705,
          "z_score": 0.04024767801857584
        }
      }
    },
    "drums_detail": {
      "total": -0.5190230737161505,
      "features": {
        "kick_off_beat_ratio": {
          "raw": 0.5,
          "z_score": -0.8253055108539016
        },
        "snare_backbeat_ratio": {
          "raw": 0.0,
          "z_score": -0.5855710048313247
        },
        "velocity_variance": {
          "raw": 12.86204100310025,
          "z_score": -0.09012678837288464
        },
        "duration_variety": {
          "raw": 3,
          "z_score": 0.9819802303419605
        }
      }
    },
    "ensemble_detail": {
      "total": -0.27418811922588743,
      "duration_gate": 1.0,
      "features": {
        "collision_rate": {
          "raw": 0.21428571428571427,
          "z_score": 0.6519189765458423
        },
        "phrase_alignment": {
          "raw": 0.6666666666666666,
          "z_score": -0.6270833333333331
        },
        "texture_density": {
          "raw": 0.796,
          "z_score": -0.7181571815718157
        },
        "harmonic_consonance": {
          "raw": 0.8095238095238095,
          "z_score": 0.4191334191334191
        }
      }
    }
  },
  "has_midi": true,
  "error": null,
  "timestamp": "2025-11-30T20:51:44.072219"
}