{
  "step": 16,
  "rollout_id": 11,
  "key": "C",
  "tempo": 120,
  "reward": 0.6066353171002627,
  "has_midi": true,
  "error": null,
  "timestamp": "2025-11-29T23:14:27.629768"
}