{
  "id": 13,
  "generation": 5,
  "reward": 0.4405344279370271,
  "breakdown": {
    "sax": -0.6154943925494895,
    "sax_sig": 0.39883309307945186,
    "bass": -0.7134315458014879,
    "bass_sig": 0.3832866868851194,
    "piano": 0.43658752486707453,
    "piano_sig": 0.5722552147472919,
    "drums": -0.11746352142761701,
    "drums_sig": 0.48043274476630254,
    "ensemble": -0.4241584269273564,
    "ensemble_sig": 0.42977424500230677,
    "z_sum": -1.433960361838876,
    "combined": 0.4405344279370271,
    "sax_detail": {
      "total": -0.6154943925494895,
      "variety_gate": 0.5,
      "features": {
        "melodic_entropy": {
          "raw": 1.9877733714879844,
          "z_score": 0.28195266001670377
        },
        "dur_cv": {
          "raw": 0.0,
          "z_score": -0.2978723404255319
        },
        "sax_arpeggio_runs": {
          "raw": 0,
          "z_score": -0.3391684901531729
        },
        "peak_not_late": {
          "raw": 1,
          "z_score": 0.42975206611570255
        },
        "blue_ratio": {
          "raw": 0.0,
          "z_score": -1.1730769230769231
        },
        "rhythm_2grams": {
          "raw": 1,
          "z_score": -0.13257575757575726
        }
      }
    },
    "bass_detail": {
      "total": -0.7134315458014879,
      "direction_gate": 0.5,
      "features": {
        "ioi_swing": {
          "raw": 0.0,
          "z_score": -0.24855491329479767
        },
        "non_chromatic_ratio": {
          "raw": 0.18181818181818182,
          "z_score": -1.1783081783081781
        }
      }
    },
    "piano_detail": {
      "total": 0.43658752486707453,
      "variety_gate": 0.5,
      "features": {
        "avg_chord_spread": {
          "raw": 9.333333333333334,
          "z_score": 0.5667936239243903
        },
        "gap_ratio": {
          "raw": 0.6666666666666666,
          "z_score": -0.3862745098039215
        },
        "register_separation": {
          "raw": 7.214285714285708,
          "z_score": 0.9234251663829112
        },
        "velocity_variance": {
          "raw": 0.0,
          "z_score": -0.23076923076923078
        }
      }
    },
    "drums_detail": {
      "total": -0.11746352142761701,
      "features": {
        "kick_off_beat_ratio": {
          "raw": 0.5,
          "z_score": 0.2411347517730495
        },
        "snare_backbeat_ratio": {
          "raw": 0.0,
          "z_score": -0.3584905660377358
        },
        "velocity_variance": {
          "raw": 4.714045207910317,
          "z_score": -0.09169186557877233
        },
        "duration_variety": {
          "raw": 2,
          "z_score": 0.09158415841584167
        }
      }
    },
    "ensemble_detail": {
      "total": -0.4241584269273564,
      "duration_gate": 1.0,
      "features": {
        "collision_rate": {
          "raw": 0.42857142857142855,
          "z_score": -1.0562310030395134
        },
        "phrase_alignment": {
          "raw": 0.6666666666666666,
          "z_score": 0.16861219195849547
        },
        "texture_density": {
          "raw": 0.86,
          "z_score": -0.7022058823529409
        },
        "harmonic_consonance": {
          "raw": 0.7857142857142857,
          "z_score": 1.1656662665066024
        }
      }
    }
  },
  "metrics": {
    "reward": 0.4405344279370271,
    "note_count": 50,
    "valid_midi": 1.0,
    "unique_durs": 1,
    "has_rests": true
  },
  "has_midi": true,
  "error": null,
  "timestamp": "2025-11-30T22:27:03.261120"
}