{
  "step": 19,
  "rollout_id": 18,
  "key": "Fm",
  "tempo": 160,
  "reward": 0.40391340674746873,
  "breakdown": {
    "sax": -0.2344731576824374,
    "sax_sig": 0.46100051918632523,
    "bass": 1.2339460208190396,
    "bass_sig": 0.6947944750570657,
    "piano": -0.4187186689023993,
    "piano_sig": 0.43066321208311614,
    "drums": -2.333104961793547,
    "drums_sig": 0.17430723222270691,
    "ensemble": -0.5827618241450226,
    "ensemble_sig": 0.40407654909593343,
    "z_sum": -2.335112591704367,
    "combined": 0.40391340674746873,
    "sax_detail": {
      "total": -0.2344731576824374,
      "variety_gate": 0.25,
      "features": {
        "melodic_entropy": {
          "raw": 1.6171895725927152,
          "z_score": -0.4933272539901355
        },
        "dur_cv": {
          "raw": 0.0,
          "z_score": -0.2978723404255319
        },
        "sax_arpeggio_runs": {
          "raw": 0,
          "z_score": -0.3391684901531729
        },
        "peak_not_late": {
          "raw": 1,
          "z_score": 0.42975206611570255
        },
        "blue_ratio": {
          "raw": 0.16666666666666666,
          "z_score": -0.10470085470085473
        },
        "rhythm_2grams": {
          "raw": 1,
          "z_score": -0.13257575757575726
        }
      }
    },
    "bass_detail": {
      "total": 1.2339460208190396,
      "direction_gate": 1.0,
      "features": {
        "ioi_swing": {
          "raw": 0.0,
          "z_score": -0.24855491329479767
        },
        "non_chromatic_ratio": {
          "raw": 0.8709677419354839,
          "z_score": 1.4825009341138373
        }
      }
    },
    "piano_detail": {
      "total": -0.4187186689023993,
      "variety_gate": 0.5,
      "features": {
        "avg_chord_spread": {
          "raw": 6.0,
          "z_score": -0.8438425730004231
        },
        "gap_ratio": {
          "raw": 0.45454545454545453,
          "z_score": 0.8614973262032085
        },
        "register_separation": {
          "raw": 1.5,
          "z_score": -0.6243228602383533
        },
        "velocity_variance": {
          "raw": 0.0,
          "z_score": -0.23076923076923078
        }
      }
    },
    "drums_detail": {
      "total": -2.333104961793547,
      "features": {
        "kick_off_beat_ratio": {
          "raw": 0.5,
          "z_score": 0.2411347517730495
        },
        "snare_backbeat_ratio": {
          "raw": 0.0,
          "z_score": -0.3584905660377358
        },
        "velocity_variance": {
          "raw": 0.0,
          "z_score": -1.0697095435684647
        },
        "duration_variety": {
          "raw": 1,
          "z_score": -1.146039603960396
        }
      }
    },
    "ensemble_detail": {
      "total": -0.5827618241450226,
      "duration_gate": 0.8,
      "features": {
        "collision_rate": {
          "raw": 0.16666666666666666,
          "z_score": 0.3368794326241136
        },
        "phrase_alignment": {
          "raw": 1.0,
          "z_score": -1.1284046692607006
        },
        "texture_density": {
          "raw": 0.16000000000000014,
          "z_score": 1.8713235294117643
        },
        "harmonic_consonance": {
          "raw": 0.4318181818181818,
          "z_score": -1.8082505729564555
        }
      }
    }
  },
  "has_midi": true,
  "error": null,
  "timestamp": "2025-11-30T23:06:08.124184"
}