{
  "step": 14,
  "rollout_id": 13,
  "key": "D",
  "tempo": 160,
  "reward": 0.5003749542150998,
  "breakdown": {
    "sax": -0.3011149192512979,
    "sax_sig": 0.4499820355156229,
    "bass": -0.02286168760157209,
    "bass_sig": 0.4961897924894788,
    "piano": 0.06617953486296432,
    "piano_sig": 0.5110281336367892,
    "drums": 0.8605541565620749,
    "drums_sig": 0.6396171304977055,
    "ensemble": -0.5937581817228921,
    "ensemble_sig": 0.402312525123364,
    "z_sum": 0.00899890284927718,
    "combined": 0.5003749542150998,
    "sax_detail": {
      "total": -0.3011149192512979,
      "variety_gate": 0.5,
      "features": {
        "melodic_entropy": {
          "raw": 1.5566567074628228,
          "z_score": -0.6199650471489062
        },
        "dur_cv": {
          "raw": 0.0,
          "z_score": -0.2978723404255319
        },
        "sax_arpeggio_runs": {
          "raw": 1,
          "z_score": 0.39022611232676874
        },
        "peak_not_late": {
          "raw": 1,
          "z_score": 0.42975206611570255
        },
        "blue_ratio": {
          "raw": 0.125,
          "z_score": -0.37179487179487175
        },
        "rhythm_2grams": {
          "raw": 1,
          "z_score": -0.13257575757575726
        }
      }
    },
    "bass_detail": {
      "total": -0.02286168760157209,
      "direction_gate": 1.0,
      "features": {
        "ioi_swing": {
          "raw": 0.0,
          "z_score": -0.24855491329479767
        },
        "non_chromatic_ratio": {
          "raw": 0.5454545454545454,
          "z_score": 0.22569322569322559
        }
      }
    },
    "piano_detail": {
      "total": 0.06617953486296432,
      "variety_gate": 0.5,
      "features": {
        "avg_chord_spread": {
          "raw": 9.0,
          "z_score": 0.4257300042319087
        },
        "gap_ratio": {
          "raw": 0.6666666666666666,
          "z_score": -0.3862745098039215
        },
        "register_separation": {
          "raw": 5.0,
          "z_score": 0.3236728060671722
        },
        "velocity_variance": {
          "raw": 0.0,
          "z_score": -0.23076923076923078
        }
      }
    },
    "drums_detail": {
      "total": 0.8605541565620749,
      "features": {
        "kick_off_beat_ratio": {
          "raw": 0.5,
          "z_score": 0.2411347517730495
        },
        "snare_backbeat_ratio": {
          "raw": 0.0,
          "z_score": -0.3584905660377358
        },
        "velocity_variance": {
          "raw": 9.428090415820632,
          "z_score": 0.8863258124109196
        },
        "duration_variety": {
          "raw": 2,
          "z_score": 0.09158415841584167
        }
      }
    },
    "ensemble_detail": {
      "total": -0.5937581817228921,
      "duration_gate": 1.0,
      "features": {
        "collision_rate": {
          "raw": 0.25,
          "z_score": -0.1063829787234042
        },
        "phrase_alignment": {
          "raw": 0.6666666666666666,
          "z_score": 0.16861219195849547
        },
        "texture_density": {
          "raw": 0.9400000000000001,
          "z_score": -0.9963235294117647
        },
        "harmonic_consonance": {
          "raw": 0.6875,
          "z_score": 0.34033613445378136
        }
      }
    }
  },
  "has_midi": true,
  "error": null,
  "timestamp": "2025-12-01T00:25:16.861852"
}