{
  "id": 29,
  "generation": 39,
  "reward": 0.5319313755869719,
  "breakdown": {
    "sax": 0.2939629646159936,
    "sax_sig": 0.5488376212794797,
    "bass": -0.5844622492021334,
    "bass_sig": 0.40380360538593885,
    "piano": -0.03992953719265524,
    "piano_sig": 0.49334547008432983,
    "drums": -0.2584161651130491,
    "drums_sig": 0.4570368470930227,
    "ensemble": 1.3562424022990225,
    "ensemble_sig": 0.7118039616666679,
    "z_sum": 0.7673974154071783,
    "combined": 0.5319313755869719,
    "sax_detail": {
      "total": 0.2939629646159936,
      "variety_gate": 0.25,
      "features": {
        "melodic_entropy": {
          "raw": 2.4086949695628417,
          "z_score": 1.1625417773281208
        },
        "dur_cv": {
          "raw": 9.48033389380727e-16,
          "z_score": -0.29787234042552185
        },
        "sax_arpeggio_runs": {
          "raw": 0,
          "z_score": -0.3391684901531729
        },
        "peak_not_late": {
          "raw": 1,
          "z_score": 0.42975206611570255
        },
        "blue_ratio": {
          "raw": 0.23809523809523808,
          "z_score": 0.35317460317460314
        },
        "rhythm_2grams": {
          "raw": 1,
          "z_score": -0.13257575757575726
        }
      }
    },
    "bass_detail": {
      "total": -0.5844622492021334,
      "direction_gate": 1.0,
      "features": {
        "ioi_swing": {
          "raw": 0.0,
          "z_score": -0.24855491329479767
        },
        "non_chromatic_ratio": {
          "raw": 0.4,
          "z_score": -0.3359073359073358
        }
      }
    },
    "piano_detail": {
      "total": -0.03992953719265524,
      "variety_gate": 0.5,
      "features": {
        "avg_chord_spread": {
          "raw": 9.333333333333334,
          "z_score": 0.5667936239243903
        },
        "gap_ratio": {
          "raw": 0.7272727272727274,
          "z_score": -0.7427807486631024
        },
        "register_separation": {
          "raw": 5.011904761904759,
          "z_score": 0.32689728112263244
        },
        "velocity_variance": {
          "raw": 0.0,
          "z_score": -0.23076923076923078
        }
      }
    },
    "drums_detail": {
      "total": -0.2584161651130491,
      "features": {
        "kick_off_beat_ratio": {
          "raw": 0.5,
          "z_score": 0.2411347517730495
        },
        "snare_backbeat_ratio": {
          "raw": 0.0,
          "z_score": -0.3584905660377358
        },
        "velocity_variance": {
          "raw": 10.0,
          "z_score": 1.0049792531120332
        },
        "duration_variety": {
          "raw": 1,
          "z_score": -1.146039603960396
        }
      }
    },
    "ensemble_detail": {
      "total": 1.3562424022990225,
      "duration_gate": 1.0,
      "features": {
        "collision_rate": {
          "raw": 0.23809523809523808,
          "z_score": -0.04305977710233017
        },
        "phrase_alignment": {
          "raw": 0.5,
          "z_score": 0.8171206225680933
        },
        "texture_density": {
          "raw": 0.716,
          "z_score": -0.17279411764705854
        },
        "harmonic_consonance": {
          "raw": 0.7368421052631579,
          "z_score": 0.754975674480318
        }
      }
    }
  },
  "metrics": {
    "reward": 0.5319313755869719,
    "note_count": 57,
    "valid_midi": 1.0,
    "unique_durs": 1,
    "has_rests": false
  },
  "has_midi": true,
  "error": null,
  "timestamp": "2025-12-01T02:33:10.688737"
}