{
  "id": 10,
  "generation": 23,
  "reward": 0.45801654235158484,
  "breakdown": {
    "sax": -1.7419687948178804,
    "sax_sig": 0.2384288734481549,
    "bass": -0.5337292557055029,
    "bass_sig": 0.4119719215430716,
    "piano": -1.255655489322744,
    "piano_sig": 0.3021451371908333,
    "drums": 3.5215353378262053,
    "drums_sig": 0.9127504591695981,
    "ensemble": -1.0001628653589885,
    "ensemble_sig": 0.33921929334316,
    "z_sum": -1.0099810673789102,
    "combined": 0.45801654235158484,
    "sax_detail": {
      "total": -1.7419687948178804,
      "variety_gate": 0.25,
      "features": {
        "melodic_entropy": {
          "raw": 1.584962500721156,
          "z_score": -1.6757586690314699
        },
        "dur_cv": {
          "raw": 0.0,
          "z_score": -0.8880854560394412
        },
        "sax_arpeggio_runs": {
          "raw": 1,
          "z_score": -0.30088333980050674
        },
        "peak_not_late": {
          "raw": 0,
          "z_score": -1.6329142343960483
        },
        "blue_ratio": {
          "raw": 0.0,
          "z_score": -1.5838658146964857
        },
        "rhythm_2grams": {
          "raw": 1,
          "z_score": -0.8863676653075695
        }
      }
    },
    "bass_detail": {
      "total": -0.5337292557055029,
      "direction_gate": 0.5,
      "features": {
        "ioi_swing": {
          "raw": 0.0,
          "z_score": -0.8105992171032821
        },
        "non_chromatic_ratio": {
          "raw": 0.6363636363636364,
          "z_score": -0.2568592943077236
        }
      }
    },
    "piano_detail": {
      "total": -1.255655489322744,
      "variety_gate": 1.0,
      "features": {
        "avg_chord_spread": {
          "raw": 9.0,
          "z_score": -0.04296943231441056
        },
        "gap_ratio": {
          "raw": 0.6,
          "z_score": -0.7188940092165897
        },
        "register_separation": {
          "raw": 2.75,
          "z_score": -0.6281040023371312
        },
        "velocity_variance": {
          "raw": 0.06775963568181181,
          "z_score": 0.13431195454538752
        }
      }
    },
    "drums_detail": {
      "total": 3.5215353378262053,
      "features": {
        "kick_off_beat_ratio": {
          "raw": 0.7142857142857143,
          "z_score": -0.006204959708443896
        },
        "snare_backbeat_ratio": {
          "raw": 0.14285714285714285,
          "z_score": 0.2739423902551809
        },
        "velocity_variance": {
          "raw": 12.472191289246473,
          "z_score": -0.12857790825493207
        },
        "duration_variety": {
          "raw": 5,
          "z_score": 3.3823758155344
        }
      }
    },
    "ensemble_detail": {
      "total": -1.0001628653589885,
      "duration_gate": 1.0,
      "features": {
        "collision_rate": {
          "raw": 0.25,
          "z_score": 0.5186567164179104
        },
        "phrase_alignment": {
          "raw": 1.0,
          "z_score": -1.66875
        },
        "texture_density": {
          "raw": 0.8480000000000001,
          "z_score": -0.859078590785908
        },
        "harmonic_consonance": {
          "raw": 0.875,
          "z_score": 1.009009009009009
        }
      }
    }
  },
  "metrics": {
    "reward": 0.45801654235158484,
    "note_count": 45,
    "valid_midi": 1.0,
    "unique_durs": 1,
    "has_rests": false
  },
  "has_midi": true,
  "error": null,
  "timestamp": "2025-11-30T17:28:17.896049"
}