{
  "id": 30,
  "generation": 1,
  "reward": 0.3878113333438455,
  "breakdown": {
    "sax": 0.5653934382305251,
    "sax_sig": 0.5931321921302929,
    "bass": -1.075862740602625,
    "bass_sig": 0.3280006403243589,
    "piano": 0.5037135987816368,
    "piano_sig": 0.5831721370917049,
    "drums": -1.3550872838038546,
    "drums_sig": 0.2883540373944142,
    "ensemble": -1.3772862931608902,
    "ensemble_sig": 0.2853266619797385,
    "z_sum": -2.7391292805552077,
    "combined": 0.3878113333438455,
    "sax_detail": {
      "total": 0.5653934382305251,
      "variety_gate": 0.5,
      "features": {
        "melodic_entropy": {
          "raw": 1.8910611120726526,
          "z_score": 0.07962575747416865
        },
        "dur_cv": {
          "raw": 0.0,
          "z_score": -0.2978723404255319
        },
        "sax_arpeggio_runs": {
          "raw": 0,
          "z_score": -0.3391684901531729
        },
        "peak_not_late": {
          "raw": 1,
          "z_score": 0.42975206611570255
        },
        "blue_ratio": {
          "raw": 0.4,
          "z_score": 1.3910256410256412
        },
        "rhythm_2grams": {
          "raw": 1,
          "z_score": -0.13257575757575726
        }
      }
    },
    "bass_detail": {
      "total": -1.075862740602625,
      "direction_gate": 1.0,
      "features": {
        "ioi_swing": {
          "raw": 0.0,
          "z_score": -0.24855491329479767
        },
        "non_chromatic_ratio": {
          "raw": 0.2727272727272727,
          "z_score": -0.8273078273078274
        }
      }
    },
    "piano_detail": {
      "total": 0.5037135987816368,
      "variety_gate": 1.0,
      "features": {
        "avg_chord_spread": {
          "raw": 12.0,
          "z_score": 1.6953025814642404
        },
        "gap_ratio": {
          "raw": 0.7272727272727273,
          "z_score": -0.7427807486631018
        },
        "register_separation": {
          "raw": 3.0,
          "z_score": -0.2180390032502709
        },
        "velocity_variance": {
          "raw": 0.0,
          "z_score": -0.23076923076923078
        }
      }
    },
    "drums_detail": {
      "total": -1.3550872838038546,
      "features": {
        "kick_off_beat_ratio": {
          "raw": 0.5,
          "z_score": 0.2411347517730495
        },
        "snare_backbeat_ratio": {
          "raw": 0.0,
          "z_score": -0.3584905660377358
        },
        "velocity_variance": {
          "raw": 4.714045207910317,
          "z_score": -0.09169186557877233
        },
        "duration_variety": {
          "raw": 1,
          "z_score": -1.146039603960396
        }
      }
    },
    "ensemble_detail": {
      "total": -1.3772862931608902,
      "duration_gate": 1.0,
      "features": {
        "collision_rate": {
          "raw": 0.3,
          "z_score": -0.37234042553191476
        },
        "phrase_alignment": {
          "raw": 0.6666666666666666,
          "z_score": 0.16861219195849547
        },
        "texture_density": {
          "raw": 0.86,
          "z_score": -0.7022058823529409
        },
        "harmonic_consonance": {
          "raw": 0.5909090909090909,
          "z_score": -0.4713521772345301
        }
      }
    }
  },
  "metrics": {
    "reward": 0.3878113333438455,
    "note_count": 46,
    "valid_midi": 1.0,
    "unique_durs": 1,
    "has_rests": true
  },
  "has_midi": true,
  "error": null,
  "timestamp": "2025-11-30T21:10:05.593973"
}