{
  "id": 17,
  "generation": 13,
  "reward": 0.391068610126764,
  "breakdown": {
    "sax": 1.991111647323409,
    "sax_sig": 0.7904115254271272,
    "bass": -0.9407839516535168,
    "bass_sig": 0.34814812810149615,
    "piano": -3.637303537174626,
    "piano_sig": 0.08129586120275185,
    "drums": 0.1380666151267692,
    "drums_sig": 0.5229948701024325,
    "ensemble_mult": 1.029277002188456,
    "z_sum": -2.4489092263779644,
    "base_reward": 0.37994496068140177,
    "combined": 0.391068610126764,
    "sax_detail": {
      "total": 1.991111647323409,
      "variety_gate": 0.5,
      "features": {
        "melodic_entropy": {
          "raw": 2.2339466645252255,
          "z_score": 0.796959549215953
        },
        "dur_cv": {
          "raw": 0.0,
          "z_score": -0.2978723404255319
        },
        "sax_arpeggio_runs": {
          "raw": 4,
          "z_score": 2.5784099197665937
        },
        "peak_not_late": {
          "raw": 1,
          "z_score": 0.42975206611570255
        },
        "blue_ratio": {
          "raw": 0.2777777777777778,
          "z_score": 0.6075498575498577
        },
        "rhythm_2grams": {
          "raw": 1,
          "z_score": -0.13257575757575726
        }
      }
    },
    "bass_detail": {
      "total": -0.9407839516535168,
      "chromatic_gate": 1.0,
      "direction_gate": 1.0,
      "features": {
        "duration_variety": {
          "raw": 1,
          "z_score": -1.0
        },
        "velocity_variance": {
          "raw": 0.0,
          "z_score": -1.25
        },
        "non_chromatic_ratio": {
          "raw": 0.8260869565217391,
          "z_score": 1.3092160483464832
        }
      }
    },
    "piano_detail": {
      "total": -3.637303537174626,
      "tonic_bonus": 1.2,
      "register_failed": true,
      "avg_pitch": 35.666666666666664,
      "features": {
        "unique_chords": {
          "raw": 2,
          "capped": 2,
          "z_score": 0.146551724137931,
          "weight": 1.0
        },
        "avg_chord_duration": {
          "raw": 0.375,
          "z_score": 0.5573770491803279,
          "weight": 1.5
        },
        "cluster_ratio": {
          "raw": 0.6666666666666666,
          "z_score": -0.9320543565147881,
          "weight": 1.0
        },
        "out_of_key_ratio": {
          "raw": 0.25,
          "z_score": -1.8712871287128712,
          "weight": 1.0
        },
        "chord_duration_variety": {
          "raw": 1,
          "z_score": -0.20000000000000018,
          "weight": 1.0
        }
      }
    },
    "drums_detail": {
      "total": 0.1380666151267692,
      "features": {
        "duration_variety": {
          "raw": 2,
          "z_score": 0.06567534076827748
        },
        "kick_off_beat_ratio": {
          "raw": 0.5,
          "z_score": 0.23571428571428552
        },
        "velocity_variance": {
          "raw": 4.517539514526257,
          "z_score": -0.1633230113557938
        }
      }
    },
    "ensemble_detail": {
      "total": 1.029277002188456,
      "dynamic_coherence": 0.64638501094228
    }
  },
  "metrics": {
    "reward": 0.391068610126764,
    "note_count": 110,
    "valid_midi": 1.0,
    "unique_durs": 1,
    "has_rests": true
  },
  "has_midi": true,
  "error": null,
  "timestamp": "2025-12-01T22:44:21.511861"
}