{
  "step": 42,
  "rollout_id": 24,
  "key": "Fm",
  "tempo": 160,
  "reward": 0.703506994049728,
  "breakdown": {
    "sax": 0.6506759872797196,
    "sax_sig": 0.6067768877365467,
    "bass": -0.373862038601923,
    "bass_sig": 0.43801023530346195,
    "piano": -0.22382275282407194,
    "piano_sig": 0.46276526869696183,
    "drums": 6.493105707303581,
    "drums_sig": 0.9869873741032852,
    "ensemble": -1.361771770136981,
    "ensemble_sig": 0.2874404361730167,
    "z_sum": 5.184325133020325,
    "combined": 0.703506994049728,
    "sax_detail": {
      "total": 0.6506759872797196,
      "variety_gate": 0.5,
      "features": {
        "melodic_entropy": {
          "raw": 2.103909910282364,
          "z_score": 0.5249161302978326
        },
        "dur_cv": {
          "raw": 0.0,
          "z_score": -0.2978723404255319
        },
        "sax_arpeggio_runs": {
          "raw": 0,
          "z_score": -0.3391684901531729
        },
        "peak_not_late": {
          "raw": 1,
          "z_score": 0.42975206611570255
        },
        "blue_ratio": {
          "raw": 0.35714285714285715,
          "z_score": 1.1163003663003663
        },
        "rhythm_2grams": {
          "raw": 1,
          "z_score": -0.13257575757575726
        }
      }
    },
    "bass_detail": {
      "total": -0.373862038601923,
      "direction_gate": 1.0,
      "features": {
        "ioi_swing": {
          "raw": 0.0,
          "z_score": -0.24855491329479767
        },
        "non_chromatic_ratio": {
          "raw": 0.45454545454545453,
          "z_score": -0.12530712530712532
        }
      }
    },
    "piano_detail": {
      "total": -0.22382275282407194,
      "variety_gate": 1.0,
      "features": {
        "avg_chord_spread": {
          "raw": 7.0,
          "z_score": -0.4206517139229792
        },
        "gap_ratio": {
          "raw": 0.6666666666666666,
          "z_score": -0.3862745098039215
        },
        "register_separation": {
          "raw": 0.0714285714285694,
          "z_score": -1.0112598668936703
        },
        "velocity_variance": {
          "raw": 0.023726723391354485,
          "z_score": 1.594363337796499
        }
      }
    },
    "drums_detail": {
      "total": 6.493105707303581,
      "features": {
        "kick_off_beat_ratio": {
          "raw": 0.6,
          "z_score": 0.9503546099290777
        },
        "snare_backbeat_ratio": {
          "raw": 0.2,
          "z_score": 1.528301886792453
        },
        "velocity_variance": {
          "raw": 12.133516482134198,
          "z_score": 1.447617527413734
        },
        "duration_variety": {
          "raw": 4,
          "z_score": 2.5668316831683167
        }
      }
    },
    "ensemble_detail": {
      "total": -1.361771770136981,
      "duration_gate": 1.0,
      "features": {
        "collision_rate": {
          "raw": 0.21428571428571427,
          "z_score": 0.08358662613981775
        },
        "phrase_alignment": {
          "raw": 0.6666666666666666,
          "z_score": 0.16861219195849547
        },
        "texture_density": {
          "raw": 0.772,
          "z_score": -0.37867647058823517
        },
        "harmonic_consonance": {
          "raw": 0.5,
          "z_score": -1.235294117647059
        }
      }
    }
  },
  "has_midi": true,
  "error": null,
  "timestamp": "2025-12-01T02:47:08.336375"
}