{
  "id": 15,
  "generation": 6,
  "reward": 0.20131336978962402,
  "breakdown": {
    "sax": -0.6547844621867671,
    "sax_sig": 0.39256978590620517,
    "bass": -1.3223060723060722,
    "bass_sig": 0.29285929700889063,
    "piano": -0.08099843796109206,
    "piano_sig": 0.48650353969381455,
    "drums": -5.278547698259367,
    "drums_sig": 0.028775542396895587,
    "ensemble_mult": 1.074535599249993,
    "z_sum": -7.336636670713299,
    "base_reward": 0.18734918594613081,
    "combined": 0.20131336978962402,
    "sax_detail": {
      "total": -0.6547844621867671,
      "variety_gate": 0.5,
      "features": {
        "melodic_entropy": {
          "raw": 1.950212064914747,
          "z_score": 0.2033725207421485
        },
        "dur_cv": {
          "raw": 0.0,
          "z_score": -0.2978723404255319
        },
        "sax_arpeggio_runs": {
          "raw": 0,
          "z_score": -0.3391684901531729
        },
        "peak_not_late": {
          "raw": 1,
          "z_score": 0.42975206611570255
        },
        "blue_ratio": {
          "raw": 0.0,
          "z_score": -1.1730769230769231
        },
        "rhythm_2grams": {
          "raw": 1,
          "z_score": -0.13257575757575726
        }
      }
    },
    "bass_detail": {
      "total": -1.3223060723060722,
      "chromatic_gate": 1.0,
      "direction_gate": 1.0,
      "features": {
        "duration_variety": {
          "raw": 1,
          "z_score": -1.0
        },
        "velocity_variance": {
          "raw": 0.0,
          "z_score": -1.25
        },
        "non_chromatic_ratio": {
          "raw": 0.7272727272727273,
          "z_score": 0.9276939276939278
        }
      }
    },
    "piano_detail": {
      "total": -0.08099843796109206,
      "tonic_bonus": 1.0,
      "register_failed": false,
      "avg_pitch": 69.06666666666666,
      "features": {
        "unique_chords": {
          "raw": 3,
          "capped": 3,
          "z_score": 1.0086206896551724,
          "weight": 1.0
        },
        "avg_chord_duration": {
          "raw": 0.25,
          "z_score": -0.4672131147540983,
          "weight": 1.5
        },
        "cluster_ratio": {
          "raw": 0.3333333333333333,
          "z_score": -0.13269384492406067,
          "weight": 1.0
        },
        "out_of_key_ratio": {
          "raw": 0.06666666666666667,
          "z_score": -0.056105610561056105,
          "weight": 1.0
        },
        "chord_duration_variety": {
          "raw": 1,
          "z_score": -0.20000000000000018,
          "weight": 1.0
        }
      }
    },
    "drums_detail": {
      "total": -5.278547698259367,
      "features": {
        "duration_variety": {
          "raw": 1,
          "z_score": -1.1734820322180917
        },
        "kick_off_beat_ratio": {
          "raw": 0.0,
          "z_score": -3.0
        },
        "velocity_variance": {
          "raw": 0.0,
          "z_score": -1.1050656660412759
        }
      }
    },
    "ensemble_detail": {
      "total": 1.074535599249993,
      "dynamic_coherence": 0.8726779962499649
    }
  },
  "metrics": {
    "reward": 0.20131336978962402,
    "note_count": 67,
    "valid_midi": 1.0,
    "unique_durs": 1,
    "has_rests": true
  },
  "has_midi": true,
  "error": null,
  "timestamp": "2025-12-01T22:09:39.388395"
}