{
  "id": 18,
  "generation": 17,
  "reward": 0.47459746208704295,
  "breakdown": {
    "sax": -0.17060415725893135,
    "sax_sig": 0.47159658583830627,
    "bass": 0.67913901439913,
    "bass_sig": 0.611295091810923,
    "piano": -0.15350559559073507,
    "piano_sig": 0.4744380391094747,
    "drums": -0.748535219416009,
    "drums_sig": 0.3777701821425709,
    "ensemble": -0.2166803091521125,
    "ensemble_sig": 0.4639492820190181,
    "z_sum": -0.610186267018658,
    "combined": 0.47459746208704295,
    "sax_detail": {
      "total": -0.17060415725893135,
      "variety_gate": 0.5,
      "features": {
        "melodic_entropy": {
          "raw": 2.413088436425758,
          "z_score": 1.1717331305978198
        },
        "dur_cv": {
          "raw": 0.0,
          "z_score": -0.2978723404255319
        },
        "sax_arpeggio_runs": {
          "raw": 0,
          "z_score": -0.3391684901531729
        },
        "peak_not_late": {
          "raw": 1,
          "z_score": 0.42975206611570255
        },
        "blue_ratio": {
          "raw": 0.0,
          "z_score": -1.1730769230769231
        },
        "rhythm_2grams": {
          "raw": 1,
          "z_score": -0.13257575757575726
        }
      }
    },
    "bass_detail": {
      "total": 0.67913901439913,
      "direction_gate": 1.0,
      "features": {
        "ioi_swing": {
          "raw": 0.0,
          "z_score": -0.24855491329479767
        },
        "non_chromatic_ratio": {
          "raw": 0.7272727272727273,
          "z_score": 0.9276939276939278
        }
      }
    },
    "piano_detail": {
      "total": -0.15350559559073507,
      "variety_gate": 0.5,
      "features": {
        "avg_chord_spread": {
          "raw": 6.0,
          "z_score": -0.8438425730004231
        },
        "gap_ratio": {
          "raw": 0.45454545454545453,
          "z_score": 0.8614973262032085
        },
        "register_separation": {
          "raw": 3.4583333333333286,
          "z_score": -0.0938967136150248
        },
        "velocity_variance": {
          "raw": 0.0,
          "z_score": -0.23076923076923078
        }
      }
    },
    "drums_detail": {
      "total": -0.748535219416009,
      "features": {
        "kick_off_beat_ratio": {
          "raw": 0.5,
          "z_score": 0.2411347517730495
        },
        "snare_backbeat_ratio": {
          "raw": 0.0,
          "z_score": -0.3584905660377358
        },
        "velocity_variance": {
          "raw": 7.637626158259733,
          "z_score": 0.5148601988090733
        },
        "duration_variety": {
          "raw": 1,
          "z_score": -1.146039603960396
        }
      }
    },
    "ensemble_detail": {
      "total": -0.2166803091521125,
      "duration_gate": 1.0,
      "features": {
        "collision_rate": {
          "raw": 0.5,
          "z_score": -1.4361702127659575
        },
        "phrase_alignment": {
          "raw": 0.5,
          "z_score": 0.8171206225680933
        },
        "texture_density": {
          "raw": 0.6679999999999999,
          "z_score": 0.003676470588235705
        },
        "harmonic_consonance": {
          "raw": 0.6944444444444444,
          "z_score": 0.398692810457516
        }
      }
    }
  },
  "metrics": {
    "reward": 0.47459746208704295,
    "note_count": 60,
    "valid_midi": 1.0,
    "unique_durs": 1,
    "has_rests": true
  },
  "has_midi": true,
  "error": null,
  "timestamp": "2025-11-30T23:31:53.903984"
}