{
  "id": 6,
  "generation": 1,
  "reward": 0.19796137286323853,
  "breakdown": {
    "sax": -1.8160158557093853,
    "sax_sig": 0.22958124358067214,
    "bass": -0.7789498128737447,
    "bass_sig": 0.3730159608377758,
    "piano": -1.2217517142598142,
    "piano_sig": 0.3069321597462726,
    "drums": -4.188009767131164,
    "drums_sig": 0.05775766053973085,
    "ensemble": -0.3897819206587863,
    "ensemble_sig": 0.43539944768774674,
    "z_sum": -8.394509070632894,
    "combined": 0.19796137286323853,
    "sax_detail": {
      "total": -1.8160158557093853,
      "variety_gate": 0.5,
      "features": {
        "melodic_entropy": {
          "raw": 2.113283334294875,
          "z_score": -0.5850880794903491
        },
        "dur_cv": {
          "raw": 0.0,
          "z_score": -0.8880854560394412
        },
        "sax_arpeggio_runs": {
          "raw": 1,
          "z_score": -0.30088333980050674
        },
        "peak_not_late": {
          "raw": 1,
          "z_score": 0.6122586439155816
        },
        "blue_ratio": {
          "raw": 0.0,
          "z_score": -1.5838658146964857
        },
        "rhythm_2grams": {
          "raw": 1,
          "z_score": -0.8863676653075695
        }
      }
    },
    "bass_detail": {
      "total": -0.7789498128737447,
      "direction_gate": 1.0,
      "features": {
        "ioi_swing": {
          "raw": 0.0,
          "z_score": -0.8105992171032821
        },
        "non_chromatic_ratio": {
          "raw": 0.7272727272727273,
          "z_score": 0.03164940422953743
        }
      }
    },
    "piano_detail": {
      "total": -1.2217517142598142,
      "variety_gate": 0.5,
      "features": {
        "avg_chord_spread": {
          "raw": 8.0,
          "z_score": -0.21764192139738
        },
        "gap_ratio": {
          "raw": 0.6666666666666666,
          "z_score": -1.0261136712749614
        },
        "register_separation": {
          "raw": 2.799999999999997,
          "z_score": -0.6208004674262346
        },
        "velocity_variance": {
          "raw": 0.0,
          "z_score": -0.5789473684210527
        }
      }
    },
    "drums_detail": {
      "total": -4.188009767131164,
      "features": {
        "kick_off_beat_ratio": {
          "raw": 0.5,
          "z_score": -0.8253055108539016
        },
        "snare_backbeat_ratio": {
          "raw": 0.0,
          "z_score": -0.5855710048313247
        },
        "velocity_variance": {
          "raw": 0.0,
          "z_score": -1.3587178965954583
        },
        "duration_variety": {
          "raw": 1,
          "z_score": -1.418415354850479
        }
      }
    },
    "ensemble_detail": {
      "total": -0.3897819206587863,
      "duration_gate": 1.0,
      "features": {
        "collision_rate": {
          "raw": 0.2,
          "z_score": 0.7052238805970149
        },
        "phrase_alignment": {
          "raw": 0.6666666666666666,
          "z_score": -0.6270833333333331
        },
        "texture_density": {
          "raw": 0.736,
          "z_score": -0.5555555555555555
        },
        "harmonic_consonance": {
          "raw": 0.7727272727272727,
          "z_score": 0.08763308763308734
        }
      }
    }
  },
  "metrics": {
    "reward": 0.19796137286323853,
    "note_count": 51,
    "valid_midi": 1.0,
    "unique_durs": 1,
    "has_rests": true
  },
  "has_midi": true,
  "error": null,
  "timestamp": "2025-11-30T16:47:28.491267"
}