{
  "step": 46,
  "rollout_id": 27,
  "key": "Dm",
  "tempo": 160,
  "reward": 0.8583633663301155,
  "breakdown": {
    "sax": -0.7675889305315773,
    "sax_sig": 0.3747890089340437,
    "bass": 1.0301393653994813,
    "bass_sig": 0.6652456912542147,
    "piano": 4.00851321725165,
    "piano_sig": 0.9353747557426079,
    "drums": 3.686819530166296,
    "drums_sig": 0.9211357708649345,
    "ensemble": 2.852692739070958,
    "ensemble_sig": 0.8700945673639942,
    "z_sum": 10.81057592135681,
    "combined": 0.8583633663301155,
    "sax_detail": {
      "total": -0.7675889305315773,
      "variety_gate": 0.5,
      "features": {
        "melodic_entropy": {
          "raw": 1.8423709931771084,
          "z_score": -0.022236415947471937
        },
        "dur_cv": {
          "raw": 0.0,
          "z_score": -0.2978723404255319
        },
        "sax_arpeggio_runs": {
          "raw": 0,
          "z_score": -0.3391684901531729
        },
        "peak_not_late": {
          "raw": 1,
          "z_score": 0.42975206611570255
        },
        "blue_ratio": {
          "raw": 0.0,
          "z_score": -1.1730769230769231
        },
        "rhythm_2grams": {
          "raw": 1,
          "z_score": -0.13257575757575726
        }
      }
    },
    "bass_detail": {
      "total": 1.0301393653994813,
      "direction_gate": 1.0,
      "features": {
        "ioi_swing": {
          "raw": 0.0,
          "z_score": -0.24855491329479767
        },
        "non_chromatic_ratio": {
          "raw": 0.8181818181818182,
          "z_score": 1.278694278694279
        }
      }
    },
    "piano_detail": {
      "total": 4.00851321725165,
      "variety_gate": 1.0,
      "features": {
        "avg_chord_spread": {
          "raw": 9.0,
          "z_score": 0.4257300042319087
        },
        "gap_ratio": {
          "raw": 0.6666666666666666,
          "z_score": -0.3862745098039215
        },
        "register_separation": {
          "raw": 1.1666666666666714,
          "z_score": -0.7146081617912591
        },
        "velocity_variance": {
          "raw": 0.06388765649999399,
          "z_score": 4.683665884614922
        }
      }
    },
    "drums_detail": {
      "total": 3.686819530166296,
      "features": {
        "kick_off_beat_ratio": {
          "raw": 0.5,
          "z_score": 0.2411347517730495
        },
        "snare_backbeat_ratio": {
          "raw": 0.0,
          "z_score": -0.3584905660377358
        },
        "velocity_variance": {
          "raw": 11.119996447286049,
          "z_score": 1.2373436612626656
        },
        "duration_variety": {
          "raw": 4,
          "z_score": 2.5668316831683167
        }
      }
    },
    "ensemble_detail": {
      "total": 2.852692739070958,
      "duration_gate": 1.0,
      "features": {
        "collision_rate": {
          "raw": 0.375,
          "z_score": -0.7712765957446808
        },
        "phrase_alignment": {
          "raw": 0.6666666666666666,
          "z_score": 0.16861219195849547
        },
        "texture_density": {
          "raw": 0.5359999999999999,
          "z_score": 0.4889705882352945
        },
        "harmonic_consonance": {
          "raw": 1.0,
          "z_score": 2.966386554621849
        }
      }
    }
  },
  "has_midi": true,
  "error": null,
  "timestamp": "2025-12-01T03:20:20.385508"
}