{
  "step": 39,
  "rollout_id": 20,
  "key": "Fm",
  "tempo": 160,
  "reward": 1.0199184793530296,
  "breakdown": {
    "sax": 9.46908266584336,
    "sax_sig": 0.9981901896663757,
    "bass": 1.8877371159979857,
    "bass_sig": 0.7787663032151423,
    "piano": 7.895097302833731,
    "piano_sig": 0.9948489902923258,
    "drums": 4.204035513196222,
    "drums_sig": 0.9428210320949701,
    "ensemble_mult": 1.029277002188456,
    "z_sum": 23.4559525978713,
    "base_reward": 0.9909076732351658,
    "combined": 1.0199184793530296,
    "sax_detail": {
      "total": 9.46908266584336,
      "variety_gate": 1.0,
      "features": {
        "melodic_entropy": {
          "raw": 2.9139770731827523,
          "z_score": 2.219617307913708
        },
        "dur_cv": {
          "raw": 0.5,
          "z_score": 3.0
        },
        "sax_arpeggio_runs": {
          "raw": 1,
          "z_score": 0.39022611232676874
        },
        "peak_not_late": {
          "raw": 1,
          "z_score": 0.42975206611570255
        },
        "blue_ratio": {
          "raw": 0.25,
          "z_score": 0.4294871794871795
        },
        "rhythm_2grams": {
          "raw": 4,
          "z_score": 3.0
        }
      }
    },
    "bass_detail": {
      "total": 1.8877371159979857,
      "chromatic_gate": 1.0,
      "direction_gate": 1.0,
      "features": {
        "duration_variety": {
          "raw": 2,
          "z_score": 0.0
        },
        "velocity_variance": {
          "raw": 10.0,
          "z_score": 1.25
        },
        "non_chromatic_ratio": {
          "raw": 0.6521739130434783,
          "z_score": 0.6377371159979857
        }
      }
    },
    "piano_detail": {
      "total": 7.895097302833731,
      "tonic_bonus": 1.2,
      "register_failed": false,
      "avg_pitch": 67.5,
      "features": {
        "unique_chords": {
          "raw": 3,
          "capped": 3,
          "z_score": 1.0086206896551724,
          "weight": 1.0
        },
        "avg_chord_duration": {
          "raw": 1.5,
          "z_score": 3.0,
          "weight": 1.5
        },
        "cluster_ratio": {
          "raw": 0.0,
          "z_score": 0.6666666666666667,
          "weight": 1.0
        },
        "out_of_key_ratio": {
          "raw": 0.0,
          "z_score": 0.6039603960396039,
          "weight": 1.0
        },
        "chord_duration_variety": {
          "raw": 1,
          "z_score": -0.20000000000000018,
          "weight": 1.0
        }
      }
    },
    "drums_detail": {
      "total": 4.204035513196222,
      "features": {
        "duration_variety": {
          "raw": 4,
          "z_score": 2.5439900867410157
        },
        "kick_off_beat_ratio": {
          "raw": 0.5,
          "z_score": 0.23571428571428552
        },
        "velocity_variance": {
          "raw": 12.133516482134198,
          "z_score": 1.424331140740921
        }
      }
    },
    "ensemble_detail": {
      "total": 1.029277002188456,
      "dynamic_coherence": 0.64638501094228
    }
  },
  "has_midi": true,
  "error": null,
  "timestamp": "2025-12-02T14:30:51.168046"
}