{
  "id": 20,
  "generation": 60,
  "reward": 0.8761945595393065,
  "breakdown": {
    "sax": 3.339440772826822,
    "sax_sig": 0.9025859832513424,
    "bass": -0.26930501930501927,
    "bass_sig": 0.45523600694864574,
    "piano": 2.0532443606146935,
    "piano_sig": 0.79719098777913,
    "drums": 2.964878140209853,
    "drums_sig": 0.8783166957205382,
    "ensemble_mult": 1.05,
    "z_sum": 8.08825825434635,
    "base_reward": 0.8344710090850538,
    "combined": 0.8761945595393065,
    "sax_detail": {
      "total": 3.339440772826822,
      "variety_gate": 1.0,
      "features": {
        "melodic_entropy": {
          "raw": 1.5,
          "z_score": -0.7384937238493724
        },
        "dur_cv": {
          "raw": 0.24743582965269675,
          "z_score": 2.33442371970954
        },
        "sax_arpeggio_runs": {
          "raw": 0,
          "z_score": -0.3391684901531729
        },
        "peak_not_late": {
          "raw": 1,
          "z_score": 0.42975206611570255
        },
        "blue_ratio": {
          "raw": 0.46153846153846156,
          "z_score": 1.7855029585798818
        },
        "rhythm_2grams": {
          "raw": 1,
          "z_score": -0.13257575757575726
        }
      }
    },
    "bass_detail": {
      "total": -0.26930501930501927,
      "chromatic_gate": 1.0,
      "direction_gate": 1.0,
      "features": {
        "duration_variety": {
          "raw": 1,
          "z_score": -1.0
        },
        "velocity_variance": {
          "raw": 0.0,
          "z_score": -1.25
        },
        "non_chromatic_ratio": {
          "raw": 1.0,
          "z_score": 1.9806949806949807
        }
      }
    },
    "piano_detail": {
      "total": 2.0532443606146935,
      "tonic_bonus": 1.0,
      "register_failed": false,
      "avg_pitch": 68.0,
      "features": {
        "unique_chords": {
          "raw": 2,
          "capped": 2,
          "z_score": 0.146551724137931,
          "weight": 1.0
        },
        "avg_chord_duration": {
          "raw": 0.375,
          "z_score": 0.5573770491803279,
          "weight": 1.5
        },
        "cluster_ratio": {
          "raw": 0.0,
          "z_score": 0.6666666666666667,
          "weight": 1.0
        },
        "out_of_key_ratio": {
          "raw": 0.0,
          "z_score": 0.6039603960396039,
          "weight": 1.0
        },
        "chord_duration_variety": {
          "raw": 1,
          "z_score": -0.20000000000000018,
          "weight": 1.0
        }
      }
    },
    "drums_detail": {
      "total": 2.964878140209853,
      "features": {
        "duration_variety": {
          "raw": 3,
          "z_score": 1.3048327137546467
        },
        "kick_off_beat_ratio": {
          "raw": 0.5,
          "z_score": 0.23571428571428552
        },
        "velocity_variance": {
          "raw": 12.133516482134198,
          "z_score": 1.424331140740921
        }
      }
    },
    "ensemble_detail": {
      "total": 1.05,
      "dynamic_coherence": 0.75
    }
  },
  "metrics": {
    "reward": 0.8761945595393065,
    "note_count": 65,
    "valid_midi": 1.0,
    "unique_durs": 2,
    "has_rests": true
  },
  "has_midi": true,
  "error": null,
  "timestamp": "2025-12-02T17:02:58.859730"
}