{
  "step": 1,
  "rollout_id": 5,
  "key": "Fm",
  "tempo": 160,
  "reward": 0.1806070508410153,
  "has_midi": true,
  "error": null,
  "timestamp": "2025-11-30T16:02:06.705403"
}