{
  "step": 20,
  "rollout_id": 22,
  "key": "D",
  "tempo": 160,
  "reward": 0.6879773151189641,
  "breakdown": {
    "sax": 0.14649758909528376,
    "sax_sig": 0.5243968755385067,
    "bass": 1.3811397163998318,
    "bass_sig": 0.7151968971168157,
    "piano": -0.5714532433705071,
    "piano_sig": 0.4058932485802099,
    "drums": 4.049892013553798,
    "drums_sig": 0.9370223957872369,
    "ensemble": -0.26199624331531807,
    "ensemble_sig": 0.4564446338830339,
    "z_sum": 4.744079832363088,
    "combined": 0.6879773151189641,
    "sax_detail": {
      "total": 0.14649758909528376,
      "variety_gate": 0.5,
      "features": {
        "melodic_entropy": {
          "raw": 1.9502120649147465,
          "z_score": 0.2033725207421476
        },
        "dur_cv": {
          "raw": 0.0,
          "z_score": -0.2978723404255319
        },
        "sax_arpeggio_runs": {
          "raw": 0,
          "z_score": -0.3391684901531729
        },
        "peak_not_late": {
          "raw": 1,
          "z_score": 0.42975206611570255
        },
        "blue_ratio": {
          "raw": 0.25,
          "z_score": 0.4294871794871795
        },
        "rhythm_2grams": {
          "raw": 1,
          "z_score": -0.13257575757575726
        }
      }
    },
    "bass_detail": {
      "total": 1.3811397163998318,
      "direction_gate": 1.0,
      "features": {
        "ioi_swing": {
          "raw": 0.0,
          "z_score": -0.24855491329479767
        },
        "non_chromatic_ratio": {
          "raw": 0.9090909090909091,
          "z_score": 1.6296946296946295
        }
      }
    },
    "piano_detail": {
      "total": -0.5714532433705071,
      "variety_gate": 0.5,
      "features": {
        "avg_chord_spread": {
          "raw": 8.333333333333334,
          "z_score": 0.1436027648469463
        },
        "gap_ratio": {
          "raw": 0.6666666666666666,
          "z_score": -0.3862745098039215
        },
        "register_separation": {
          "raw": 1.3333333333333286,
          "z_score": -0.6694655110148081
        },
        "velocity_variance": {
          "raw": 0.0,
          "z_score": -0.23076923076923078
        }
      }
    },
    "drums_detail": {
      "total": 4.049892013553798,
      "features": {
        "kick_off_beat_ratio": {
          "raw": 0.6666666666666667,
          "z_score": 1.423167848699764
        },
        "snare_backbeat_ratio": {
          "raw": 0.0,
          "z_score": -0.3584905660377358
        },
        "velocity_variance": {
          "raw": 7.172606290027043,
          "z_score": 0.418383047723453
        },
        "duration_variety": {
          "raw": 4,
          "z_score": 2.5668316831683167
        }
      }
    },
    "ensemble_detail": {
      "total": -0.26199624331531807,
      "duration_gate": 1.0,
      "features": {
        "collision_rate": {
          "raw": 0.25,
          "z_score": -0.1063829787234042
        },
        "phrase_alignment": {
          "raw": 0.8333333333333334,
          "z_score": -0.47989623865110276
        },
        "texture_density": {
          "raw": 0.692,
          "z_score": -0.08455882352941142
        },
        "harmonic_consonance": {
          "raw": 0.6956521739130435,
          "z_score": 0.40884179758860034
        }
      }
    }
  },
  "has_midi": true,
  "error": null,
  "timestamp": "2025-11-30T23:13:48.486268"
}