{
  "id": 24,
  "generation": 43,
  "reward": 0.8475536315390936,
  "breakdown": {
    "sax": 2.4211947669177167,
    "sax_sig": 0.8339839718027725,
    "bass": -0.971305721305721,
    "bass_sig": 0.3435447499169439,
    "piano": 3.391378204282514,
    "piano_sig": 0.9055882163186939,
    "drums": 2.1306486196730097,
    "drums_sig": 0.8054061961927278,
    "ensemble_mult": 1.0577350269189625,
    "z_sum": 6.971915869567519,
    "base_reward": 0.8012910700403876,
    "combined": 0.8475536315390936,
    "sax_detail": {
      "total": 2.4211947669177167,
      "variety_gate": 0.5,
      "features": {
        "melodic_entropy": {
          "raw": 1.0,
          "z_score": -1.784518828451883
        },
        "dur_cv": {
          "raw": 0.33333333333333337,
          "z_score": 3.0
        },
        "sax_arpeggio_runs": {
          "raw": 0,
          "z_score": -0.3391684901531729
        },
        "peak_not_late": {
          "raw": 1,
          "z_score": 0.42975206611570255
        },
        "blue_ratio": {
          "raw": 0.26666666666666666,
          "z_score": 0.5363247863247863
        },
        "rhythm_2grams": {
          "raw": 3,
          "z_score": 3.0
        }
      }
    },
    "bass_detail": {
      "total": -0.971305721305721,
      "chromatic_gate": 1.0,
      "direction_gate": 1.0,
      "features": {
        "duration_variety": {
          "raw": 1,
          "z_score": -1.0
        },
        "velocity_variance": {
          "raw": 0.0,
          "z_score": -1.25
        },
        "non_chromatic_ratio": {
          "raw": 0.8181818181818182,
          "z_score": 1.278694278694279
        }
      }
    },
    "piano_detail": {
      "total": 3.391378204282514,
      "tonic_bonus": 1.0,
      "register_failed": false,
      "avg_pitch": 70.35714285714286,
      "features": {
        "unique_chords": {
          "raw": 3,
          "capped": 3,
          "z_score": 1.0086206896551724,
          "weight": 1.0
        },
        "avg_chord_duration": {
          "raw": 0.5,
          "z_score": 1.5819672131147542,
          "weight": 1.5
        },
        "cluster_ratio": {
          "raw": 0.0,
          "z_score": 0.6666666666666667,
          "weight": 1.0
        },
        "out_of_key_ratio": {
          "raw": 0.10714285714285714,
          "z_score": -0.45685997171145676,
          "weight": 1.0
        },
        "chord_duration_variety": {
          "raw": 1,
          "z_score": -0.20000000000000018,
          "weight": 1.0
        }
      }
    },
    "drums_detail": {
      "total": 2.1306486196730097,
      "features": {
        "duration_variety": {
          "raw": 6,
          "z_score": 3.0
        },
        "kick_off_beat_ratio": {
          "raw": 0.5,
          "z_score": 0.23571428571428552
        },
        "velocity_variance": {
          "raw": 0.0,
          "z_score": -1.1050656660412759
        }
      }
    },
    "ensemble_detail": {
      "total": 1.0577350269189625,
      "dynamic_coherence": 0.7886751345948129
    }
  },
  "metrics": {
    "reward": 0.8475536315390936,
    "note_count": 86,
    "valid_midi": 1.0,
    "unique_durs": 2,
    "has_rests": false
  },
  "has_midi": true,
  "error": null,
  "timestamp": "2025-12-02T15:17:57.065642"
}