{
  "step": 3,
  "rollout_id": 15,
  "key": "F",
  "tempo": 160,
  "reward": 0.23178192195253947,
  "breakdown": {
    "sax": -2.869072880621291,
    "sax_sig": 0.12867611471205287,
    "bass": -2.2214933055600494,
    "bass_sig": 0.18527709639408393,
    "piano": -1.2229311861858356,
    "piano_sig": 0.3067649165175934,
    "drums": -0.28692725177686723,
    "drums_sig": 0.45232407419409415,
    "ensemble": -0.5892356395611414,
    "ensemble_sig": 0.40303772325480347,
    "z_sum": -7.189660263705185,
    "combined": 0.23178192195253947,
    "sax_detail": {
      "total": -2.869072880621291,
      "variety_gate": 0.5,
      "features": {
        "melodic_entropy": {
          "raw": 2.2359263506290326,
          "z_score": -0.331902661789776
        },
        "dur_cv": {
          "raw": 0.0,
          "z_score": -0.8880854560394412
        },
        "sax_arpeggio_runs": {
          "raw": 0,
          "z_score": -0.4150099290132615
        },
        "peak_not_late": {
          "raw": 0,
          "z_score": -1.6329142343960483
        },
        "blue_ratio": {
          "raw": 0.0,
          "z_score": -1.5838658146964857
        },
        "rhythm_2grams": {
          "raw": 1,
          "z_score": -0.8863676653075695
        }
      }
    },
    "bass_detail": {
      "total": -2.2214933055600494,
      "direction_gate": 1.0,
      "features": {
        "ioi_swing": {
          "raw": 0.0,
          "z_score": -0.8105992171032821
        },
        "non_chromatic_ratio": {
          "raw": 0.2727272727272727,
          "z_score": -1.4108940884567673
        }
      }
    },
    "piano_detail": {
      "total": -1.2229311861858356,
      "variety_gate": 0.5,
      "features": {
        "avg_chord_spread": {
          "raw": 4.0,
          "z_score": -0.9163318777292577
        },
        "gap_ratio": {
          "raw": 0.45454545454545453,
          "z_score": -0.04859656472559689
        },
        "register_separation": {
          "raw": 0.875,
          "z_score": -0.901986561495764
        },
        "velocity_variance": {
          "raw": 0.0,
          "z_score": -0.5789473684210527
        }
      }
    },
    "drums_detail": {
      "total": -0.28692725177686723,
      "features": {
        "kick_off_beat_ratio": {
          "raw": 0.5,
          "z_score": -0.8253055108539016
        },
        "snare_backbeat_ratio": {
          "raw": 0.25,
          "z_score": 0.9185774365700603
        },
        "velocity_variance": {
          "raw": 12.133516482134198,
          "z_score": -0.1619816152387667
        },
        "duration_variety": {
          "raw": 2,
          "z_score": -0.21821756225425926
        }
      }
    },
    "ensemble_detail": {
      "total": -0.5892356395611414,
      "duration_gate": 1.0,
      "features": {
        "collision_rate": {
          "raw": 0.375,
          "z_score": 0.0522388059701493
        },
        "phrase_alignment": {
          "raw": 0.5,
          "z_score": -0.10624999999999991
        },
        "texture_density": {
          "raw": 0.44399999999999995,
          "z_score": 0.23577235772357744
        },
        "harmonic_consonance": {
          "raw": 0.6774193548387096,
          "z_score": -0.7709968032548683
        }
      }
    }
  },
  "has_midi": true,
  "error": null,
  "timestamp": "2025-11-30T17:34:18.455668"
}