{
  "step": 25,
  "rollout_id": 16,
  "key": "F",
  "tempo": 160,
  "reward": 0.7889089369811539,
  "breakdown": {
    "sax": 3.165457540976249,
    "sax_sig": 0.8919007455982266,
    "bass": 2.7688200321594394,
    "bass_sig": 0.8636426442245908,
    "piano": 0.6367274187787602,
    "piano_sig": 0.604555958355834,
    "drums": 2.1399612722205816,
    "drums_sig": 0.8063773813550681,
    "ensemble": -0.8007985854330144,
    "ensemble_sig": 0.3696157215685402,
    "z_sum": 7.910167678702015,
    "combined": 0.7889089369811539,
    "sax_detail": {
      "total": 3.165457540976249,
      "variety_gate": 1.0,
      "features": {
        "melodic_entropy": {
          "raw": 1.950212064914747,
          "z_score": 0.2033725207421485
        },
        "dur_cv": {
          "raw": 0.35208939510976517,
          "z_score": 3.44775952244431
        },
        "sax_arpeggio_runs": {
          "raw": 1,
          "z_score": 0.39022611232676874
        },
        "peak_not_late": {
          "raw": 1,
          "z_score": 0.42975206611570255
        },
        "blue_ratio": {
          "raw": 0.0,
          "z_score": -1.1730769230769231
        },
        "rhythm_2grams": {
          "raw": 1,
          "z_score": -0.13257575757575726
        }
      }
    },
    "bass_detail": {
      "total": 2.7688200321594394,
      "direction_gate": 1.0,
      "features": {
        "ioi_swing": {
          "raw": 0.28210773666545413,
          "z_score": 1.382125645465053
        },
        "non_chromatic_ratio": {
          "raw": 0.8461538461538461,
          "z_score": 1.3866943866943866
        }
      }
    },
    "piano_detail": {
      "total": 0.6367274187787602,
      "variety_gate": 1.0,
      "features": {
        "avg_chord_spread": {
          "raw": 10.6,
          "z_score": 1.1028353787558187
        },
        "gap_ratio": {
          "raw": 0.5625,
          "z_score": 0.22647058823529398
        },
        "register_separation": {
          "raw": 2.0999999999999943,
          "z_score": -0.4618093174431218
        },
        "velocity_variance": {
          "raw": 0.0,
          "z_score": -0.23076923076923078
        }
      }
    },
    "drums_detail": {
      "total": 2.1399612722205816,
      "features": {
        "kick_off_beat_ratio": {
          "raw": 0.6666666666666667,
          "z_score": 1.423167848699764
        },
        "snare_backbeat_ratio": {
          "raw": 0.0,
          "z_score": -0.3584905660377358
        },
        "velocity_variance": {
          "raw": 9.89743318610787,
          "z_score": 0.9836998311427116
        },
        "duration_variety": {
          "raw": 2,
          "z_score": 0.09158415841584167
        }
      }
    },
    "ensemble_detail": {
      "total": -0.8007985854330144,
      "duration_gate": 1.0,
      "features": {
        "collision_rate": {
          "raw": 0.25,
          "z_score": -0.1063829787234042
        },
        "phrase_alignment": {
          "raw": 0.4375,
          "z_score": 1.0603112840466924
        },
        "texture_density": {
          "raw": 0.8560000000000001,
          "z_score": -0.6875000000000001
        },
        "harmonic_consonance": {
          "raw": 0.52,
          "z_score": -1.0672268907563025
        }
      }
    }
  },
  "has_midi": true,
  "error": null,
  "timestamp": "2025-11-30T23:48:23.696405"
}