{
  "step": 40,
  "rollout_id": 2,
  "key": "D",
  "tempo": 160,
  "reward": 0.8419963046033484,
  "breakdown": {
    "sax": -1.6487301367837828,
    "sax_sig": 0.2498985507542294,
    "bass": 0.339569507199565,
    "bass_sig": 0.5563544532418501,
    "piano": 5.946168370039748,
    "piano_sig": 0.981368827602332,
    "drums": 4.675114370083596,
    "drums_sig": 0.9575781149249406,
    "ensemble": 0.7268211138251153,
    "ensemble_sig": 0.6188211027294,
    "z_sum": 10.038943224364242,
    "combined": 0.8419963046033484,
    "sax_detail": {
      "total": -1.6487301367837828,
      "variety_gate": 0.5,
      "features": {
        "melodic_entropy": {
          "raw": 1.0,
          "z_score": -1.784518828451883
        },
        "dur_cv": {
          "raw": 0.0,
          "z_score": -0.2978723404255319
        },
        "sax_arpeggio_runs": {
          "raw": 0,
          "z_score": -0.3391684901531729
        },
        "peak_not_late": {
          "raw": 1,
          "z_score": 0.42975206611570255
        },
        "blue_ratio": {
          "raw": 0.0,
          "z_score": -1.1730769230769231
        },
        "rhythm_2grams": {
          "raw": 1,
          "z_score": -0.13257575757575726
        }
      }
    },
    "bass_detail": {
      "total": 0.339569507199565,
      "direction_gate": 0.5,
      "features": {
        "ioi_swing": {
          "raw": 0.0,
          "z_score": -0.24855491329479767
        },
        "non_chromatic_ratio": {
          "raw": 0.7272727272727273,
          "z_score": 0.9276939276939278
        }
      }
    },
    "piano_detail": {
      "total": 5.946168370039748,
      "variety_gate": 1.0,
      "features": {
        "avg_chord_spread": {
          "raw": 13.333333333333334,
          "z_score": 2.259557060234166
        },
        "gap_ratio": {
          "raw": 0.6666666666666666,
          "z_score": -0.3862745098039215
        },
        "register_separation": {
          "raw": 1.5499999999999972,
          "z_score": -0.6107800650054179
        },
        "velocity_variance": {
          "raw": 0.06388765649999399,
          "z_score": 4.683665884614922
        }
      }
    },
    "drums_detail": {
      "total": 4.675114370083596,
      "features": {
        "kick_off_beat_ratio": {
          "raw": 0.4285714285714286,
          "z_score": -0.265450861195542
        },
        "snare_backbeat_ratio": {
          "raw": 0.14285714285714285,
          "z_score": 0.9892183288409703
        },
        "velocity_variance": {
          "raw": 11.829363356880688,
          "z_score": 1.3845152192698522
        },
        "duration_variety": {
          "raw": 4,
          "z_score": 2.5668316831683167
        }
      }
    },
    "ensemble_detail": {
      "total": 0.7268211138251153,
      "duration_gate": 1.0,
      "features": {
        "collision_rate": {
          "raw": 0.2,
          "z_score": 0.15957446808510636
        },
        "phrase_alignment": {
          "raw": 0.6666666666666666,
          "z_score": 0.16861219195849547
        },
        "texture_density": {
          "raw": 0.6359999999999999,
          "z_score": 0.12132352941176522
        },
        "harmonic_consonance": {
          "raw": 0.68,
          "z_score": 0.27731092436974814
        }
      }
    }
  },
  "has_midi": true,
  "error": null,
  "timestamp": "2025-12-01T02:32:39.141039"
}