{
  "step": 9,
  "rollout_id": 5,
  "key": "Dm",
  "tempo": 160,
  "reward": 0.4748318058943171,
  "breakdown": {
    "sax": 0.09984141463014394,
    "sax_sig": 0.516634094973877,
    "bass": -1.064431896801839,
    "bass_sig": 0.3296825322844519,
    "piano": 0.7500906941262359,
    "piano_sig": 0.6224735400675381,
    "drums": 0.8605541565620749,
    "drums_sig": 0.6396171304977055,
    "ensemble": -1.2506019637231192,
    "ensemble_sig": 0.30285597923156937,
    "z_sum": -0.6045475952065034,
    "combined": 0.4748318058943171,
    "sax_detail": {
      "total": 0.09984141463014394,
      "variety_gate": 0.5,
      "features": {
        "melodic_entropy": {
          "raw": 2.058813890331201,
          "z_score": 0.4305729923246883
        },
        "dur_cv": {
          "raw": 0.0,
          "z_score": -0.2978723404255319
        },
        "sax_arpeggio_runs": {
          "raw": 0,
          "z_score": -0.3391684901531729
        },
        "peak_not_late": {
          "raw": 1,
          "z_score": 0.42975206611570255
        },
        "blue_ratio": {
          "raw": 0.2,
          "z_score": 0.10897435897435907
        },
        "rhythm_2grams": {
          "raw": 1,
          "z_score": -0.13257575757575726
        }
      }
    },
    "bass_detail": {
      "total": -1.064431896801839,
      "direction_gate": 0.5,
      "features": {
        "ioi_swing": {
          "raw": 0.0,
          "z_score": -0.24855491329479767
        },
        "non_chromatic_ratio": {
          "raw": 0.0,
          "z_score": -1.88030888030888
        }
      }
    },
    "piano_detail": {
      "total": 0.7500906941262359,
      "variety_gate": 0.5,
      "features": {
        "avg_chord_spread": {
          "raw": 9.0,
          "z_score": 0.4257300042319087
        },
        "gap_ratio": {
          "raw": 0.6666666666666666,
          "z_score": -0.3862745098039215
        },
        "register_separation": {
          "raw": 10.049999999999997,
          "z_score": 1.6914951245937153
        },
        "velocity_variance": {
          "raw": 0.0,
          "z_score": -0.23076923076923078
        }
      }
    },
    "drums_detail": {
      "total": 0.8605541565620749,
      "features": {
        "kick_off_beat_ratio": {
          "raw": 0.5,
          "z_score": 0.2411347517730495
        },
        "snare_backbeat_ratio": {
          "raw": 0.0,
          "z_score": -0.3584905660377358
        },
        "velocity_variance": {
          "raw": 9.428090415820632,
          "z_score": 0.8863258124109196
        },
        "duration_variety": {
          "raw": 2,
          "z_score": 0.09158415841584167
        }
      }
    },
    "ensemble_detail": {
      "total": -1.2506019637231192,
      "duration_gate": 1.0,
      "features": {
        "collision_rate": {
          "raw": 0.0,
          "z_score": 1.223404255319149
        },
        "phrase_alignment": {
          "raw": 0.6666666666666666,
          "z_score": 0.16861219195849547
        },
        "texture_density": {
          "raw": 0.844,
          "z_score": -0.6433823529411762
        },
        "harmonic_consonance": {
          "raw": 0.4090909090909091,
          "z_score": -1.9992360580595876
        }
      }
    }
  },
  "has_midi": true,
  "error": null,
  "timestamp": "2025-11-30T23:55:19.300805"
}