{
  "id": 3,
  "generation": 7,
  "reward": 0.36553226983780907,
  "breakdown": {
    "sax": -1.1972248147594453,
    "sax_sig": 0.3104214172634042,
    "bass": 1.6363891828351962,
    "bass_sig": 0.7485560762780626,
    "piano": -1.9980225341108813,
    "piano_sig": 0.2088262521590942,
    "drums": -1.0954811994173095,
    "drums_sig": 0.3251243340991838,
    "ensemble": -0.654251808408744,
    "ensemble_sig": 0.3926544664381779,
    "z_sum": -3.308591173861184,
    "combined": 0.36553226983780907,
    "sax_detail": {
      "total": -1.1972248147594453,
      "variety_gate": 0.25,
      "features": {
        "melodic_entropy": {
          "raw": 0.9910760598382222,
          "z_score": -1.8031881593342631
        },
        "dur_cv": {
          "raw": 0.0,
          "z_score": -0.2978723404255319
        },
        "sax_arpeggio_runs": {
          "raw": 0,
          "z_score": -0.3391684901531729
        },
        "peak_not_late": {
          "raw": 0,
          "z_score": -2.325068870523416
        },
        "blue_ratio": {
          "raw": 0.2,
          "z_score": 0.10897435897435907
        },
        "rhythm_2grams": {
          "raw": 1,
          "z_score": -0.13257575757575726
        }
      }
    },
    "bass_detail": {
      "total": 1.6363891828351962,
      "direction_gate": 1.0,
      "features": {
        "ioi_swing": {
          "raw": 0.09476070829586855,
          "z_score": 0.29919484564085874
        },
        "non_chromatic_ratio": {
          "raw": 0.8333333333333334,
          "z_score": 1.3371943371943373
        }
      }
    },
    "piano_detail": {
      "total": -1.9980225341108813,
      "variety_gate": 1.0,
      "features": {
        "avg_chord_spread": {
          "raw": 5.0,
          "z_score": -1.2670334320778671
        },
        "gap_ratio": {
          "raw": 0.5384615384615384,
          "z_score": 0.36787330316742084
        },
        "register_separation": {
          "raw": 0.5999999999999943,
          "z_score": -0.8680931744312042
        },
        "velocity_variance": {
          "raw": 0.0,
          "z_score": -0.23076923076923078
        }
      }
    },
    "drums_detail": {
      "total": -1.0954811994173095,
      "features": {
        "kick_off_beat_ratio": {
          "raw": 0.5,
          "z_score": 0.2411347517730495
        },
        "snare_backbeat_ratio": {
          "raw": 0.0,
          "z_score": -0.3584905660377358
        },
        "velocity_variance": {
          "raw": 0.0,
          "z_score": -1.0697095435684647
        },
        "duration_variety": {
          "raw": 2,
          "z_score": 0.09158415841584167
        }
      }
    },
    "ensemble_detail": {
      "total": -0.654251808408744,
      "duration_gate": 0.8,
      "features": {
        "collision_rate": {
          "raw": 0.6,
          "z_score": -1.9680851063829787
        },
        "phrase_alignment": {
          "raw": 0.5,
          "z_score": 0.8171206225680933
        },
        "texture_density": {
          "raw": 0.772,
          "z_score": -0.37867647058823517
        },
        "harmonic_consonance": {
          "raw": 0.7317073170731707,
          "z_score": 0.7118261938921907
        }
      }
    }
  },
  "metrics": {
    "reward": 0.36553226983780907,
    "note_count": 71,
    "valid_midi": 1.0,
    "unique_durs": 1,
    "has_rests": false
  },
  "has_midi": true,
  "error": null,
  "timestamp": "2025-11-30T22:37:31.757595"
}