{
  "step": 45,
  "rollout_id": 30,
  "key": "Dm",
  "tempo": 160,
  "reward": 0.5947738708348723,
  "breakdown": {
    "sax": 0.17339749427410062,
    "sax_sig": 0.528867443295558,
    "bass": -0.373862038601923,
    "bass_sig": 0.43801023530346195,
    "piano": -0.6109602267838395,
    "piano_sig": 0.3995580711759221,
    "drums": 2.4491957677900587,
    "drums_sig": 0.836552463959918,
    "ensemble": 0.6646451796216464,
    "ensemble_sig": 0.6089966850665302,
    "z_sum": 2.302416176300043,
    "combined": 0.5947738708348723,
    "sax_detail": {
      "total": 0.17339749427410062,
      "variety_gate": 0.5,
      "features": {
        "melodic_entropy": {
          "raw": 2.2312702546075758,
          "z_score": 0.7913603652878155
        },
        "dur_cv": {
          "raw": 0.0,
          "z_score": -0.2978723404255319
        },
        "sax_arpeggio_runs": {
          "raw": 0,
          "z_score": -0.3391684901531729
        },
        "peak_not_late": {
          "raw": 1,
          "z_score": 0.42975206611570255
        },
        "blue_ratio": {
          "raw": 0.16666666666666666,
          "z_score": -0.10470085470085473
        },
        "rhythm_2grams": {
          "raw": 1,
          "z_score": -0.13257575757575726
        }
      }
    },
    "bass_detail": {
      "total": -0.373862038601923,
      "direction_gate": 1.0,
      "features": {
        "ioi_swing": {
          "raw": 0.0,
          "z_score": -0.24855491329479767
        },
        "non_chromatic_ratio": {
          "raw": 0.45454545454545453,
          "z_score": -0.12530712530712532
        }
      }
    },
    "piano_detail": {
      "total": -0.6109602267838395,
      "variety_gate": 0.5,
      "features": {
        "avg_chord_spread": {
          "raw": 9.0,
          "z_score": 0.4257300042319087
        },
        "gap_ratio": {
          "raw": 0.6666666666666666,
          "z_score": -0.3862745098039215
        },
        "register_separation": {
          "raw": 0.0,
          "z_score": -1.0306067172264355
        },
        "velocity_variance": {
          "raw": 0.0,
          "z_score": -0.23076923076923078
        }
      }
    },
    "drums_detail": {
      "total": 2.4491957677900587,
      "features": {
        "kick_off_beat_ratio": {
          "raw": 0.5,
          "z_score": 0.2411347517730495
        },
        "snare_backbeat_ratio": {
          "raw": 0.0,
          "z_score": -0.3584905660377358
        },
        "velocity_variance": {
          "raw": 11.119996447286049,
          "z_score": 1.2373436612626656
        },
        "duration_variety": {
          "raw": 3,
          "z_score": 1.3292079207920793
        }
      }
    },
    "ensemble_detail": {
      "total": 0.6646451796216464,
      "duration_gate": 1.0,
      "features": {
        "collision_rate": {
          "raw": 0.25,
          "z_score": -0.1063829787234042
        },
        "phrase_alignment": {
          "raw": 0.6666666666666666,
          "z_score": 0.16861219195849547
        },
        "texture_density": {
          "raw": 0.5119999999999999,
          "z_score": 0.5772058823529417
        },
        "harmonic_consonance": {
          "raw": 0.65,
          "z_score": 0.02521008403361347
        }
      }
    }
  },
  "has_midi": true,
  "error": null,
  "timestamp": "2025-12-01T03:12:44.959981"
}