{
  "id": 11,
  "generation": 41,
  "reward": 0.3402907976821164,
  "breakdown": {
    "sax": -0.46554375613246723,
    "sax_sig": 0.42302625819905143,
    "bass": -0.373862038601923,
    "bass_sig": 0.43801023530346195,
    "piano": -1.5107164908567694,
    "piano_sig": 0.267539082267456,
    "drums": -1.0954811994173095,
    "drums_sig": 0.3251243340991838,
    "ensemble": -0.5263880910947382,
    "ensemble_sig": 0.4131580334348778,
    "z_sum": -3.9719915761032074,
    "combined": 0.3402907976821164,
    "sax_detail": {
      "total": -0.46554375613246723,
      "variety_gate": 0.5,
      "features": {
        "melodic_entropy": {
          "raw": 1.295461844238322,
          "z_score": -1.1663978154010002
        },
        "dur_cv": {
          "raw": 0.0,
          "z_score": -0.2978723404255319
        },
        "sax_arpeggio_runs": {
          "raw": 0,
          "z_score": -0.3391684901531729
        },
        "peak_not_late": {
          "raw": 1,
          "z_score": 0.42975206611570255
        },
        "blue_ratio": {
          "raw": 0.2727272727272727,
          "z_score": 0.5751748251748251
        },
        "rhythm_2grams": {
          "raw": 1,
          "z_score": -0.13257575757575726
        }
      }
    },
    "bass_detail": {
      "total": -0.373862038601923,
      "direction_gate": 1.0,
      "features": {
        "ioi_swing": {
          "raw": 0.0,
          "z_score": -0.24855491329479767
        },
        "non_chromatic_ratio": {
          "raw": 0.45454545454545453,
          "z_score": -0.12530712530712532
        }
      }
    },
    "piano_detail": {
      "total": -1.5107164908567694,
      "variety_gate": 0.5,
      "features": {
        "avg_chord_spread": {
          "raw": 5.0,
          "z_score": -1.2670334320778671
        },
        "gap_ratio": {
          "raw": 0.7692307692307693,
          "z_score": -0.9895927601809957
        },
        "register_separation": {
          "raw": 1.8333333333333357,
          "z_score": -0.5340375586854453
        },
        "velocity_variance": {
          "raw": 0.0,
          "z_score": -0.23076923076923078
        }
      }
    },
    "drums_detail": {
      "total": -1.0954811994173095,
      "features": {
        "kick_off_beat_ratio": {
          "raw": 0.5,
          "z_score": 0.2411347517730495
        },
        "snare_backbeat_ratio": {
          "raw": 0.0,
          "z_score": -0.3584905660377358
        },
        "velocity_variance": {
          "raw": 0.0,
          "z_score": -1.0697095435684647
        },
        "duration_variety": {
          "raw": 2,
          "z_score": 0.09158415841584167
        }
      }
    },
    "ensemble_detail": {
      "total": -0.5263880910947382,
      "duration_gate": 1.0,
      "features": {
        "collision_rate": {
          "raw": 0.18181818181818182,
          "z_score": 0.2562862669245648
        },
        "phrase_alignment": {
          "raw": 0.75,
          "z_score": -0.15564202334630364
        },
        "texture_density": {
          "raw": 0.752,
          "z_score": -0.30514705882352927
        },
        "harmonic_consonance": {
          "raw": 0.6086956521739131,
          "z_score": -0.3218852758494701
        }
      }
    }
  },
  "metrics": {
    "reward": 0.3402907976821164,
    "note_count": 59,
    "valid_midi": 1.0,
    "unique_durs": 1,
    "has_rests": true
  },
  "has_midi": true,
  "error": null,
  "timestamp": "2025-12-01T03:02:26.879600"
}