{
  "step": 28,
  "rollout_id": 5,
  "key": "Dm",
  "tempo": 160,
  "reward": 0.7605517958643084,
  "breakdown": {
    "sax": -0.09881949558496146,
    "sax_sig": 0.4835360382831258,
    "bass": 3.9276939276939276,
    "bass_sig": 0.9320403916420313,
    "piano": -0.40112084444992496,
    "piano_sig": 0.4335420895461318,
    "drums": 3.015364154956481,
    "drums_sig": 0.8818683154830922,
    "ensemble": 0.4911247987066333,
    "ensemble_sig": 0.5811306469432181,
    "z_sum": 6.934242541322155,
    "combined": 0.7605517958643084,
    "sax_detail": {
      "total": -0.09881949558496146,
      "variety_gate": 0.5,
      "features": {
        "melodic_entropy": {
          "raw": 2.481714572986073,
          "z_score": 1.3153024539457596
        },
        "dur_cv": {
          "raw": 0.0,
          "z_score": -0.2978723404255319
        },
        "sax_arpeggio_runs": {
          "raw": 0,
          "z_score": -0.3391684901531729
        },
        "peak_not_late": {
          "raw": 1,
          "z_score": 0.42975206611570255
        },
        "blue_ratio": {
          "raw": 0.0,
          "z_score": -1.1730769230769231
        },
        "rhythm_2grams": {
          "raw": 1,
          "z_score": -0.13257575757575726
        }
      }
    },
    "bass_detail": {
      "total": 3.9276939276939276,
      "direction_gate": 1.0,
      "features": {
        "ioi_swing": {
          "raw": 0.565685424949238,
          "z_score": 3.0
        },
        "non_chromatic_ratio": {
          "raw": 0.7272727272727273,
          "z_score": 0.9276939276939278
        }
      }
    },
    "piano_detail": {
      "total": -0.40112084444992496,
      "variety_gate": 1.0,
      "features": {
        "avg_chord_spread": {
          "raw": 9.0,
          "z_score": 0.4257300042319087
        },
        "gap_ratio": {
          "raw": 0.6153846153846154,
          "z_score": -0.08461538461538494
        },
        "register_separation": {
          "raw": 1.9166666666666714,
          "z_score": -0.511466233297218
        },
        "velocity_variance": {
          "raw": 0.0,
          "z_score": -0.23076923076923078
        }
      }
    },
    "drums_detail": {
      "total": 3.015364154956481,
      "features": {
        "kick_off_beat_ratio": {
          "raw": 0.5,
          "z_score": 0.2411347517730495
        },
        "snare_backbeat_ratio": {
          "raw": 0.125,
          "z_score": 0.820754716981132
        },
        "velocity_variance": {
          "raw": 8.16496580927726,
          "z_score": 0.6242667654102201
        },
        "duration_variety": {
          "raw": 3,
          "z_score": 1.3292079207920793
        }
      }
    },
    "ensemble_detail": {
      "total": 0.4911247987066333,
      "duration_gate": 1.0,
      "features": {
        "collision_rate": {
          "raw": 0.25,
          "z_score": -0.1063829787234042
        },
        "phrase_alignment": {
          "raw": 0.5,
          "z_score": 0.8171206225680933
        },
        "texture_density": {
          "raw": 0.556,
          "z_score": 0.41544117647058815
        },
        "harmonic_consonance": {
          "raw": 0.5714285714285714,
          "z_score": -0.6350540216086439
        }
      }
    }
  },
  "has_midi": true,
  "error": null,
  "timestamp": "2025-12-01T02:36:35.774006"
}