{
  "step": 32,
  "rollout_id": 5,
  "key": "D",
  "tempo": 160,
  "reward": 0.7239409354853175,
  "breakdown": {
    "sax": -2.4142551440979485,
    "sax_sig": 0.16665756728698394,
    "bass": -0.792953667953668,
    "bass_sig": 0.37083512717260286,
    "piano": 4.383405672531416,
    "piano_sig": 0.9489364283235379,
    "drums": 2.8633380155098216,
    "drums_sig": 0.8708946198070224,
    "ensemble_mult": 1.0466666666666666,
    "z_sum": 4.039534875989621,
    "base_reward": 0.6916633141579467,
    "combined": 0.7239409354853175,
    "sax_detail": {
      "total": -2.4142551440979485,
      "variety_gate": 0.5,
      "features": {
        "melodic_entropy": {
          "raw": 1.584962500721156,
          "z_score": -0.5607479064410961
        },
        "dur_cv": {
          "raw": 0.0,
          "z_score": -0.2978723404255319
        },
        "sax_arpeggio_runs": {
          "raw": 0,
          "z_score": -0.3391684901531729
        },
        "peak_not_late": {
          "raw": 0,
          "z_score": -2.325068870523416
        },
        "blue_ratio": {
          "raw": 0.0,
          "z_score": -1.1730769230769231
        },
        "rhythm_2grams": {
          "raw": 1,
          "z_score": -0.13257575757575726
        }
      }
    },
    "bass_detail": {
      "total": -0.792953667953668,
      "chromatic_gate": 0.5,
      "direction_gate": 1.0,
      "features": {
        "duration_variety": {
          "raw": 2,
          "z_score": 0.0
        },
        "velocity_variance": {
          "raw": 0.0,
          "z_score": -1.25
        },
        "non_chromatic_ratio": {
          "raw": 0.4,
          "z_score": -0.3359073359073358
        }
      }
    },
    "piano_detail": {
      "total": 4.383405672531416,
      "tonic_bonus": 1.2,
      "register_failed": false,
      "avg_pitch": 71.66666666666667,
      "features": {
        "unique_chords": {
          "raw": 3,
          "capped": 3,
          "z_score": 1.0086206896551724,
          "weight": 1.0
        },
        "avg_chord_duration": {
          "raw": 0.5,
          "z_score": 1.5819672131147542,
          "weight": 1.5
        },
        "cluster_ratio": {
          "raw": 0.3333333333333333,
          "z_score": -0.13269384492406067,
          "weight": 1.0
        },
        "out_of_key_ratio": {
          "raw": 0.0,
          "z_score": 0.6039603960396039,
          "weight": 1.0
        },
        "chord_duration_variety": {
          "raw": 1,
          "z_score": -0.20000000000000018,
          "weight": 1.0
        }
      }
    },
    "drums_detail": {
      "total": 2.8633380155098216,
      "features": {
        "duration_variety": {
          "raw": 3,
          "z_score": 1.3048327137546467
        },
        "kick_off_beat_ratio": {
          "raw": 0.46153846153846156,
          "z_score": -0.03901098901098901
        },
        "velocity_variance": {
          "raw": 12.964285646805287,
          "z_score": 1.5975162907661637
        }
      }
    },
    "ensemble_detail": {
      "total": 1.0466666666666666,
      "dynamic_coherence": 0.7333333333333334
    }
  },
  "has_midi": true,
  "error": null,
  "timestamp": "2025-12-02T14:15:22.692515"
}