{
  "id": 17,
  "generation": 10,
  "reward": 0.9185169804753852,
  "breakdown": {
    "sax": 2.07690425026747,
    "sax_sig": 0.7997292182367973,
    "bass": 0.6081290918247441,
    "bass_sig": 0.5999890286958478,
    "piano": 4.9421493163952945,
    "piano_sig": 0.9642488239016557,
    "drums": 1.7257207672234838,
    "drums_sig": 0.7595986733890197,
    "ensemble_mult": 1.06,
    "z_sum": 9.352903425710993,
    "base_reward": 0.8665254532786653,
    "combined": 0.9185169804753852,
    "sax_detail": {
      "total": 2.07690425026747,
      "variety_gate": 0.5,
      "features": {
        "melodic_entropy": {
          "raw": 2.9655839357277807,
          "z_score": 2.3275814554974494
        },
        "dur_cv": {
          "raw": 0.0,
          "z_score": -0.2978723404255319
        },
        "sax_arpeggio_runs": {
          "raw": 7,
          "z_score": 3.0
        },
        "peak_not_late": {
          "raw": 1,
          "z_score": 0.42975206611570255
        },
        "blue_ratio": {
          "raw": 0.0,
          "z_score": -1.1730769230769231
        },
        "rhythm_2grams": {
          "raw": 1,
          "z_score": -0.13257575757575726
        }
      }
    },
    "bass_detail": {
      "total": 0.6081290918247441,
      "chromatic_gate": 0.5,
      "direction_gate": 1.0,
      "features": {
        "duration_variety": {
          "raw": 2,
          "z_score": 0.0
        },
        "velocity_variance": {
          "raw": 10.0,
          "z_score": 1.25
        },
        "non_chromatic_ratio": {
          "raw": 0.4782608695652174,
          "z_score": -0.0337418163505119
        }
      }
    },
    "piano_detail": {
      "total": 4.9421493163952945,
      "tonic_bonus": 1.2,
      "register_failed": false,
      "avg_pitch": 67.16666666666667,
      "features": {
        "unique_chords": {
          "raw": 2,
          "capped": 2,
          "z_score": 0.146551724137931,
          "weight": 1.0
        },
        "avg_chord_duration": {
          "raw": 1.5,
          "z_score": 3.0,
          "weight": 1.5
        },
        "cluster_ratio": {
          "raw": 0.6666666666666666,
          "z_score": -0.9320543565147881,
          "weight": 1.0
        },
        "out_of_key_ratio": {
          "raw": 0.0,
          "z_score": 0.6039603960396039,
          "weight": 1.0
        },
        "chord_duration_variety": {
          "raw": 1,
          "z_score": -0.20000000000000018,
          "weight": 1.0
        }
      }
    },
    "drums_detail": {
      "total": 1.7257207672234838,
      "features": {
        "duration_variety": {
          "raw": 2,
          "z_score": 0.06567534076827748
        },
        "kick_off_beat_ratio": {
          "raw": 0.5,
          "z_score": 0.23571428571428552
        },
        "velocity_variance": {
          "raw": 12.133516482134196,
          "z_score": 1.4243311407409207
        }
      }
    },
    "ensemble_detail": {
      "total": 1.06,
      "dynamic_coherence": 0.8
    }
  },
  "metrics": {
    "reward": 0.9185169804753852,
    "note_count": 68,
    "valid_midi": 1.0,
    "unique_durs": 1,
    "has_rests": true
  },
  "has_midi": true,
  "error": null,
  "timestamp": "2025-12-01T22:29:53.318124"
}