{
  "step": 11,
  "rollout_id": 5,
  "key": "Dm",
  "tempo": 160,
  "reward": 0.5777324831289603,
  "breakdown": {
    "sax": -1.6641818773337291,
    "sax_sig": 0.24797258477874526,
    "bass": -0.373862038601923,
    "bass_sig": 0.43801023530346195,
    "piano": -0.5262962646261805,
    "piano_sig": 0.4131728762506701,
    "drums": 1.4218458715648887,
    "drums_sig": 0.7206921009972318,
    "ensemble": 3.023325649905628,
    "ensemble_sig": 0.8824201300156985,
    "z_sum": 1.8808313409086839,
    "combined": 0.5777324831289603,
    "sax_detail": {
      "total": -1.6641818773337291,
      "variety_gate": 0.5,
      "features": {
        "melodic_entropy": {
          "raw": 0.9852281360342515,
          "z_score": -1.8154223095517752
        },
        "dur_cv": {
          "raw": 0.0,
          "z_score": -0.2978723404255319
        },
        "sax_arpeggio_runs": {
          "raw": 0,
          "z_score": -0.3391684901531729
        },
        "peak_not_late": {
          "raw": 1,
          "z_score": 0.42975206611570255
        },
        "blue_ratio": {
          "raw": 0.0,
          "z_score": -1.1730769230769231
        },
        "rhythm_2grams": {
          "raw": 1,
          "z_score": -0.13257575757575726
        }
      }
    },
    "bass_detail": {
      "total": -0.373862038601923,
      "direction_gate": 1.0,
      "features": {
        "ioi_swing": {
          "raw": 0.0,
          "z_score": -0.24855491329479767
        },
        "non_chromatic_ratio": {
          "raw": 0.45454545454545453,
          "z_score": -0.12530712530712532
        }
      }
    },
    "piano_detail": {
      "total": -0.5262962646261805,
      "variety_gate": 0.5,
      "features": {
        "avg_chord_spread": {
          "raw": 7.0,
          "z_score": -0.4206517139229792
        },
        "gap_ratio": {
          "raw": 0.6666666666666666,
          "z_score": -0.3862745098039215
        },
        "register_separation": {
          "raw": 3.75,
          "z_score": -0.014897074756229728
        },
        "velocity_variance": {
          "raw": 0.0,
          "z_score": -0.23076923076923078
        }
      }
    },
    "drums_detail": {
      "total": 1.4218458715648887,
      "features": {
        "kick_off_beat_ratio": {
          "raw": 0.5,
          "z_score": 0.2411347517730495
        },
        "snare_backbeat_ratio": {
          "raw": 0.0,
          "z_score": -0.3584905660377358
        },
        "velocity_variance": {
          "raw": 12.133516482134196,
          "z_score": 1.4476175274137335
        },
        "duration_variety": {
          "raw": 2,
          "z_score": 0.09158415841584167
        }
      }
    },
    "ensemble_detail": {
      "total": 3.023325649905628,
      "duration_gate": 1.0,
      "features": {
        "collision_rate": {
          "raw": 0.125,
          "z_score": 0.5585106382978724
        },
        "phrase_alignment": {
          "raw": 0.125,
          "z_score": 2.2762645914396886
        },
        "texture_density": {
          "raw": 0.9960000000000001,
          "z_score": -1.2022058823529413
        },
        "harmonic_consonance": {
          "raw": 0.8125,
          "z_score": 1.3907563025210083
        }
      }
    }
  },
  "has_midi": true,
  "error": null,
  "timestamp": "2025-11-30T22:14:53.512197"
}