{
  "id": 27,
  "generation": 55,
  "reward": 0.7270375989827702,
  "breakdown": {
    "sax": -2.2161542298086387,
    "sax_sig": 0.18581498556874507,
    "bass": -0.7781531531531531,
    "bass_sig": 0.3731401817692443,
    "piano": 4.383405672531416,
    "piano_sig": 0.9489364283235379,
    "drums": 2.2601009995697154,
    "drums_sig": 0.818576681309701,
    "ensemble_mult": 1.0774596669241483,
    "z_sum": 3.6491992891393394,
    "base_reward": 0.6747701295012397,
    "combined": 0.7270375989827702,
    "sax_detail": {
      "total": -2.2161542298086387,
      "variety_gate": 1.0,
      "features": {
        "melodic_entropy": {
          "raw": 0.9182958340544896,
          "z_score": -1.9554480459111097
        },
        "dur_cv": {
          "raw": 0.15745916432444337,
          "z_score": 1.3772251523876955
        },
        "sax_arpeggio_runs": {
          "raw": 1,
          "z_score": 0.39022611232676874
        },
        "peak_not_late": {
          "raw": 0,
          "z_score": -2.325068870523416
        },
        "blue_ratio": {
          "raw": 0.25,
          "z_score": 0.4294871794871795
        },
        "rhythm_2grams": {
          "raw": 1,
          "z_score": -0.13257575757575726
        }
      }
    },
    "bass_detail": {
      "total": -0.7781531531531531,
      "chromatic_gate": 1.0,
      "direction_gate": 0.5,
      "features": {
        "duration_variety": {
          "raw": 1,
          "z_score": -1.0
        },
        "velocity_variance": {
          "raw": 0.0,
          "z_score": -1.25
        },
        "non_chromatic_ratio": {
          "raw": 0.6666666666666666,
          "z_score": 0.6936936936936936
        }
      }
    },
    "piano_detail": {
      "total": 4.383405672531416,
      "tonic_bonus": 1.2,
      "register_failed": false,
      "avg_pitch": 67.41666666666667,
      "features": {
        "unique_chords": {
          "raw": 3,
          "capped": 3,
          "z_score": 1.0086206896551724,
          "weight": 1.0
        },
        "avg_chord_duration": {
          "raw": 0.5,
          "z_score": 1.5819672131147542,
          "weight": 1.5
        },
        "cluster_ratio": {
          "raw": 0.3333333333333333,
          "z_score": -0.13269384492406067,
          "weight": 1.0
        },
        "out_of_key_ratio": {
          "raw": 0.0,
          "z_score": 0.6039603960396039,
          "weight": 1.0
        },
        "chord_duration_variety": {
          "raw": 1,
          "z_score": -0.20000000000000018,
          "weight": 1.0
        }
      }
    },
    "drums_detail": {
      "total": 2.2601009995697154,
      "features": {
        "duration_variety": {
          "raw": 2,
          "z_score": 0.06567534076827748
        },
        "kick_off_beat_ratio": {
          "raw": 0.5,
          "z_score": 0.23571428571428552
        },
        "velocity_variance": {
          "raw": 14.696938456699069,
          "z_score": 1.9587113730871524
        }
      }
    },
    "ensemble_detail": {
      "total": 1.0774596669241483,
      "dynamic_coherence": 0.8872983346207417
    }
  },
  "metrics": {
    "reward": 0.7270375989827702,
    "note_count": 40,
    "valid_midi": 1.0,
    "unique_durs": 2,
    "has_rests": true
  },
  "has_midi": true,
  "error": null,
  "timestamp": "2025-12-02T16:24:16.512590"
}