{
  "id": 29,
  "generation": 33,
  "reward": 0.5582581624378078,
  "breakdown": {
    "sax": 0.6412316744546243,
    "sax_sig": 0.6052736149166891,
    "bass": 0.67913901439913,
    "bass_sig": 0.611295091810923,
    "piano": -0.2723903459604376,
    "piano_sig": 0.4547259545980198,
    "drums": 1.4218458715648887,
    "drums_sig": 0.7206921009972318,
    "ensemble": -1.0652509430794432,
    "ensemble_sig": 0.3295618750801499,
    "z_sum": 1.404575271378762,
    "combined": 0.5582581624378078,
    "sax_detail": {
      "total": 0.6412316744546243,
      "variety_gate": 0.5,
      "features": {
        "melodic_entropy": {
          "raw": 1.0,
          "z_score": -1.784518828451883
        },
        "dur_cv": {
          "raw": 0.888888888888889,
          "z_score": 3.0
        },
        "sax_arpeggio_runs": {
          "raw": 0,
          "z_score": -0.3391684901531729
        },
        "peak_not_late": {
          "raw": 1,
          "z_score": 0.42975206611570255
        },
        "blue_ratio": {
          "raw": 0.2,
          "z_score": 0.10897435897435907
        },
        "rhythm_2grams": {
          "raw": 1,
          "z_score": -0.13257575757575726
        }
      }
    },
    "bass_detail": {
      "total": 0.67913901439913,
      "direction_gate": 1.0,
      "features": {
        "ioi_swing": {
          "raw": 0.0,
          "z_score": -0.24855491329479767
        },
        "non_chromatic_ratio": {
          "raw": 0.7272727272727273,
          "z_score": 0.9276939276939278
        }
      }
    },
    "piano_detail": {
      "total": -0.2723903459604376,
      "variety_gate": 0.5,
      "features": {
        "avg_chord_spread": {
          "raw": 9.0,
          "z_score": 0.4257300042319087
        },
        "gap_ratio": {
          "raw": 0.6666666666666666,
          "z_score": -0.3862745098039215
        },
        "register_separation": {
          "raw": 2.5,
          "z_score": -0.35346695557963165
        },
        "velocity_variance": {
          "raw": 0.0,
          "z_score": -0.23076923076923078
        }
      }
    },
    "drums_detail": {
      "total": 1.4218458715648887,
      "features": {
        "kick_off_beat_ratio": {
          "raw": 0.5,
          "z_score": 0.2411347517730495
        },
        "snare_backbeat_ratio": {
          "raw": 0.0,
          "z_score": -0.3584905660377358
        },
        "velocity_variance": {
          "raw": 12.133516482134196,
          "z_score": 1.4476175274137335
        },
        "duration_variety": {
          "raw": 2,
          "z_score": 0.09158415841584167
        }
      }
    },
    "ensemble_detail": {
      "total": -1.0652509430794432,
      "duration_gate": 1.0,
      "features": {
        "collision_rate": {
          "raw": 0.4,
          "z_score": -0.9042553191489362
        },
        "phrase_alignment": {
          "raw": 0.5,
          "z_score": 0.8171206225680933
        },
        "texture_density": {
          "raw": 0.9800000000000001,
          "z_score": -1.1433823529411766
        },
        "harmonic_consonance": {
          "raw": 0.6666666666666666,
          "z_score": 0.16526610644257655
        }
      }
    }
  },
  "metrics": {
    "reward": 0.5582581624378078,
    "note_count": 41,
    "valid_midi": 1.0,
    "unique_durs": 2,
    "has_rests": false
  },
  "has_midi": true,
  "error": null,
  "timestamp": "2025-12-01T02:03:14.124357"
}