{
  "step": 2,
  "rollout_id": 1,
  "key": "C",
  "tempo": 120,
  "reward": -0.4347328933017409,
  "has_midi": true,
  "error": null,
  "timestamp": "2025-11-29T20:27:00.641260"
}