{
  "step": 20,
  "rollout_id": 7,
  "key": "D",
  "tempo": 160,
  "reward": 0.5617068343451835,
  "breakdown": {
    "sax": -1.0616191279353173,
    "sax_sig": 0.33009706409132095,
    "bass": 1.9638469638469638,
    "bass_sig": 0.7873844976683823,
    "piano": -0.421059135102217,
    "piano_sig": 0.4302806771808816,
    "drums": 1.4218458715648887,
    "drums_sig": 0.7206921009972318,
    "ensemble": -0.4144622588114092,
    "ensemble_sig": 0.43135910816575174,
    "z_sum": 1.4885523135629088,
    "combined": 0.5617068343451835,
    "sax_detail": {
      "total": -1.0616191279353173,
      "variety_gate": 0.5,
      "features": {
        "melodic_entropy": {
          "raw": 1.561278124459133,
          "z_score": -0.610296810754952
        },
        "dur_cv": {
          "raw": 0.0,
          "z_score": -0.2978723404255319
        },
        "sax_arpeggio_runs": {
          "raw": 0,
          "z_score": -0.3391684901531729
        },
        "peak_not_late": {
          "raw": 1,
          "z_score": 0.42975206611570255
        },
        "blue_ratio": {
          "raw": 0.0,
          "z_score": -1.1730769230769231
        },
        "rhythm_2grams": {
          "raw": 1,
          "z_score": -0.13257575757575726
        }
      }
    },
    "bass_detail": {
      "total": 1.9638469638469638,
      "direction_gate": 0.5,
      "features": {
        "ioi_swing": {
          "raw": 0.565685424949238,
          "z_score": 3.0
        },
        "non_chromatic_ratio": {
          "raw": 0.7272727272727273,
          "z_score": 0.9276939276939278
        }
      }
    },
    "piano_detail": {
      "total": -0.421059135102217,
      "variety_gate": 1.0,
      "features": {
        "avg_chord_spread": {
          "raw": 0.0,
          "z_score": -3.0
        },
        "gap_ratio": {
          "raw": 0.25,
          "z_score": 2.064705882352941
        },
        "register_separation": {
          "raw": 6.555555555555557,
          "z_score": 0.7450042133140728
        },
        "velocity_variance": {
          "raw": 0.0,
          "z_score": -0.23076923076923078
        }
      }
    },
    "drums_detail": {
      "total": 1.4218458715648887,
      "features": {
        "kick_off_beat_ratio": {
          "raw": 0.5,
          "z_score": 0.2411347517730495
        },
        "snare_backbeat_ratio": {
          "raw": 0.0,
          "z_score": -0.3584905660377358
        },
        "velocity_variance": {
          "raw": 12.133516482134196,
          "z_score": 1.4476175274137335
        },
        "duration_variety": {
          "raw": 2,
          "z_score": 0.09158415841584167
        }
      }
    },
    "ensemble_detail": {
      "total": -0.4144622588114092,
      "duration_gate": 1.0,
      "features": {
        "collision_rate": {
          "raw": 0.1111111111111111,
          "z_score": 0.632387706855792
        },
        "phrase_alignment": {
          "raw": 0.5,
          "z_score": 0.8171206225680933
        },
        "texture_density": {
          "raw": 0.8400000000000001,
          "z_score": -0.6286764705882354
        },
        "harmonic_consonance": {
          "raw": 0.5,
          "z_score": -1.235294117647059
        }
      }
    }
  },
  "has_midi": true,
  "error": null,
  "timestamp": "2025-12-01T01:03:25.479230"
}