{
  "step": 14,
  "rollout_id": 3,
  "key": "C",
  "tempo": 120,
  "reward": 0.5844143278773658,
  "has_midi": true,
  "error": null,
  "timestamp": "2025-11-29T23:08:57.045720"
}