{
  "step": 19,
  "rollout_id": 0,
  "key": "Dm",
  "tempo": 160,
  "reward": 0.6132174364706667,
  "breakdown": {
    "sax": 2.9677474738021927,
    "sax_sig": 0.8785209906597217,
    "bass": -0.28229672964530955,
    "bass_sig": 0.4530889230771993,
    "piano": -1.3754308632330263,
    "piano_sig": 0.28557896271565053,
    "drums": 1.7267123053364664,
    "drums_sig": 0.7597193615517343,
    "ensemble": -0.27159079816169673,
    "ensemble_sig": 0.45485812317460333,
    "z_sum": 2.765141388098627,
    "combined": 0.6132174364706667,
    "sax_detail": {
      "total": 2.9677474738021927,
      "variety_gate": 1.0,
      "features": {
        "melodic_entropy": {
          "raw": 1.4353713907745331,
          "z_score": -0.8737000193001399
        },
        "dur_cv": {
          "raw": 0.20203050891044214,
          "z_score": 1.851388392664278
        },
        "sax_arpeggio_runs": {
          "raw": 0,
          "z_score": -0.3391684901531729
        },
        "peak_not_late": {
          "raw": 1,
          "z_score": 0.42975206611570255
        },
        "blue_ratio": {
          "raw": 0.5,
          "z_score": 2.032051282051282
        },
        "rhythm_2grams": {
          "raw": 1,
          "z_score": -0.13257575757575726
        }
      }
    },
    "bass_detail": {
      "total": -0.28229672964530955,
      "direction_gate": 1.0,
      "features": {
        "ioi_swing": {
          "raw": 0.0,
          "z_score": -0.24855491329479767
        },
        "non_chromatic_ratio": {
          "raw": 0.4782608695652174,
          "z_score": -0.0337418163505119
        }
      }
    },
    "piano_detail": {
      "total": -1.3754308632330263,
      "variety_gate": 1.0,
      "features": {
        "avg_chord_spread": {
          "raw": 10.0,
          "z_score": 0.8489208633093526
        },
        "gap_ratio": {
          "raw": 0.7647058823529411,
          "z_score": -0.9629757785467126
        },
        "register_separation": {
          "raw": 0.0,
          "z_score": -1.0306067172264355
        },
        "velocity_variance": {
          "raw": 0.0,
          "z_score": -0.23076923076923078
        }
      }
    },
    "drums_detail": {
      "total": 1.7267123053364664,
      "features": {
        "kick_off_beat_ratio": {
          "raw": 0.5,
          "z_score": 0.2411347517730495
        },
        "snare_backbeat_ratio": {
          "raw": 0.0,
          "z_score": -0.3584905660377358
        },
        "velocity_variance": {
          "raw": 7.637626158259733,
          "z_score": 0.5148601988090733
        },
        "duration_variety": {
          "raw": 3,
          "z_score": 1.3292079207920793
        }
      }
    },
    "ensemble_detail": {
      "total": -0.27159079816169673,
      "duration_gate": 1.0,
      "features": {
        "collision_rate": {
          "raw": 0.5,
          "z_score": -1.4361702127659575
        },
        "phrase_alignment": {
          "raw": 0.625,
          "z_score": 0.3307392996108948
        },
        "texture_density": {
          "raw": 0.828,
          "z_score": -0.5845588235294115
        },
        "harmonic_consonance": {
          "raw": 0.8157894736842105,
          "z_score": 1.4183989385227773
        }
      }
    }
  },
  "has_midi": true,
  "error": null,
  "timestamp": "2025-11-30T23:07:22.045875"
}