{
  "id": 25,
  "generation": 16,
  "reward": 0.5101841213131776,
  "breakdown": {
    "sax": 0.7361515429206926,
    "sax_sig": 0.6202872650500583,
    "bass": -0.7134315458014879,
    "bass_sig": 0.3832866868851194,
    "piano": -0.6683182661696788,
    "piano_sig": 0.39042038124469963,
    "drums": 0.3586074424300114,
    "drums_sig": 0.5594848539851941,
    "ensemble": 0.5314435468617418,
    "ensemble_sig": 0.587658885416115,
    "z_sum": 0.24445272024127906,
    "combined": 0.5101841213131776,
    "sax_detail": {
      "total": 0.7361515429206926,
      "variety_gate": 0.5,
      "features": {
        "melodic_entropy": {
          "raw": 1.561278124459133,
          "z_score": -0.610296810754952
        },
        "dur_cv": {
          "raw": 0.0,
          "z_score": -0.2978723404255319
        },
        "sax_arpeggio_runs": {
          "raw": 2,
          "z_score": 1.1196207148067103
        },
        "peak_not_late": {
          "raw": 1,
          "z_score": 0.42975206611570255
        },
        "blue_ratio": {
          "raw": 0.3333333333333333,
          "z_score": 0.9636752136752136
        },
        "rhythm_2grams": {
          "raw": 1,
          "z_score": -0.13257575757575726
        }
      }
    },
    "bass_detail": {
      "total": -0.7134315458014879,
      "direction_gate": 0.5,
      "features": {
        "ioi_swing": {
          "raw": 0.0,
          "z_score": -0.24855491329479767
        },
        "non_chromatic_ratio": {
          "raw": 0.18181818181818182,
          "z_score": -1.1783081783081781
        }
      }
    },
    "piano_detail": {
      "total": -0.6683182661696788,
      "variety_gate": 0.5,
      "features": {
        "avg_chord_spread": {
          "raw": 8.0,
          "z_score": 0.0025391451544647596
        },
        "gap_ratio": {
          "raw": 0.6666666666666666,
          "z_score": -0.3862745098039215
        },
        "register_separation": {
          "raw": 1.1388888888888857,
          "z_score": -0.7221319369206701
        },
        "velocity_variance": {
          "raw": 0.0,
          "z_score": -0.23076923076923078
        }
      }
    },
    "drums_detail": {
      "total": 0.3586074424300114,
      "features": {
        "kick_off_beat_ratio": {
          "raw": 0.19999999999999996,
          "z_score": -1.8865248226950362
        },
        "snare_backbeat_ratio": {
          "raw": 0.0,
          "z_score": -0.3584905660377358
        },
        "velocity_variance": {
          "raw": 5.3333333333333295,
          "z_score": 0.03679114799446676
        },
        "duration_variety": {
          "raw": 4,
          "z_score": 2.5668316831683167
        }
      }
    },
    "ensemble_detail": {
      "total": 0.5314435468617418,
      "duration_gate": 1.0,
      "features": {
        "collision_rate": {
          "raw": 0.1111111111111111,
          "z_score": 0.632387706855792
        },
        "phrase_alignment": {
          "raw": 0.6666666666666666,
          "z_score": 0.16861219195849547
        },
        "texture_density": {
          "raw": 0.608,
          "z_score": 0.22426470588235312
        },
        "harmonic_consonance": {
          "raw": 0.5882352941176471,
          "z_score": -0.4938210578348987
        }
      }
    }
  },
  "metrics": {
    "reward": 0.5101841213131776,
    "note_count": 78,
    "valid_midi": 1.0,
    "unique_durs": 1,
    "has_rests": true
  },
  "has_midi": true,
  "error": null,
  "timestamp": "2025-11-30T23:26:40.159791"
}