{
  "step": 17,
  "rollout_id": 9,
  "key": "Dm",
  "tempo": 160,
  "reward": 0.26875209947176015,
  "breakdown": {
    "sax": -1.6152517982639674,
    "sax_sig": 0.2541055193330145,
    "bass": -0.3894749064368723,
    "bass_sig": 0.43544976322891954,
    "piano": -1.3390553971111752,
    "piano_sig": 0.29055221495314315,
    "drums": -3.258111342289756,
    "drums_sig": 0.10228641253291293,
    "ensemble": 0.596114627680882,
    "ensemble_sig": 0.5980651663679514,
    "z_sum": -6.005778816420889,
    "combined": 0.26875209947176015,
    "sax_detail": {
      "total": -1.6152517982639674,
      "variety_gate": 0.5,
      "features": {
        "melodic_entropy": {
          "raw": 1.7924812503605778,
          "z_score": -1.2473549744827048
        },
        "dur_cv": {
          "raw": 0.0,
          "z_score": -0.8880854560394412
        },
        "sax_arpeggio_runs": {
          "raw": 0,
          "z_score": -0.4150099290132615
        },
        "peak_not_late": {
          "raw": 0,
          "z_score": -1.6329142343960483
        },
        "blue_ratio": {
          "raw": 0.42857142857142855,
          "z_score": 1.8392286627110905
        },
        "rhythm_2grams": {
          "raw": 1,
          "z_score": -0.8863676653075695
        }
      }
    },
    "bass_detail": {
      "total": -0.3894749064368723,
      "direction_gate": 0.5,
      "features": {
        "ioi_swing": {
          "raw": 0.0,
          "z_score": -0.8105992171032821
        },
        "non_chromatic_ratio": {
          "raw": 0.7272727272727273,
          "z_score": 0.03164940422953743
        }
      }
    },
    "piano_detail": {
      "total": -1.3390553971111752,
      "variety_gate": 0.5,
      "features": {
        "avg_chord_spread": {
          "raw": 10.0,
          "z_score": 0.1317030567685589
        },
        "gap_ratio": {
          "raw": 0.7272727272727273,
          "z_score": -1.3054042731462088
        },
        "register_separation": {
          "raw": 0.7142857142857082,
          "z_score": -0.9254622094236477
        },
        "velocity_variance": {
          "raw": 0.0,
          "z_score": -0.5789473684210527
        }
      }
    },
    "drums_detail": {
      "total": -3.258111342289756,
      "features": {
        "kick_off_beat_ratio": {
          "raw": 0.5,
          "z_score": -0.8253055108539016
        },
        "snare_backbeat_ratio": {
          "raw": 0.0,
          "z_score": -0.5855710048313247
        },
        "velocity_variance": {
          "raw": 9.428090415820634,
          "z_score": -0.4288194717540505
        },
        "duration_variety": {
          "raw": 1,
          "z_score": -1.418415354850479
        }
      }
    },
    "ensemble_detail": {
      "total": 0.596114627680882,
      "duration_gate": 1.0,
      "features": {
        "collision_rate": {
          "raw": 0.2857142857142857,
          "z_score": 0.38539445628997876
        },
        "phrase_alignment": {
          "raw": 0.75,
          "z_score": -0.8875
        },
        "texture_density": {
          "raw": 0.692,
          "z_score": -0.4363143631436312
        },
        "harmonic_consonance": {
          "raw": 0.9333333333333333,
          "z_score": 1.5345345345345345
        }
      }
    }
  },
  "has_midi": true,
  "error": null,
  "timestamp": "2025-11-30T20:39:45.169719"
}