{
  "id": 9,
  "generation": 4,
  "reward": 0.5602068284617941,
  "breakdown": {
    "sax": 0.22,
    "sax_sig": 0.5366010793535907,
    "bass": 0.1413463152593588,
    "bass_sig": 0.5235403030258713,
    "piano": 3.4334970262096913,
    "piano_sig": 0.9079617514059184,
    "drums": -2.997072209784151,
    "drums_sig": 0.11940800718385995,
    "ensemble_mult": 1.0377964473009227,
    "z_sum": 0.797771131684899,
    "base_reward": 0.5398041493770452,
    "combined": 0.5602068284617941,
    "sax_detail": {
      "total": 0.22,
      "variety_gate": 0.0,
      "features": {}
    },
    "bass_detail": {
      "total": 0.1413463152593588,
      "chromatic_gate": 1.0,
      "direction_gate": 1.0,
      "features": {
        "duration_variety": {
          "raw": 1,
          "z_score": -1.0
        },
        "velocity_variance": {
          "raw": 5.0,
          "z_score": 0.0
        },
        "non_chromatic_ratio": {
          "raw": 0.782608695652174,
          "z_score": 1.1413463152593588
        }
      }
    },
    "piano_detail": {
      "total": 3.4334970262096913,
      "tonic_bonus": 1.0,
      "register_failed": false,
      "avg_pitch": 69.71875,
      "features": {
        "unique_chords": {
          "raw": 9,
          "capped": 3,
          "z_score": 1.0086206896551724,
          "weight": 1.0
        },
        "avg_chord_duration": {
          "raw": 0.75,
          "z_score": 3.0,
          "weight": 1.5
        },
        "cluster_ratio": {
          "raw": 0.6666666666666666,
          "z_score": -0.9320543565147881,
          "weight": 1.0
        },
        "out_of_key_ratio": {
          "raw": 0.15625,
          "z_score": -0.943069306930693,
          "weight": 1.0
        },
        "chord_duration_variety": {
          "raw": 1,
          "z_score": -0.20000000000000018,
          "weight": 1.0
        }
      }
    },
    "drums_detail": {
      "total": -2.997072209784151,
      "features": {
        "duration_variety": {
          "raw": 2,
          "z_score": 0.06567534076827748
        },
        "kick_off_beat_ratio": {
          "raw": 0.0,
          "z_score": -3.0
        },
        "velocity_variance": {
          "raw": 5.0,
          "z_score": -0.06274755055242864
        }
      }
    },
    "ensemble_detail": {
      "total": 1.0377964473009227,
      "dynamic_coherence": 0.6889822365046137
    }
  },
  "metrics": {
    "reward": 0.5602068284617941,
    "note_count": 246,
    "valid_midi": 1.0,
    "unique_durs": 1,
    "has_rests": true
  },
  "has_midi": true,
  "error": null,
  "timestamp": "2025-12-01T22:00:27.181076"
}