{
  "step": 17,
  "rollout_id": 11,
  "key": "Dm",
  "tempo": 160,
  "reward": 0.19725180883329532,
  "breakdown": {
    "sax": -2.418414445086323,
    "sax_sig": 0.1662728195206402,
    "bass": -0.8066433020520284,
    "bass_sig": 0.3687083046394126,
    "piano": -1.8962898709013258,
    "piano_sig": 0.220252892698793,
    "drums": -2.1755597908631192,
    "drums_sig": 0.1899441377549277,
    "ensemble": -1.1244522894754965,
    "ensemble_sig": 0.320900868283667,
    "z_sum": -8.421359698378293,
    "combined": 0.19725180883329532,
    "sax_detail": {
      "total": -2.418414445086323,
      "variety_gate": 0.5,
      "features": {
        "melodic_entropy": {
          "raw": 1.584962500721156,
          "z_score": -1.6757586690314699
        },
        "dur_cv": {
          "raw": 0.0,
          "z_score": -0.8880854560394412
        },
        "sax_arpeggio_runs": {
          "raw": 0,
          "z_score": -0.4150099290132615
        },
        "peak_not_late": {
          "raw": 1,
          "z_score": 0.6122586439155816
        },
        "blue_ratio": {
          "raw": 0.0,
          "z_score": -1.5838658146964857
        },
        "rhythm_2grams": {
          "raw": 1,
          "z_score": -0.8863676653075695
        }
      }
    },
    "bass_detail": {
      "total": -0.8066433020520284,
      "direction_gate": 1.0,
      "features": {
        "ioi_swing": {
          "raw": 0.565685424949238,
          "z_score": 0.8927594849419994
        },
        "non_chromatic_ratio": {
          "raw": 0.18181818181818182,
          "z_score": -1.6994027869940278
        }
      }
    },
    "piano_detail": {
      "total": -1.8962898709013258,
      "variety_gate": 1.0,
      "features": {
        "avg_chord_spread": {
          "raw": 10.0,
          "z_score": 0.1317030567685589
        },
        "gap_ratio": {
          "raw": 0.5714285714285714,
          "z_score": -0.5872284397630018
        },
        "register_separation": {
          "raw": 1.1500000000000057,
          "z_score": -0.8618171194858303
        },
        "velocity_variance": {
          "raw": 0.0,
          "z_score": -0.5789473684210527
        }
      }
    },
    "drums_detail": {
      "total": -2.1755597908631192,
      "features": {
        "kick_off_beat_ratio": {
          "raw": 0.5,
          "z_score": -0.8253055108539016
        },
        "snare_backbeat_ratio": {
          "raw": 0.0,
          "z_score": -0.5855710048313247
        },
        "velocity_variance": {
          "raw": 8.235294117647058,
          "z_score": -0.5464657129236337
        },
        "duration_variety": {
          "raw": 2,
          "z_score": -0.21821756225425926
        }
      }
    },
    "ensemble_detail": {
      "total": -1.1244522894754965,
      "duration_gate": 1.0,
      "features": {
        "collision_rate": {
          "raw": 0.2,
          "z_score": 0.7052238805970149
        },
        "phrase_alignment": {
          "raw": 0.6666666666666666,
          "z_score": -0.6270833333333331
        },
        "texture_density": {
          "raw": 0.516,
          "z_score": 0.040650406504065074
        },
        "harmonic_consonance": {
          "raw": 0.625,
          "z_score": -1.2432432432432434
        }
      }
    }
  },
  "has_midi": true,
  "error": null,
  "timestamp": "2025-11-30T20:41:45.401685"
}