{
  "step": 5,
  "rollout_id": 10,
  "key": "D",
  "tempo": 160,
  "reward": 0.5301868871806569,
  "breakdown": {
    "sax": 0.09116829595193711,
    "sax_sig": 0.5151900401901608,
    "bass": -0.6783315107014528,
    "bass_sig": 0.38883283165118937,
    "piano": 1.4584968039843824,
    "piano_sig": 0.7255839119935097,
    "drums": -0.44631250896335817,
    "drums_sig": 0.42615855143903547,
    "ensemble": 0.3003463900393057,
    "ensemble_sig": 0.5498911548380221,
    "z_sum": 0.7253674703108142,
    "combined": 0.5301868871806569,
    "sax_detail": {
      "total": 0.09116829595193711,
      "variety_gate": 0.5,
      "features": {
        "melodic_entropy": {
          "raw": 1.897317260669707,
          "z_score": 0.09271393445545417
        },
        "dur_cv": {
          "raw": 0.0,
          "z_score": -0.2978723404255319
        },
        "sax_arpeggio_runs": {
          "raw": 0,
          "z_score": -0.3391684901531729
        },
        "peak_not_late": {
          "raw": 1,
          "z_score": 0.42975206611570255
        },
        "blue_ratio": {
          "raw": 0.25,
          "z_score": 0.4294871794871795
        },
        "rhythm_2grams": {
          "raw": 1,
          "z_score": -0.13257575757575726
        }
      }
    },
    "bass_detail": {
      "total": -0.6783315107014528,
      "direction_gate": 0.5,
      "features": {
        "ioi_swing": {
          "raw": 0.0,
          "z_score": -0.24855491329479767
        },
        "non_chromatic_ratio": {
          "raw": 0.2,
          "z_score": -1.108108108108108
        }
      }
    },
    "piano_detail": {
      "total": 1.4584968039843824,
      "variety_gate": 0.5,
      "features": {
        "avg_chord_spread": {
          "raw": 11.0,
          "z_score": 1.2721117223867966
        },
        "gap_ratio": {
          "raw": 0.4666666666666667,
          "z_score": 0.7901960784313723
        },
        "register_separation": {
          "raw": 7.8125,
          "z_score": 1.0854550379198267
        },
        "velocity_variance": {
          "raw": 0.0,
          "z_score": -0.23076923076923078
        }
      }
    },
    "drums_detail": {
      "total": -0.44631250896335817,
      "features": {
        "kick_off_beat_ratio": {
          "raw": 0.5,
          "z_score": 0.2411347517730495
        },
        "snare_backbeat_ratio": {
          "raw": 0.2,
          "z_score": 1.528301886792453
        },
        "velocity_variance": {
          "raw": 0.0,
          "z_score": -1.0697095435684647
        },
        "duration_variety": {
          "raw": 1,
          "z_score": -1.146039603960396
        }
      }
    },
    "ensemble_detail": {
      "total": 0.3003463900393057,
      "duration_gate": 1.0,
      "features": {
        "collision_rate": {
          "raw": 0.3333333333333333,
          "z_score": -0.5496453900709218
        },
        "phrase_alignment": {
          "raw": 0.4444444444444444,
          "z_score": 1.0332900994379592
        },
        "texture_density": {
          "raw": 0.8400000000000001,
          "z_score": -0.6286764705882354
        },
        "harmonic_consonance": {
          "raw": 0.7,
          "z_score": 0.4453781512605037
        }
      }
    }
  },
  "has_midi": true,
  "error": null,
  "timestamp": "2025-11-30T21:38:52.032615"
}