{
  "step": 59,
  "rollout_id": 15,
  "key": "Fm",
  "tempo": 160,
  "reward": 0.8247735987316102,
  "breakdown": {
    "sax": 0.11838085183207538,
    "sax_sig": 0.5197199076528783,
    "bass": -0.7248623896022739,
    "bass_sig": 0.38148696295716106,
    "piano": 6.814677110121984,
    "piano_sig": 0.9894718435380377,
    "drums": 4.101039434752975,
    "drums_sig": 0.9390048499076052,
    "ensemble": -1.0150546256689879,
    "ensemble_sig": 0.33699753691318646,
    "z_sum": 9.294180381435773,
    "combined": 0.8247735987316102,
    "sax_detail": {
      "total": 0.11838085183207538,
      "variety_gate": 0.5,
      "features": {
        "melodic_entropy": {
          "raw": 2.2516291673878226,
          "z_score": 0.8339522330289176
        },
        "dur_cv": {
          "raw": 0.0,
          "z_score": -0.2978723404255319
        },
        "sax_arpeggio_runs": {
          "raw": 0,
          "z_score": -0.3391684901531729
        },
        "peak_not_late": {
          "raw": 1,
          "z_score": 0.42975206611570255
        },
        "blue_ratio": {
          "raw": 0.14285714285714285,
          "z_score": -0.25732600732600736
        },
        "rhythm_2grams": {
          "raw": 1,
          "z_score": -0.13257575757575726
        }
      }
    },
    "bass_detail": {
      "total": -0.7248623896022739,
      "direction_gate": 1.0,
      "features": {
        "ioi_swing": {
          "raw": 0.0,
          "z_score": -0.24855491329479767
        },
        "non_chromatic_ratio": {
          "raw": 0.36363636363636365,
          "z_score": -0.4763074763074762
        }
      }
    },
    "piano_detail": {
      "total": 6.814677110121984,
      "variety_gate": 1.0,
      "features": {
        "avg_chord_spread": {
          "raw": 6.0,
          "z_score": -0.8438425730004231
        },
        "gap_ratio": {
          "raw": 0.6666666666666666,
          "z_score": -0.3862745098039215
        },
        "register_separation": {
          "raw": 16.214285714285715,
          "z_score": 3.361128308311407
        },
        "velocity_variance": {
          "raw": 0.06388765649999399,
          "z_score": 4.683665884614922
        }
      }
    },
    "drums_detail": {
      "total": 4.101039434752975,
      "features": {
        "kick_off_beat_ratio": {
          "raw": 0.5,
          "z_score": 0.2411347517730495
        },
        "snare_backbeat_ratio": {
          "raw": 0.16666666666666666,
          "z_score": 1.2138364779874213
        },
        "velocity_variance": {
          "raw": 11.503266569846048,
          "z_score": 1.316860284200425
        },
        "duration_variety": {
          "raw": 3,
          "z_score": 1.3292079207920793
        }
      }
    },
    "ensemble_detail": {
      "total": -1.0150546256689879,
      "duration_gate": 1.0,
      "features": {
        "collision_rate": {
          "raw": 0.42857142857142855,
          "z_score": -1.0562310030395134
        },
        "phrase_alignment": {
          "raw": 0.3333333333333333,
          "z_score": 1.4656290531776912
        },
        "texture_density": {
          "raw": 0.54,
          "z_score": 0.4742647058823529
        },
        "harmonic_consonance": {
          "raw": 0.42105263157894735,
          "z_score": -1.8987173816895184
        }
      }
    }
  },
  "has_midi": true,
  "error": null,
  "timestamp": "2025-12-01T05:08:38.929797"
}