{
  "id": 14,
  "generation": 22,
  "reward": 0.3077070767686126,
  "breakdown": {
    "sax": 0.23594344562222097,
    "sax_sig": 0.539243028641765,
    "bass": -2.128863793603678,
    "bass_sig": 0.1947803586016382,
    "piano": -0.8387099624996962,
    "piano_sig": 0.36374647625149376,
    "drums": -1.0954811994173095,
    "drums_sig": 0.3251243340991838,
    "ensemble": -1.0380537972965649,
    "ensemble_sig": 0.33358033810141763,
    "z_sum": -4.865165307195028,
    "combined": 0.3077070767686126,
    "sax_detail": {
      "total": 0.23594344562222097,
      "variety_gate": 0.0,
      "features": {}
    },
    "bass_detail": {
      "total": -2.128863793603678,
      "direction_gate": 1.0,
      "features": {
        "ioi_swing": {
          "raw": 0.0,
          "z_score": -0.24855491329479767
        },
        "non_chromatic_ratio": {
          "raw": 0.0,
          "z_score": -1.88030888030888
        }
      }
    },
    "piano_detail": {
      "total": -0.8387099624996962,
      "variety_gate": 0.5,
      "features": {
        "avg_chord_spread": {
          "raw": 7.0,
          "z_score": -0.4206517139229792
        },
        "gap_ratio": {
          "raw": 0.6923076923076923,
          "z_score": -0.53710407239819
        },
        "register_separation": {
          "raw": 2.0,
          "z_score": -0.4888949079089924
        },
        "velocity_variance": {
          "raw": 0.0,
          "z_score": -0.23076923076923078
        }
      }
    },
    "drums_detail": {
      "total": -1.0954811994173095,
      "features": {
        "kick_off_beat_ratio": {
          "raw": 0.5,
          "z_score": 0.2411347517730495
        },
        "snare_backbeat_ratio": {
          "raw": 0.0,
          "z_score": -0.3584905660377358
        },
        "velocity_variance": {
          "raw": 0.0,
          "z_score": -1.0697095435684647
        },
        "duration_variety": {
          "raw": 2,
          "z_score": 0.09158415841584167
        }
      }
    },
    "ensemble_detail": {
      "total": -1.0380537972965649,
      "duration_gate": 1.0,
      "features": {
        "collision_rate": {
          "raw": 0.3333333333333333,
          "z_score": -0.5496453900709218
        },
        "phrase_alignment": {
          "raw": 0.5,
          "z_score": 0.8171206225680933
        },
        "texture_density": {
          "raw": 0.792,
          "z_score": -0.4522058823529411
        },
        "harmonic_consonance": {
          "raw": 0.5454545454545454,
          "z_score": -0.8533231474407951
        }
      }
    }
  },
  "metrics": {
    "reward": 0.3077070767686126,
    "note_count": 59,
    "valid_midi": 1.0,
    "unique_durs": 1,
    "has_rests": false
  },
  "has_midi": true,
  "error": null,
  "timestamp": "2025-11-30T21:39:45.861207"
}