{
  "step": 53,
  "rollout_id": 4,
  "key": "Dm",
  "tempo": 160,
  "reward": 0.906750713839047,
  "breakdown": {
    "sax": 0.584810253989979,
    "sax_sig": 0.5962522472665855,
    "bass": 5.00199801508364,
    "bass_sig": 0.9655990778272262,
    "piano": 4.539359076940323,
    "piano_sig": 0.9537455563251249,
    "drums": 2.6594696339411263,
    "drums_sig": 0.8548278415504731,
    "ensemble": 0.8619099922166623,
    "ensemble_sig": 0.639825457317198,
    "z_sum": 13.64754697217173,
    "combined": 0.906750713839047,
    "sax_detail": {
      "total": 0.584810253989979,
      "variety_gate": 0.5,
      "features": {
        "melodic_entropy": {
          "raw": 1.8585552118703144,
          "z_score": 0.011621782155469416
        },
        "dur_cv": {
          "raw": 0.0,
          "z_score": -0.2978723404255319
        },
        "sax_arpeggio_runs": {
          "raw": 0,
          "z_score": -0.3391684901531729
        },
        "peak_not_late": {
          "raw": 1,
          "z_score": 0.42975206611570255
        },
        "blue_ratio": {
          "raw": 0.4166666666666667,
          "z_score": 1.497863247863248
        },
        "rhythm_2grams": {
          "raw": 1,
          "z_score": -0.13257575757575726
        }
      }
    },
    "bass_detail": {
      "total": 5.00199801508364,
      "direction_gate": 1.0,
      "features": {
        "ioi_swing": {
          "raw": 0.565685424949238,
          "z_score": 3.021303034388659
        },
        "non_chromatic_ratio": {
          "raw": 1.0,
          "z_score": 1.9806949806949807
        }
      }
    },
    "piano_detail": {
      "total": 4.539359076940323,
      "variety_gate": 1.0,
      "features": {
        "avg_chord_spread": {
          "raw": 9.0,
          "z_score": 0.4257300042319087
        },
        "gap_ratio": {
          "raw": 0.6,
          "z_score": 0.005882352941176476
        },
        "register_separation": {
          "raw": 4.916666666666664,
          "z_score": 0.30110148067894477
        },
        "velocity_variance": {
          "raw": 0.052486388108147805,
          "z_score": 3.8066452390882928
        }
      }
    },
    "drums_detail": {
      "total": 2.6594696339411263,
      "features": {
        "kick_off_beat_ratio": {
          "raw": 0.5,
          "z_score": 0.2411347517730495
        },
        "snare_backbeat_ratio": {
          "raw": 0.0,
          "z_score": -0.3584905660377358
        },
        "velocity_variance": {
          "raw": 12.133516482134196,
          "z_score": 1.4476175274137335
        },
        "duration_variety": {
          "raw": 3,
          "z_score": 1.3292079207920793
        }
      }
    },
    "ensemble_detail": {
      "total": 0.8619099922166623,
      "duration_gate": 1.0,
      "features": {
        "collision_rate": {
          "raw": 0.08333333333333333,
          "z_score": 0.7801418439716312
        },
        "phrase_alignment": {
          "raw": 0.5,
          "z_score": 0.8171206225680933
        },
        "texture_density": {
          "raw": 0.6599999999999999,
          "z_score": 0.033088235294118085
        },
        "harmonic_consonance": {
          "raw": 0.5555555555555556,
          "z_score": -0.7684407096171803
        }
      }
    }
  },
  "has_midi": true,
  "error": null,
  "timestamp": "2025-12-01T04:23:09.186439"
}