{
  "step": 2,
  "rollout_id": 3,
  "key": "F",
  "tempo": 160,
  "reward": 0.5422815373670381,
  "breakdown": {
    "sax": -1.6129730928158972,
    "sax_sig": 0.25439355787227313,
    "bass": 0.67913901439913,
    "bass_sig": 0.611295091810923,
    "piano": 1.1684952614217154,
    "piano_sig": 0.6854638699339718,
    "drums": -2.333104961793547,
    "drums_sig": 0.17430723222270691,
    "ensemble": 3.1156299199040496,
    "ensemble_sig": 0.8886560902762046,
    "z_sum": 1.017186141115451,
    "combined": 0.5422815373670381,
    "sax_detail": {
      "total": -1.6129730928158972,
      "variety_gate": 0.5,
      "features": {
        "melodic_entropy": {
          "raw": 1.584962500721156,
          "z_score": -0.5607479064410961
        },
        "dur_cv": {
          "raw": 0.0,
          "z_score": -0.2978723404255319
        },
        "sax_arpeggio_runs": {
          "raw": 0,
          "z_score": -0.3391684901531729
        },
        "peak_not_late": {
          "raw": 0,
          "z_score": -2.325068870523416
        },
        "blue_ratio": {
          "raw": 0.25,
          "z_score": 0.4294871794871795
        },
        "rhythm_2grams": {
          "raw": 1,
          "z_score": -0.13257575757575726
        }
      }
    },
    "bass_detail": {
      "total": 0.67913901439913,
      "direction_gate": 1.0,
      "features": {
        "ioi_swing": {
          "raw": 0.0,
          "z_score": -0.24855491329479767
        },
        "non_chromatic_ratio": {
          "raw": 0.7272727272727273,
          "z_score": 0.9276939276939278
        }
      }
    },
    "piano_detail": {
      "total": 1.1684952614217154,
      "variety_gate": 0.5,
      "features": {
        "avg_chord_spread": {
          "raw": 10.5,
          "z_score": 1.0605162928480747
        },
        "gap_ratio": {
          "raw": 0.42857142857142855,
          "z_score": 1.0142857142857142
        },
        "register_separation": {
          "raw": 5.625,
          "z_score": 0.4929577464788732
        },
        "velocity_variance": {
          "raw": 0.0,
          "z_score": -0.23076923076923078
        }
      }
    },
    "drums_detail": {
      "total": -2.333104961793547,
      "features": {
        "kick_off_beat_ratio": {
          "raw": 0.5,
          "z_score": 0.2411347517730495
        },
        "snare_backbeat_ratio": {
          "raw": 0.0,
          "z_score": -0.3584905660377358
        },
        "velocity_variance": {
          "raw": 0.0,
          "z_score": -1.0697095435684647
        },
        "duration_variety": {
          "raw": 1,
          "z_score": -1.146039603960396
        }
      }
    },
    "ensemble_detail": {
      "total": 3.1156299199040496,
      "duration_gate": 1.0,
      "features": {
        "collision_rate": {
          "raw": 0.0,
          "z_score": 1.223404255319149
        },
        "phrase_alignment": {
          "raw": 0.5,
          "z_score": 0.8171206225680933
        },
        "texture_density": {
          "raw": 0.6119999999999999,
          "z_score": 0.20955882352941235
        },
        "harmonic_consonance": {
          "raw": 0.75,
          "z_score": 0.8655462184873949
        }
      }
    }
  },
  "has_midi": true,
  "error": null,
  "timestamp": "2025-11-30T21:20:55.536430"
}