{
  "step": 1,
  "rollout_id": 31,
  "key": "D",
  "tempo": 160,
  "reward": 0.24734327470898057,
  "breakdown": {
    "sax": -0.982195830878725,
    "sax_sig": 0.3419093103445317,
    "bass": -0.8468342125295707,
    "bass_sig": 0.36249391325565755,
    "piano": -3.5740443361958287,
    "piano_sig": 0.08450174878160584,
    "drums": -0.5908779005820326,
    "drums_sig": 0.4027743344169982,
    "ensemble": -0.6830403187133255,
    "ensemble_sig": 0.38808708591304253,
    "z_sum": -6.676992598899482,
    "combined": 0.24734327470898057,
    "sax_detail": {
      "total": -0.982195830878725,
      "variety_gate": 0.25,
      "features": {
        "melodic_entropy": {
          "raw": 2.725480556997868,
          "z_score": 0.6787377312094713
        },
        "dur_cv": {
          "raw": 0.0,
          "z_score": -0.8880854560394412
        },
        "sax_arpeggio_runs": {
          "raw": 0,
          "z_score": -0.4150099290132615
        },
        "peak_not_late": {
          "raw": 0,
          "z_score": -1.6329142343960483
        },
        "blue_ratio": {
          "raw": 0.1,
          "z_score": -0.785143769968051
        },
        "rhythm_2grams": {
          "raw": 1,
          "z_score": -0.8863676653075695
        }
      }
    },
    "bass_detail": {
      "total": -0.8468342125295707,
      "direction_gate": 1.0,
      "features": {
        "ioi_swing": {
          "raw": 0.0,
          "z_score": -0.8105992171032821
        },
        "non_chromatic_ratio": {
          "raw": 0.7058823529411765,
          "z_score": -0.03623499542628859
        }
      }
    },
    "piano_detail": {
      "total": -3.5740443361958287,
      "variety_gate": 1.0,
      "features": {
        "avg_chord_spread": {
          "raw": 4.0,
          "z_score": -0.9163318777292577
        },
        "gap_ratio": {
          "raw": 0.8,
          "z_score": -1.6405529953917053
        },
        "register_separation": {
          "raw": 4.049999999999997,
          "z_score": -0.43821209465381283
        },
        "velocity_variance": {
          "raw": 0.0,
          "z_score": -0.5789473684210527
        }
      }
    },
    "drums_detail": {
      "total": -0.5908779005820326,
      "features": {
        "kick_off_beat_ratio": {
          "raw": 0.5,
          "z_score": -0.8253055108539016
        },
        "snare_backbeat_ratio": {
          "raw": 0.0,
          "z_score": -0.5855710048313247
        },
        "velocity_variance": {
          "raw": 12.133516482134196,
          "z_score": -0.16198161523876686
        },
        "duration_variety": {
          "raw": 3,
          "z_score": 0.9819802303419605
        }
      }
    },
    "ensemble_detail": {
      "total": -0.6830403187133255,
      "duration_gate": 1.0,
      "features": {
        "collision_rate": {
          "raw": 0.0,
          "z_score": 1.4514925373134329
        },
        "phrase_alignment": {
          "raw": 1.0,
          "z_score": -1.66875
        },
        "texture_density": {
          "raw": 0.752,
          "z_score": -0.5989159891598915
        },
        "harmonic_consonance": {
          "raw": 0.7777777777777778,
          "z_score": 0.13313313313313313
        }
      }
    }
  },
  "has_midi": true,
  "error": null,
  "timestamp": "2025-11-30T17:24:55.378191"
}