{
  "id": 29,
  "generation": 34,
  "reward": 0.6114697075886065,
  "breakdown": {
    "sax": -0.6029914682529124,
    "sax_sig": 0.40083327940326746,
    "bass": -1.3223060723060722,
    "bass_sig": 0.29285929700889063,
    "piano": 2.463893232737632,
    "piano_sig": 0.8378877966425053,
    "drums": 1.1617378474166118,
    "drums_sig": 0.6844917795489537,
    "ensemble_mult": 1.0466666666666666,
    "z_sum": 1.700333539595259,
    "base_reward": 0.5842067269954839,
    "combined": 0.6114697075886065,
    "sax_detail": {
      "total": -0.6029914682529124,
      "variety_gate": 0.5,
      "features": {
        "melodic_entropy": {
          "raw": 1.9219280948873623,
          "z_score": 0.14420103532920983
        },
        "dur_cv": {
          "raw": 0.0,
          "z_score": -0.2978723404255319
        },
        "sax_arpeggio_runs": {
          "raw": 4,
          "z_score": 2.5784099197665937
        },
        "peak_not_late": {
          "raw": 0,
          "z_score": -2.325068870523416
        },
        "blue_ratio": {
          "raw": 0.0,
          "z_score": -1.1730769230769231
        },
        "rhythm_2grams": {
          "raw": 1,
          "z_score": -0.13257575757575726
        }
      }
    },
    "bass_detail": {
      "total": -1.3223060723060722,
      "chromatic_gate": 1.0,
      "direction_gate": 1.0,
      "features": {
        "duration_variety": {
          "raw": 1,
          "z_score": -1.0
        },
        "velocity_variance": {
          "raw": 0.0,
          "z_score": -1.25
        },
        "non_chromatic_ratio": {
          "raw": 0.7272727272727273,
          "z_score": 0.9276939276939278
        }
      }
    },
    "piano_detail": {
      "total": 2.463893232737632,
      "tonic_bonus": 1.2,
      "register_failed": false,
      "avg_pitch": 68.91666666666667,
      "features": {
        "unique_chords": {
          "raw": 2,
          "capped": 2,
          "z_score": 0.146551724137931,
          "weight": 1.0
        },
        "avg_chord_duration": {
          "raw": 0.375,
          "z_score": 0.5573770491803279,
          "weight": 1.5
        },
        "cluster_ratio": {
          "raw": 0.0,
          "z_score": 0.6666666666666667,
          "weight": 1.0
        },
        "out_of_key_ratio": {
          "raw": 0.0,
          "z_score": 0.6039603960396039,
          "weight": 1.0
        },
        "chord_duration_variety": {
          "raw": 1,
          "z_score": -0.20000000000000018,
          "weight": 1.0
        }
      }
    },
    "drums_detail": {
      "total": 1.1617378474166118,
      "features": {
        "duration_variety": {
          "raw": 2,
          "z_score": 0.06567534076827748
        },
        "kick_off_beat_ratio": {
          "raw": 0.5,
          "z_score": 0.23571428571428552
        },
        "velocity_variance": {
          "raw": 9.428090415820632,
          "z_score": 0.8603482209340488
        }
      }
    },
    "ensemble_detail": {
      "total": 1.0466666666666666,
      "dynamic_coherence": 0.7333333333333333
    }
  },
  "metrics": {
    "reward": 0.6114697075886065,
    "note_count": 42,
    "valid_midi": 1.0,
    "unique_durs": 1,
    "has_rests": true
  },
  "has_midi": true,
  "error": null,
  "timestamp": "2025-12-02T14:34:03.551318"
}