{
  "id": 24,
  "generation": 25,
  "reward": 0.33231335612943136,
  "breakdown": {
    "sax": 0.018624659516097195,
    "sax_sig": 0.5031040700404361,
    "bass": 0.328138663398779,
    "bass_sig": 0.5544727151659504,
    "piano": -1.2956704281594158,
    "piano_sig": 0.29655014124832785,
    "drums": -2.727115994102452,
    "drums_sig": 0.13966473815904712,
    "ensemble": -0.5104205002640181,
    "ensemble_sig": 0.41574138231112706,
    "z_sum": -4.186443599611009,
    "combined": 0.33231335612943136,
    "sax_detail": {
      "total": 0.018624659516097195,
      "variety_gate": 0.5,
      "features": {
        "melodic_entropy": {
          "raw": 1.5726236638951638,
          "z_score": -0.5865613726042598
        },
        "dur_cv": {
          "raw": 0.0,
          "z_score": -0.2978723404255319
        },
        "sax_arpeggio_runs": {
          "raw": 0,
          "z_score": -0.3391684901531729
        },
        "peak_not_late": {
          "raw": 1,
          "z_score": 0.42975206611570255
        },
        "blue_ratio": {
          "raw": 0.3333333333333333,
          "z_score": 0.9636752136752136
        },
        "rhythm_2grams": {
          "raw": 1,
          "z_score": -0.13257575757575726
        }
      }
    },
    "bass_detail": {
      "total": 0.328138663398779,
      "direction_gate": 1.0,
      "features": {
        "ioi_swing": {
          "raw": 0.0,
          "z_score": -0.24855491329479767
        },
        "non_chromatic_ratio": {
          "raw": 0.6363636363636364,
          "z_score": 0.5766935766935767
        }
      }
    },
    "piano_detail": {
      "total": -1.2956704281594158,
      "variety_gate": 0.5,
      "features": {
        "avg_chord_spread": {
          "raw": 7.0,
          "z_score": -0.4206517139229792
        },
        "gap_ratio": {
          "raw": 0.84,
          "z_score": -1.4058823529411764
        },
        "register_separation": {
          "raw": 1.8333333333333357,
          "z_score": -0.5340375586854453
        },
        "velocity_variance": {
          "raw": 0.0,
          "z_score": -0.23076923076923078
        }
      }
    },
    "drums_detail": {
      "total": -2.727115994102452,
      "features": {
        "kick_off_beat_ratio": {
          "raw": 0.4444444444444444,
          "z_score": -0.15287628053585536
        },
        "snare_backbeat_ratio": {
          "raw": 0.0,
          "z_score": -0.3584905660377358
        },
        "velocity_variance": {
          "raw": 0.0,
          "z_score": -1.0697095435684647
        },
        "duration_variety": {
          "raw": 1,
          "z_score": -1.146039603960396
        }
      }
    },
    "ensemble_detail": {
      "total": -0.5104205002640181,
      "duration_gate": 1.0,
      "features": {
        "collision_rate": {
          "raw": 0.0,
          "z_score": 1.223404255319149
        },
        "phrase_alignment": {
          "raw": 0.5,
          "z_score": 0.8171206225680933
        },
        "texture_density": {
          "raw": 0.884,
          "z_score": -0.7904411764705881
        },
        "harmonic_consonance": {
          "raw": 0.4375,
          "z_score": -1.7605042016806725
        }
      }
    }
  },
  "metrics": {
    "reward": 0.33231335612943136,
    "note_count": 67,
    "valid_midi": 1.0,
    "unique_durs": 1,
    "has_rests": true
  },
  "has_midi": true,
  "error": null,
  "timestamp": "2025-12-01T00:59:09.004360"
}