{
  "step": 17,
  "rollout_id": 5,
  "key": "D",
  "tempo": 160,
  "reward": 0.21489883357349018,
  "breakdown": {
    "sax": -0.5369264494387191,
    "sax_sig": 0.4114556695604015,
    "bass": -1.3559672099482667,
    "bass_sig": 0.2882336749331442,
    "piano": -1.3796887962733024,
    "piano_sig": 0.28500016945452933,
    "drums": -2.2345081536280595,
    "drums_sig": 0.18397094815227452,
    "ensemble": -2.2667806389389025,
    "ensemble_sig": 0.18076293271745023,
    "z_sum": -7.77387124822725,
    "combined": 0.21489883357349018,
    "sax_detail": {
      "total": -0.5369264494387191,
      "variety_gate": 0.5,
      "features": {
        "melodic_entropy": {
          "raw": 2.1180782093497093,
          "z_score": -0.5751894934977102
        },
        "dur_cv": {
          "raw": 0.0,
          "z_score": -0.8880854560394412
        },
        "sax_arpeggio_runs": {
          "raw": 0,
          "z_score": -0.4150099290132615
        },
        "peak_not_late": {
          "raw": 1,
          "z_score": 0.6122586439155816
        },
        "blue_ratio": {
          "raw": 0.3333333333333333,
          "z_score": 1.0785410010649625
        },
        "rhythm_2grams": {
          "raw": 1,
          "z_score": -0.8863676653075695
        }
      }
    },
    "bass_detail": {
      "total": -1.3559672099482667,
      "direction_gate": 1.0,
      "features": {
        "ioi_swing": {
          "raw": 0.0,
          "z_score": -0.8105992171032821
        },
        "non_chromatic_ratio": {
          "raw": 0.5454545454545454,
          "z_score": -0.5453679928449846
        }
      }
    },
    "piano_detail": {
      "total": -1.3796887962733024,
      "variety_gate": 0.5,
      "features": {
        "avg_chord_spread": {
          "raw": 7.0,
          "z_score": -0.39231441048034943
        },
        "gap_ratio": {
          "raw": 0.6666666666666666,
          "z_score": -1.0261136712749614
        },
        "register_separation": {
          "raw": 1.8333333333333286,
          "z_score": -0.7620021423702412
        },
        "velocity_variance": {
          "raw": 0.0,
          "z_score": -0.5789473684210527
        }
      }
    },
    "drums_detail": {
      "total": -2.2345081536280595,
      "features": {
        "kick_off_beat_ratio": {
          "raw": 0.5,
          "z_score": -0.8253055108539016
        },
        "snare_backbeat_ratio": {
          "raw": 0.0,
          "z_score": -0.5855710048313247
        },
        "velocity_variance": {
          "raw": 7.637626158259733,
          "z_score": -0.605414075688574
        },
        "duration_variety": {
          "raw": 2,
          "z_score": -0.21821756225425926
        }
      }
    },
    "ensemble_detail": {
      "total": -2.2667806389389025,
      "duration_gate": 1.0,
      "features": {
        "collision_rate": {
          "raw": 0.5,
          "z_score": -0.41417910447761186
        },
        "phrase_alignment": {
          "raw": 0.6666666666666666,
          "z_score": -0.6270833333333331
        },
        "texture_density": {
          "raw": 0.9400000000000001,
          "z_score": -1.1084010840108403
        },
        "harmonic_consonance": {
          "raw": 0.75,
          "z_score": -0.11711711711711723
        }
      }
    }
  },
  "has_midi": true,
  "error": null,
  "timestamp": "2025-11-30T20:38:23.237644"
}