{
  "id": 20,
  "generation": 13,
  "reward": 0.4002953939379663,
  "breakdown": {
    "sax": 0.7230924825184435,
    "sax_sig": 0.6182345862542741,
    "bass": -1.7778634426033268,
    "bass_sig": 0.23411092714843731,
    "piano": 0.4794724890072475,
    "piano_sig": 0.5792385441111899,
    "drums": -2.333104961793547,
    "drums_sig": 0.17430723222270691,
    "ensemble": 0.4829967247820288,
    "ensemble_sig": 0.579811058035689,
    "z_sum": -2.425406708089154,
    "combined": 0.4002953939379663,
    "sax_detail": {
      "total": 0.7230924825184435,
      "variety_gate": 0.5,
      "features": {
        "melodic_entropy": {
          "raw": 1.9056390622295665,
          "z_score": 0.1101235611497207
        },
        "dur_cv": {
          "raw": 0.0,
          "z_score": -0.2978723404255319
        },
        "sax_arpeggio_runs": {
          "raw": 0,
          "z_score": -0.3391684901531729
        },
        "peak_not_late": {
          "raw": 1,
          "z_score": 0.42975206611570255
        },
        "blue_ratio": {
          "raw": 0.4444444444444444,
          "z_score": 1.6759259259259258
        },
        "rhythm_2grams": {
          "raw": 1,
          "z_score": -0.13257575757575726
        }
      }
    },
    "bass_detail": {
      "total": -1.7778634426033268,
      "direction_gate": 1.0,
      "features": {
        "ioi_swing": {
          "raw": 0.0,
          "z_score": -0.24855491329479767
        },
        "non_chromatic_ratio": {
          "raw": 0.09090909090909091,
          "z_score": -1.5293085293085291
        }
      }
    },
    "piano_detail": {
      "total": 0.4794724890072475,
      "variety_gate": 0.5,
      "features": {
        "avg_chord_spread": {
          "raw": 10.0,
          "z_score": 0.8489208633093526
        },
        "gap_ratio": {
          "raw": 0.7272727272727273,
          "z_score": -0.7427807486631018
        },
        "register_separation": {
          "raw": 7.805555555555557,
          "z_score": 1.083574094137475
        },
        "velocity_variance": {
          "raw": 0.0,
          "z_score": -0.23076923076923078
        }
      }
    },
    "drums_detail": {
      "total": -2.333104961793547,
      "features": {
        "kick_off_beat_ratio": {
          "raw": 0.5,
          "z_score": 0.2411347517730495
        },
        "snare_backbeat_ratio": {
          "raw": 0.0,
          "z_score": -0.3584905660377358
        },
        "velocity_variance": {
          "raw": 0.0,
          "z_score": -1.0697095435684647
        },
        "duration_variety": {
          "raw": 1,
          "z_score": -1.146039603960396
        }
      }
    },
    "ensemble_detail": {
      "total": 0.4829967247820288,
      "duration_gate": 1.0,
      "features": {
        "collision_rate": {
          "raw": 0.1111111111111111,
          "z_score": 0.632387706855792
        },
        "phrase_alignment": {
          "raw": 0.5,
          "z_score": 0.8171206225680933
        },
        "texture_density": {
          "raw": 0.868,
          "z_score": -0.7316176470588233
        },
        "harmonic_consonance": {
          "raw": 0.6190476190476191,
          "z_score": -0.23489395758303322
        }
      }
    }
  },
  "metrics": {
    "reward": 0.4002953939379663,
    "note_count": 45,
    "valid_midi": 1.0,
    "unique_durs": 1,
    "has_rests": true
  },
  "has_midi": true,
  "error": null,
  "timestamp": "2025-11-30T23:11:04.346508"
}