{
  "id": 25,
  "generation": 42,
  "reward": 0.5648003093733631,
  "breakdown": {
    "sax": 0.3892229981938231,
    "sax_sig": 0.5645089513727195,
    "bass": -0.7248623896022739,
    "bass_sig": 0.38148696295716106,
    "piano": 2.1894169732087634,
    "piano_sig": 0.8114732193025871,
    "drums": 1.0253856042441885,
    "drums_sig": 0.664539566434094,
    "ensemble": -1.3151596904180993,
    "ensemble_sig": 0.2938469122756051,
    "z_sum": 1.5640034956264015,
    "combined": 0.5648003093733631,
    "sax_detail": {
      "total": 0.3892229981938231,
      "variety_gate": 0.25,
      "features": {
        "melodic_entropy": {
          "raw": 2.469240782172285,
          "z_score": 1.2892066572641943
        },
        "dur_cv": {
          "raw": 0.0,
          "z_score": -0.2978723404255319
        },
        "sax_arpeggio_runs": {
          "raw": 0,
          "z_score": -0.3391684901531729
        },
        "peak_not_late": {
          "raw": 1,
          "z_score": 0.42975206611570255
        },
        "blue_ratio": {
          "raw": 0.2777777777777778,
          "z_score": 0.6075498575498577
        },
        "rhythm_2grams": {
          "raw": 1,
          "z_score": -0.13257575757575726
        }
      }
    },
    "bass_detail": {
      "total": -0.7248623896022739,
      "direction_gate": 1.0,
      "features": {
        "ioi_swing": {
          "raw": 0.0,
          "z_score": -0.24855491329479767
        },
        "non_chromatic_ratio": {
          "raw": 0.36363636363636365,
          "z_score": -0.4763074763074762
        }
      }
    },
    "piano_detail": {
      "total": 2.1894169732087634,
      "variety_gate": 1.0,
      "features": {
        "avg_chord_spread": {
          "raw": 8.0,
          "z_score": 0.0025391451544647596
        },
        "gap_ratio": {
          "raw": 0.7,
          "z_score": -0.5823529411764704
        },
        "register_separation": {
          "raw": 15.75,
          "z_score": 3.0
        },
        "velocity_variance": {
          "raw": 0.0,
          "z_score": -0.23076923076923078
        }
      }
    },
    "drums_detail": {
      "total": 1.0253856042441885,
      "features": {
        "kick_off_beat_ratio": {
          "raw": 0.5,
          "z_score": 0.2411347517730495
        },
        "snare_backbeat_ratio": {
          "raw": 0.5,
          "z_score": 3.0
        },
        "velocity_variance": {
          "raw": 0.0,
          "z_score": -1.0697095435684647
        },
        "duration_variety": {
          "raw": 1,
          "z_score": -1.146039603960396
        }
      }
    },
    "ensemble_detail": {
      "total": -1.3151596904180993,
      "duration_gate": 1.0,
      "features": {
        "collision_rate": {
          "raw": 0.16666666666666666,
          "z_score": 0.3368794326241136
        },
        "phrase_alignment": {
          "raw": 1.0,
          "z_score": -1.1284046692607006
        },
        "texture_density": {
          "raw": 0.9039999999999999,
          "z_score": -0.8639705882352936
        },
        "harmonic_consonance": {
          "raw": 0.6875,
          "z_score": 0.34033613445378136
        }
      }
    }
  },
  "metrics": {
    "reward": 0.5648003093733631,
    "note_count": 50,
    "valid_midi": 1.0,
    "unique_durs": 1,
    "has_rests": false
  },
  "has_midi": true,
  "error": null,
  "timestamp": "2025-12-01T03:08:00.529519"
}