{
  "id": 8,
  "generation": 53,
  "reward": 0.7027502841880156,
  "breakdown": {
    "sax": 0.43148649585433374,
    "sax_sig": 0.5714225938143398,
    "bass": 0.7306949806949807,
    "bass_sig": 0.6194300979814052,
    "piano": -0.04557569063208711,
    "piano_sig": 0.49240463587313615,
    "drums": 2.027648554244778,
    "drums_sig": 0.7944181490857471,
    "ensemble_mult": 1.0774596669241483,
    "z_sum": 3.144254340162006,
    "base_reward": 0.6522288543701824,
    "combined": 0.7027502841880156,
    "sax_detail": {
      "total": 0.43148649585433374,
      "variety_gate": 1.0,
      "features": {
        "melodic_entropy": {
          "raw": 1.0,
          "z_score": -1.784518828451883
        },
        "dur_cv": {
          "raw": 0.14966629547095767,
          "z_score": 1.2943222922442306
        },
        "sax_arpeggio_runs": {
          "raw": 0,
          "z_score": -0.3391684901531729
        },
        "peak_not_late": {
          "raw": 1,
          "z_score": 0.42975206611570255
        },
        "blue_ratio": {
          "raw": 0.3333333333333333,
          "z_score": 0.9636752136752136
        },
        "rhythm_2grams": {
          "raw": 1,
          "z_score": -0.13257575757575726
        }
      }
    },
    "bass_detail": {
      "total": 0.7306949806949807,
      "chromatic_gate": 1.0,
      "direction_gate": 1.0,
      "features": {
        "duration_variety": {
          "raw": 2,
          "z_score": 0.0
        },
        "velocity_variance": {
          "raw": 0.0,
          "z_score": -1.25
        },
        "non_chromatic_ratio": {
          "raw": 1.0,
          "z_score": 1.9806949806949807
        }
      }
    },
    "piano_detail": {
      "total": -0.04557569063208711,
      "tonic_bonus": 1.0,
      "register_failed": false,
      "avg_pitch": 51.25,
      "features": {
        "unique_chords": {
          "raw": 2,
          "capped": 2,
          "z_score": 0.146551724137931,
          "weight": 1.0
        },
        "avg_chord_duration": {
          "raw": 0.5,
          "z_score": 1.5819672131147542,
          "weight": 1.5
        },
        "cluster_ratio": {
          "raw": 1.0,
          "z_score": -1.7314148681055157,
          "weight": 1.0
        },
        "out_of_key_ratio": {
          "raw": 0.125,
          "z_score": -0.6336633663366337,
          "weight": 1.0
        },
        "chord_duration_variety": {
          "raw": 1,
          "z_score": -0.20000000000000018,
          "weight": 1.0
        }
      }
    },
    "drums_detail": {
      "total": 2.027648554244778,
      "features": {
        "duration_variety": {
          "raw": 3,
          "z_score": 1.3048327137546467
        },
        "kick_off_beat_ratio": {
          "raw": 0.5,
          "z_score": 0.23571428571428552
        },
        "velocity_variance": {
          "raw": 7.637626158259733,
          "z_score": 0.487101554775846
        }
      }
    },
    "ensemble_detail": {
      "total": 1.0774596669241483,
      "dynamic_coherence": 0.8872983346207417
    }
  },
  "metrics": {
    "reward": 0.7027502841880156,
    "note_count": 73,
    "valid_midi": 1.0,
    "unique_durs": 2,
    "has_rests": true
  },
  "has_midi": true,
  "error": null,
  "timestamp": "2025-12-02T16:13:10.479850"
}