{
  "step": 32,
  "rollout_id": 31,
  "key": "D",
  "tempo": 160,
  "reward": 0.6664928869708524,
  "breakdown": {
    "sax": -0.12109376002747359,
    "sax_sig": 0.4798286605258449,
    "bass": 1.3811397163998318,
    "bass_sig": 0.7151968971168157,
    "piano": -0.2981718184362525,
    "piano_sig": 0.45046769113048296,
    "drums": 2.6594696339411263,
    "drums_sig": 0.8548278415504731,
    "ensemble": 0.5328478709142404,
    "ensemble_sig": 0.5878857268328627,
    "z_sum": 4.1541916427914725,
    "combined": 0.6664928869708524,
    "sax_detail": {
      "total": -0.12109376002747359,
      "variety_gate": 0.5,
      "features": {
        "melodic_entropy": {
          "raw": 1.584962500721156,
          "z_score": -0.5607479064410961
        },
        "dur_cv": {
          "raw": 0.0,
          "z_score": -0.2978723404255319
        },
        "sax_arpeggio_runs": {
          "raw": 0,
          "z_score": -0.3391684901531729
        },
        "peak_not_late": {
          "raw": 1,
          "z_score": 0.42975206611570255
        },
        "blue_ratio": {
          "raw": 0.2857142857142857,
          "z_score": 0.6584249084249083
        },
        "rhythm_2grams": {
          "raw": 1,
          "z_score": -0.13257575757575726
        }
      }
    },
    "bass_detail": {
      "total": 1.3811397163998318,
      "direction_gate": 1.0,
      "features": {
        "ioi_swing": {
          "raw": 0.0,
          "z_score": -0.24855491329479767
        },
        "non_chromatic_ratio": {
          "raw": 0.9090909090909091,
          "z_score": 1.6296946296946295
        }
      }
    },
    "piano_detail": {
      "total": -0.2981718184362525,
      "variety_gate": 0.5,
      "features": {
        "avg_chord_spread": {
          "raw": 7.666666666666667,
          "z_score": -0.13852447453801642
        },
        "gap_ratio": {
          "raw": 0.6666666666666666,
          "z_score": -0.3862745098039215
        },
        "register_separation": {
          "raw": 4.392857142857146,
          "z_score": 0.1592245782386635
        },
        "velocity_variance": {
          "raw": 0.0,
          "z_score": -0.23076923076923078
        }
      }
    },
    "drums_detail": {
      "total": 2.6594696339411263,
      "features": {
        "kick_off_beat_ratio": {
          "raw": 0.5,
          "z_score": 0.2411347517730495
        },
        "snare_backbeat_ratio": {
          "raw": 0.0,
          "z_score": -0.3584905660377358
        },
        "velocity_variance": {
          "raw": 12.133516482134196,
          "z_score": 1.4476175274137335
        },
        "duration_variety": {
          "raw": 3,
          "z_score": 1.3292079207920793
        }
      }
    },
    "ensemble_detail": {
      "total": 0.5328478709142404,
      "duration_gate": 1.0,
      "features": {
        "collision_rate": {
          "raw": 0.2857142857142857,
          "z_score": -0.29635258358662603
        },
        "phrase_alignment": {
          "raw": 0.5,
          "z_score": 0.8171206225680933
        },
        "texture_density": {
          "raw": 0.924,
          "z_score": -0.9375
        },
        "harmonic_consonance": {
          "raw": 0.76,
          "z_score": 0.9495798319327731
        }
      }
    }
  },
  "has_midi": true,
  "error": null,
  "timestamp": "2025-12-01T01:29:46.686279"
}