{
  "step": 33,
  "rollout_id": 22,
  "key": "Dm",
  "tempo": 160,
  "reward": 0.9402315960504588,
  "breakdown": {
    "sax": -0.6227615842429056,
    "sax_sig": 0.3976720510262372,
    "bass": -0.26930501930501927,
    "bass_sig": 0.45523600694864574,
    "piano": 5.945765679023868,
    "piano_sig": 0.9813639184190219,
    "drums": 5.249132488454855,
    "drums_sig": 0.9706713092172448,
    "ensemble_mult": 1.06,
    "z_sum": 10.302831563930798,
    "base_reward": 0.8870109396702441,
    "combined": 0.9402315960504588,
    "sax_detail": {
      "total": -0.6227615842429056,
      "variety_gate": 0.5,
      "features": {
        "melodic_entropy": {
          "raw": 1.9808259362290785,
          "z_score": 0.2674182766298715
        },
        "dur_cv": {
          "raw": 0.0,
          "z_score": -0.2978723404255319
        },
        "sax_arpeggio_runs": {
          "raw": 0,
          "z_score": -0.3391684901531729
        },
        "peak_not_late": {
          "raw": 1,
          "z_score": 0.42975206611570255
        },
        "blue_ratio": {
          "raw": 0.0,
          "z_score": -1.1730769230769231
        },
        "rhythm_2grams": {
          "raw": 1,
          "z_score": -0.13257575757575726
        }
      }
    },
    "bass_detail": {
      "total": -0.26930501930501927,
      "chromatic_gate": 1.0,
      "direction_gate": 1.0,
      "features": {
        "duration_variety": {
          "raw": 1,
          "z_score": -1.0
        },
        "velocity_variance": {
          "raw": 0.0,
          "z_score": -1.25
        },
        "non_chromatic_ratio": {
          "raw": 1.0,
          "z_score": 1.9806949806949807
        }
      }
    },
    "piano_detail": {
      "total": 5.945765679023868,
      "tonic_bonus": 1.2,
      "register_failed": false,
      "avg_pitch": 66.33333333333333,
      "features": {
        "unique_chords": {
          "raw": 3,
          "capped": 3,
          "z_score": 1.0086206896551724,
          "weight": 1.0
        },
        "avg_chord_duration": {
          "raw": 1.5,
          "z_score": 3.0,
          "weight": 1.5
        },
        "cluster_ratio": {
          "raw": 0.3333333333333333,
          "z_score": -0.13269384492406067,
          "weight": 1.0
        },
        "out_of_key_ratio": {
          "raw": 0.08333333333333333,
          "z_score": -0.22112211221122108,
          "weight": 1.0
        },
        "chord_duration_variety": {
          "raw": 1,
          "z_score": -0.20000000000000018,
          "weight": 1.0
        }
      }
    },
    "drums_detail": {
      "total": 5.249132488454855,
      "features": {
        "duration_variety": {
          "raw": 4,
          "z_score": 2.5439900867410157
        },
        "kick_off_beat_ratio": {
          "raw": 0.6666666666666667,
          "z_score": 1.4261904761904765
        },
        "velocity_variance": {
          "raw": 11.436132386735569,
          "z_score": 1.2789519255233623
        }
      }
    },
    "ensemble_detail": {
      "total": 1.06,
      "dynamic_coherence": 0.7999999999999999
    }
  },
  "has_midi": true,
  "error": null,
  "timestamp": "2025-12-02T14:17:33.161106"
}