{
  "step": 1,
  "rollout_id": 14,
  "key": "Fm",
  "tempo": 160,
  "reward": 0.1614797499631997,
  "has_midi": true,
  "error": null,
  "timestamp": "2025-11-30T16:01:26.727138"
}