{
  "step": 13,
  "rollout_id": 2,
  "key": "Dm",
  "tempo": 160,
  "reward": 0.36686350121978795,
  "breakdown": {
    "sax": 0.16055991404113348,
    "sax_sig": 0.5267344645926963,
    "bass": -0.9620104798676228,
    "bass_sig": 0.3449436211225732,
    "piano": 2.618287982557441,
    "piano_sig": 0.8513875249642567,
    "drums": -5.278547698259367,
    "drums_sig": 0.028775542396895587,
    "ensemble_mult": 1.1,
    "z_sum": -3.4617102815284153,
    "base_reward": 0.3335122738361708,
    "combined": 0.36686350121978795,
    "sax_detail": {
      "total": 0.16055991404113348,
      "variety_gate": 0.25,
      "features": {
        "melodic_entropy": {
          "raw": 1.2870540281187268,
          "z_score": -1.1839873888729564
        },
        "dur_cv": {
          "raw": 0.0,
          "z_score": -0.2978723404255319
        },
        "sax_arpeggio_runs": {
          "raw": 6,
          "z_score": 3.0
        },
        "peak_not_late": {
          "raw": 1,
          "z_score": 0.42975206611570255
        },
        "blue_ratio": {
          "raw": 0.0,
          "z_score": -1.1730769230769231
        },
        "rhythm_2grams": {
          "raw": 1,
          "z_score": -0.13257575757575726
        }
      }
    },
    "bass_detail": {
      "total": -0.9620104798676228,
      "chromatic_gate": 0.5,
      "direction_gate": 1.0,
      "features": {
        "duration_variety": {
          "raw": 1,
          "z_score": -1.0
        },
        "velocity_variance": {
          "raw": 0.0,
          "z_score": -1.25
        },
        "non_chromatic_ratio": {
          "raw": 0.5714285714285714,
          "z_score": 0.32597904026475444
        }
      }
    },
    "piano_detail": {
      "total": 2.618287982557441,
      "tonic_bonus": 1.2,
      "register_failed": false,
      "avg_pitch": 66.37037037037037,
      "features": {
        "unique_chords": {
          "raw": 3,
          "capped": 3,
          "z_score": 1.0086206896551724,
          "weight": 1.0
        },
        "avg_chord_duration": {
          "raw": 0.375,
          "z_score": 0.5573770491803279,
          "weight": 1.5
        },
        "cluster_ratio": {
          "raw": 0.0,
          "z_score": 0.6666666666666667,
          "weight": 1.0
        },
        "out_of_key_ratio": {
          "raw": 0.07407407407407407,
          "z_score": -0.1294462779611294,
          "weight": 1.0
        },
        "chord_duration_variety": {
          "raw": 1,
          "z_score": -0.20000000000000018,
          "weight": 1.0
        }
      }
    },
    "drums_detail": {
      "total": -5.278547698259367,
      "features": {
        "duration_variety": {
          "raw": 1,
          "z_score": -1.1734820322180917
        },
        "kick_off_beat_ratio": {
          "raw": 0.0,
          "z_score": -3.0
        },
        "velocity_variance": {
          "raw": 0.0,
          "z_score": -1.1050656660412759
        }
      }
    },
    "ensemble_detail": {
      "total": 1.1,
      "dynamic_coherence": 1.0
    }
  },
  "has_midi": true,
  "error": null,
  "timestamp": "2025-12-02T13:29:42.733734"
}