{
  "id": 7,
  "generation": 63,
  "reward": 0.5246702099336975,
  "breakdown": {
    "sax": -0.349368415684605,
    "sax_sig": 0.44203374085690345,
    "bass": -1.0121533871533872,
    "bass_sig": 0.3374298225950656,
    "piano": 1.5490443675484589,
    "piano_sig": 0.7374382851619721,
    "drums": 0.041802818432612465,
    "drums_sig": 0.5069666855181919,
    "ensemble_mult": 1.025819888974716,
    "z_sum": 0.22932538314307904,
    "base_reward": 0.5114642595378938,
    "combined": 0.5246702099336975,
    "sax_detail": {
      "total": -0.349368415684605,
      "variety_gate": 0.5,
      "features": {
        "melodic_entropy": {
          "raw": 1.561278124459133,
          "z_score": -0.610296810754952
        },
        "dur_cv": {
          "raw": 0.0,
          "z_score": -0.2978723404255319
        },
        "sax_arpeggio_runs": {
          "raw": 0,
          "z_score": -0.3391684901531729
        },
        "peak_not_late": {
          "raw": 1,
          "z_score": 0.42975206611570255
        },
        "blue_ratio": {
          "raw": 0.2222222222222222,
          "z_score": 0.25142450142450135
        },
        "rhythm_2grams": {
          "raw": 1,
          "z_score": -0.13257575757575726
        }
      }
    },
    "bass_detail": {
      "total": -1.0121533871533872,
      "chromatic_gate": 0.5,
      "direction_gate": 1.0,
      "features": {
        "duration_variety": {
          "raw": 1,
          "z_score": -1.0
        },
        "velocity_variance": {
          "raw": 0.0,
          "z_score": -1.25
        },
        "non_chromatic_ratio": {
          "raw": 0.5454545454545454,
          "z_score": 0.22569322569322559
        }
      }
    },
    "piano_detail": {
      "total": 1.5490443675484589,
      "tonic_bonus": 1.2,
      "register_failed": false,
      "avg_pitch": 57.583333333333336,
      "features": {
        "unique_chords": {
          "raw": 3,
          "capped": 3,
          "z_score": 1.0086206896551724,
          "weight": 1.0
        },
        "avg_chord_duration": {
          "raw": 0.375,
          "z_score": 0.5573770491803279,
          "weight": 1.5
        },
        "cluster_ratio": {
          "raw": 0.3333333333333333,
          "z_score": -0.13269384492406067,
          "weight": 1.0
        },
        "out_of_key_ratio": {
          "raw": 0.08333333333333333,
          "z_score": -0.22112211221122108,
          "weight": 1.0
        },
        "chord_duration_variety": {
          "raw": 1,
          "z_score": -0.20000000000000018,
          "weight": 1.0
        }
      }
    },
    "drums_detail": {
      "total": 0.041802818432612465,
      "features": {
        "duration_variety": {
          "raw": 1,
          "z_score": -1.1734820322180917
        },
        "kick_off_beat_ratio": {
          "raw": 0.5,
          "z_score": 0.23571428571428552
        },
        "velocity_variance": {
          "raw": 10.0,
          "z_score": 0.9795705649364186
        }
      }
    },
    "ensemble_detail": {
      "total": 1.025819888974716,
      "dynamic_coherence": 0.6290994448735805
    }
  },
  "metrics": {
    "reward": 0.5246702099336975,
    "note_count": 57,
    "valid_midi": 1.0,
    "unique_durs": 1,
    "has_rests": true
  },
  "has_midi": true,
  "error": null,
  "timestamp": "2025-12-02T17:18:56.740979"
}