{
  "id": 13,
  "generation": 31,
  "reward": 0.6472384928471597,
  "breakdown": {
    "sax": -0.646601576903988,
    "sax_sig": 0.39387139922666703,
    "bass": 0.7306949806949807,
    "bass_sig": 0.6194300979814052,
    "piano": -0.8655175771958202,
    "piano_sig": 0.35962048675297276,
    "drums": 2.964878140209853,
    "drums_sig": 0.8783166957205382,
    "ensemble_mult": 1.0654653670707976,
    "z_sum": 2.1834539668050255,
    "base_reward": 0.6074702311784783,
    "combined": 0.6472384928471597,
    "sax_detail": {
      "total": -0.646601576903988,
      "variety_gate": 0.5,
      "features": {
        "melodic_entropy": {
          "raw": 0.9366673818775626,
          "z_score": -1.9170138454444297
        },
        "dur_cv": {
          "raw": 0.0,
          "z_score": -0.2978723404255319
        },
        "sax_arpeggio_runs": {
          "raw": 0,
          "z_score": -0.3391684901531729
        },
        "peak_not_late": {
          "raw": 1,
          "z_score": 0.42975206611570255
        },
        "blue_ratio": {
          "raw": 0.3333333333333333,
          "z_score": 0.9636752136752136
        },
        "rhythm_2grams": {
          "raw": 1,
          "z_score": -0.13257575757575726
        }
      }
    },
    "bass_detail": {
      "total": 0.7306949806949807,
      "chromatic_gate": 1.0,
      "direction_gate": 1.0,
      "features": {
        "duration_variety": {
          "raw": 2,
          "z_score": 0.0
        },
        "velocity_variance": {
          "raw": 0.0,
          "z_score": -1.25
        },
        "non_chromatic_ratio": {
          "raw": 1.0,
          "z_score": 1.9806949806949807
        }
      }
    },
    "piano_detail": {
      "total": -0.8655175771958202,
      "tonic_bonus": 1.2,
      "register_failed": false,
      "avg_pitch": 66.25,
      "features": {
        "unique_chords": {
          "raw": 2,
          "capped": 2,
          "z_score": 0.146551724137931,
          "weight": 1.0
        },
        "avg_chord_duration": {
          "raw": 0.25,
          "z_score": -0.4672131147540983,
          "weight": 1.5
        },
        "cluster_ratio": {
          "raw": 0.0,
          "z_score": 0.6666666666666667,
          "weight": 1.0
        },
        "out_of_key_ratio": {
          "raw": 0.125,
          "z_score": -0.6336633663366337,
          "weight": 1.0
        },
        "chord_duration_variety": {
          "raw": 1,
          "z_score": -0.20000000000000018,
          "weight": 1.0
        }
      }
    },
    "drums_detail": {
      "total": 2.964878140209853,
      "features": {
        "duration_variety": {
          "raw": 3,
          "z_score": 1.3048327137546467
        },
        "kick_off_beat_ratio": {
          "raw": 0.5,
          "z_score": 0.23571428571428552
        },
        "velocity_variance": {
          "raw": 12.133516482134198,
          "z_score": 1.424331140740921
        }
      }
    },
    "ensemble_detail": {
      "total": 1.0654653670707976,
      "dynamic_coherence": 0.8273268353539885
    }
  },
  "metrics": {
    "reward": 0.6472384928471597,
    "note_count": 90,
    "valid_midi": 1.0,
    "unique_durs": 1,
    "has_rests": true
  },
  "has_midi": true,
  "error": null,
  "timestamp": "2025-12-02T14:18:57.881799"
}