{
  "step": 49,
  "rollout_id": 26,
  "key": "D",
  "tempo": 160,
  "reward": 0.9664071750988918,
  "breakdown": {
    "sax": 9.176793771487375,
    "sax_sig": 0.997801683087281,
    "bass": 1.0301393653994813,
    "bass_sig": 0.6652456912542147,
    "piano": 3.3165774399084778,
    "piano_sig": 0.9012375699407897,
    "drums": 5.8391917796411485,
    "drums_sig": 0.9800190858178012,
    "ensemble": 0.7929341565346324,
    "ensemble_sig": 0.6291618379324693,
    "z_sum": 20.155636512971114,
    "combined": 0.9664071750988918,
    "sax_detail": {
      "total": 9.176793771487375,
      "variety_gate": 1.0,
      "features": {
        "melodic_entropy": {
          "raw": 1.974937501201927,
          "z_score": 0.25509937489942897
        },
        "dur_cv": {
          "raw": 0.6546536707079771,
          "z_score": 6.66652841178699
        },
        "sax_arpeggio_runs": {
          "raw": 3,
          "z_score": 1.8490153172866521
        },
        "peak_not_late": {
          "raw": 1,
          "z_score": 0.42975206611570255
        },
        "blue_ratio": {
          "raw": 0.2,
          "z_score": 0.10897435897435907
        },
        "rhythm_2grams": {
          "raw": 1,
          "z_score": -0.13257575757575726
        }
      }
    },
    "bass_detail": {
      "total": 1.0301393653994813,
      "direction_gate": 1.0,
      "features": {
        "ioi_swing": {
          "raw": 0.0,
          "z_score": -0.24855491329479767
        },
        "non_chromatic_ratio": {
          "raw": 0.8181818181818182,
          "z_score": 1.278694278694279
        }
      }
    },
    "piano_detail": {
      "total": 3.3165774399084778,
      "variety_gate": 1.0,
      "features": {
        "avg_chord_spread": {
          "raw": 9.0,
          "z_score": 0.4257300042319087
        },
        "gap_ratio": {
          "raw": 0.6666666666666666,
          "z_score": -0.3862745098039215
        },
        "register_separation": {
          "raw": 1.8499999999999943,
          "z_score": -0.5295232936078023
        },
        "velocity_variance": {
          "raw": 0.052486388108147805,
          "z_score": 3.8066452390882928
        }
      }
    },
    "drums_detail": {
      "total": 5.8391917796411485,
      "features": {
        "kick_off_beat_ratio": {
          "raw": 0.5714285714285714,
          "z_score": 0.747720364741641
        },
        "snare_backbeat_ratio": {
          "raw": 0.16666666666666666,
          "z_score": 1.2138364779874213
        },
        "velocity_variance": {
          "raw": 11.474071683044968,
          "z_score": 1.3108032537437695
        },
        "duration_variety": {
          "raw": 4,
          "z_score": 2.5668316831683167
        }
      }
    },
    "ensemble_detail": {
      "total": 0.7929341565346324,
      "duration_gate": 1.0,
      "features": {
        "collision_rate": {
          "raw": 0.2,
          "z_score": 0.15957446808510636
        },
        "phrase_alignment": {
          "raw": 0.75,
          "z_score": -0.15564202334630364
        },
        "texture_density": {
          "raw": 0.584,
          "z_score": 0.3125000000000003
        },
        "harmonic_consonance": {
          "raw": 0.7037037037037037,
          "z_score": 0.47650171179582945
        }
      }
    }
  },
  "has_midi": true,
  "error": null,
  "timestamp": "2025-12-01T03:44:37.763737"
}