{
  "id": 24,
  "generation": 22,
  "reward": 0.40755705585769153,
  "breakdown": {
    "sax": -3.1116052138329553,
    "sax_sig": 0.11160967360885483,
    "bass": -0.2345559845559846,
    "bass_sig": 0.46098679872116444,
    "piano": 1.3784280802302953,
    "piano_sig": 0.7148285312656638,
    "drums": -0.2817420684658809,
    "drums_sig": 0.4531805544524462,
    "ensemble_mult": 1.0466666666666666,
    "z_sum": -2.2494751866245255,
    "base_reward": 0.38938572215703016,
    "combined": 0.40755705585769153,
    "sax_detail": {
      "total": -3.1116052138329553,
      "variety_gate": 0.5,
      "features": {
        "melodic_entropy": {
          "raw": 0.9182958340544896,
          "z_score": -1.9554480459111097
        },
        "dur_cv": {
          "raw": 0.0,
          "z_score": -0.2978723404255319
        },
        "sax_arpeggio_runs": {
          "raw": 0,
          "z_score": -0.3391684901531729
        },
        "peak_not_late": {
          "raw": 0,
          "z_score": -2.325068870523416
        },
        "blue_ratio": {
          "raw": 0.0,
          "z_score": -1.1730769230769231
        },
        "rhythm_2grams": {
          "raw": 1,
          "z_score": -0.13257575757575726
        }
      }
    },
    "bass_detail": {
      "total": -0.2345559845559846,
      "chromatic_gate": 1.0,
      "direction_gate": 1.0,
      "features": {
        "duration_variety": {
          "raw": 2,
          "z_score": 0.0
        },
        "velocity_variance": {
          "raw": 0.0,
          "z_score": -1.25
        },
        "non_chromatic_ratio": {
          "raw": 0.75,
          "z_score": 1.0154440154440154
        }
      }
    },
    "piano_detail": {
      "total": 1.3784280802302953,
      "tonic_bonus": 1.0,
      "register_failed": false,
      "avg_pitch": 71.83333333333333,
      "features": {
        "unique_chords": {
          "raw": 3,
          "capped": 3,
          "z_score": 1.0086206896551724,
          "weight": 1.0
        },
        "avg_chord_duration": {
          "raw": 0.25,
          "z_score": -0.4672131147540983,
          "weight": 1.5
        },
        "cluster_ratio": {
          "raw": 0.0,
          "z_score": 0.6666666666666667,
          "weight": 1.0
        },
        "out_of_key_ratio": {
          "raw": 0.0,
          "z_score": 0.6039603960396039,
          "weight": 1.0
        },
        "chord_duration_variety": {
          "raw": 1,
          "z_score": -0.20000000000000018,
          "weight": 1.0
        }
      }
    },
    "drums_detail": {
      "total": -0.2817420684658809,
      "features": {
        "duration_variety": {
          "raw": 3,
          "z_score": 1.3048327137546467
        },
        "kick_off_beat_ratio": {
          "raw": 0.19999999999999996,
          "z_score": -1.9071428571428575
        },
        "velocity_variance": {
          "raw": 6.838765055402416,
          "z_score": 0.32056807492232986
        }
      }
    },
    "ensemble_detail": {
      "total": 1.0466666666666666,
      "dynamic_coherence": 0.7333333333333333
    }
  },
  "metrics": {
    "reward": 0.40755705585769153,
    "note_count": 67,
    "valid_midi": 1.0,
    "unique_durs": 1,
    "has_rests": true
  },
  "has_midi": true,
  "error": null,
  "timestamp": "2025-12-02T13:23:57.290110"
}