{
  "id": 5,
  "generation": 44,
  "reward": 0.2982321628889457,
  "breakdown": {
    "sax": -0.2319630648639848,
    "sax_sig": 0.4614163498637654,
    "bass": -1.075862740602625,
    "bass_sig": 0.3280006403243589,
    "piano": 1.0415610249096565,
    "piano_sig": 0.6669392411310026,
    "drums": -4.3366159511903595,
    "drums_sig": 0.052596410625025077,
    "ensemble": -0.5315015463093925,
    "ensemble_sig": 0.41233174515597276,
    "z_sum": -5.134382278056705,
    "combined": 0.2982321628889457,
    "sax_detail": {
      "total": -0.2319630648639848,
      "variety_gate": 0.25,
      "features": {
        "melodic_entropy": {
          "raw": 1.4353713907745331,
          "z_score": -0.8737000193001399
        },
        "dur_cv": {
          "raw": 0.0,
          "z_score": -0.2978723404255319
        },
        "sax_arpeggio_runs": {
          "raw": 2,
          "z_score": 1.1196207148067103
        },
        "peak_not_late": {
          "raw": 1,
          "z_score": 0.42975206611570255
        },
        "blue_ratio": {
          "raw": 0.0,
          "z_score": -1.1730769230769231
        },
        "rhythm_2grams": {
          "raw": 1,
          "z_score": -0.13257575757575726
        }
      }
    },
    "bass_detail": {
      "total": -1.075862740602625,
      "direction_gate": 1.0,
      "features": {
        "ioi_swing": {
          "raw": 0.0,
          "z_score": -0.24855491329479767
        },
        "non_chromatic_ratio": {
          "raw": 0.2727272727272727,
          "z_score": -0.8273078273078274
        }
      }
    },
    "piano_detail": {
      "total": 1.0415610249096565,
      "variety_gate": 1.0,
      "features": {
        "avg_chord_spread": {
          "raw": 9.0,
          "z_score": 0.4257300042319087
        },
        "gap_ratio": {
          "raw": 0.45454545454545453,
          "z_score": 0.8614973262032085
        },
        "register_separation": {
          "raw": 3.75,
          "z_score": -0.014897074756229728
        },
        "velocity_variance": {
          "raw": 0.0,
          "z_score": -0.23076923076923078
        }
      }
    },
    "drums_detail": {
      "total": -4.3366159511903595,
      "features": {
        "kick_off_beat_ratio": {
          "raw": 0.0,
          "z_score": -3.0
        },
        "snare_backbeat_ratio": {
          "raw": 0.0,
          "z_score": -0.3584905660377358
        },
        "velocity_variance": {
          "raw": 0.0,
          "z_score": -1.0697095435684647
        },
        "duration_variety": {
          "raw": 2,
          "z_score": 0.09158415841584167
        }
      }
    },
    "ensemble_detail": {
      "total": -0.5315015463093925,
      "duration_gate": 1.0,
      "features": {
        "collision_rate": {
          "raw": 0.4166666666666667,
          "z_score": -0.9929078014184397
        },
        "phrase_alignment": {
          "raw": 1.0,
          "z_score": -1.1284046692607006
        },
        "texture_density": {
          "raw": 0.4720000000000001,
          "z_score": 0.7242647058823527
        },
        "harmonic_consonance": {
          "raw": 0.75,
          "z_score": 0.8655462184873949
        }
      }
    }
  },
  "metrics": {
    "reward": 0.2982321628889457,
    "note_count": 54,
    "valid_midi": 1.0,
    "unique_durs": 1,
    "has_rests": false
  },
  "has_midi": true,
  "error": null,
  "timestamp": "2025-12-01T03:19:05.210661"
}