{
  "step": 21,
  "rollout_id": 12,
  "key": "Dm",
  "tempo": 160,
  "reward": 0.6271168091009236,
  "breakdown": {
    "sax": -0.6965263406865114,
    "sax_sig": 0.38595417981592745,
    "bass": 0.67913901439913,
    "bass_sig": 0.611295091810923,
    "piano": -1.112000666498858,
    "piano_sig": 0.3227125521891713,
    "drums": 5.493487879678076,
    "drums_sig": 0.9749698452146962,
    "ensemble": -1.2448942135841006,
    "ensemble_sig": 0.30365998237023906,
    "z_sum": 3.1192056733077362,
    "combined": 0.6271168091009236,
    "sax_detail": {
      "total": -0.6965263406865114,
      "variety_gate": 0.5,
      "features": {
        "melodic_entropy": {
          "raw": 0.9910760598382222,
          "z_score": -1.8031881593342631
        },
        "dur_cv": {
          "raw": 0.0,
          "z_score": -0.2978723404255319
        },
        "sax_arpeggio_runs": {
          "raw": 0,
          "z_score": -0.3391684901531729
        },
        "peak_not_late": {
          "raw": 1,
          "z_score": 0.42975206611570255
        },
        "blue_ratio": {
          "raw": 0.3,
          "z_score": 0.75
        },
        "rhythm_2grams": {
          "raw": 1,
          "z_score": -0.13257575757575726
        }
      }
    },
    "bass_detail": {
      "total": 0.67913901439913,
      "direction_gate": 1.0,
      "features": {
        "ioi_swing": {
          "raw": 0.0,
          "z_score": -0.24855491329479767
        },
        "non_chromatic_ratio": {
          "raw": 0.7272727272727273,
          "z_score": 0.9276939276939278
        }
      }
    },
    "piano_detail": {
      "total": -1.112000666498858,
      "variety_gate": 0.5,
      "features": {
        "avg_chord_spread": {
          "raw": 5.0,
          "z_score": -1.2670334320778671
        },
        "gap_ratio": {
          "raw": 0.6666666666666666,
          "z_score": -0.3862745098039215
        },
        "register_separation": {
          "raw": 2.549999999999997,
          "z_score": -0.33992416034669637
        },
        "velocity_variance": {
          "raw": 0.0,
          "z_score": -0.23076923076923078
        }
      }
    },
    "drums_detail": {
      "total": 5.493487879678076,
      "features": {
        "kick_off_beat_ratio": {
          "raw": 0.6666666666666667,
          "z_score": 1.423167848699764
        },
        "snare_backbeat_ratio": {
          "raw": 0.2,
          "z_score": 1.528301886792453
        },
        "velocity_variance": {
          "raw": 11.00174527675802,
          "z_score": 1.2128102233937803
        },
        "duration_variety": {
          "raw": 3,
          "z_score": 1.3292079207920793
        }
      }
    },
    "ensemble_detail": {
      "total": -1.2448942135841006,
      "duration_gate": 1.0,
      "features": {
        "collision_rate": {
          "raw": 0.3,
          "z_score": -0.37234042553191476
        },
        "phrase_alignment": {
          "raw": 0.75,
          "z_score": -0.15564202334630364
        },
        "texture_density": {
          "raw": 0.5279999999999999,
          "z_score": 0.5183823529411768
        },
        "harmonic_consonance": {
          "raw": 0.5,
          "z_score": -1.235294117647059
        }
      }
    }
  },
  "has_midi": true,
  "error": null,
  "timestamp": "2025-11-30T23:21:02.305542"
}