{
  "id": 21,
  "generation": 50,
  "reward": 0.734287246782665,
  "breakdown": {
    "sax": -0.05734151610645906,
    "sax_sig": 0.4904442443167817,
    "bass": -0.26930501930501927,
    "bass_sig": 0.45523600694864574,
    "piano": 1.2281618523638684,
    "piano_sig": 0.6939761530607511,
    "drums": 3.403127757047442,
    "drums_sig": 0.9062558023917943,
    "ensemble_mult": 1.0447213595499958,
    "z_sum": 4.3046430739998325,
    "base_reward": 0.7028546320704618,
    "combined": 0.734287246782665,
    "sax_detail": {
      "total": -0.05734151610645906,
      "variety_gate": 0.5,
      "features": {
        "melodic_entropy": {
          "raw": 1.5,
          "z_score": -0.7384937238493724
        },
        "dur_cv": {
          "raw": 0.0,
          "z_score": -0.2978723404255319
        },
        "sax_arpeggio_runs": {
          "raw": 0,
          "z_score": -0.3391684901531729
        },
        "peak_not_late": {
          "raw": 1,
          "z_score": 0.42975206611570255
        },
        "blue_ratio": {
          "raw": 0.3333333333333333,
          "z_score": 0.9636752136752136
        },
        "rhythm_2grams": {
          "raw": 1,
          "z_score": -0.13257575757575726
        }
      }
    },
    "bass_detail": {
      "total": -0.26930501930501927,
      "chromatic_gate": 1.0,
      "direction_gate": 1.0,
      "features": {
        "duration_variety": {
          "raw": 1,
          "z_score": -1.0
        },
        "velocity_variance": {
          "raw": 0.0,
          "z_score": -1.25
        },
        "non_chromatic_ratio": {
          "raw": 1.0,
          "z_score": 1.9806949806949807
        }
      }
    },
    "piano_detail": {
      "total": 1.2281618523638684,
      "tonic_bonus": 1.0,
      "register_failed": false,
      "avg_pitch": 65.41666666666667,
      "features": {
        "unique_chords": {
          "raw": 2,
          "capped": 2,
          "z_score": 0.146551724137931,
          "weight": 1.0
        },
        "avg_chord_duration": {
          "raw": 0.375,
          "z_score": 0.5573770491803279,
          "weight": 1.5
        },
        "cluster_ratio": {
          "raw": 0.0,
          "z_score": 0.6666666666666667,
          "weight": 1.0
        },
        "out_of_key_ratio": {
          "raw": 0.08333333333333333,
          "z_score": -0.22112211221122108,
          "weight": 1.0
        },
        "chord_duration_variety": {
          "raw": 1,
          "z_score": -0.20000000000000018,
          "weight": 1.0
        }
      }
    },
    "drums_detail": {
      "total": 3.403127757047442,
      "features": {
        "duration_variety": {
          "raw": 4,
          "z_score": 2.5439900867410157
        },
        "kick_off_beat_ratio": {
          "raw": 0.5,
          "z_score": 0.23571428571428552
        },
        "velocity_variance": {
          "raw": 8.2915619758885,
          "z_score": 0.623423384592141
        }
      }
    },
    "ensemble_detail": {
      "total": 1.0447213595499958,
      "dynamic_coherence": 0.7236067977499789
    }
  },
  "metrics": {
    "reward": 0.734287246782665,
    "note_count": 49,
    "valid_midi": 1.0,
    "unique_durs": 1,
    "has_rests": true
  },
  "has_midi": true,
  "error": null,
  "timestamp": "2025-12-02T15:56:09.574041"
}