{
  "id": 3,
  "generation": 25,
  "reward": 0.6834897501399915,
  "breakdown": {
    "sax": 1.3179510442899378,
    "sax_sig": 0.7065390785036942,
    "bass": -1.3223060723060722,
    "bass_sig": 0.29285929700889063,
    "piano": 1.5181779715563413,
    "piano_sig": 0.7334345672576467,
    "drums": 1.6746387064140251,
    "drums_sig": 0.7533251381487623,
    "ensemble_mult": 1.0447213595499958,
    "z_sum": 3.188461649954232,
    "base_reward": 0.6542316225202847,
    "combined": 0.6834897501399915,
    "sax_detail": {
      "total": 1.3179510442899378,
      "variety_gate": 0.5,
      "features": {
        "melodic_entropy": {
          "raw": 2.7219280948873625,
          "z_score": 1.8178412026932271
        },
        "dur_cv": {
          "raw": 0.0,
          "z_score": -0.2978723404255319
        },
        "sax_arpeggio_runs": {
          "raw": 0,
          "z_score": -0.3391684901531729
        },
        "peak_not_late": {
          "raw": 1,
          "z_score": 0.42975206611570255
        },
        "blue_ratio": {
          "raw": 0.36363636363636365,
          "z_score": 1.157925407925408
        },
        "rhythm_2grams": {
          "raw": 1,
          "z_score": -0.13257575757575726
        }
      }
    },
    "bass_detail": {
      "total": -1.3223060723060722,
      "chromatic_gate": 1.0,
      "direction_gate": 1.0,
      "features": {
        "duration_variety": {
          "raw": 1,
          "z_score": -1.0
        },
        "velocity_variance": {
          "raw": 0.0,
          "z_score": -1.25
        },
        "non_chromatic_ratio": {
          "raw": 0.7272727272727273,
          "z_score": 0.9276939276939278
        }
      }
    },
    "piano_detail": {
      "total": 1.5181779715563413,
      "tonic_bonus": 1.2,
      "register_failed": false,
      "avg_pitch": 66.0,
      "features": {
        "unique_chords": {
          "raw": 3,
          "capped": 3,
          "z_score": 1.0086206896551724,
          "weight": 1.0
        },
        "avg_chord_duration": {
          "raw": 0.375,
          "z_score": 0.5573770491803279,
          "weight": 1.5
        },
        "cluster_ratio": {
          "raw": 0.0,
          "z_score": 0.6666666666666667,
          "weight": 1.0
        },
        "out_of_key_ratio": {
          "raw": 0.16666666666666666,
          "z_score": -1.046204620462046,
          "weight": 1.0
        },
        "chord_duration_variety": {
          "raw": 1,
          "z_score": -0.20000000000000018,
          "weight": 1.0
        }
      }
    },
    "drums_detail": {
      "total": 1.6746387064140251,
      "features": {
        "duration_variety": {
          "raw": 4,
          "z_score": 2.5439900867410157
        },
        "kick_off_beat_ratio": {
          "raw": 0.5,
          "z_score": 0.23571428571428552
        },
        "velocity_variance": {
          "raw": 0.0,
          "z_score": -1.1050656660412759
        }
      }
    },
    "ensemble_detail": {
      "total": 1.0447213595499958,
      "dynamic_coherence": 0.7236067977499789
    }
  },
  "metrics": {
    "reward": 0.6834897501399915,
    "note_count": 43,
    "valid_midi": 1.0,
    "unique_durs": 1,
    "has_rests": true
  },
  "has_midi": true,
  "error": null,
  "timestamp": "2025-12-02T13:26:27.608996"
}