{
  "step": 11,
  "rollout_id": 4,
  "key": "C",
  "tempo": 120,
  "reward": 0.451522568446586,
  "has_midi": true,
  "error": null,
  "timestamp": "2025-11-29T22:58:09.025709"
}