{
  "id": 17,
  "generation": 13,
  "reward": 0.5546147319633598,
  "breakdown": {
    "sax": 0.31790043339408247,
    "sax_sig": 0.5527859760200989,
    "bass": 0.328138663398779,
    "bass_sig": 0.5544727151659504,
    "piano": -0.34817253108828505,
    "piano_sig": 0.44223038518257357,
    "drums": 0.08376408360155851,
    "drums_sig": 0.513957053804486,
    "ensemble": 0.9343734561738708,
    "ensemble_sig": 0.6508813740160344,
    "z_sum": 1.3160041054800058,
    "combined": 0.5546147319633598,
    "sax_detail": {
      "total": 0.31790043339408247,
      "variety_gate": 0.25,
      "features": {
        "melodic_entropy": {
          "raw": 2.1626441180472606,
          "z_score": 0.6477910419398759
        },
        "dur_cv": {
          "raw": 0.0,
          "z_score": -0.2978723404255319
        },
        "sax_arpeggio_runs": {
          "raw": 0,
          "z_score": -0.3391684901531729
        },
        "peak_not_late": {
          "raw": 1,
          "z_score": 0.42975206611570255
        },
        "blue_ratio": {
          "raw": 0.3333333333333333,
          "z_score": 0.9636752136752136
        },
        "rhythm_2grams": {
          "raw": 1,
          "z_score": -0.13257575757575726
        }
      }
    },
    "bass_detail": {
      "total": 0.328138663398779,
      "direction_gate": 1.0,
      "features": {
        "ioi_swing": {
          "raw": 0.0,
          "z_score": -0.24855491329479767
        },
        "non_chromatic_ratio": {
          "raw": 0.6363636363636364,
          "z_score": 0.5766935766935767
        }
      }
    },
    "piano_detail": {
      "total": -0.34817253108828505,
      "variety_gate": 0.5,
      "features": {
        "avg_chord_spread": {
          "raw": 5.0,
          "z_score": -1.2670334320778671
        },
        "gap_ratio": {
          "raw": 0.45454545454545453,
          "z_score": 0.8614973262032085
        },
        "register_separation": {
          "raw": 3.583333333333343,
          "z_score": -0.060039725532680756
        },
        "velocity_variance": {
          "raw": 0.0,
          "z_score": -0.23076923076923078
        }
      }
    },
    "drums_detail": {
      "total": 0.08376408360155851,
      "features": {
        "kick_off_beat_ratio": {
          "raw": 0.5,
          "z_score": 0.2411347517730495
        },
        "snare_backbeat_ratio": {
          "raw": 0.125,
          "z_score": 0.820754716981132
        },
        "velocity_variance": {
          "raw": 0.0,
          "z_score": -1.0697095435684647
        },
        "duration_variety": {
          "raw": 2,
          "z_score": 0.09158415841584167
        }
      }
    },
    "ensemble_detail": {
      "total": 0.9343734561738708,
      "duration_gate": 1.0,
      "features": {
        "collision_rate": {
          "raw": 0.16666666666666666,
          "z_score": 0.3368794326241136
        },
        "phrase_alignment": {
          "raw": 1.0,
          "z_score": -1.1284046692607006
        },
        "texture_density": {
          "raw": 0.30799999999999983,
          "z_score": 1.3272058823529418
        },
        "harmonic_consonance": {
          "raw": 0.6944444444444444,
          "z_score": 0.398692810457516
        }
      }
    }
  },
  "metrics": {
    "reward": 0.5546147319633598,
    "note_count": 72,
    "valid_midi": 1.0,
    "unique_durs": 1,
    "has_rests": false
  },
  "has_midi": true,
  "error": null,
  "timestamp": "2025-11-30T23:11:06.121806"
}