{
  "step": 3,
  "rollout_id": 9,
  "key": "C",
  "tempo": 120,
  "reward": 0.5517109523659558,
  "has_midi": true,
  "error": null,
  "timestamp": "2025-11-29T21:58:33.747529"
}