{
  "step": 20,
  "rollout_id": 25,
  "key": "F",
  "tempo": 160,
  "reward": 0.2722497771218843,
  "breakdown": {
    "sax": -2.564734847181274,
    "sax_sig": 0.15318664486290634,
    "bass": -1.3559672099482667,
    "bass_sig": 0.2882336749331442,
    "piano": -1.458810424474685,
    "piano_sig": 0.27437445958919976,
    "drums": 0.42324674141236773,
    "drums_sig": 0.5700767984719026,
    "ensemble": -0.9431619341388133,
    "ensemble_sig": 0.3477884402695408,
    "z_sum": -5.899427674330671,
    "combined": 0.2722497771218843,
    "sax_detail": {
      "total": -2.564734847181274,
      "variety_gate": 0.5,
      "features": {
        "melodic_entropy": {
          "raw": 0.8904916402194913,
          "z_score": -3.109430965690563
        },
        "dur_cv": {
          "raw": 0.0,
          "z_score": -0.8880854560394412
        },
        "sax_arpeggio_runs": {
          "raw": 0,
          "z_score": -0.4150099290132615
        },
        "peak_not_late": {
          "raw": 1,
          "z_score": 0.6122586439155816
        },
        "blue_ratio": {
          "raw": 0.14285714285714285,
          "z_score": -0.4428343222272936
        },
        "rhythm_2grams": {
          "raw": 1,
          "z_score": -0.8863676653075695
        }
      }
    },
    "bass_detail": {
      "total": -1.3559672099482667,
      "direction_gate": 1.0,
      "features": {
        "ioi_swing": {
          "raw": 0.0,
          "z_score": -0.8105992171032821
        },
        "non_chromatic_ratio": {
          "raw": 0.5454545454545454,
          "z_score": -0.5453679928449846
        }
      }
    },
    "piano_detail": {
      "total": -1.458810424474685,
      "variety_gate": 0.5,
      "features": {
        "avg_chord_spread": {
          "raw": 7.0,
          "z_score": -0.39231441048034943
        },
        "gap_ratio": {
          "raw": 0.6666666666666666,
          "z_score": -1.0261136712749614
        },
        "register_separation": {
          "raw": 0.75,
          "z_score": -0.9202453987730062
        },
        "velocity_variance": {
          "raw": 0.0,
          "z_score": -0.5789473684210527
        }
      }
    },
    "drums_detail": {
      "total": 0.42324674141236773,
      "features": {
        "kick_off_beat_ratio": {
          "raw": 0.5,
          "z_score": -0.8253055108539016
        },
        "snare_backbeat_ratio": {
          "raw": 0.0,
          "z_score": -0.5855710048313247
        },
        "velocity_variance": {
          "raw": 10.246950765959598,
          "z_score": -0.34805476584058603
        },
        "duration_variety": {
          "raw": 4,
          "z_score": 2.18217802293818
        }
      }
    },
    "ensemble_detail": {
      "total": -0.9431619341388133,
      "duration_gate": 1.0,
      "features": {
        "collision_rate": {
          "raw": 0.07142857142857142,
          "z_score": 1.1849680170575694
        },
        "phrase_alignment": {
          "raw": 0.6666666666666666,
          "z_score": -0.6270833333333331
        },
        "texture_density": {
          "raw": 0.648,
          "z_score": -0.3170731707317073
        },
        "harmonic_consonance": {
          "raw": 0.631578947368421,
          "z_score": -1.1839734471313423
        }
      }
    }
  },
  "has_midi": true,
  "error": null,
  "timestamp": "2025-11-30T20:59:01.209402"
}