{
  "id": 18,
  "generation": 33,
  "reward": 0.6815045305697094,
  "breakdown": {
    "sax": 1.775831773940418,
    "sax_sig": 0.765646129204727,
    "bass": -1.3223060723060722,
    "bass_sig": 0.29285929700889063,
    "piano": -0.41380460898898686,
    "piano_sig": 0.4314666539946249,
    "drums": 3.0135382123138035,
    "drums_sig": 0.8817414428708957,
    "ensemble_mult": 1.0515593066201878,
    "z_sum": 3.0532593049591625,
    "base_reward": 0.648089486041572,
    "combined": 0.6815045305697094,
    "sax_detail": {
      "total": 1.775831773940418,
      "variety_gate": 1.0,
      "features": {
        "melodic_entropy": {
          "raw": 1.5,
          "z_score": -0.7384937238493724
        },
        "dur_cv": {
          "raw": 0.51425947722658,
          "z_score": 3.0
        },
        "sax_arpeggio_runs": {
          "raw": 1,
          "z_score": 0.39022611232676874
        },
        "peak_not_late": {
          "raw": 1,
          "z_score": 0.42975206611570255
        },
        "blue_ratio": {
          "raw": 0.0,
          "z_score": -1.1730769230769231
        },
        "rhythm_2grams": {
          "raw": 1,
          "z_score": -0.13257575757575726
        }
      }
    },
    "bass_detail": {
      "total": -1.3223060723060722,
      "chromatic_gate": 1.0,
      "direction_gate": 1.0,
      "features": {
        "duration_variety": {
          "raw": 1,
          "z_score": -1.0
        },
        "velocity_variance": {
          "raw": 0.0,
          "z_score": -1.25
        },
        "non_chromatic_ratio": {
          "raw": 0.7272727272727273,
          "z_score": 0.9276939276939278
        }
      }
    },
    "piano_detail": {
      "total": -0.41380460898898686,
      "tonic_bonus": 1.2,
      "register_failed": false,
      "avg_pitch": 56.333333333333336,
      "features": {
        "unique_chords": {
          "raw": 2,
          "capped": 2,
          "z_score": 0.146551724137931,
          "weight": 1.0
        },
        "avg_chord_duration": {
          "raw": 0.375,
          "z_score": 0.5573770491803279,
          "weight": 1.5
        },
        "cluster_ratio": {
          "raw": 1.0,
          "z_score": -1.7314148681055157,
          "weight": 1.0
        },
        "out_of_key_ratio": {
          "raw": 0.0,
          "z_score": 0.6039603960396039,
          "weight": 1.0
        },
        "chord_duration_variety": {
          "raw": 1,
          "z_score": -0.20000000000000018,
          "weight": 1.0
        }
      }
    },
    "drums_detail": {
      "total": 3.0135382123138035,
      "features": {
        "duration_variety": {
          "raw": 3,
          "z_score": 1.3048327137546467
        },
        "kick_off_beat_ratio": {
          "raw": 0.5,
          "z_score": 0.23571428571428552
        },
        "velocity_variance": {
          "raw": 12.366938848016845,
          "z_score": 1.472991212844871
        }
      }
    },
    "ensemble_detail": {
      "total": 1.0515593066201878,
      "dynamic_coherence": 0.7577965331009386
    }
  },
  "metrics": {
    "reward": 0.6815045305697094,
    "note_count": 67,
    "valid_midi": 1.0,
    "unique_durs": 2,
    "has_rests": true
  },
  "has_midi": true,
  "error": null,
  "timestamp": "2025-12-02T14:29:18.743315"
}