{
  "step": 49,
  "rollout_id": 31,
  "key": "Dm",
  "tempo": 160,
  "reward": 0.9007475723168537,
  "breakdown": {
    "sax": -1.1792577144771041,
    "sax_sig": 0.3129912465913091,
    "bass": 1.3811397163998318,
    "bass_sig": 0.7151968971168157,
    "piano": 6.192187793109412,
    "piano_sig": 0.9841424542163676,
    "drums": 4.934440996273409,
    "drums_sig": 0.9640712478812821,
    "ensemble": 1.9048412580530192,
    "ensemble_sig": 0.7807246313715027,
    "z_sum": 13.233352049358569,
    "combined": 0.9007475723168537,
    "sax_detail": {
      "total": -1.1792577144771041,
      "variety_gate": 0.5,
      "features": {
        "melodic_entropy": {
          "raw": 1.4488156357251847,
          "z_score": -0.8455739838385258
        },
        "dur_cv": {
          "raw": 0.0,
          "z_score": -0.2978723404255319
        },
        "sax_arpeggio_runs": {
          "raw": 0,
          "z_score": -0.3391684901531729
        },
        "peak_not_late": {
          "raw": 1,
          "z_score": 0.42975206611570255
        },
        "blue_ratio": {
          "raw": 0.0,
          "z_score": -1.1730769230769231
        },
        "rhythm_2grams": {
          "raw": 1,
          "z_score": -0.13257575757575726
        }
      }
    },
    "bass_detail": {
      "total": 1.3811397163998318,
      "direction_gate": 1.0,
      "features": {
        "ioi_swing": {
          "raw": 0.0,
          "z_score": -0.24855491329479767
        },
        "non_chromatic_ratio": {
          "raw": 0.9090909090909091,
          "z_score": 1.6296946296946295
        }
      }
    },
    "piano_detail": {
      "total": 6.192187793109412,
      "variety_gate": 1.0,
      "features": {
        "avg_chord_spread": {
          "raw": 10.0,
          "z_score": 0.8489208633093526
        },
        "gap_ratio": {
          "raw": 0.4,
          "z_score": 1.1823529411764702
        },
        "register_separation": {
          "raw": 1.875,
          "z_score": -0.5227518959913326
        },
        "velocity_variance": {
          "raw": 0.06388765649999399,
          "z_score": 4.683665884614922
        }
      }
    },
    "drums_detail": {
      "total": 4.934440996273409,
      "features": {
        "kick_off_beat_ratio": {
          "raw": 0.6666666666666667,
          "z_score": 1.423167848699764
        },
        "snare_backbeat_ratio": {
          "raw": 0.0,
          "z_score": -0.3584905660377358
        },
        "velocity_variance": {
          "raw": 11.436132386735569,
          "z_score": 1.302932030443064
        },
        "duration_variety": {
          "raw": 4,
          "z_score": 2.5668316831683167
        }
      }
    },
    "ensemble_detail": {
      "total": 1.9048412580530192,
      "duration_gate": 1.0,
      "features": {
        "collision_rate": {
          "raw": 0.25,
          "z_score": -0.1063829787234042
        },
        "phrase_alignment": {
          "raw": 0.6666666666666666,
          "z_score": 0.16861219195849547
        },
        "texture_density": {
          "raw": 0.30799999999999983,
          "z_score": 1.3272058823529418
        },
        "harmonic_consonance": {
          "raw": 0.7083333333333334,
          "z_score": 0.5154061624649862
        }
      }
    }
  },
  "has_midi": true,
  "error": null,
  "timestamp": "2025-12-01T03:47:05.128235"
}