{
  "step": 10,
  "rollout_id": 26,
  "key": "F",
  "tempo": 160,
  "reward": 0.3218195676823252,
  "breakdown": {
    "sax": 0.31533894701155996,
    "sax_sig": 0.5523637818164072,
    "bass": -0.373862038601923,
    "bass_sig": 0.43801023530346195,
    "piano": 0.482942213502852,
    "piano_sig": 0.5798022042809595,
    "drums": -4.641580490197452,
    "drums_sig": 0.04333938064383655,
    "ensemble": -0.25537265503657086,
    "ensemble_sig": 0.45754039728886625,
    "z_sum": -4.472534023321534,
    "combined": 0.3218195676823252,
    "sax_detail": {
      "total": 0.31533894701155996,
      "variety_gate": 0.25,
      "features": {
        "melodic_entropy": {
          "raw": 2.413088436425758,
          "z_score": 1.1717331305978198
        },
        "dur_cv": {
          "raw": 0.0,
          "z_score": -0.2978723404255319
        },
        "sax_arpeggio_runs": {
          "raw": 0,
          "z_score": -0.3391684901531729
        },
        "peak_not_late": {
          "raw": 1,
          "z_score": 0.42975206611570255
        },
        "blue_ratio": {
          "raw": 0.25,
          "z_score": 0.4294871794871795
        },
        "rhythm_2grams": {
          "raw": 1,
          "z_score": -0.13257575757575726
        }
      }
    },
    "bass_detail": {
      "total": -0.373862038601923,
      "direction_gate": 1.0,
      "features": {
        "ioi_swing": {
          "raw": 0.0,
          "z_score": -0.24855491329479767
        },
        "non_chromatic_ratio": {
          "raw": 0.45454545454545453,
          "z_score": -0.12530712530712532
        }
      }
    },
    "piano_detail": {
      "total": 0.482942213502852,
      "variety_gate": 1.0,
      "features": {
        "avg_chord_spread": {
          "raw": 8.0,
          "z_score": 0.0025391451544647596
        },
        "gap_ratio": {
          "raw": 0.45454545454545453,
          "z_score": 0.8614973262032085
        },
        "register_separation": {
          "raw": 3.25,
          "z_score": -0.1503250270855905
        },
        "velocity_variance": {
          "raw": 0.0,
          "z_score": -0.23076923076923078
        }
      }
    },
    "drums_detail": {
      "total": -4.641580490197452,
      "features": {
        "kick_off_beat_ratio": {
          "raw": 0.0,
          "z_score": -3.3049645390070927
        },
        "snare_backbeat_ratio": {
          "raw": 0.0,
          "z_score": -0.3584905660377358
        },
        "velocity_variance": {
          "raw": 0.0,
          "z_score": -1.0697095435684647
        },
        "duration_variety": {
          "raw": 2,
          "z_score": 0.09158415841584167
        }
      }
    },
    "ensemble_detail": {
      "total": -0.25537265503657086,
      "duration_gate": 1.0,
      "features": {
        "collision_rate": {
          "raw": 0.3333333333333333,
          "z_score": -0.5496453900709218
        },
        "phrase_alignment": {
          "raw": 1.0,
          "z_score": -1.1284046692607006
        },
        "texture_density": {
          "raw": 0.19999999999999996,
          "z_score": 1.724264705882353
        },
        "harmonic_consonance": {
          "raw": 0.6111111111111112,
          "z_score": -0.30158730158730135
        }
      }
    }
  },
  "has_midi": true,
  "error": null,
  "timestamp": "2025-11-30T22:12:01.824855"
}