{
  "step": 57,
  "rollout_id": 1,
  "key": "F",
  "tempo": 160,
  "reward": 0.8939773335212824,
  "breakdown": {
    "sax": -0.6154943925494897,
    "sax_sig": 0.3988330930794518,
    "bass": -0.5379313703013126,
    "bass_sig": 0.4112934448315461,
    "piano": 7.349291616978774,
    "piano_sig": 0.9926049929562224,
    "drums": 5.280035961553175,
    "drums_sig": 0.9712521734786995,
    "ensemble": 1.316263273667775,
    "ensemble_sig": 0.706305727581351,
    "z_sum": 12.792165089348922,
    "combined": 0.8939773335212824,
    "sax_detail": {
      "total": -0.6154943925494897,
      "variety_gate": 0.5,
      "features": {
        "melodic_entropy": {
          "raw": 1.9877733714879842,
          "z_score": 0.2819526600167033
        },
        "dur_cv": {
          "raw": 0.0,
          "z_score": -0.2978723404255319
        },
        "sax_arpeggio_runs": {
          "raw": 0,
          "z_score": -0.3391684901531729
        },
        "peak_not_late": {
          "raw": 1,
          "z_score": 0.42975206611570255
        },
        "blue_ratio": {
          "raw": 0.0,
          "z_score": -1.1730769230769231
        },
        "rhythm_2grams": {
          "raw": 1,
          "z_score": -0.13257575757575726
        }
      }
    },
    "bass_detail": {
      "total": -0.5379313703013126,
      "direction_gate": 0.5,
      "features": {
        "ioi_swing": {
          "raw": 0.0,
          "z_score": -0.24855491329479767
        },
        "non_chromatic_ratio": {
          "raw": 0.2727272727272727,
          "z_score": -0.8273078273078274
        }
      }
    },
    "piano_detail": {
      "total": 7.349291616978774,
      "variety_gate": 1.0,
      "features": {
        "avg_chord_spread": {
          "raw": 12.0,
          "z_score": 1.6953025814642404
        },
        "gap_ratio": {
          "raw": 0.45454545454545453,
          "z_score": 0.8614973262032085
        },
        "register_separation": {
          "raw": 3.107142857142854,
          "z_score": -0.18901872775112297
        },
        "velocity_variance": {
          "raw": 0.06775963568181181,
          "z_score": 4.981510437062448
        }
      }
    },
    "drums_detail": {
      "total": 5.280035961553175,
      "features": {
        "kick_off_beat_ratio": {
          "raw": 0.7142857142857143,
          "z_score": 1.7608915906788247
        },
        "snare_backbeat_ratio": {
          "raw": 0.0,
          "z_score": -0.3584905660377358
        },
        "velocity_variance": {
          "raw": 11.474071683044968,
          "z_score": 1.3108032537437695
        },
        "duration_variety": {
          "raw": 4,
          "z_score": 2.5668316831683167
        }
      }
    },
    "ensemble_detail": {
      "total": 1.316263273667775,
      "duration_gate": 1.0,
      "features": {
        "collision_rate": {
          "raw": 0.5714285714285714,
          "z_score": -1.816109422492401
        },
        "phrase_alignment": {
          "raw": 0.6666666666666666,
          "z_score": 0.16861219195849547
        },
        "texture_density": {
          "raw": 0.30399999999999994,
          "z_score": 1.3419117647058827
        },
        "harmonic_consonance": {
          "raw": 0.84,
          "z_score": 1.6218487394957979
        }
      }
    }
  },
  "has_midi": true,
  "error": null,
  "timestamp": "2025-12-01T04:56:35.705468"
}