{
  "step": 17,
  "rollout_id": 21,
  "key": "F",
  "tempo": 160,
  "reward": 0.7758664319203762,
  "breakdown": {
    "sax": 0.22758127484002982,
    "sax_sig": 0.5378576192589057,
    "bass": -1.3223060723060722,
    "bass_sig": 0.29285929700889063,
    "piano": 4.955666669122879,
    "piano_sig": 0.9645581836338973,
    "drums": 1.1617378474166118,
    "drums_sig": 0.6844917795489537,
    "ensemble_mult": 1.06,
    "z_sum": 5.022679719073448,
    "base_reward": 0.7319494640758265,
    "combined": 0.7758664319203762,
    "sax_detail": {
      "total": 0.22758127484002982,
      "variety_gate": 0.5,
      "features": {
        "melodic_entropy": {
          "raw": 1.9182958340544893,
          "z_score": 0.13660216329391078
        },
        "dur_cv": {
          "raw": 0.0,
          "z_score": -0.2978723404255319
        },
        "sax_arpeggio_runs": {
          "raw": 0,
          "z_score": -0.3391684901531729
        },
        "peak_not_late": {
          "raw": 1,
          "z_score": 0.42975206611570255
        },
        "blue_ratio": {
          "raw": 0.2857142857142857,
          "z_score": 0.6584249084249083
        },
        "rhythm_2grams": {
          "raw": 1,
          "z_score": -0.13257575757575726
        }
      }
    },
    "bass_detail": {
      "total": -1.3223060723060722,
      "chromatic_gate": 1.0,
      "direction_gate": 1.0,
      "features": {
        "duration_variety": {
          "raw": 1,
          "z_score": -1.0
        },
        "velocity_variance": {
          "raw": 0.0,
          "z_score": -1.25
        },
        "non_chromatic_ratio": {
          "raw": 0.7272727272727273,
          "z_score": 0.9276939276939278
        }
      }
    },
    "piano_detail": {
      "total": 4.955666669122879,
      "tonic_bonus": 1.2,
      "register_failed": false,
      "avg_pitch": 82.41666666666667,
      "features": {
        "unique_chords": {
          "raw": 3,
          "capped": 3,
          "z_score": 1.0086206896551724,
          "weight": 1.0
        },
        "avg_chord_duration": {
          "raw": 0.75,
          "z_score": 3.0,
          "weight": 1.5
        },
        "cluster_ratio": {
          "raw": 0.3333333333333333,
          "z_score": -0.13269384492406067,
          "weight": 1.0
        },
        "out_of_key_ratio": {
          "raw": 0.16666666666666666,
          "z_score": -1.046204620462046,
          "weight": 1.0
        },
        "chord_duration_variety": {
          "raw": 1,
          "z_score": -0.20000000000000018,
          "weight": 1.0
        }
      }
    },
    "drums_detail": {
      "total": 1.1617378474166118,
      "features": {
        "duration_variety": {
          "raw": 2,
          "z_score": 0.06567534076827748
        },
        "kick_off_beat_ratio": {
          "raw": 0.5,
          "z_score": 0.23571428571428552
        },
        "velocity_variance": {
          "raw": 9.428090415820632,
          "z_score": 0.8603482209340488
        }
      }
    },
    "ensemble_detail": {
      "total": 1.06,
      "dynamic_coherence": 0.7999999999999999
    }
  },
  "has_midi": true,
  "error": null,
  "timestamp": "2025-12-02T13:43:54.275125"
}