{
  "id": 24,
  "generation": 49,
  "reward": 0.339509314116546,
  "breakdown": {
    "sax": 0.09704657199051972,
    "sax_sig": 0.5161687891230857,
    "bass": -0.373862038601923,
    "bass_sig": 0.43801023530346195,
    "piano": -0.4567237918288146,
    "piano_sig": 0.4244620593561522,
    "drums": -1.0954811994173095,
    "drums_sig": 0.3251243340991838,
    "ensemble": -2.1638693870627153,
    "ensemble_sig": 0.19114620187825865,
    "z_sum": -3.9928898449202426,
    "combined": 0.339509314116546,
    "sax_detail": {
      "total": 0.09704657199051972,
      "variety_gate": 0.25,
      "features": {
        "melodic_entropy": {
          "raw": 2.413088436425758,
          "z_score": 1.1717331305978198
        },
        "dur_cv": {
          "raw": 0.0,
          "z_score": -0.2978723404255319
        },
        "sax_arpeggio_runs": {
          "raw": 1,
          "z_score": 0.39022611232676874
        },
        "peak_not_late": {
          "raw": 1,
          "z_score": 0.42975206611570255
        },
        "blue_ratio": {
          "raw": 0.0,
          "z_score": -1.1730769230769231
        },
        "rhythm_2grams": {
          "raw": 1,
          "z_score": -0.13257575757575726
        }
      }
    },
    "bass_detail": {
      "total": -0.373862038601923,
      "direction_gate": 1.0,
      "features": {
        "ioi_swing": {
          "raw": 0.0,
          "z_score": -0.24855491329479767
        },
        "non_chromatic_ratio": {
          "raw": 0.45454545454545453,
          "z_score": -0.12530712530712532
        }
      }
    },
    "piano_detail": {
      "total": -0.4567237918288146,
      "variety_gate": 0.5,
      "features": {
        "avg_chord_spread": {
          "raw": 6.0,
          "z_score": -0.8438425730004231
        },
        "gap_ratio": {
          "raw": 0.4444444444444444,
          "z_score": 0.9209150326797385
        },
        "register_separation": {
          "raw": 1.0,
          "z_score": -0.7597508125677139
        },
        "velocity_variance": {
          "raw": 0.0,
          "z_score": -0.23076923076923078
        }
      }
    },
    "drums_detail": {
      "total": -1.0954811994173095,
      "features": {
        "kick_off_beat_ratio": {
          "raw": 0.5,
          "z_score": 0.2411347517730495
        },
        "snare_backbeat_ratio": {
          "raw": 0.0,
          "z_score": -0.3584905660377358
        },
        "velocity_variance": {
          "raw": 0.0,
          "z_score": -1.0697095435684647
        },
        "duration_variety": {
          "raw": 2,
          "z_score": 0.09158415841584167
        }
      }
    },
    "ensemble_detail": {
      "total": -2.1638693870627153,
      "duration_gate": 1.0,
      "features": {
        "collision_rate": {
          "raw": 0.3333333333333333,
          "z_score": -0.5496453900709218
        },
        "phrase_alignment": {
          "raw": 1.0,
          "z_score": -1.1284046692607006
        },
        "texture_density": {
          "raw": 0.608,
          "z_score": 0.22426470588235312
        },
        "harmonic_consonance": {
          "raw": 0.5625,
          "z_score": -0.7100840336134455
        }
      }
    }
  },
  "metrics": {
    "reward": 0.339509314116546,
    "note_count": 68,
    "valid_midi": 1.0,
    "unique_durs": 1,
    "has_rests": false
  },
  "has_midi": true,
  "error": null,
  "timestamp": "2025-12-01T04:36:38.169250"
}