{
  "id": 15,
  "generation": 40,
  "reward": 0.3651639217747857,
  "breakdown": {
    "sax": -0.39382658580959046,
    "sax_sig": 0.43473670555733296,
    "bass": -0.26930501930501927,
    "bass_sig": 0.45523600694864574,
    "piano": -0.41380460898898686,
    "piano_sig": 0.4314666539946249,
    "drums": -2.042833412545082,
    "drums_sig": 0.20393347127520242,
    "ensemble_mult": 1.0466666666666666,
    "z_sum": -3.1197696266486785,
    "base_reward": 0.3488827278103048,
    "combined": 0.3651639217747857,
    "sax_detail": {
      "total": -0.39382658580959046,
      "variety_gate": 0.5,
      "features": {
        "melodic_entropy": {
          "raw": 2.199687794731328,
          "z_score": 0.7252882734965017
        },
        "dur_cv": {
          "raw": 0.0,
          "z_score": -0.2978723404255319
        },
        "sax_arpeggio_runs": {
          "raw": 0,
          "z_score": -0.3391684901531729
        },
        "peak_not_late": {
          "raw": 1,
          "z_score": 0.42975206611570255
        },
        "blue_ratio": {
          "raw": 0.0,
          "z_score": -1.1730769230769231
        },
        "rhythm_2grams": {
          "raw": 1,
          "z_score": -0.13257575757575726
        }
      }
    },
    "bass_detail": {
      "total": -0.26930501930501927,
      "chromatic_gate": 1.0,
      "direction_gate": 1.0,
      "features": {
        "duration_variety": {
          "raw": 1,
          "z_score": -1.0
        },
        "velocity_variance": {
          "raw": 0.0,
          "z_score": -1.25
        },
        "non_chromatic_ratio": {
          "raw": 1.0,
          "z_score": 1.9806949806949807
        }
      }
    },
    "piano_detail": {
      "total": -0.41380460898898686,
      "tonic_bonus": 1.2,
      "register_failed": false,
      "avg_pitch": 68.16666666666667,
      "features": {
        "unique_chords": {
          "raw": 2,
          "capped": 2,
          "z_score": 0.146551724137931,
          "weight": 1.0
        },
        "avg_chord_duration": {
          "raw": 0.375,
          "z_score": 0.5573770491803279,
          "weight": 1.5
        },
        "cluster_ratio": {
          "raw": 1.0,
          "z_score": -1.7314148681055157,
          "weight": 1.0
        },
        "out_of_key_ratio": {
          "raw": 0.0,
          "z_score": 0.6039603960396039,
          "weight": 1.0
        },
        "chord_duration_variety": {
          "raw": 1,
          "z_score": -0.20000000000000018,
          "weight": 1.0
        }
      }
    },
    "drums_detail": {
      "total": -2.042833412545082,
      "features": {
        "duration_variety": {
          "raw": 1,
          "z_score": -1.1734820322180917
        },
        "kick_off_beat_ratio": {
          "raw": 0.5,
          "z_score": 0.23571428571428552
        },
        "velocity_variance": {
          "raw": 0.0,
          "z_score": -1.1050656660412759
        }
      }
    },
    "ensemble_detail": {
      "total": 1.0466666666666666,
      "dynamic_coherence": 0.7333333333333333
    }
  },
  "metrics": {
    "reward": 0.3651639217747857,
    "note_count": 60,
    "valid_midi": 1.0,
    "unique_durs": 1,
    "has_rests": true
  },
  "has_midi": true,
  "error": null,
  "timestamp": "2025-12-02T15:03:21.443546"
}