{
  "id": 8,
  "generation": 8,
  "reward": 0.4813727310481902,
  "breakdown": {
    "sax": 1.1647631410830142,
    "sax_sig": 0.6849271846164668,
    "bass": -0.373862038601923,
    "bass_sig": 0.43801023530346195,
    "piano": 0.09126427459674757,
    "piano_sig": 0.5152060218515202,
    "drums": 0.025385604244188675,
    "drums_sig": 0.5042308330607688,
    "ensemble": -1.3548124309469354,
    "ensemble_sig": 0.2883916398203352,
    "z_sum": -0.447261449624908,
    "combined": 0.4813727310481902,
    "sax_detail": {
      "total": 1.1647631410830142,
      "variety_gate": 0.5,
      "features": {
        "melodic_entropy": {
          "raw": 2.481714572986073,
          "z_score": 1.3153024539457596
        },
        "dur_cv": {
          "raw": 0.0,
          "z_score": -0.2978723404255319
        },
        "sax_arpeggio_runs": {
          "raw": 2,
          "z_score": 1.1196207148067103
        },
        "peak_not_late": {
          "raw": 1,
          "z_score": 0.42975206611570255
        },
        "blue_ratio": {
          "raw": 0.16666666666666666,
          "z_score": -0.10470085470085473
        },
        "rhythm_2grams": {
          "raw": 1,
          "z_score": -0.13257575757575726
        }
      }
    },
    "bass_detail": {
      "total": -0.373862038601923,
      "direction_gate": 1.0,
      "features": {
        "ioi_swing": {
          "raw": 0.0,
          "z_score": -0.24855491329479767
        },
        "non_chromatic_ratio": {
          "raw": 0.45454545454545453,
          "z_score": -0.12530712530712532
        }
      }
    },
    "piano_detail": {
      "total": 0.09126427459674757,
      "variety_gate": 0.5,
      "features": {
        "avg_chord_spread": {
          "raw": 9.0,
          "z_score": 0.4257300042319087
        },
        "gap_ratio": {
          "raw": 0.5813953488372093,
          "z_score": 0.11532147742818025
        },
        "register_separation": {
          "raw": 3.3333333333333357,
          "z_score": -0.12775370169736305
        },
        "velocity_variance": {
          "raw": 0.0,
          "z_score": -0.23076923076923078
        }
      }
    },
    "drums_detail": {
      "total": 0.025385604244188675,
      "features": {
        "kick_off_beat_ratio": {
          "raw": 0.5,
          "z_score": 0.2411347517730495
        },
        "snare_backbeat_ratio": {
          "raw": 0.25,
          "z_score": 2.0
        },
        "velocity_variance": {
          "raw": 0.0,
          "z_score": -1.0697095435684647
        },
        "duration_variety": {
          "raw": 1,
          "z_score": -1.146039603960396
        }
      }
    },
    "ensemble_detail": {
      "total": -1.3548124309469354,
      "duration_gate": 1.0,
      "features": {
        "collision_rate": {
          "raw": 0.3333333333333333,
          "z_score": -0.5496453900709218
        },
        "phrase_alignment": {
          "raw": 1.0,
          "z_score": -1.1284046692607006
        },
        "texture_density": {
          "raw": 0.8800000000000001,
          "z_score": -0.7757352941176473
        },
        "harmonic_consonance": {
          "raw": 0.7777777777777778,
          "z_score": 1.0989729225023344
        }
      }
    }
  },
  "metrics": {
    "reward": 0.4813727310481902,
    "note_count": 68,
    "valid_midi": 1.0,
    "unique_durs": 1,
    "has_rests": true
  },
  "has_midi": true,
  "error": null,
  "timestamp": "2025-11-30T21:31:08.291427"
}