{
  "step": 44,
  "rollout_id": 27,
  "key": "D",
  "tempo": 160,
  "reward": 0.934635724891444,
  "breakdown": {
    "sax": -0.12109376002747359,
    "sax_sig": 0.4798286605258449,
    "bass": 0.339569507199565,
    "bass_sig": 0.5563544532418501,
    "piano": 7.824155883967524,
    "piano_sig": 0.9946008712411127,
    "drums": 3.766336153104055,
    "drums_sig": 0.9249017853763266,
    "ensemble": 4.152118199426384,
    "ensemble_sig": 0.9409262889354927,
    "z_sum": 15.961085983670053,
    "combined": 0.934635724891444,
    "sax_detail": {
      "total": -0.12109376002747359,
      "variety_gate": 0.5,
      "features": {
        "melodic_entropy": {
          "raw": 1.584962500721156,
          "z_score": -0.5607479064410961
        },
        "dur_cv": {
          "raw": 0.0,
          "z_score": -0.2978723404255319
        },
        "sax_arpeggio_runs": {
          "raw": 0,
          "z_score": -0.3391684901531729
        },
        "peak_not_late": {
          "raw": 1,
          "z_score": 0.42975206611570255
        },
        "blue_ratio": {
          "raw": 0.2857142857142857,
          "z_score": 0.6584249084249083
        },
        "rhythm_2grams": {
          "raw": 1,
          "z_score": -0.13257575757575726
        }
      }
    },
    "bass_detail": {
      "total": 0.339569507199565,
      "direction_gate": 0.5,
      "features": {
        "ioi_swing": {
          "raw": 0.0,
          "z_score": -0.24855491329479767
        },
        "non_chromatic_ratio": {
          "raw": 0.7272727272727273,
          "z_score": 0.9276939276939278
        }
      }
    },
    "piano_detail": {
      "total": 7.824155883967524,
      "variety_gate": 1.0,
      "features": {
        "avg_chord_spread": {
          "raw": 13.333333333333334,
          "z_score": 2.259557060234166
        },
        "gap_ratio": {
          "raw": 0.45454545454545453,
          "z_score": 0.8614973262032085
        },
        "register_separation": {
          "raw": 8.726190476190467,
          "z_score": 1.3329334984264538
        },
        "velocity_variance": {
          "raw": 0.04681218398834804,
          "z_score": 3.3701679991036957
        }
      }
    },
    "drums_detail": {
      "total": 3.766336153104055,
      "features": {
        "kick_off_beat_ratio": {
          "raw": 0.5,
          "z_score": 0.2411347517730495
        },
        "snare_backbeat_ratio": {
          "raw": 0.0,
          "z_score": -0.3584905660377358
        },
        "velocity_variance": {
          "raw": 11.503266569846048,
          "z_score": 1.316860284200425
        },
        "duration_variety": {
          "raw": 4,
          "z_score": 2.5668316831683167
        }
      }
    },
    "ensemble_detail": {
      "total": 4.152118199426384,
      "duration_gate": 1.0,
      "features": {
        "collision_rate": {
          "raw": 0.0,
          "z_score": 1.223404255319149
        },
        "phrase_alignment": {
          "raw": 0.5,
          "z_score": 0.8171206225680933
        },
        "texture_density": {
          "raw": 0.30000000000000004,
          "z_score": 1.3566176470588234
        },
        "harmonic_consonance": {
          "raw": 0.7368421052631579,
          "z_score": 0.754975674480318
        }
      }
    }
  },
  "has_midi": true,
  "error": null,
  "timestamp": "2025-12-01T03:05:37.993384"
}