{
  "id": 22,
  "generation": 49,
  "reward": 0.435185436119768,
  "breakdown": {
    "sax": 0.5522036864806869,
    "sax_sig": 0.5910084431269039,
    "bass": -0.5390386743667941,
    "bass_sig": 0.4111147146745041,
    "piano": -0.39998535745363295,
    "piano_sig": 0.43372800335424777,
    "drums": -0.11746352142761701,
    "drums_sig": 0.48043274476630254,
    "ensemble": -1.0600675826530084,
    "ensemble_sig": 0.3303258361763661,
    "z_sum": -1.5643514494203656,
    "combined": 0.435185436119768,
    "sax_detail": {
      "total": 0.5522036864806869,
      "variety_gate": 0.25,
      "features": {
        "melodic_entropy": {
          "raw": 2.440404017720928,
          "z_score": 1.228878698160937
        },
        "dur_cv": {
          "raw": 0.0,
          "z_score": -0.2978723404255319
        },
        "sax_arpeggio_runs": {
          "raw": 0,
          "z_score": -0.3391684901531729
        },
        "peak_not_late": {
          "raw": 1,
          "z_score": 0.42975206611570255
        },
        "blue_ratio": {
          "raw": 0.3888888888888889,
          "z_score": 1.31980056980057
        },
        "rhythm_2grams": {
          "raw": 1,
          "z_score": -0.13257575757575726
        }
      }
    },
    "bass_detail": {
      "total": -0.5390386743667941,
      "direction_gate": 1.0,
      "features": {
        "ioi_swing": {
          "raw": 0.0,
          "z_score": -0.24855491329479767
        },
        "non_chromatic_ratio": {
          "raw": 0.4117647058823529,
          "z_score": -0.2904837610719964
        }
      }
    },
    "piano_detail": {
      "total": -0.39998535745363295,
      "variety_gate": 0.5,
      "features": {
        "avg_chord_spread": {
          "raw": 7.0,
          "z_score": -0.4206517139229792
        },
        "gap_ratio": {
          "raw": 0.625,
          "z_score": -0.1411764705882354
        },
        "register_separation": {
          "raw": 3.7777777777777786,
          "z_score": -0.007373299626820583
        },
        "velocity_variance": {
          "raw": 0.0,
          "z_score": -0.23076923076923078
        }
      }
    },
    "drums_detail": {
      "total": -0.11746352142761701,
      "features": {
        "kick_off_beat_ratio": {
          "raw": 0.5,
          "z_score": 0.2411347517730495
        },
        "snare_backbeat_ratio": {
          "raw": 0.0,
          "z_score": -0.3584905660377358
        },
        "velocity_variance": {
          "raw": 4.714045207910317,
          "z_score": -0.09169186557877233
        },
        "duration_variety": {
          "raw": 2,
          "z_score": 0.09158415841584167
        }
      }
    },
    "ensemble_detail": {
      "total": -1.0600675826530084,
      "duration_gate": 1.0,
      "features": {
        "collision_rate": {
          "raw": 0.1111111111111111,
          "z_score": 0.632387706855792
        },
        "phrase_alignment": {
          "raw": 1.0,
          "z_score": -1.1284046692607006
        },
        "texture_density": {
          "raw": 0.43200000000000005,
          "z_score": 0.8713235294117646
        },
        "harmonic_consonance": {
          "raw": 0.47619047619047616,
          "z_score": -1.4353741496598644
        }
      }
    }
  },
  "metrics": {
    "reward": 0.435185436119768,
    "note_count": 84,
    "valid_midi": 1.0,
    "unique_durs": 1,
    "has_rests": false
  },
  "has_midi": true,
  "error": null,
  "timestamp": "2025-12-01T04:36:44.084306"
}