{
  "step": 4,
  "rollout_id": 16,
  "key": "D",
  "tempo": 160,
  "reward": 0.26956395377543346,
  "breakdown": {
    "sax": -2.869072880621291,
    "sax_sig": 0.12867611471205287,
    "bass": -1.1701455024788725,
    "bass_sig": 0.31429898036128884,
    "piano": -2.047676670050123,
    "piano_sig": 0.20340978784348762,
    "drums": 1.177614671147268,
    "drums_sig": 0.6867731719277355,
    "ensemble": -1.0717356895483037,
    "ensemble_sig": 0.3286073730639966,
    "z_sum": -5.981016071551322,
    "combined": 0.26956395377543346,
    "sax_detail": {
      "total": -2.869072880621291,
      "variety_gate": 0.5,
      "features": {
        "melodic_entropy": {
          "raw": 2.2359263506290326,
          "z_score": -0.331902661789776
        },
        "dur_cv": {
          "raw": 0.0,
          "z_score": -0.8880854560394412
        },
        "sax_arpeggio_runs": {
          "raw": 0,
          "z_score": -0.4150099290132615
        },
        "peak_not_late": {
          "raw": 0,
          "z_score": -1.6329142343960483
        },
        "blue_ratio": {
          "raw": 0.0,
          "z_score": -1.5838658146964857
        },
        "rhythm_2grams": {
          "raw": 1,
          "z_score": -0.8863676653075695
        }
      }
    },
    "bass_detail": {
      "total": -1.1701455024788725,
      "direction_gate": 0.5,
      "features": {
        "ioi_swing": {
          "raw": 0.0,
          "z_score": -0.8105992171032821
        },
        "non_chromatic_ratio": {
          "raw": 0.23529411764705882,
          "z_score": -1.529691787854463
        }
      }
    },
    "piano_detail": {
      "total": -2.047676670050123,
      "variety_gate": 1.0,
      "features": {
        "avg_chord_spread": {
          "raw": 10.0,
          "z_score": 0.1317030567685589
        },
        "gap_ratio": {
          "raw": 0.7692307692307693,
          "z_score": -1.4987593052109183
        },
        "register_separation": {
          "raw": 1.75,
          "z_score": -0.7741747005550687
        },
        "velocity_variance": {
          "raw": 0.06388765649999399,
          "z_score": 0.09355427894730517
        }
      }
    },
    "drums_detail": {
      "total": 1.177614671147268,
      "features": {
        "kick_off_beat_ratio": {
          "raw": 0.6666666666666667,
          "z_score": -0.18822730440743424
        },
        "snare_backbeat_ratio": {
          "raw": 0.0,
          "z_score": -0.5855710048313247
        },
        "velocity_variance": {
          "raw": 11.436132386735569,
          "z_score": -0.23076504255215324
        },
        "duration_variety": {
          "raw": 4,
          "z_score": 2.18217802293818
        }
      }
    },
    "ensemble_detail": {
      "total": -1.0717356895483037,
      "duration_gate": 1.0,
      "features": {
        "collision_rate": {
          "raw": 0.125,
          "z_score": 0.9850746268656716
        },
        "phrase_alignment": {
          "raw": 0.5,
          "z_score": -0.10624999999999991
        },
        "texture_density": {
          "raw": 0.792,
          "z_score": -0.7073170731707318
        },
        "harmonic_consonance": {
          "raw": 0.625,
          "z_score": -1.2432432432432434
        }
      }
    }
  },
  "has_midi": true,
  "error": null,
  "timestamp": "2025-11-30T17:41:42.248383"
}