{
  "step": 36,
  "rollout_id": 25,
  "key": "Fm",
  "tempo": 160,
  "reward": 0.6831376246742255,
  "breakdown": {
    "sax": -1.6549746854480543,
    "sax_sig": 0.24911900615473315,
    "bass": 0.328138663398779,
    "bass_sig": 0.5544727151659504,
    "piano": 0.9380077239591287,
    "piano_sig": 0.6514317273272489,
    "drums": 4.934440996273409,
    "drums_sig": 0.9640712478812821,
    "ensemble": 0.06376014475663605,
    "ensemble_sig": 0.5106250910343462,
    "z_sum": 4.609372842939899,
    "combined": 0.6831376246742255,
    "sax_detail": {
      "total": -1.6549746854480543,
      "variety_gate": 0.5,
      "features": {
        "melodic_entropy": {
          "raw": 0.9940302114769565,
          "z_score": -1.797007925780426
        },
        "dur_cv": {
          "raw": 0.0,
          "z_score": -0.2978723404255319
        },
        "sax_arpeggio_runs": {
          "raw": 0,
          "z_score": -0.3391684901531729
        },
        "peak_not_late": {
          "raw": 1,
          "z_score": 0.42975206611570255
        },
        "blue_ratio": {
          "raw": 0.0,
          "z_score": -1.1730769230769231
        },
        "rhythm_2grams": {
          "raw": 1,
          "z_score": -0.13257575757575726
        }
      }
    },
    "bass_detail": {
      "total": 0.328138663398779,
      "direction_gate": 1.0,
      "features": {
        "ioi_swing": {
          "raw": 0.0,
          "z_score": -0.24855491329479767
        },
        "non_chromatic_ratio": {
          "raw": 0.6363636363636364,
          "z_score": 0.5766935766935767
        }
      }
    },
    "piano_detail": {
      "total": 0.9380077239591287,
      "variety_gate": 0.5,
      "features": {
        "avg_chord_spread": {
          "raw": 8.0,
          "z_score": 0.0025391451544647596
        },
        "gap_ratio": {
          "raw": 0.6666666666666666,
          "z_score": -0.3862745098039215
        },
        "register_separation": {
          "raw": 13.0,
          "z_score": 2.4905200433369448
        },
        "velocity_variance": {
          "raw": 0.0,
          "z_score": -0.23076923076923078
        }
      }
    },
    "drums_detail": {
      "total": 4.934440996273409,
      "features": {
        "kick_off_beat_ratio": {
          "raw": 0.6666666666666667,
          "z_score": 1.423167848699764
        },
        "snare_backbeat_ratio": {
          "raw": 0.0,
          "z_score": -0.3584905660377358
        },
        "velocity_variance": {
          "raw": 11.436132386735569,
          "z_score": 1.302932030443064
        },
        "duration_variety": {
          "raw": 4,
          "z_score": 2.5668316831683167
        }
      }
    },
    "ensemble_detail": {
      "total": 0.06376014475663605,
      "duration_gate": 1.0,
      "features": {
        "collision_rate": {
          "raw": 0.0,
          "z_score": 1.223404255319149
        },
        "phrase_alignment": {
          "raw": 0.6666666666666666,
          "z_score": 0.16861219195849547
        },
        "texture_density": {
          "raw": 0.5800000000000001,
          "z_score": 0.327205882352941
        },
        "harmonic_consonance": {
          "raw": 0.45,
          "z_score": -1.6554621848739497
        }
      }
    }
  },
  "has_midi": true,
  "error": null,
  "timestamp": "2025-12-01T02:02:17.913779"
}