{
  "step": 56,
  "rollout_id": 10,
  "key": "Fm",
  "tempo": 160,
  "reward": 0.6870062502026745,
  "breakdown": {
    "sax": -0.4236300572901764,
    "sax_sig": 0.4298605715846232,
    "bass": -0.7248623896022739,
    "bass_sig": 0.38148696295716106,
    "piano": 1.7009883879816763,
    "piano_sig": 0.7565749035735757,
    "drums": 3.191170449825949,
    "drums_sig": 0.8935423964857182,
    "ensemble": 0.9732946192407186,
    "ensemble_sig": 0.6567542145208854,
    "z_sum": 4.716961010155893,
    "combined": 0.6870062502026745,
    "sax_detail": {
      "total": -0.4236300572901764,
      "variety_gate": 0.5,
      "features": {
        "melodic_entropy": {
          "raw": 1.2957378005380122,
          "z_score": -1.1658205009665017
        },
        "dur_cv": {
          "raw": 0.0,
          "z_score": -0.2978723404255319
        },
        "sax_arpeggio_runs": {
          "raw": 0,
          "z_score": -0.3391684901531729
        },
        "peak_not_late": {
          "raw": 1,
          "z_score": 0.42975206611570255
        },
        "blue_ratio": {
          "raw": 0.2857142857142857,
          "z_score": 0.6584249084249083
        },
        "rhythm_2grams": {
          "raw": 1,
          "z_score": -0.13257575757575726
        }
      }
    },
    "bass_detail": {
      "total": -0.7248623896022739,
      "direction_gate": 1.0,
      "features": {
        "ioi_swing": {
          "raw": 0.0,
          "z_score": -0.24855491329479767
        },
        "non_chromatic_ratio": {
          "raw": 0.36363636363636365,
          "z_score": -0.4763074763074762
        }
      }
    },
    "piano_detail": {
      "total": 1.7009883879816763,
      "variety_gate": 0.5,
      "features": {
        "avg_chord_spread": {
          "raw": 9.0,
          "z_score": 0.4257300042319087
        },
        "gap_ratio": {
          "raw": 0.6666666666666666,
          "z_score": -0.3862745098039215
        },
        "register_separation": {
          "raw": 17.07142857142857,
          "z_score": 3.593290512304596
        },
        "velocity_variance": {
          "raw": 0.0,
          "z_score": -0.23076923076923078
        }
      }
    },
    "drums_detail": {
      "total": 3.191170449825949,
      "features": {
        "kick_off_beat_ratio": {
          "raw": 0.5,
          "z_score": 0.2411347517730495
        },
        "snare_backbeat_ratio": {
          "raw": 0.16666666666666666,
          "z_score": 1.2138364779874213
        },
        "velocity_variance": {
          "raw": 7.117698062497782,
          "z_score": 0.4069912992733988
        },
        "duration_variety": {
          "raw": 3,
          "z_score": 1.3292079207920793
        }
      }
    },
    "ensemble_detail": {
      "total": 0.9732946192407186,
      "duration_gate": 1.0,
      "features": {
        "collision_rate": {
          "raw": 0.07142857142857142,
          "z_score": 0.8434650455927052
        },
        "phrase_alignment": {
          "raw": 0.6666666666666666,
          "z_score": 0.16861219195849547
        },
        "texture_density": {
          "raw": 0.524,
          "z_score": 0.5330882352941176
        },
        "harmonic_consonance": {
          "raw": 0.5789473684210527,
          "z_score": -0.5718708536045998
        }
      }
    }
  },
  "has_midi": true,
  "error": null,
  "timestamp": "2025-12-01T04:44:17.994761"
}