{
  "id": 15,
  "generation": 14,
  "reward": 0.36768067563384205,
  "breakdown": {
    "sax": -0.39203868092585986,
    "sax_sig": 0.43502963564423136,
    "bass": -1.075862740602625,
    "bass_sig": 0.3280006403243589,
    "piano": -0.16236588066873625,
    "piano_sig": 0.47296541118687374,
    "drums": -1.0954811994173095,
    "drums_sig": 0.3251243340991838,
    "ensemble": -0.5273296647908273,
    "ensemble_sig": 0.4130058467222729,
    "z_sum": -3.253078166405358,
    "combined": 0.36768067563384205,
    "sax_detail": {
      "total": -0.39203868092585986,
      "variety_gate": 0.5,
      "features": {
        "melodic_entropy": {
          "raw": 1.4353713907745331,
          "z_score": -0.8737000193001399
        },
        "dur_cv": {
          "raw": 0.0,
          "z_score": -0.2978723404255319
        },
        "sax_arpeggio_runs": {
          "raw": 0,
          "z_score": -0.3391684901531729
        },
        "peak_not_late": {
          "raw": 1,
          "z_score": 0.42975206611570255
        },
        "blue_ratio": {
          "raw": 0.25,
          "z_score": 0.4294871794871795
        },
        "rhythm_2grams": {
          "raw": 1,
          "z_score": -0.13257575757575726
        }
      }
    },
    "bass_detail": {
      "total": -1.075862740602625,
      "direction_gate": 1.0,
      "features": {
        "ioi_swing": {
          "raw": 0.0,
          "z_score": -0.24855491329479767
        },
        "non_chromatic_ratio": {
          "raw": 0.2727272727272727,
          "z_score": -0.8273078273078274
        }
      }
    },
    "piano_detail": {
      "total": -0.16236588066873625,
      "variety_gate": 0.5,
      "features": {
        "avg_chord_spread": {
          "raw": 10.0,
          "z_score": 0.8489208633093526
        },
        "gap_ratio": {
          "raw": 0.6666666666666666,
          "z_score": -0.3862745098039215
        },
        "register_separation": {
          "raw": 1.75,
          "z_score": -0.5566088840736728
        },
        "velocity_variance": {
          "raw": 0.0,
          "z_score": -0.23076923076923078
        }
      }
    },
    "drums_detail": {
      "total": -1.0954811994173095,
      "features": {
        "kick_off_beat_ratio": {
          "raw": 0.5,
          "z_score": 0.2411347517730495
        },
        "snare_backbeat_ratio": {
          "raw": 0.0,
          "z_score": -0.3584905660377358
        },
        "velocity_variance": {
          "raw": 0.0,
          "z_score": -1.0697095435684647
        },
        "duration_variety": {
          "raw": 2,
          "z_score": 0.09158415841584167
        }
      }
    },
    "ensemble_detail": {
      "total": -0.5273296647908273,
      "duration_gate": 1.0,
      "features": {
        "collision_rate": {
          "raw": 0.25,
          "z_score": -0.1063829787234042
        },
        "phrase_alignment": {
          "raw": 1.0,
          "z_score": -1.1284046692607006
        },
        "texture_density": {
          "raw": 0.712,
          "z_score": -0.15808823529411736
        },
        "harmonic_consonance": {
          "raw": 0.75,
          "z_score": 0.8655462184873949
        }
      }
    }
  },
  "metrics": {
    "reward": 0.36768067563384205,
    "note_count": 68,
    "valid_midi": 1.0,
    "unique_durs": 1,
    "has_rests": true
  },
  "has_midi": true,
  "error": null,
  "timestamp": "2025-11-30T23:16:15.212015"
}