{
  "step": 59,
  "rollout_id": 30,
  "key": "Fm",
  "tempo": 160,
  "reward": 0.9259419175243196,
  "breakdown": {
    "sax": 0.6854567327154877,
    "sax_sig": 0.6122954044618856,
    "bass": -0.7248623896022739,
    "bass_sig": 0.38148696295716106,
    "piano": 7.068626012691345,
    "piano_sig": 0.9910969402623763,
    "drums": 6.5067680402985655,
    "drums_sig": 0.9871038363240595,
    "ensemble": 1.6197825537202215,
    "ensemble_sig": 0.7464665492309357,
    "z_sum": 15.155770949823346,
    "combined": 0.9259419175243196,
    "sax_detail": {
      "total": 0.6854567327154877,
      "variety_gate": 0.5,
      "features": {
        "melodic_entropy": {
          "raw": 1.9182958340544893,
          "z_score": 0.13660216329391078
        },
        "dur_cv": {
          "raw": 0.0,
          "z_score": -0.2978723404255319
        },
        "sax_arpeggio_runs": {
          "raw": 0,
          "z_score": -0.3391684901531729
        },
        "peak_not_late": {
          "raw": 1,
          "z_score": 0.42975206611570255
        },
        "blue_ratio": {
          "raw": 0.42857142857142855,
          "z_score": 1.5741758241758241
        },
        "rhythm_2grams": {
          "raw": 1,
          "z_score": -0.13257575757575726
        }
      }
    },
    "bass_detail": {
      "total": -0.7248623896022739,
      "direction_gate": 1.0,
      "features": {
        "ioi_swing": {
          "raw": 0.0,
          "z_score": -0.24855491329479767
        },
        "non_chromatic_ratio": {
          "raw": 0.36363636363636365,
          "z_score": -0.4763074763074762
        }
      }
    },
    "piano_detail": {
      "total": 7.068626012691345,
      "variety_gate": 1.0,
      "features": {
        "avg_chord_spread": {
          "raw": 5.0,
          "z_score": -1.2670334320778671
        },
        "gap_ratio": {
          "raw": 0.6666666666666666,
          "z_score": -0.3862745098039215
        },
        "register_separation": {
          "raw": 18.714285714285715,
          "z_score": 4.038268069958211
        },
        "velocity_variance": {
          "raw": 0.06388765649999399,
          "z_score": 4.683665884614922
        }
      }
    },
    "drums_detail": {
      "total": 6.5067680402985655,
      "features": {
        "kick_off_beat_ratio": {
          "raw": 0.6666666666666667,
          "z_score": 1.423167848699764
        },
        "snare_backbeat_ratio": {
          "raw": 0.16666666666666666,
          "z_score": 1.2138364779874213
        },
        "velocity_variance": {
          "raw": 11.436132386735569,
          "z_score": 1.302932030443064
        },
        "duration_variety": {
          "raw": 4,
          "z_score": 2.5668316831683167
        }
      }
    },
    "ensemble_detail": {
      "total": 1.6197825537202215,
      "duration_gate": 1.0,
      "features": {
        "collision_rate": {
          "raw": 0.0,
          "z_score": 1.223404255319149
        },
        "phrase_alignment": {
          "raw": 0.6666666666666666,
          "z_score": 0.16861219195849547
        },
        "texture_density": {
          "raw": 0.6519999999999999,
          "z_score": 0.06250000000000046
        },
        "harmonic_consonance": {
          "raw": 0.6666666666666666,
          "z_score": 0.16526610644257655
        }
      }
    }
  },
  "has_midi": true,
  "error": null,
  "timestamp": "2025-12-01T05:11:37.812230"
}