{
  "id": 27,
  "generation": 0,
  "reward": 0.6493215638553604,
  "breakdown": {
    "sax": 0.9181938976708661,
    "sax_sig": 0.6484263631011454,
    "bass": -1.3223060723060722,
    "bass_sig": 0.29285929700889063,
    "piano": 3.4983759913583214,
    "piano_sig": 0.9115130365579718,
    "drums": -0.8036760395587128,
    "drums_sig": 0.36916886904512747,
    "ensemble_mult": 1.06,
    "z_sum": 2.2905877771644025,
    "base_reward": 0.6125675130710947,
    "combined": 0.6493215638553604,
    "sax_detail": {
      "total": 0.9181938976708661,
      "variety_gate": 0.5,
      "features": {
        "melodic_entropy": {
          "raw": 1.9219280948873623,
          "z_score": 0.14420103532920983
        },
        "dur_cv": {
          "raw": 0.0,
          "z_score": -0.2978723404255319
        },
        "sax_arpeggio_runs": {
          "raw": 0,
          "z_score": -0.3391684901531729
        },
        "peak_not_late": {
          "raw": 1,
          "z_score": 0.42975206611570255
        },
        "blue_ratio": {
          "raw": 0.5,
          "z_score": 2.032051282051282
        },
        "rhythm_2grams": {
          "raw": 1,
          "z_score": -0.13257575757575726
        }
      }
    },
    "bass_detail": {
      "total": -1.3223060723060722,
      "chromatic_gate": 1.0,
      "direction_gate": 1.0,
      "features": {
        "duration_variety": {
          "raw": 1,
          "z_score": -1.0
        },
        "velocity_variance": {
          "raw": 0.0,
          "z_score": -1.25
        },
        "non_chromatic_ratio": {
          "raw": 0.7272727272727273,
          "z_score": 0.9276939276939278
        }
      }
    },
    "piano_detail": {
      "total": 3.4983759913583214,
      "tonic_bonus": 1.2,
      "register_failed": false,
      "avg_pitch": 72.41666666666667,
      "features": {
        "unique_chords": {
          "raw": 3,
          "capped": 3,
          "z_score": 1.0086206896551724,
          "weight": 1.0
        },
        "avg_chord_duration": {
          "raw": 0.375,
          "z_score": 0.5573770491803279,
          "weight": 1.5
        },
        "cluster_ratio": {
          "raw": 0.0,
          "z_score": 0.6666666666666667,
          "weight": 1.0
        },
        "out_of_key_ratio": {
          "raw": 0.0,
          "z_score": 0.6039603960396039,
          "weight": 1.0
        },
        "chord_duration_variety": {
          "raw": 1,
          "z_score": -0.20000000000000018,
          "weight": 1.0
        }
      }
    },
    "drums_detail": {
      "total": -0.8036760395587128,
      "features": {
        "duration_variety": {
          "raw": 2,
          "z_score": 0.06567534076827748
        },
        "kick_off_beat_ratio": {
          "raw": 0.5,
          "z_score": 0.23571428571428552
        },
        "velocity_variance": {
          "raw": 0.0,
          "z_score": -1.1050656660412759
        }
      }
    },
    "ensemble_detail": {
      "total": 1.06,
      "dynamic_coherence": 0.7999999999999999
    }
  },
  "metrics": {
    "sax": 0.6484263631011454,
    "bass": 0.29285929700889063,
    "piano": 0.9115130365579718,
    "drums": 0.36916886904512747,
    "valid_midi": 1.0
  },
  "has_midi": true,
  "error": null,
  "timestamp": "2025-12-06T16:09:21.524764"
}