{
  "id": 7,
  "generation": 12,
  "reward": 0.26722255016050445,
  "breakdown": {
    "sax": -1.3390898594751905,
    "sax_sig": 0.2905474791205274,
    "bass": -1.4268630916029759,
    "bass_sig": 0.27863510207761855,
    "piano": -1.3173997275317215,
    "piano_sig": 0.29353713455011976,
    "drums": 0.18422210918865112,
    "drums_sig": 0.5306651498370938,
    "ensemble": -2.1534306778151833,
    "ensemble_sig": 0.19222446299920257,
    "z_sum": -6.0525612472364205,
    "combined": 0.26722255016050445,
    "sax_detail": {
      "total": -1.3390898594751905,
      "variety_gate": 0.5,
      "features": {
        "melodic_entropy": {
          "raw": 2.0,
          "z_score": 0.30753138075313813
        },
        "dur_cv": {
          "raw": 0.0,
          "z_score": -0.2978723404255319
        },
        "sax_arpeggio_runs": {
          "raw": 0,
          "z_score": -0.3391684901531729
        },
        "peak_not_late": {
          "raw": 0,
          "z_score": -2.325068870523416
        },
        "blue_ratio": {
          "raw": 0.2,
          "z_score": 0.10897435897435907
        },
        "rhythm_2grams": {
          "raw": 1,
          "z_score": -0.13257575757575726
        }
      }
    },
    "bass_detail": {
      "total": -1.4268630916029759,
      "direction_gate": 1.0,
      "features": {
        "ioi_swing": {
          "raw": 0.0,
          "z_score": -0.24855491329479767
        },
        "non_chromatic_ratio": {
          "raw": 0.18181818181818182,
          "z_score": -1.1783081783081781
        }
      }
    },
    "piano_detail": {
      "total": -1.3173997275317215,
      "variety_gate": 0.5,
      "features": {
        "avg_chord_spread": {
          "raw": 5.0,
          "z_score": -1.2670334320778671
        },
        "gap_ratio": {
          "raw": 0.6666666666666666,
          "z_score": -0.3862745098039215
        },
        "register_separation": {
          "raw": 1.0333333333333314,
          "z_score": -0.7507222824124238
        },
        "velocity_variance": {
          "raw": 0.0,
          "z_score": -0.23076923076923078
        }
      }
    },
    "drums_detail": {
      "total": 0.18422210918865112,
      "features": {
        "kick_off_beat_ratio": {
          "raw": 0.5,
          "z_score": 0.2411347517730495
        },
        "snare_backbeat_ratio": {
          "raw": 0.0,
          "z_score": -0.3584905660377358
        },
        "velocity_variance": {
          "raw": 12.133516482134196,
          "z_score": 1.4476175274137335
        },
        "duration_variety": {
          "raw": 1,
          "z_score": -1.146039603960396
        }
      }
    },
    "ensemble_detail": {
      "total": -2.1534306778151833,
      "duration_gate": 1.0,
      "features": {
        "collision_rate": {
          "raw": 0.6,
          "z_score": -1.9680851063829787
        },
        "phrase_alignment": {
          "raw": 0.75,
          "z_score": -0.15564202334630364
        },
        "texture_density": {
          "raw": 0.976,
          "z_score": -1.128676470588235
        },
        "harmonic_consonance": {
          "raw": 0.7777777777777778,
          "z_score": 1.0989729225023344
        }
      }
    }
  },
  "metrics": {
    "reward": 0.26722255016050445,
    "note_count": 41,
    "valid_midi": 1.0,
    "unique_durs": 1,
    "has_rests": true
  },
  "has_midi": true,
  "error": null,
  "timestamp": "2025-11-30T23:05:49.389460"
}