{
  "id": 18,
  "generation": 60,
  "reward": 0.8196441463790756,
  "breakdown": {
    "sax": -1.0368446757783893,
    "sax_sig": 0.3337595575668393,
    "bass": 0.9439553174215947,
    "bass_sig": 0.6523315263574087,
    "piano": 3.42929368508954,
    "piano_sig": 0.9077273092196315,
    "drums": 2.027648554244778,
    "drums_sig": 0.7944181490857471,
    "ensemble_mult": 1.1,
    "z_sum": 5.364052880977524,
    "base_reward": 0.7451310421627959,
    "combined": 0.8196441463790756,
    "sax_detail": {
      "total": -1.0368446757783893,
      "variety_gate": 0.5,
      "features": {
        "melodic_entropy": {
          "raw": 1.584962500721156,
          "z_score": -0.5607479064410961
        },
        "dur_cv": {
          "raw": 0.0,
          "z_score": -0.2978723404255319
        },
        "sax_arpeggio_runs": {
          "raw": 0,
          "z_score": -0.3391684901531729
        },
        "peak_not_late": {
          "raw": 1,
          "z_score": 0.42975206611570255
        },
        "blue_ratio": {
          "raw": 0.0,
          "z_score": -1.1730769230769231
        },
        "rhythm_2grams": {
          "raw": 1,
          "z_score": -0.13257575757575726
        }
      }
    },
    "bass_detail": {
      "total": 0.9439553174215947,
      "chromatic_gate": 1.0,
      "direction_gate": 1.0,
      "features": {
        "duration_variety": {
          "raw": 2,
          "z_score": 0.0
        },
        "velocity_variance": {
          "raw": 4.714045207910317,
          "z_score": -0.07148869802242075
        },
        "non_chromatic_ratio": {
          "raw": 0.75,
          "z_score": 1.0154440154440154
        }
      }
    },
    "piano_detail": {
      "total": 3.42929368508954,
      "tonic_bonus": 1.0,
      "register_failed": false,
      "avg_pitch": 55.083333333333336,
      "features": {
        "unique_chords": {
          "raw": 2,
          "capped": 2,
          "z_score": 0.146551724137931,
          "weight": 1.0
        },
        "avg_chord_duration": {
          "raw": 0.2916666666666667,
          "z_score": -0.12568306010928942,
          "weight": 1.5
        },
        "cluster_ratio": {
          "raw": 0.3333333333333333,
          "z_score": -0.13269384492406067,
          "weight": 1.0
        },
        "out_of_key_ratio": {
          "raw": 0.0,
          "z_score": 0.6039603960396039,
          "weight": 1.0
        },
        "chord_duration_variety": {
          "raw": 2,
          "z_score": 3.0,
          "weight": 1.0
        }
      }
    },
    "drums_detail": {
      "total": 2.027648554244778,
      "features": {
        "duration_variety": {
          "raw": 3,
          "z_score": 1.3048327137546467
        },
        "kick_off_beat_ratio": {
          "raw": 0.5,
          "z_score": 0.23571428571428552
        },
        "velocity_variance": {
          "raw": 7.637626158259733,
          "z_score": 0.487101554775846
        }
      }
    },
    "ensemble_detail": {
      "total": 1.1,
      "dynamic_coherence": 1.0
    }
  },
  "metrics": {
    "reward": 0.8196441463790756,
    "note_count": 37,
    "valid_midi": 1.0,
    "unique_durs": 1,
    "has_rests": true
  },
  "has_midi": true,
  "error": null,
  "timestamp": "2025-12-02T17:02:52.209945"
}