{
  "step": 43,
  "rollout_id": 28,
  "key": "D",
  "tempo": 160,
  "reward": 0.8741639075965543,
  "breakdown": {
    "sax": -0.2526989730964187,
    "sax_sig": 0.45798283087177655,
    "bass": 0.339569507199565,
    "bass_sig": 0.5563544532418501,
    "piano": 5.029801215213486,
    "piano_sig": 0.9662094942417978,
    "drums": 4.601568017264912,
    "drums_sig": 0.9555410745749877,
    "ensemble": 1.9114863686355843,
    "ensemble_sig": 0.7814820887643901,
    "z_sum": 11.629726135217128,
    "combined": 0.8741639075965543,
    "sax_detail": {
      "total": -0.2526989730964187,
      "variety_gate": 0.5,
      "features": {
        "melodic_entropy": {
          "raw": 1.4591479170272446,
          "z_score": -0.8239583325789863
        },
        "dur_cv": {
          "raw": 0.0,
          "z_score": -0.2978723404255319
        },
        "sax_arpeggio_runs": {
          "raw": 0,
          "z_score": -0.3391684901531729
        },
        "peak_not_late": {
          "raw": 1,
          "z_score": 0.42975206611570255
        },
        "blue_ratio": {
          "raw": 0.2857142857142857,
          "z_score": 0.6584249084249083
        },
        "rhythm_2grams": {
          "raw": 1,
          "z_score": -0.13257575757575726
        }
      }
    },
    "bass_detail": {
      "total": 0.339569507199565,
      "direction_gate": 0.5,
      "features": {
        "ioi_swing": {
          "raw": 0.0,
          "z_score": -0.24855491329479767
        },
        "non_chromatic_ratio": {
          "raw": 0.7272727272727273,
          "z_score": 0.9276939276939278
        }
      }
    },
    "piano_detail": {
      "total": 5.029801215213486,
      "variety_gate": 1.0,
      "features": {
        "avg_chord_spread": {
          "raw": 12.0,
          "z_score": 1.6953025814642404
        },
        "gap_ratio": {
          "raw": 0.6666666666666666,
          "z_score": -0.3862745098039215
        },
        "register_separation": {
          "raw": 0.25,
          "z_score": -0.9628927410617552
        },
        "velocity_variance": {
          "raw": 0.06388765649999399,
          "z_score": 4.683665884614922
        }
      }
    },
    "drums_detail": {
      "total": 4.601568017264912,
      "features": {
        "kick_off_beat_ratio": {
          "raw": 0.5714285714285714,
          "z_score": 0.747720364741641
        },
        "snare_backbeat_ratio": {
          "raw": 0.16666666666666666,
          "z_score": 1.2138364779874213
        },
        "velocity_variance": {
          "raw": 11.474071683044968,
          "z_score": 1.3108032537437695
        },
        "duration_variety": {
          "raw": 3,
          "z_score": 1.3292079207920793
        }
      }
    },
    "ensemble_detail": {
      "total": 1.9114863686355843,
      "duration_gate": 1.0,
      "features": {
        "collision_rate": {
          "raw": 0.14285714285714285,
          "z_score": 0.4635258358662615
        },
        "phrase_alignment": {
          "raw": 0.4,
          "z_score": 1.2062256809338519
        },
        "texture_density": {
          "raw": 0.568,
          "z_score": 0.371323529411765
        },
        "harmonic_consonance": {
          "raw": 0.631578947368421,
          "z_score": -0.12958867757629414
        }
      }
    }
  },
  "has_midi": true,
  "error": null,
  "timestamp": "2025-12-01T02:56:33.828394"
}