{
  "id": 4,
  "generation": 10,
  "reward": 0.5704871938318253,
  "breakdown": {
    "sax": 0.36696712639308743,
    "sax_sig": 0.5608579556821346,
    "bass": -0.02286168760157209,
    "bass_sig": 0.4961897924894788,
    "piano": -0.3542221464686647,
    "piano_sig": 0.4412358087284361,
    "drums": 0.48908854296022863,
    "drums_sig": 0.5808001699762088,
    "ensemble": 1.2240631507719546,
    "ensemble_sig": 0.6933955426214894,
    "z_sum": 1.7030349860550338,
    "combined": 0.5704871938318253,
    "sax_detail": {
      "total": 0.36696712639308743,
      "variety_gate": 0.5,
      "features": {
        "melodic_entropy": {
          "raw": 1.9056390622295665,
          "z_score": 0.1101235611497207
        },
        "dur_cv": {
          "raw": 0.0,
          "z_score": -0.2978723404255319
        },
        "sax_arpeggio_runs": {
          "raw": 0,
          "z_score": -0.3391684901531729
        },
        "peak_not_late": {
          "raw": 1,
          "z_score": 0.42975206611570255
        },
        "blue_ratio": {
          "raw": 0.3333333333333333,
          "z_score": 0.9636752136752136
        },
        "rhythm_2grams": {
          "raw": 1,
          "z_score": -0.13257575757575726
        }
      }
    },
    "bass_detail": {
      "total": -0.02286168760157209,
      "direction_gate": 1.0,
      "features": {
        "ioi_swing": {
          "raw": 0.0,
          "z_score": -0.24855491329479767
        },
        "non_chromatic_ratio": {
          "raw": 0.5454545454545454,
          "z_score": 0.22569322569322559
        }
      }
    },
    "piano_detail": {
      "total": -0.3542221464686647,
      "variety_gate": 0.5,
      "features": {
        "avg_chord_spread": {
          "raw": 10.0,
          "z_score": 0.8489208633093526
        },
        "gap_ratio": {
          "raw": 0.6666666666666666,
          "z_score": -0.3862745098039215
        },
        "register_separation": {
          "raw": 0.3333333333333286,
          "z_score": -0.9403214156735297
        },
        "velocity_variance": {
          "raw": 0.0,
          "z_score": -0.23076923076923078
        }
      }
    },
    "drums_detail": {
      "total": 0.48908854296022863,
      "features": {
        "kick_off_beat_ratio": {
          "raw": 0.5,
          "z_score": 0.2411347517730495
        },
        "snare_backbeat_ratio": {
          "raw": 0.0,
          "z_score": -0.3584905660377358
        },
        "velocity_variance": {
          "raw": 7.637626158259733,
          "z_score": 0.5148601988090733
        },
        "duration_variety": {
          "raw": 2,
          "z_score": 0.09158415841584167
        }
      }
    },
    "ensemble_detail": {
      "total": 1.2240631507719546,
      "duration_gate": 1.0,
      "features": {
        "collision_rate": {
          "raw": 0.3333333333333333,
          "z_score": -0.5496453900709218
        },
        "phrase_alignment": {
          "raw": 0.6666666666666666,
          "z_score": 0.16861219195849547
        },
        "texture_density": {
          "raw": 0.724,
          "z_score": -0.20220588235294093
        },
        "harmonic_consonance": {
          "raw": 0.8620689655172413,
          "z_score": 1.807302231237322
        }
      }
    }
  },
  "metrics": {
    "reward": 0.5704871938318253,
    "note_count": 53,
    "valid_midi": 1.0,
    "unique_durs": 1,
    "has_rests": true
  },
  "has_midi": true,
  "error": null,
  "timestamp": "2025-11-30T22:55:07.686636"
}