{
  "id": 2,
  "generation": 8,
  "reward": 0.16664012384757607,
  "breakdown": {
    "sax": -0.10206279873426896,
    "sax_sig": 0.4829960932806872,
    "bass": -1.3559672099482667,
    "bass_sig": 0.2882336749331442,
    "piano": -0.4177313457367111,
    "piano_sig": 0.43082460887406193,
    "drums": -4.82508797357763,
    "drums_sig": 0.03854114811065573,
    "ensemble": -2.9569248694453467,
    "ensemble_sig": 0.12225112031052966,
    "z_sum": -9.657774197442222,
    "combined": 0.16664012384757607,
    "sax_detail": {
      "total": -0.10206279873426896,
      "variety_gate": 0.25,
      "features": {
        "melodic_entropy": {
          "raw": 2.1180782093497093,
          "z_score": -0.5751894934977102
        },
        "dur_cv": {
          "raw": 0.0,
          "z_score": -0.8880854560394412
        },
        "sax_arpeggio_runs": {
          "raw": 0,
          "z_score": -0.4150099290132615
        },
        "peak_not_late": {
          "raw": 1,
          "z_score": 0.6122586439155816
        },
        "blue_ratio": {
          "raw": 0.4166666666666667,
          "z_score": 1.7441427050053249
        },
        "rhythm_2grams": {
          "raw": 1,
          "z_score": -0.8863676653075695
        }
      }
    },
    "bass_detail": {
      "total": -1.3559672099482667,
      "direction_gate": 1.0,
      "features": {
        "ioi_swing": {
          "raw": 0.0,
          "z_score": -0.8105992171032821
        },
        "non_chromatic_ratio": {
          "raw": 0.5454545454545454,
          "z_score": -0.5453679928449846
        }
      }
    },
    "piano_detail": {
      "total": -0.4177313457367111,
      "variety_gate": 0.5,
      "features": {
        "avg_chord_spread": {
          "raw": 12.0,
          "z_score": 0.48104803493449777
        },
        "gap_ratio": {
          "raw": 0.45454545454545453,
          "z_score": -0.04859656472559689
        },
        "register_separation": {
          "raw": 2.333333333333343,
          "z_score": -0.6889667932612704
        },
        "velocity_variance": {
          "raw": 0.0,
          "z_score": -0.5789473684210527
        }
      }
    },
    "drums_detail": {
      "total": -4.82508797357763,
      "features": {
        "kick_off_beat_ratio": {
          "raw": 0.33333333333333337,
          "z_score": -1.4623837173003684
        },
        "snare_backbeat_ratio": {
          "raw": 0.0,
          "z_score": -0.5855710048313247
        },
        "velocity_variance": {
          "raw": 0.0,
          "z_score": -1.3587178965954583
        },
        "duration_variety": {
          "raw": 1,
          "z_score": -1.418415354850479
        }
      }
    },
    "ensemble_detail": {
      "total": -2.9569248694453467,
      "duration_gate": 1.0,
      "features": {
        "collision_rate": {
          "raw": 0.4166666666666667,
          "z_score": -0.10323383084577116
        },
        "phrase_alignment": {
          "raw": 1.0,
          "z_score": -1.66875
        },
        "texture_density": {
          "raw": 0.648,
          "z_score": -0.3170731707317073
        },
        "harmonic_consonance": {
          "raw": 0.6666666666666666,
          "z_score": -0.8678678678678683
        }
      }
    }
  },
  "metrics": {
    "reward": 0.16664012384757607,
    "note_count": 84,
    "valid_midi": 1.0,
    "unique_durs": 1,
    "has_rests": false
  },
  "has_midi": true,
  "error": null,
  "timestamp": "2025-11-30T17:19:23.017744"
}