{
  "step": 5,
  "rollout_id": 2,
  "key": "F",
  "tempo": 160,
  "reward": 0.6965038302253911,
  "breakdown": {
    "sax": 0.21317488113536306,
    "sax_sig": 0.5354694685028071,
    "bass": 0.8236685706933919,
    "bass_sig": 0.6339296319855287,
    "piano": 2.0809366845953483,
    "piano_sig": 0.8001594342223981,
    "drums": 1.9302904564315353,
    "drums_sig": 0.7836152890140141,
    "ensemble": -0.0638447795709065,
    "ensemble_sig": 0.4893608095414924,
    "z_sum": 4.984225813284732,
    "combined": 0.6965038302253911,
    "sax_detail": {
      "total": 0.21317488113536306,
      "variety_gate": 0.0,
      "features": {}
    },
    "bass_detail": {
      "total": 0.8236685706933919,
      "direction_gate": 1.0,
      "features": {
        "ioi_swing": {
          "raw": 0.0,
          "z_score": -0.24855491329479767
        },
        "non_chromatic_ratio": {
          "raw": 0.7647058823529411,
          "z_score": 1.0722234839881897
        }
      }
    },
    "piano_detail": {
      "total": 2.0809366845953483,
      "variety_gate": 0.5,
      "features": {
        "avg_chord_spread": {
          "raw": 11.0,
          "z_score": 1.2721117223867966
        },
        "gap_ratio": {
          "raw": 0.0,
          "z_score": 3.0
        },
        "register_separation": {
          "raw": 4.25,
          "z_score": 0.12053087757313105
        },
        "velocity_variance": {
          "raw": 0.0,
          "z_score": -0.23076923076923078
        }
      }
    },
    "drums_detail": {
      "total": 1.9302904564315353,
      "features": {
        "kick_off_beat_ratio": {
          "raw": 0.0,
          "z_score": -3.0
        },
        "snare_backbeat_ratio": {
          "raw": 0.5,
          "z_score": 3.0
        },
        "velocity_variance": {
          "raw": 0.0,
          "z_score": -1.0697095435684647
        },
        "duration_variety": {
          "raw": 5,
          "z_score": 3.0
        }
      }
    },
    "ensemble_detail": {
      "total": -0.0638447795709065,
      "duration_gate": 0.8,
      "features": {
        "collision_rate": {
          "raw": 0.5,
          "z_score": -1.4361702127659575
        },
        "phrase_alignment": {
          "raw": 1.0,
          "z_score": -1.1284046692607006
        },
        "texture_density": {
          "raw": 0,
          "z_score": 2.4595588235294117
        },
        "harmonic_consonance": {
          "raw": 0.65,
          "z_score": 0.02521008403361347
        }
      }
    }
  },
  "has_midi": true,
  "error": null,
  "timestamp": "2025-11-30T22:31:06.987281"
}