{
  "id": 25,
  "generation": 34,
  "reward": 0.4652736282542976,
  "breakdown": {
    "sax": 0.08926023351957288,
    "sax_sig": 0.5148723171959256,
    "bass": 1.2285308681388096,
    "bass_sig": 0.694028396620869,
    "piano": -3.5388904070166856,
    "piano_sig": 0.0863325258637435,
    "drums": 2.8165895125414595,
    "drums_sig": 0.8673497510311219,
    "ensemble": -1.4302670931772,
    "ensemble_sig": 0.27817920057221446,
    "z_sum": -0.8347768859940432,
    "combined": 0.4652736282542976,
    "sax_detail": {
      "total": 0.08926023351957288,
      "variety_gate": 0.25,
      "features": {
        "melodic_entropy": {
          "raw": 1.9808259362290785,
          "z_score": 0.2674182766298715
        },
        "dur_cv": {
          "raw": 0.0,
          "z_score": -0.2978723404255319
        },
        "sax_arpeggio_runs": {
          "raw": 0,
          "z_score": -0.3391684901531729
        },
        "peak_not_late": {
          "raw": 1,
          "z_score": 0.42975206611570255
        },
        "blue_ratio": {
          "raw": 0.25,
          "z_score": 0.4294871794871795
        },
        "rhythm_2grams": {
          "raw": 1,
          "z_score": -0.13257575757575726
        }
      }
    },
    "bass_detail": {
      "total": 1.2285308681388096,
      "direction_gate": 1.0,
      "features": {
        "ioi_swing": {
          "raw": 0.0,
          "z_score": -0.24855491329479767
        },
        "non_chromatic_ratio": {
          "raw": 0.8695652173913043,
          "z_score": 1.4770857814336074
        }
      }
    },
    "piano_detail": {
      "total": -3.5388904070166856,
      "variety_gate": 1.0,
      "features": {
        "avg_chord_spread": {
          "raw": 7.0,
          "z_score": -0.4206517139229792
        },
        "gap_ratio": {
          "raw": 0.9166666666666669,
          "z_score": -1.8568627450980404
        },
        "register_separation": {
          "raw": 0.0,
          "z_score": -1.0306067172264355
        },
        "velocity_variance": {
          "raw": 0.0,
          "z_score": -0.23076923076923078
        }
      }
    },
    "drums_detail": {
      "total": 2.8165895125414595,
      "features": {
        "kick_off_beat_ratio": {
          "raw": 0.5,
          "z_score": 0.2411347517730495
        },
        "snare_backbeat_ratio": {
          "raw": 0.0,
          "z_score": -0.3584905660377358
        },
        "velocity_variance": {
          "raw": 18.856180831641264,
          "z_score": 2.842361168390304
        },
        "duration_variety": {
          "raw": 2,
          "z_score": 0.09158415841584167
        }
      }
    },
    "ensemble_detail": {
      "total": -1.4302670931772,
      "duration_gate": 0.8,
      "features": {
        "collision_rate": {
          "raw": 0.25,
          "z_score": -0.1063829787234042
        },
        "phrase_alignment": {
          "raw": 1.0,
          "z_score": -1.1284046692607006
        },
        "texture_density": {
          "raw": 0.9119999999999999,
          "z_score": -0.893382352941176
        },
        "harmonic_consonance": {
          "raw": 0.6875,
          "z_score": 0.34033613445378136
        }
      }
    }
  },
  "metrics": {
    "reward": 0.4652736282542976,
    "note_count": 72,
    "valid_midi": 1.0,
    "unique_durs": 1,
    "has_rests": false
  },
  "has_midi": true,
  "error": null,
  "timestamp": "2025-12-01T02:08:11.923946"
}