{
  "id": 9,
  "generation": 56,
  "reward": 0.4431218777449939,
  "breakdown": {
    "sax": 0.23372340065114003,
    "sax_sig": 0.5388752791233165,
    "bass": -1.141870908175256,
    "bass_sig": 0.3183755312095493,
    "piano": 1.2527443066339568,
    "piano_sig": 0.6974454837897279,
    "drums": -2.042833412545082,
    "drums_sig": 0.20393347127520242,
    "ensemble_mult": 1.0654653670707976,
    "z_sum": -1.6982366134352413,
    "base_reward": 0.41589514914335973,
    "combined": 0.4431218777449939,
    "sax_detail": {
      "total": 0.23372340065114003,
      "variety_gate": 0.25,
      "features": {
        "melodic_entropy": {
          "raw": 1.491013870758994,
          "z_score": -0.7572931574079624
        },
        "dur_cv": {
          "raw": 0.0,
          "z_score": -0.2978723404255319
        },
        "sax_arpeggio_runs": {
          "raw": 0,
          "z_score": -0.3391684901531729
        },
        "peak_not_late": {
          "raw": 1,
          "z_score": 0.42975206611570255
        },
        "blue_ratio": {
          "raw": 0.5,
          "z_score": 2.032051282051282
        },
        "rhythm_2grams": {
          "raw": 1,
          "z_score": -0.13257575757575726
        }
      }
    },
    "bass_detail": {
      "total": -1.141870908175256,
      "chromatic_gate": 0.5,
      "direction_gate": 1.0,
      "features": {
        "duration_variety": {
          "raw": 1,
          "z_score": -1.0
        },
        "velocity_variance": {
          "raw": 0.0,
          "z_score": -1.25
        },
        "non_chromatic_ratio": {
          "raw": 0.4782608695652174,
          "z_score": -0.0337418163505119
        }
      }
    },
    "piano_detail": {
      "total": 1.2527443066339568,
      "tonic_bonus": 1.0,
      "register_failed": true,
      "avg_pitch": 44.25,
      "features": {
        "unique_chords": {
          "raw": 5,
          "capped": 3,
          "z_score": 1.0086206896551724,
          "weight": 1.0
        },
        "avg_chord_duration": {
          "raw": 0.5,
          "z_score": 1.5819672131147542,
          "weight": 1.5
        },
        "cluster_ratio": {
          "raw": 0.16666666666666666,
          "z_score": 0.26698641087130304,
          "weight": 1.0
        },
        "out_of_key_ratio": {
          "raw": 0.15625,
          "z_score": -0.943069306930693,
          "weight": 1.0
        },
        "chord_duration_variety": {
          "raw": 1,
          "z_score": -0.20000000000000018,
          "weight": 1.0
        }
      }
    },
    "drums_detail": {
      "total": -2.042833412545082,
      "features": {
        "duration_variety": {
          "raw": 1,
          "z_score": -1.1734820322180917
        },
        "kick_off_beat_ratio": {
          "raw": 0.5,
          "z_score": 0.23571428571428552
        },
        "velocity_variance": {
          "raw": 0.0,
          "z_score": -1.1050656660412759
        }
      }
    },
    "ensemble_detail": {
      "total": 1.0654653670707976,
      "dynamic_coherence": 0.8273268353539885
    }
  },
  "metrics": {
    "reward": 0.4431218777449939,
    "note_count": 100,
    "valid_midi": 1.0,
    "unique_durs": 1,
    "has_rests": false
  },
  "has_midi": true,
  "error": null,
  "timestamp": "2025-12-02T16:30:32.468188"
}