{
  "step": 23,
  "rollout_id": 6,
  "key": "Dm",
  "tempo": 160,
  "reward": 0.796349157247369,
  "breakdown": {
    "sax": 0.17852046703914576,
    "sax_sig": 0.5297183412892482,
    "bass": -0.6733064233064233,
    "bass_sig": 0.38962924158164,
    "piano": 3.590129606516333,
    "piano_sig": 0.9163241473511604,
    "drums": 2.964878140209853,
    "drums_sig": 0.8783166957205382,
    "ensemble_mult": 1.0333333333333332,
    "z_sum": 6.060221790458908,
    "base_reward": 0.7706604747555185,
    "combined": 0.796349157247369,
    "sax_detail": {
      "total": 0.17852046703914576,
      "variety_gate": 0.5,
      "features": {
        "melodic_entropy": {
          "raw": 1.9808259362290785,
          "z_score": 0.2674182766298715
        },
        "dur_cv": {
          "raw": 0.0,
          "z_score": -0.2978723404255319
        },
        "sax_arpeggio_runs": {
          "raw": 0,
          "z_score": -0.3391684901531729
        },
        "peak_not_late": {
          "raw": 1,
          "z_score": 0.42975206611570255
        },
        "blue_ratio": {
          "raw": 0.25,
          "z_score": 0.4294871794871795
        },
        "rhythm_2grams": {
          "raw": 1,
          "z_score": -0.13257575757575726
        }
      }
    },
    "bass_detail": {
      "total": -0.6733064233064233,
      "chromatic_gate": 1.0,
      "direction_gate": 1.0,
      "features": {
        "duration_variety": {
          "raw": 2,
          "z_score": 0.0
        },
        "velocity_variance": {
          "raw": 0.0,
          "z_score": -1.25
        },
        "non_chromatic_ratio": {
          "raw": 0.6363636363636364,
          "z_score": 0.5766935766935767
        }
      }
    },
    "piano_detail": {
      "total": 3.590129606516333,
      "tonic_bonus": 1.0,
      "register_failed": false,
      "avg_pitch": 55.083333333333336,
      "features": {
        "unique_chords": {
          "raw": 2,
          "capped": 2,
          "z_score": 0.146551724137931,
          "weight": 1.0
        },
        "avg_chord_duration": {
          "raw": 0.5,
          "z_score": 1.5819672131147542,
          "weight": 1.5
        },
        "cluster_ratio": {
          "raw": 0.0,
          "z_score": 0.6666666666666667,
          "weight": 1.0
        },
        "out_of_key_ratio": {
          "raw": 0.0,
          "z_score": 0.6039603960396039,
          "weight": 1.0
        },
        "chord_duration_variety": {
          "raw": 1,
          "z_score": -0.20000000000000018,
          "weight": 1.0
        }
      }
    },
    "drums_detail": {
      "total": 2.964878140209853,
      "features": {
        "duration_variety": {
          "raw": 3,
          "z_score": 1.3048327137546467
        },
        "kick_off_beat_ratio": {
          "raw": 0.5,
          "z_score": 0.23571428571428552
        },
        "velocity_variance": {
          "raw": 12.133516482134196,
          "z_score": 1.4243311407409207
        }
      }
    },
    "ensemble_detail": {
      "total": 1.0333333333333332,
      "dynamic_coherence": 0.6666666666666666
    }
  },
  "has_midi": true,
  "error": null,
  "timestamp": "2025-12-02T13:55:21.226540"
}