{
  "step": 14,
  "rollout_id": 7,
  "key": "C",
  "tempo": 120,
  "reward": 0.471157301664217,
  "has_midi": true,
  "error": null,
  "timestamp": "2025-11-29T23:08:17.451556"
}