{
  "step": 3,
  "rollout_id": 22,
  "key": "D",
  "tempo": 160,
  "reward": 0.3907318529934437,
  "breakdown": {
    "sax": -0.3346893217749838,
    "sax_sig": 0.4444487251393213,
    "bass": 0.328138663398779,
    "bass_sig": 0.5544727151659504,
    "piano": -0.6194137278285204,
    "piano_sig": 0.39820677870766447,
    "drums": -1.9855170115091578,
    "drums_sig": 0.21020701969517733,
    "ensemble": -0.053940309048530755,
    "ensemble_sig": 0.49101091714690176,
    "z_sum": -2.6654217067624137,
    "combined": 0.3907318529934437,
    "sax_detail": {
      "total": -0.3346893217749838,
      "variety_gate": 0.25,
      "features": {
        "melodic_entropy": {
          "raw": 1.9362600275315274,
          "z_score": 0.1741841580157477
        },
        "dur_cv": {
          "raw": 0.0,
          "z_score": -0.2978723404255319
        },
        "sax_arpeggio_runs": {
          "raw": 0,
          "z_score": -0.3391684901531729
        },
        "peak_not_late": {
          "raw": 1,
          "z_score": 0.42975206611570255
        },
        "blue_ratio": {
          "raw": 0.0,
          "z_score": -1.1730769230769231
        },
        "rhythm_2grams": {
          "raw": 1,
          "z_score": -0.13257575757575726
        }
      }
    },
    "bass_detail": {
      "total": 0.328138663398779,
      "direction_gate": 1.0,
      "features": {
        "ioi_swing": {
          "raw": 0.0,
          "z_score": -0.24855491329479767
        },
        "non_chromatic_ratio": {
          "raw": 0.6363636363636364,
          "z_score": 0.5766935766935767
        }
      }
    },
    "piano_detail": {
      "total": -0.6194137278285204,
      "variety_gate": 0.5,
      "features": {
        "avg_chord_spread": {
          "raw": 8.0,
          "z_score": 0.0025391451544647596
        },
        "gap_ratio": {
          "raw": 0.6666666666666666,
          "z_score": -0.3862745098039215
        },
        "register_separation": {
          "raw": 1.5,
          "z_score": -0.6243228602383533
        },
        "velocity_variance": {
          "raw": 0.0,
          "z_score": -0.23076923076923078
        }
      }
    },
    "drums_detail": {
      "total": -1.9855170115091578,
      "features": {
        "kick_off_beat_ratio": {
          "raw": 0.19999999999999996,
          "z_score": -1.8865248226950362
        },
        "snare_backbeat_ratio": {
          "raw": 0.0,
          "z_score": -0.3584905660377358
        },
        "velocity_variance": {
          "raw": 0.0,
          "z_score": -1.0697095435684647
        },
        "duration_variety": {
          "raw": 3,
          "z_score": 1.3292079207920793
        }
      }
    },
    "ensemble_detail": {
      "total": -0.053940309048530755,
      "duration_gate": 1.0,
      "features": {
        "collision_rate": {
          "raw": 0.25,
          "z_score": -0.1063829787234042
        },
        "phrase_alignment": {
          "raw": 1.0,
          "z_score": -1.1284046692607006
        },
        "texture_density": {
          "raw": 0.4880000000000001,
          "z_score": 0.665441176470588
        },
        "harmonic_consonance": {
          "raw": 0.7083333333333334,
          "z_score": 0.5154061624649862
        }
      }
    }
  },
  "has_midi": true,
  "error": null,
  "timestamp": "2025-11-30T22:21:36.402398"
}