{
  "id": 0,
  "generation": 1,
  "reward": 0.15886998524263815,
  "breakdown": {
    "sax": -1.0049011554973717,
    "sax_sig": 0.3385115962459194,
    "bass": -1.6444759084855276,
    "bass_sig": 0.2504305624125385,
    "piano": -2.262958551896232,
    "piano_sig": 0.18114057574085266,
    "drums": -1.5329318505426413,
    "drums_sig": 0.2646468494673073,
    "ensemble": -3.5546930052549817,
    "ensemble_sig": 0.08550514151117448,
    "z_sum": -9.999960471676754,
    "combined": 0.15886998524263815,
    "sax_detail": {
      "total": -1.0049011554973717,
      "variety_gate": 0.25,
      "features": {
        "melodic_entropy": {
          "raw": 1.9808259362290785,
          "z_score": -0.8585344008483103
        },
        "dur_cv": {
          "raw": 0.0,
          "z_score": -0.8880854560394412
        },
        "sax_arpeggio_runs": {
          "raw": 0,
          "z_score": -0.4150099290132615
        },
        "peak_not_late": {
          "raw": 1,
          "z_score": 0.6122586439155816
        },
        "blue_ratio": {
          "raw": 0.0,
          "z_score": -1.5838658146964857
        },
        "rhythm_2grams": {
          "raw": 1,
          "z_score": -0.8863676653075695
        }
      }
    },
    "bass_detail": {
      "total": -1.6444759084855276,
      "direction_gate": 1.0,
      "features": {
        "ioi_swing": {
          "raw": 0.0,
          "z_score": -0.8105992171032821
        },
        "non_chromatic_ratio": {
          "raw": 0.45454545454545453,
          "z_score": -0.8338766913822454
        }
      }
    },
    "piano_detail": {
      "total": -2.262958551896232,
      "variety_gate": 1.0,
      "features": {
        "avg_chord_spread": {
          "raw": 5.0,
          "z_score": -0.7416593886462883
        },
        "gap_ratio": {
          "raw": 0.6666666666666666,
          "z_score": -1.0261136712749614
        },
        "register_separation": {
          "raw": 4.25,
          "z_score": -0.4089979550102249
        },
        "velocity_variance": {
          "raw": 0.04681218398834804,
          "z_score": -0.08618753696475745
        }
      }
    },
    "drums_detail": {
      "total": -1.5329318505426413,
      "features": {
        "kick_off_beat_ratio": {
          "raw": 0.6666666666666667,
          "z_score": -0.18822730440743424
        },
        "snare_backbeat_ratio": {
          "raw": 0.0,
          "z_score": -0.5855710048313247
        },
        "velocity_variance": {
          "raw": 8.2915619758885,
          "z_score": -0.5409159790496229
        },
        "duration_variety": {
          "raw": 2,
          "z_score": -0.21821756225425926
        }
      }
    },
    "ensemble_detail": {
      "total": -3.5546930052549817,
      "duration_gate": 1.0,
      "features": {
        "collision_rate": {
          "raw": 0.25,
          "z_score": 0.5186567164179104
        },
        "phrase_alignment": {
          "raw": 1.0,
          "z_score": -1.66875
        },
        "texture_density": {
          "raw": 0.5439999999999999,
          "z_score": -0.03523035230352277
        },
        "harmonic_consonance": {
          "raw": 0.5,
          "z_score": -2.3693693693693696
        }
      }
    }
  },
  "metrics": {
    "reward": 0.15886998524263815,
    "note_count": 60,
    "valid_midi": 1.0,
    "unique_durs": 1,
    "has_rests": false
  },
  "has_midi": true,
  "error": null,
  "timestamp": "2025-11-30T17:15:28.993284"
}