{
  "id": 18,
  "generation": 48,
  "reward": 0.9164509153780273,
  "breakdown": {
    "sax": -0.3559201465860499,
    "sax_sig": 0.4409567363596943,
    "bass": -1.3226536976536976,
    "bass_sig": 0.2928113055249545,
    "piano": 7.2679772605581645,
    "piano_sig": 0.9921962627038363,
    "drums": 3.7592749373917194,
    "drums_sig": 0.9245741564800614,
    "ensemble_mult": 1.0577350269189625,
    "z_sum": 9.348678353710136,
    "base_reward": 0.8664276894067917,
    "combined": 0.9164509153780273,
    "sax_detail": {
      "total": -0.3559201465860499,
      "variety_gate": 0.5,
      "features": {
        "melodic_entropy": {
          "raw": 2.2359263506290326,
          "z_score": 0.8011011519435828
        },
        "dur_cv": {
          "raw": 0.0,
          "z_score": -0.2978723404255319
        },
        "sax_arpeggio_runs": {
          "raw": 0,
          "z_score": -0.3391684901531729
        },
        "peak_not_late": {
          "raw": 1,
          "z_score": 0.42975206611570255
        },
        "blue_ratio": {
          "raw": 0.0,
          "z_score": -1.1730769230769231
        },
        "rhythm_2grams": {
          "raw": 1,
          "z_score": -0.13257575757575726
        }
      }
    },
    "bass_detail": {
      "total": -1.3226536976536976,
      "chromatic_gate": 0.5,
      "direction_gate": 1.0,
      "features": {
        "duration_variety": {
          "raw": 1,
          "z_score": -1.0
        },
        "velocity_variance": {
          "raw": 0.0,
          "z_score": -1.25
        },
        "non_chromatic_ratio": {
          "raw": 0.38461538461538464,
          "z_score": -0.39530739530739517
        }
      }
    },
    "piano_detail": {
      "total": 7.2679772605581645,
      "tonic_bonus": 1.0,
      "register_failed": false,
      "avg_pitch": 74.0625,
      "features": {
        "unique_chords": {
          "raw": 3,
          "capped": 3,
          "z_score": 1.0086206896551724,
          "weight": 1.0
        },
        "avg_chord_duration": {
          "raw": 0.46875,
          "z_score": 1.3258196721311477,
          "weight": 1.5
        },
        "cluster_ratio": {
          "raw": 0.0,
          "z_score": 0.6666666666666667,
          "weight": 1.0
        },
        "out_of_key_ratio": {
          "raw": 0.0,
          "z_score": 0.6039603960396039,
          "weight": 1.0
        },
        "chord_duration_variety": {
          "raw": 2,
          "z_score": 3.0,
          "weight": 1.0
        }
      }
    },
    "drums_detail": {
      "total": 3.7592749373917194,
      "features": {
        "duration_variety": {
          "raw": 4,
          "z_score": 2.5439900867410157
        },
        "kick_off_beat_ratio": {
          "raw": 0.5,
          "z_score": 0.23571428571428552
        },
        "velocity_variance": {
          "raw": 10.0,
          "z_score": 0.9795705649364186
        }
      }
    },
    "ensemble_detail": {
      "total": 1.0577350269189625,
      "dynamic_coherence": 0.7886751345948129
    }
  },
  "metrics": {
    "reward": 0.9164509153780273,
    "note_count": 46,
    "valid_midi": 1.0,
    "unique_durs": 1,
    "has_rests": true
  },
  "has_midi": true,
  "error": null,
  "timestamp": "2025-12-02T15:44:02.417240"
}