{
  "id": 4,
  "generation": 32,
  "reward": 0.3040183438349316,
  "breakdown": {
    "sax": 0.384005863482832,
    "sax_sig": 0.5636537116343256,
    "bass": -0.26930501930501927,
    "bass_sig": 0.45523600694864574,
    "piano": -1.8704579594528095,
    "piano_sig": 0.22322474489550992,
    "drums": -3.056683381785336,
    "drums_sig": 0.11529206989217011,
    "ensemble_mult": 1.1,
    "z_sum": -4.812440497060333,
    "base_reward": 0.2763803125772105,
    "combined": 0.3040183438349316,
    "sax_detail": {
      "total": 0.384005863482832,
      "variety_gate": 0.5,
      "features": {
        "melodic_entropy": {
          "raw": 1.9219280948873623,
          "z_score": 0.14420103532920983
        },
        "dur_cv": {
          "raw": 0.0,
          "z_score": -0.2978723404255319
        },
        "sax_arpeggio_runs": {
          "raw": 0,
          "z_score": -0.3391684901531729
        },
        "peak_not_late": {
          "raw": 1,
          "z_score": 0.42975206611570255
        },
        "blue_ratio": {
          "raw": 0.3333333333333333,
          "z_score": 0.9636752136752136
        },
        "rhythm_2grams": {
          "raw": 1,
          "z_score": -0.13257575757575726
        }
      }
    },
    "bass_detail": {
      "total": -0.26930501930501927,
      "chromatic_gate": 1.0,
      "direction_gate": 1.0,
      "features": {
        "duration_variety": {
          "raw": 1,
          "z_score": -1.0
        },
        "velocity_variance": {
          "raw": 0.0,
          "z_score": -1.25
        },
        "non_chromatic_ratio": {
          "raw": 1.0,
          "z_score": 1.9806949806949807
        }
      }
    },
    "piano_detail": {
      "total": -1.8704579594528095,
      "tonic_bonus": 1.0,
      "register_failed": false,
      "avg_pitch": 64.91666666666667,
      "features": {
        "unique_chords": {
          "raw": 3,
          "capped": 3,
          "z_score": 1.0086206896551724,
          "weight": 1.0
        },
        "avg_chord_duration": {
          "raw": 0.25,
          "z_score": -0.4672131147540983,
          "weight": 1.5
        },
        "cluster_ratio": {
          "raw": 0.6666666666666666,
          "z_score": -0.9320543565147881,
          "weight": 1.0
        },
        "out_of_key_ratio": {
          "raw": 0.16666666666666666,
          "z_score": -1.046204620462046,
          "weight": 1.0
        },
        "chord_duration_variety": {
          "raw": 1,
          "z_score": -0.20000000000000018,
          "weight": 1.0
        }
      }
    },
    "drums_detail": {
      "total": -3.056683381785336,
      "features": {
        "duration_variety": {
          "raw": 2,
          "z_score": 0.06567534076827748
        },
        "kick_off_beat_ratio": {
          "raw": 0.0,
          "z_score": -3.0
        },
        "velocity_variance": {
          "raw": 4.714045207910317,
          "z_score": -0.12235872255361334
        }
      }
    },
    "ensemble_detail": {
      "total": 1.1,
      "dynamic_coherence": 0.9999999999999999
    }
  },
  "metrics": {
    "reward": 0.3040183438349316,
    "note_count": 42,
    "valid_midi": 1.0,
    "unique_durs": 1,
    "has_rests": true
  },
  "has_midi": true,
  "error": null,
  "timestamp": "2025-12-02T14:24:16.896159"
}