{
  "step": 48,
  "rollout_id": 6,
  "key": "Fm",
  "tempo": 160,
  "reward": 1.025918406210586,
  "breakdown": {
    "sax": 4.096260143039636,
    "sax_sig": 0.9388221059824796,
    "bass": 3.801254773119637,
    "bass_sig": 0.9265028062071882,
    "piano": 7.895097302833731,
    "piano_sig": 0.9948489902923258,
    "drums": 4.204035513196222,
    "drums_sig": 0.9428210320949701,
    "ensemble_mult": 1.0447213595499958,
    "z_sum": 19.996647732189224,
    "base_reward": 0.9820019441858554,
    "combined": 1.025918406210586,
    "sax_detail": {
      "total": 4.096260143039636,
      "variety_gate": 0.5,
      "features": {
        "melodic_entropy": {
          "raw": 1.0957952550009336,
          "z_score": -1.5841103451863314
        },
        "dur_cv": {
          "raw": 0.35355339059327373,
          "z_score": 3.0
        },
        "sax_arpeggio_runs": {
          "raw": 3,
          "z_score": 1.8490153172866521
        },
        "peak_not_late": {
          "raw": 1,
          "z_score": 0.42975206611570255
        },
        "blue_ratio": {
          "raw": 0.4166666666666667,
          "z_score": 1.497863247863248
        },
        "rhythm_2grams": {
          "raw": 4,
          "z_score": 3.0
        }
      }
    },
    "bass_detail": {
      "total": 3.801254773119637,
      "chromatic_gate": 1.0,
      "direction_gate": 1.0,
      "features": {
        "duration_variety": {
          "raw": 4,
          "z_score": 2.0
        },
        "velocity_variance": {
          "raw": 9.797958971132712,
          "z_score": 1.1994897427831779
        },
        "non_chromatic_ratio": {
          "raw": 0.6428571428571429,
          "z_score": 0.6017650303364591
        }
      }
    },
    "piano_detail": {
      "total": 7.895097302833731,
      "tonic_bonus": 1.2,
      "register_failed": false,
      "avg_pitch": 60.0,
      "features": {
        "unique_chords": {
          "raw": 3,
          "capped": 3,
          "z_score": 1.0086206896551724,
          "weight": 1.0
        },
        "avg_chord_duration": {
          "raw": 1.5,
          "z_score": 3.0,
          "weight": 1.5
        },
        "cluster_ratio": {
          "raw": 0.0,
          "z_score": 0.6666666666666667,
          "weight": 1.0
        },
        "out_of_key_ratio": {
          "raw": 0.0,
          "z_score": 0.6039603960396039,
          "weight": 1.0
        },
        "chord_duration_variety": {
          "raw": 1,
          "z_score": -0.20000000000000018,
          "weight": 1.0
        }
      }
    },
    "drums_detail": {
      "total": 4.204035513196222,
      "features": {
        "duration_variety": {
          "raw": 4,
          "z_score": 2.5439900867410157
        },
        "kick_off_beat_ratio": {
          "raw": 0.5,
          "z_score": 0.23571428571428552
        },
        "velocity_variance": {
          "raw": 12.133516482134198,
          "z_score": 1.424331140740921
        }
      }
    },
    "ensemble_detail": {
      "total": 1.0447213595499958,
      "dynamic_coherence": 0.7236067977499789
    }
  },
  "has_midi": true,
  "error": null,
  "timestamp": "2025-12-02T14:52:42.542988"
}