{
  "id": 22,
  "generation": 38,
  "reward": 0.6595610967012996,
  "breakdown": {
    "sax": -0.4908752470393594,
    "sax_sig": 0.4189098504848753,
    "bass": -0.373862038601923,
    "bass_sig": 0.43801023530346195,
    "piano": 1.2593233358723035,
    "piano_sig": 0.6983701986398225,
    "drums": 2.659469633941127,
    "drums_sig": 0.8548278415504731,
    "ensemble": 0.913977905596599,
    "ensemble_sig": 0.6477853507153919,
    "z_sum": 3.968033589768747,
    "combined": 0.6595610967012996,
    "sax_detail": {
      "total": -0.4908752470393594,
      "variety_gate": 0.5,
      "features": {
        "melodic_entropy": {
          "raw": 1.6691803368667308,
          "z_score": -0.3845599647139522
        },
        "dur_cv": {
          "raw": 0.0,
          "z_score": -0.2978723404255319
        },
        "sax_arpeggio_runs": {
          "raw": 0,
          "z_score": -0.3391684901531729
        },
        "peak_not_late": {
          "raw": 1,
          "z_score": 0.42975206611570255
        },
        "blue_ratio": {
          "raw": 0.14285714285714285,
          "z_score": -0.25732600732600736
        },
        "rhythm_2grams": {
          "raw": 1,
          "z_score": -0.13257575757575726
        }
      }
    },
    "bass_detail": {
      "total": -0.373862038601923,
      "direction_gate": 1.0,
      "features": {
        "ioi_swing": {
          "raw": 0.0,
          "z_score": -0.24855491329479767
        },
        "non_chromatic_ratio": {
          "raw": 0.45454545454545453,
          "z_score": -0.12530712530712532
        }
      }
    },
    "piano_detail": {
      "total": 1.2593233358723035,
      "variety_gate": 1.0,
      "features": {
        "avg_chord_spread": {
          "raw": 7.2,
          "z_score": -0.3360135421074903
        },
        "gap_ratio": {
          "raw": 0.16666666666666666,
          "z_score": 2.5549019607843135
        },
        "register_separation": {
          "raw": 1.1142857142857139,
          "z_score": -0.7287958520352887
        },
        "velocity_variance": {
          "raw": 0.0,
          "z_score": -0.23076923076923078
        }
      }
    },
    "drums_detail": {
      "total": 2.659469633941127,
      "features": {
        "kick_off_beat_ratio": {
          "raw": 0.5,
          "z_score": 0.2411347517730495
        },
        "snare_backbeat_ratio": {
          "raw": 0.0,
          "z_score": -0.3584905660377358
        },
        "velocity_variance": {
          "raw": 12.133516482134198,
          "z_score": 1.447617527413734
        },
        "duration_variety": {
          "raw": 3,
          "z_score": 1.3292079207920793
        }
      }
    },
    "ensemble_detail": {
      "total": 0.913977905596599,
      "duration_gate": 1.0,
      "features": {
        "collision_rate": {
          "raw": 0.35714285714285715,
          "z_score": -0.6762917933130699
        },
        "phrase_alignment": {
          "raw": 0.3333333333333333,
          "z_score": 1.4656290531776912
        },
        "texture_density": {
          "raw": 0.6599999999999999,
          "z_score": 0.033088235294118085
        },
        "harmonic_consonance": {
          "raw": 0.6578947368421053,
          "z_score": 0.09155241043785958
        }
      }
    }
  },
  "metrics": {
    "reward": 0.6595610967012996,
    "note_count": 82,
    "valid_midi": 1.0,
    "unique_durs": 1,
    "has_rests": true
  },
  "has_midi": true,
  "error": null,
  "timestamp": "2025-12-01T02:27:59.732698"
}