{
  "step": 22,
  "rollout_id": 9,
  "key": "F",
  "tempo": 160,
  "reward": 0.4616955114186507,
  "breakdown": {
    "sax": 0.11726025583878365,
    "sax_sig": 0.5195334294297962,
    "bass": -1.064431896801839,
    "bass_sig": 0.3296825322844519,
    "piano": -0.6440369918884049,
    "piano_sig": 0.3942796469473464,
    "drums": 2.6594696339411263,
    "drums_sig": 0.8548278415504731,
    "ensemble": -1.9893735392600136,
    "ensemble_sig": 0.2097804971514309,
    "z_sum": -0.9211125381703473,
    "combined": 0.4616955114186507,
    "sax_detail": {
      "total": 0.11726025583878365,
      "variety_gate": 0.5,
      "features": {
        "melodic_entropy": {
          "raw": 2.1311772582376163,
          "z_score": 0.5819607912920843
        },
        "dur_cv": {
          "raw": 0.0,
          "z_score": -0.2978723404255319
        },
        "sax_arpeggio_runs": {
          "raw": 0,
          "z_score": -0.3391684901531729
        },
        "peak_not_late": {
          "raw": 1,
          "z_score": 0.42975206611570255
        },
        "blue_ratio": {
          "raw": 0.18181818181818182,
          "z_score": -0.007575757575757518
        },
        "rhythm_2grams": {
          "raw": 1,
          "z_score": -0.13257575757575726
        }
      }
    },
    "bass_detail": {
      "total": -1.064431896801839,
      "direction_gate": 0.5,
      "features": {
        "ioi_swing": {
          "raw": 0.0,
          "z_score": -0.24855491329479767
        },
        "non_chromatic_ratio": {
          "raw": 0.0,
          "z_score": -1.88030888030888
        }
      }
    },
    "piano_detail": {
      "total": -0.6440369918884049,
      "variety_gate": 0.5,
      "features": {
        "avg_chord_spread": {
          "raw": 8.0,
          "z_score": 0.0025391451544647596
        },
        "gap_ratio": {
          "raw": 0.6666666666666666,
          "z_score": -0.3862745098039215
        },
        "register_separation": {
          "raw": 1.318181818181813,
          "z_score": -0.6735693883581222
        },
        "velocity_variance": {
          "raw": 0.0,
          "z_score": -0.23076923076923078
        }
      }
    },
    "drums_detail": {
      "total": 2.6594696339411263,
      "features": {
        "kick_off_beat_ratio": {
          "raw": 0.5,
          "z_score": 0.2411347517730495
        },
        "snare_backbeat_ratio": {
          "raw": 0.0,
          "z_score": -0.3584905660377358
        },
        "velocity_variance": {
          "raw": 12.133516482134196,
          "z_score": 1.4476175274137335
        },
        "duration_variety": {
          "raw": 3,
          "z_score": 1.3292079207920793
        }
      }
    },
    "ensemble_detail": {
      "total": -1.9893735392600136,
      "duration_gate": 0.8,
      "features": {
        "collision_rate": {
          "raw": 0.0,
          "z_score": 1.223404255319149
        },
        "phrase_alignment": {
          "raw": 1.0,
          "z_score": -1.1284046692607006
        },
        "texture_density": {
          "raw": 0.968,
          "z_score": -1.0992647058823526
        },
        "harmonic_consonance": {
          "raw": 0.47058823529411764,
          "z_score": -1.4824518042511126
        }
      }
    }
  },
  "has_midi": true,
  "error": null,
  "timestamp": "2025-12-01T01:20:39.795470"
}