{
  "id": 18,
  "generation": 31,
  "reward": 0.39052141379572136,
  "breakdown": {
    "sax": -0.3963229820025858,
    "sax_sig": 0.434327772632163,
    "bass": -1.0121533871533872,
    "bass_sig": 0.3374298225950656,
    "piano": -1.4656364108742108,
    "piano_sig": 0.2734693858315067,
    "drums": 0.17903090392894966,
    "drums_sig": 0.5298031127077434,
    "ensemble_mult": 1.06,
    "z_sum": -2.6950818761012343,
    "base_reward": 0.3684164281091711,
    "combined": 0.39052141379572136,
    "sax_detail": {
      "total": -0.3963229820025858,
      "variety_gate": 0.5,
      "features": {
        "melodic_entropy": {
          "raw": 1.5,
          "z_score": -0.7384937238493724
        },
        "dur_cv": {
          "raw": 0.0,
          "z_score": -0.2978723404255319
        },
        "sax_arpeggio_runs": {
          "raw": 2,
          "z_score": 1.1196207148067103
        },
        "peak_not_late": {
          "raw": 1,
          "z_score": 0.42975206611570255
        },
        "blue_ratio": {
          "raw": 0.0,
          "z_score": -1.1730769230769231
        },
        "rhythm_2grams": {
          "raw": 1,
          "z_score": -0.13257575757575726
        }
      }
    },
    "bass_detail": {
      "total": -1.0121533871533872,
      "chromatic_gate": 0.5,
      "direction_gate": 1.0,
      "features": {
        "duration_variety": {
          "raw": 1,
          "z_score": -1.0
        },
        "velocity_variance": {
          "raw": 0.0,
          "z_score": -1.25
        },
        "non_chromatic_ratio": {
          "raw": 0.5454545454545454,
          "z_score": 0.22569322569322559
        }
      }
    },
    "piano_detail": {
      "total": -1.4656364108742108,
      "tonic_bonus": 1.2,
      "register_failed": false,
      "avg_pitch": 70.58333333333333,
      "features": {
        "unique_chords": {
          "raw": 2,
          "capped": 2,
          "z_score": 0.146551724137931,
          "weight": 1.0
        },
        "avg_chord_duration": {
          "raw": 0.375,
          "z_score": 0.5573770491803279,
          "weight": 1.5
        },
        "cluster_ratio": {
          "raw": 0.3333333333333333,
          "z_score": -0.13269384492406067,
          "weight": 1.0
        },
        "out_of_key_ratio": {
          "raw": 0.25,
          "z_score": -1.8712871287128712,
          "weight": 1.0
        },
        "chord_duration_variety": {
          "raw": 1,
          "z_score": -0.20000000000000018,
          "weight": 1.0
        }
      }
    },
    "drums_detail": {
      "total": 0.17903090392894966,
      "features": {
        "duration_variety": {
          "raw": 2,
          "z_score": 0.06567534076827748
        },
        "kick_off_beat_ratio": {
          "raw": 0.5,
          "z_score": 0.23571428571428552
        },
        "velocity_variance": {
          "raw": 4.714045207910317,
          "z_score": -0.12235872255361334
        }
      }
    },
    "ensemble_detail": {
      "total": 1.06,
      "dynamic_coherence": 0.7999999999999999
    }
  },
  "metrics": {
    "reward": 0.39052141379572136,
    "note_count": 45,
    "valid_midi": 1.0,
    "unique_durs": 1,
    "has_rests": true
  },
  "has_midi": true,
  "error": null,
  "timestamp": "2025-12-02T14:18:45.930231"
}