{
  "step": 33,
  "rollout_id": 19,
  "key": "Dm",
  "tempo": 160,
  "reward": 0.5780469947489607,
  "breakdown": {
    "sax": -0.43990266583235355,
    "sax_sig": 0.427203886849295,
    "bass": 1.0301393653994813,
    "bass_sig": 0.6652456912542147,
    "piano": -0.366437535078049,
    "piano_sig": 0.4392290037762848,
    "drums": 2.6594696339411263,
    "drums_sig": 0.8548278415504731,
    "ensemble": -0.9947014466851398,
    "ensemble_sig": 0.3400358868809325,
    "z_sum": 1.8885673517450654,
    "combined": 0.5780469947489607,
    "sax_detail": {
      "total": -0.43990266583235355,
      "variety_gate": 0.5,
      "features": {
        "melodic_entropy": {
          "raw": 2.1556390622295662,
          "z_score": 0.6331361134509755
        },
        "dur_cv": {
          "raw": 0.0,
          "z_score": -0.2978723404255319
        },
        "sax_arpeggio_runs": {
          "raw": 0,
          "z_score": -0.3391684901531729
        },
        "peak_not_late": {
          "raw": 1,
          "z_score": 0.42975206611570255
        },
        "blue_ratio": {
          "raw": 0.0,
          "z_score": -1.1730769230769231
        },
        "rhythm_2grams": {
          "raw": 1,
          "z_score": -0.13257575757575726
        }
      }
    },
    "bass_detail": {
      "total": 1.0301393653994813,
      "direction_gate": 1.0,
      "features": {
        "ioi_swing": {
          "raw": 0.0,
          "z_score": -0.24855491329479767
        },
        "non_chromatic_ratio": {
          "raw": 0.8181818181818182,
          "z_score": 1.278694278694279
        }
      }
    },
    "piano_detail": {
      "total": -0.366437535078049,
      "variety_gate": 0.5,
      "features": {
        "avg_chord_spread": {
          "raw": 9.0,
          "z_score": 0.4257300042319087
        },
        "gap_ratio": {
          "raw": 0.6666666666666666,
          "z_score": -0.3862745098039215
        },
        "register_separation": {
          "raw": 1.8055555555555571,
          "z_score": -0.5415613338148545
        },
        "velocity_variance": {
          "raw": 0.0,
          "z_score": -0.23076923076923078
        }
      }
    },
    "drums_detail": {
      "total": 2.6594696339411263,
      "features": {
        "kick_off_beat_ratio": {
          "raw": 0.5,
          "z_score": 0.2411347517730495
        },
        "snare_backbeat_ratio": {
          "raw": 0.0,
          "z_score": -0.3584905660377358
        },
        "velocity_variance": {
          "raw": 12.133516482134196,
          "z_score": 1.4476175274137335
        },
        "duration_variety": {
          "raw": 3,
          "z_score": 1.3292079207920793
        }
      }
    },
    "ensemble_detail": {
      "total": -0.9947014466851398,
      "duration_gate": 1.0,
      "features": {
        "collision_rate": {
          "raw": 0.4444444444444444,
          "z_score": -1.1406619385342787
        },
        "phrase_alignment": {
          "raw": 0.5,
          "z_score": 0.8171206225680933
        },
        "texture_density": {
          "raw": 0.96,
          "z_score": -1.0698529411764703
        },
        "harmonic_consonance": {
          "raw": 0.6944444444444444,
          "z_score": 0.398692810457516
        }
      }
    }
  },
  "has_midi": true,
  "error": null,
  "timestamp": "2025-12-01T01:37:08.988753"
}