{
  "step": 34,
  "rollout_id": 26,
  "key": "Dm",
  "tempo": 160,
  "reward": 1.0004049526241787,
  "breakdown": {
    "sax": 8.321634863096723,
    "sax_sig": 0.9961189331164794,
    "bass": -0.6203053703053705,
    "bass_sig": 0.39806433963414856,
    "piano": 4.917818275253473,
    "piano_sig": 0.9636854170885173,
    "drums": 2.964878140209853,
    "drums_sig": 0.8783166957205382,
    "ensemble_mult": 1.0447213595499958,
    "z_sum": 15.584025908254679,
    "base_reward": 0.9575806443309383,
    "combined": 1.0004049526241787,
    "sax_detail": {
      "total": 8.321634863096723,
      "variety_gate": 1.0,
      "features": {
        "melodic_entropy": {
          "raw": 2.1887218755408666,
          "z_score": 0.7023470199599721
        },
        "dur_cv": {
          "raw": 0.5518136188027565,
          "z_score": 3.0
        },
        "sax_arpeggio_runs": {
          "raw": 1,
          "z_score": 0.39022611232676874
        },
        "peak_not_late": {
          "raw": 1,
          "z_score": 0.42975206611570255
        },
        "blue_ratio": {
          "raw": 0.3076923076923077,
          "z_score": 0.7993096646942802
        },
        "rhythm_2grams": {
          "raw": 2,
          "z_score": 3.0
        }
      }
    },
    "bass_detail": {
      "total": -0.6203053703053705,
      "chromatic_gate": 1.0,
      "direction_gate": 1.0,
      "features": {
        "duration_variety": {
          "raw": 1,
          "z_score": -1.0
        },
        "velocity_variance": {
          "raw": 0.0,
          "z_score": -1.25
        },
        "non_chromatic_ratio": {
          "raw": 0.9090909090909091,
          "z_score": 1.6296946296946295
        }
      }
    },
    "piano_detail": {
      "total": 4.917818275253473,
      "tonic_bonus": 1.0,
      "register_failed": false,
      "avg_pitch": 67.08333333333333,
      "features": {
        "unique_chords": {
          "raw": 2,
          "capped": 2,
          "z_score": 0.146551724137931,
          "weight": 1.0
        },
        "avg_chord_duration": {
          "raw": 1.5,
          "z_score": 3.0,
          "weight": 1.5
        },
        "cluster_ratio": {
          "raw": 0.3333333333333333,
          "z_score": -0.13269384492406067,
          "weight": 1.0
        },
        "out_of_key_ratio": {
          "raw": 0.0,
          "z_score": 0.6039603960396039,
          "weight": 1.0
        },
        "chord_duration_variety": {
          "raw": 1,
          "z_score": -0.20000000000000018,
          "weight": 1.0
        }
      }
    },
    "drums_detail": {
      "total": 2.964878140209853,
      "features": {
        "duration_variety": {
          "raw": 3,
          "z_score": 1.3048327137546467
        },
        "kick_off_beat_ratio": {
          "raw": 0.5,
          "z_score": 0.23571428571428552
        },
        "velocity_variance": {
          "raw": 12.133516482134198,
          "z_score": 1.424331140740921
        }
      }
    },
    "ensemble_detail": {
      "total": 1.0447213595499958,
      "dynamic_coherence": 0.7236067977499789
    }
  },
  "has_midi": true,
  "error": null,
  "timestamp": "2025-12-02T14:19:44.835032"
}