{
  "step": 2,
  "rollout_id": 4,
  "key": "D",
  "tempo": 160,
  "reward": 0.356994487428868,
  "breakdown": {
    "sax": -0.5966603661039557,
    "sax_sig": 0.40184737917917895,
    "bass": -1.4268630916029759,
    "bass_sig": 0.27863510207761855,
    "piano": -0.6109602267838395,
    "piano_sig": 0.3995580711759221,
    "drums": 0.48908854296022863,
    "drums_sig": 0.5808001699762088,
    "ensemble": -1.3852026011994343,
    "ensemble_sig": 0.2842517111453821,
    "z_sum": -3.530597742729977,
    "combined": 0.356994487428868,
    "sax_detail": {
      "total": -0.5966603661039557,
      "variety_gate": 0.25,
      "features": {
        "melodic_entropy": {
          "raw": 1.4353713907745331,
          "z_score": -0.8737000193001399
        },
        "dur_cv": {
          "raw": 0.0,
          "z_score": -0.2978723404255319
        },
        "sax_arpeggio_runs": {
          "raw": 0,
          "z_score": -0.3391684901531729
        },
        "peak_not_late": {
          "raw": 1,
          "z_score": 0.42975206611570255
        },
        "blue_ratio": {
          "raw": 0.0,
          "z_score": -1.1730769230769231
        },
        "rhythm_2grams": {
          "raw": 1,
          "z_score": -0.13257575757575726
        }
      }
    },
    "bass_detail": {
      "total": -1.4268630916029759,
      "direction_gate": 1.0,
      "features": {
        "ioi_swing": {
          "raw": 0.0,
          "z_score": -0.24855491329479767
        },
        "non_chromatic_ratio": {
          "raw": 0.18181818181818182,
          "z_score": -1.1783081783081781
        }
      }
    },
    "piano_detail": {
      "total": -0.6109602267838395,
      "variety_gate": 0.5,
      "features": {
        "avg_chord_spread": {
          "raw": 9.0,
          "z_score": 0.4257300042319087
        },
        "gap_ratio": {
          "raw": 0.6666666666666666,
          "z_score": -0.3862745098039215
        },
        "register_separation": {
          "raw": 0.0,
          "z_score": -1.0306067172264355
        },
        "velocity_variance": {
          "raw": 0.0,
          "z_score": -0.23076923076923078
        }
      }
    },
    "drums_detail": {
      "total": 0.48908854296022863,
      "features": {
        "kick_off_beat_ratio": {
          "raw": 0.5,
          "z_score": 0.2411347517730495
        },
        "snare_backbeat_ratio": {
          "raw": 0.0,
          "z_score": -0.3584905660377358
        },
        "velocity_variance": {
          "raw": 7.637626158259733,
          "z_score": 0.5148601988090733
        },
        "duration_variety": {
          "raw": 2,
          "z_score": 0.09158415841584167
        }
      }
    },
    "ensemble_detail": {
      "total": -1.3852026011994343,
      "duration_gate": 1.0,
      "features": {
        "collision_rate": {
          "raw": 0.08333333333333333,
          "z_score": 0.7801418439716312
        },
        "phrase_alignment": {
          "raw": 1.0,
          "z_score": -1.1284046692607006
        },
        "texture_density": {
          "raw": 0.9960000000000001,
          "z_score": -1.2022058823529413
        },
        "harmonic_consonance": {
          "raw": 0.6666666666666666,
          "z_score": 0.16526610644257655
        }
      }
    }
  },
  "has_midi": true,
  "error": null,
  "timestamp": "2025-11-30T21:21:35.693214"
}