{
  "id": 27,
  "generation": 4,
  "reward": 0.7660203179769463,
  "breakdown": {
    "sax": -0.688169640910886,
    "sax_sig": 0.3872753384517848,
    "bass": -0.26930501930501927,
    "bass_sig": 0.45523600694864574,
    "piano": 1.2908703062903824,
    "piano_sig": 0.7027818613734733,
    "drums": 4.72194946605896,
    "drums_sig": 0.9588285139488525,
    "ensemble_mult": 1.0447213595499958,
    "z_sum": 5.055345112133437,
    "base_reward": 0.7332293065271515,
    "combined": 0.7660203179769463,
    "sax_detail": {
      "total": -0.688169640910886,
      "variety_gate": 0.5,
      "features": {
        "melodic_entropy": {
          "raw": 1.9182958340544893,
          "z_score": 0.13660216329391078
        },
        "dur_cv": {
          "raw": 0.0,
          "z_score": -0.2978723404255319
        },
        "sax_arpeggio_runs": {
          "raw": 0,
          "z_score": -0.3391684901531729
        },
        "peak_not_late": {
          "raw": 1,
          "z_score": 0.42975206611570255
        },
        "blue_ratio": {
          "raw": 0.0,
          "z_score": -1.1730769230769231
        },
        "rhythm_2grams": {
          "raw": 1,
          "z_score": -0.13257575757575726
        }
      }
    },
    "bass_detail": {
      "total": -0.26930501930501927,
      "chromatic_gate": 1.0,
      "direction_gate": 1.0,
      "features": {
        "duration_variety": {
          "raw": 1,
          "z_score": -1.0
        },
        "velocity_variance": {
          "raw": 0.0,
          "z_score": -1.25
        },
        "non_chromatic_ratio": {
          "raw": 1.0,
          "z_score": 1.9806949806949807
        }
      }
    },
    "piano_detail": {
      "total": 1.2908703062903824,
      "tonic_bonus": 1.0,
      "register_failed": false,
      "avg_pitch": 69.5,
      "features": {
        "unique_chords": {
          "raw": 3,
          "capped": 3,
          "z_score": 1.0086206896551724,
          "weight": 1.0
        },
        "avg_chord_duration": {
          "raw": 0.375,
          "z_score": 0.5573770491803279,
          "weight": 1.5
        },
        "cluster_ratio": {
          "raw": 0.3333333333333333,
          "z_score": -0.13269384492406067,
          "weight": 1.0
        },
        "out_of_key_ratio": {
          "raw": 0.08333333333333333,
          "z_score": -0.22112211221122108,
          "weight": 1.0
        },
        "chord_duration_variety": {
          "raw": 1,
          "z_score": -0.20000000000000018,
          "weight": 1.0
        }
      }
    },
    "drums_detail": {
      "total": 4.72194946605896,
      "features": {
        "duration_variety": {
          "raw": 4,
          "z_score": 2.5439900867410157
        },
        "kick_off_beat_ratio": {
          "raw": 0.6666666666666667,
          "z_score": 1.4261904761904765
        },
        "velocity_variance": {
          "raw": 8.907235428302462,
          "z_score": 0.7517689031274676
        }
      }
    },
    "ensemble_detail": {
      "total": 1.0447213595499958,
      "dynamic_coherence": 0.7236067977499789
    }
  },
  "metrics": {
    "reward": 0.7660203179769463,
    "note_count": 81,
    "valid_midi": 1.0,
    "unique_durs": 1,
    "has_rests": true
  },
  "has_midi": true,
  "error": null,
  "timestamp": "2025-12-01T22:00:29.241437"
}