{
  "id": 25,
  "generation": 2,
  "reward": 0.6590210525285054,
  "breakdown": {
    "sax": 2.90769797997406,
    "sax_sig": 0.8741834459271091,
    "bass": -1.7171814671814671,
    "bass_sig": 0.24144242841425387,
    "piano": 0.37823002409964435,
    "piano_sig": 0.5627064424076801,
    "drums": 1.2595787417854336,
    "drums_sig": 0.6984060648067626,
    "ensemble_mult": 1.0333333333333332,
    "z_sum": 2.8283252786776707,
    "base_reward": 0.6377623088985537,
    "combined": 0.6590210525285054,
    "sax_detail": {
      "total": 2.90769797997406,
      "variety_gate": 0.5,
      "features": {
        "melodic_entropy": {
          "raw": 2.75,
          "z_score": 1.876569037656904
        },
        "dur_cv": {
          "raw": 0.37267799624996495,
          "z_score": 3.0
        },
        "sax_arpeggio_runs": {
          "raw": 1,
          "z_score": 0.39022611232676874
        },
        "peak_not_late": {
          "raw": 1,
          "z_score": 0.42975206611570255
        },
        "blue_ratio": {
          "raw": 0.2222222222222222,
          "z_score": 0.25142450142450135
        },
        "rhythm_2grams": {
          "raw": 1,
          "z_score": -0.13257575757575726
        }
      }
    },
    "bass_detail": {
      "total": -1.7171814671814671,
      "chromatic_gate": 1.0,
      "direction_gate": 1.0,
      "features": {
        "duration_variety": {
          "raw": 1,
          "z_score": -1.0
        },
        "velocity_variance": {
          "raw": 0.0,
          "z_score": -1.25
        },
        "non_chromatic_ratio": {
          "raw": 0.625,
          "z_score": 0.5328185328185329
        }
      }
    },
    "piano_detail": {
      "total": 0.37823002409964435,
      "tonic_bonus": 1.0,
      "register_failed": false,
      "avg_pitch": 66.91666666666667,
      "features": {
        "unique_chords": {
          "raw": 3,
          "capped": 3,
          "z_score": 1.0086206896551724,
          "weight": 1.0
        },
        "avg_chord_duration": {
          "raw": 0.5,
          "z_score": 1.5819672131147542,
          "weight": 1.5
        },
        "cluster_ratio": {
          "raw": 0.6666666666666666,
          "z_score": -0.9320543565147881,
          "weight": 1.0
        },
        "out_of_key_ratio": {
          "raw": 0.25,
          "z_score": -1.8712871287128712,
          "weight": 1.0
        },
        "chord_duration_variety": {
          "raw": 1,
          "z_score": -0.20000000000000018,
          "weight": 1.0
        }
      }
    },
    "drums_detail": {
      "total": 1.2595787417854336,
      "features": {
        "duration_variety": {
          "raw": 2,
          "z_score": 0.06567534076827748
        },
        "kick_off_beat_ratio": {
          "raw": 0.5,
          "z_score": 0.23571428571428552
        },
        "velocity_variance": {
          "raw": 9.89743318610787,
          "z_score": 0.9581891153028705
        }
      }
    },
    "ensemble_detail": {
      "total": 1.0333333333333332,
      "dynamic_coherence": 0.6666666666666666
    }
  },
  "metrics": {
    "reward": 0.6590210525285054,
    "note_count": 44,
    "valid_midi": 1.0,
    "unique_durs": 3,
    "has_rests": false
  },
  "has_midi": true,
  "error": null,
  "timestamp": "2025-12-01T20:26:37.698992"
}