{
  "step": 9,
  "rollout_id": 1,
  "key": "D",
  "tempo": 160,
  "reward": 0.7837270840445394,
  "breakdown": {
    "sax": -1.2071275720489743,
    "sax_sig": 0.30900999964768056,
    "bass": -0.26930501930501927,
    "bass_sig": 0.45523600694864574,
    "piano": 7.895097302833731,
    "piano_sig": 0.9948489902923258,
    "drums": -0.31434436191166515,
    "drums_sig": 0.4478001699745499,
    "ensemble_mult": 1.0149071198499986,
    "z_sum": 6.104320349568073,
    "base_reward": 0.7722155739338717,
    "combined": 0.7837270840445394,
    "sax_detail": {
      "total": -1.2071275720489743,
      "variety_gate": 0.25,
      "features": {
        "melodic_entropy": {
          "raw": 1.584962500721156,
          "z_score": -0.5607479064410961
        },
        "dur_cv": {
          "raw": 0.0,
          "z_score": -0.2978723404255319
        },
        "sax_arpeggio_runs": {
          "raw": 0,
          "z_score": -0.3391684901531729
        },
        "peak_not_late": {
          "raw": 0,
          "z_score": -2.325068870523416
        },
        "blue_ratio": {
          "raw": 0.0,
          "z_score": -1.1730769230769231
        },
        "rhythm_2grams": {
          "raw": 1,
          "z_score": -0.13257575757575726
        }
      }
    },
    "bass_detail": {
      "total": -0.26930501930501927,
      "chromatic_gate": 1.0,
      "direction_gate": 1.0,
      "features": {
        "duration_variety": {
          "raw": 1,
          "z_score": -1.0
        },
        "velocity_variance": {
          "raw": 0.0,
          "z_score": -1.25
        },
        "non_chromatic_ratio": {
          "raw": 1.0,
          "z_score": 1.9806949806949807
        }
      }
    },
    "piano_detail": {
      "total": 7.895097302833731,
      "tonic_bonus": 1.2,
      "register_failed": false,
      "avg_pitch": 68.25,
      "features": {
        "unique_chords": {
          "raw": 3,
          "capped": 3,
          "z_score": 1.0086206896551724,
          "weight": 1.0
        },
        "avg_chord_duration": {
          "raw": 1.5,
          "z_score": 3.0,
          "weight": 1.5
        },
        "cluster_ratio": {
          "raw": 0.0,
          "z_score": 0.6666666666666667,
          "weight": 1.0
        },
        "out_of_key_ratio": {
          "raw": 0.0,
          "z_score": 0.6039603960396039,
          "weight": 1.0
        },
        "chord_duration_variety": {
          "raw": 1,
          "z_score": -0.20000000000000018,
          "weight": 1.0
        }
      }
    },
    "drums_detail": {
      "total": -0.31434436191166515,
      "features": {
        "duration_variety": {
          "raw": 1,
          "z_score": -1.1734820322180917
        },
        "kick_off_beat_ratio": {
          "raw": 0.5,
          "z_score": 0.23571428571428552
        },
        "velocity_variance": {
          "raw": 8.2915619758885,
          "z_score": 0.623423384592141
        }
      }
    },
    "ensemble_detail": {
      "total": 1.0149071198499986,
      "dynamic_coherence": 0.574535599249993
    }
  },
  "has_midi": true,
  "error": null,
  "timestamp": "2025-12-01T22:09:14.109870"
}