{
  "id": 20,
  "generation": 44,
  "reward": 0.41389551632159044,
  "breakdown": {
    "sax": -1.1154394833573502,
    "sax_sig": 0.3222116764407896,
    "bass": 1.451506260754816,
    "bass_sig": 0.7246550035540918,
    "piano": -0.6357140056056149,
    "piano_sig": 0.3956055695233384,
    "drums": -2.727115994102452,
    "drums_sig": 0.13966473815904712,
    "ensemble": 0.9394561770844989,
    "ensemble_sig": 0.6516509605721721,
    "z_sum": -2.087307045226102,
    "combined": 0.41389551632159044,
    "sax_detail": {
      "total": -1.1154394833573502,
      "variety_gate": 0.5,
      "features": {
        "melodic_entropy": {
          "raw": 0.9991421039919088,
          "z_score": -1.7863135899750862
        },
        "dur_cv": {
          "raw": 0.0,
          "z_score": -0.2978723404255319
        },
        "sax_arpeggio_runs": {
          "raw": 0,
          "z_score": -0.3391684901531729
        },
        "peak_not_late": {
          "raw": 1,
          "z_score": 0.42975206611570255
        },
        "blue_ratio": {
          "raw": 0.16666666666666666,
          "z_score": -0.10470085470085473
        },
        "rhythm_2grams": {
          "raw": 1,
          "z_score": -0.13257575757575726
        }
      }
    },
    "bass_detail": {
      "total": 1.451506260754816,
      "direction_gate": 1.0,
      "features": {
        "ioi_swing": {
          "raw": 0.3076923076923077,
          "z_score": 1.5300133392618944
        },
        "non_chromatic_ratio": {
          "raw": 0.4666666666666667,
          "z_score": -0.07850707850707843
        }
      }
    },
    "piano_detail": {
      "total": -0.6357140056056149,
      "variety_gate": 0.5,
      "features": {
        "avg_chord_spread": {
          "raw": 7.666666666666667,
          "z_score": -0.13852447453801642
        },
        "gap_ratio": {
          "raw": 0.7272727272727273,
          "z_score": -0.7427807486631018
        },
        "register_separation": {
          "raw": 3.2166666666666686,
          "z_score": -0.1593535572408807
        },
        "velocity_variance": {
          "raw": 0.0,
          "z_score": -0.23076923076923078
        }
      }
    },
    "drums_detail": {
      "total": -2.727115994102452,
      "features": {
        "kick_off_beat_ratio": {
          "raw": 0.4444444444444444,
          "z_score": -0.15287628053585536
        },
        "snare_backbeat_ratio": {
          "raw": 0.0,
          "z_score": -0.3584905660377358
        },
        "velocity_variance": {
          "raw": 0.0,
          "z_score": -1.0697095435684647
        },
        "duration_variety": {
          "raw": 1,
          "z_score": -1.146039603960396
        }
      }
    },
    "ensemble_detail": {
      "total": 0.9394561770844989,
      "duration_gate": 1.0,
      "features": {
        "collision_rate": {
          "raw": 0.03333333333333333,
          "z_score": 1.0460992907801419
        },
        "phrase_alignment": {
          "raw": 0.5,
          "z_score": 0.8171206225680933
        },
        "texture_density": {
          "raw": 0.8480000000000001,
          "z_score": -0.6580882352941178
        },
        "harmonic_consonance": {
          "raw": 0.6153846153846154,
          "z_score": -0.2656755009696185
        }
      }
    }
  },
  "metrics": {
    "reward": 0.41389551632159044,
    "note_count": 85,
    "valid_midi": 1.0,
    "unique_durs": 1,
    "has_rests": true
  },
  "has_midi": true,
  "error": null,
  "timestamp": "2025-12-01T03:18:58.339381"
}