{
  "step": 8,
  "rollout_id": 25,
  "key": "D",
  "tempo": 160,
  "reward": 0.23492263851305165,
  "breakdown": {
    "sax": -0.24333687443288368,
    "sax_sig": 0.4595325631979355,
    "bass": -2.2214933055600494,
    "bass_sig": 0.18527709639408393,
    "piano": -1.5223862146341425,
    "piano_sig": 0.26601729443613586,
    "drums": -1.0343103610318398,
    "drums_sig": 0.33413535679933104,
    "ensemble": -2.0627974006040986,
    "ensemble_sig": 0.20178128636794856,
    "z_sum": -7.084324156263014,
    "combined": 0.23492263851305165,
    "sax_detail": {
      "total": -0.24333687443288368,
      "variety_gate": 0.25,
      "features": {
        "melodic_entropy": {
          "raw": 1.5219280948873621,
          "z_score": -1.8058875002325308
        },
        "dur_cv": {
          "raw": 0.0,
          "z_score": -0.8880854560394412
        },
        "sax_arpeggio_runs": {
          "raw": 0,
          "z_score": -0.4150099290132615
        },
        "peak_not_late": {
          "raw": 1,
          "z_score": 0.6122586439155816
        },
        "blue_ratio": {
          "raw": 0.5,
          "z_score": 2.4097444089456865
        },
        "rhythm_2grams": {
          "raw": 1,
          "z_score": -0.8863676653075695
        }
      }
    },
    "bass_detail": {
      "total": -2.2214933055600494,
      "direction_gate": 1.0,
      "features": {
        "ioi_swing": {
          "raw": 0.0,
          "z_score": -0.8105992171032821
        },
        "non_chromatic_ratio": {
          "raw": 0.2727272727272727,
          "z_score": -1.4108940884567673
        }
      }
    },
    "piano_detail": {
      "total": -1.5223862146341425,
      "variety_gate": 1.0,
      "features": {
        "avg_chord_spread": {
          "raw": 8.5,
          "z_score": -0.13030567685589528
        },
        "gap_ratio": {
          "raw": 0.5,
          "z_score": -0.25806451612903225
        },
        "register_separation": {
          "raw": 3.25,
          "z_score": -0.5550686532281623
        },
        "velocity_variance": {
          "raw": 0.0,
          "z_score": -0.5789473684210527
        }
      }
    },
    "drums_detail": {
      "total": -1.0343103610318398,
      "features": {
        "kick_off_beat_ratio": {
          "raw": 0.5,
          "z_score": -0.8253055108539016
        },
        "snare_backbeat_ratio": {
          "raw": 0.0,
          "z_score": -0.5855710048313247
        },
        "velocity_variance": {
          "raw": 7.637626158259733,
          "z_score": -0.605414075688574
        },
        "duration_variety": {
          "raw": 3,
          "z_score": 0.9819802303419605
        }
      }
    },
    "ensemble_detail": {
      "total": -2.0627974006040986,
      "duration_gate": 0.8,
      "features": {
        "collision_rate": {
          "raw": 0.0,
          "z_score": 1.4514925373134329
        },
        "phrase_alignment": {
          "raw": 1.0,
          "z_score": -1.66875
        },
        "texture_density": {
          "raw": 0.5279999999999999,
          "z_score": 0.008130081300813316
        },
        "harmonic_consonance": {
          "raw": 0.5,
          "z_score": -2.3693693693693696
        }
      }
    }
  },
  "has_midi": true,
  "error": null,
  "timestamp": "2025-11-30T18:04:09.053101"
}