{
  "id": 28,
  "generation": 20,
  "reward": 0.276649717384617,
  "breakdown": {
    "sax": -0.02954126341265198,
    "sax_sig": 0.4950766152290909,
    "bass": -1.5935626087436578,
    "bass_sig": 0.2568558369396067,
    "piano": -1.1426139488566158,
    "piano_sig": 0.3182680414460549,
    "drums": 0.11120081036560914,
    "drums_sig": 0.5185249849887359,
    "ensemble": -3.112331641342836,
    "ensemble_sig": 0.11156166435077368,
    "z_sum": -5.766848651990152,
    "combined": 0.276649717384617,
    "sax_detail": {
      "total": -0.02954126341265198,
      "variety_gate": 0.25,
      "features": {
        "melodic_entropy": {
          "raw": 2.581013401577586,
          "z_score": 0.38049835172912017
        },
        "dur_cv": {
          "raw": 0.0,
          "z_score": -0.8880854560394412
        },
        "sax_arpeggio_runs": {
          "raw": 0,
          "z_score": -0.4150099290132615
        },
        "peak_not_late": {
          "raw": 1,
          "z_score": 0.6122586439155816
        },
        "blue_ratio": {
          "raw": 0.3333333333333333,
          "z_score": 1.0785410010649625
        },
        "rhythm_2grams": {
          "raw": 1,
          "z_score": -0.8863676653075695
        }
      }
    },
    "bass_detail": {
      "total": -1.5935626087436578,
      "direction_gate": 1.0,
      "features": {
        "ioi_swing": {
          "raw": 0.0,
          "z_score": -0.8105992171032821
        },
        "non_chromatic_ratio": {
          "raw": 0.47058823529411764,
          "z_score": -0.7829633916403758
        }
      }
    },
    "piano_detail": {
      "total": -1.1426139488566158,
      "variety_gate": 1.0,
      "features": {
        "avg_chord_spread": {
          "raw": 7.0,
          "z_score": -0.39231441048034943
        },
        "gap_ratio": {
          "raw": 0.7058823529411765,
          "z_score": -1.2068311195445922
        },
        "register_separation": {
          "raw": 14.138888888888886,
          "z_score": 1.0354789495893786
        },
        "velocity_variance": {
          "raw": 0.0,
          "z_score": -0.5789473684210527
        }
      }
    },
    "drums_detail": {
      "total": 0.11120081036560914,
      "features": {
        "kick_off_beat_ratio": {
          "raw": 0.8,
          "z_score": 0.3214352607497392
        },
        "snare_backbeat_ratio": {
          "raw": 0.125,
          "z_score": 0.16650321586936775
        },
        "velocity_variance": {
          "raw": 0.0,
          "z_score": -1.3587178965954583
        },
        "duration_variety": {
          "raw": 3,
          "z_score": 0.9819802303419605
        }
      }
    },
    "ensemble_detail": {
      "total": -3.112331641342836,
      "duration_gate": 1.0,
      "features": {
        "collision_rate": {
          "raw": 0.1111111111111111,
          "z_score": 1.036898839137645
        },
        "phrase_alignment": {
          "raw": 1.0,
          "z_score": -1.66875
        },
        "texture_density": {
          "raw": 0.5720000000000001,
          "z_score": -0.11111111111111122
        },
        "harmonic_consonance": {
          "raw": 0.5,
          "z_score": -2.3693693693693696
        }
      }
    }
  },
  "metrics": {
    "reward": 0.276649717384617,
    "note_count": 71,
    "valid_midi": 1.0,
    "unique_durs": 1,
    "has_rests": false
  },
  "has_midi": true,
  "error": null,
  "timestamp": "2025-11-30T17:26:21.260451"
}