{
  "step": 6,
  "rollout_id": 12,
  "key": "Dm",
  "tempo": 160,
  "reward": 0.38384777828624933,
  "breakdown": {
    "sax": -2.197409515895982,
    "sax_sig": 0.1877129768349141,
    "bass": -1.4268630916029759,
    "bass_sig": 0.27863510207761855,
    "piano": -1.1440759764158068,
    "piano_sig": 0.31805659809628534,
    "drums": 0.48908854296022863,
    "drums_sig": 0.5808001699762088,
    "ensemble": 1.4397721435879878,
    "ensemble_sig": 0.7230913903270678,
    "z_sum": -2.8394878973665487,
    "combined": 0.38384777828624933,
    "sax_detail": {
      "total": -2.197409515895982,
      "variety_gate": 0.5,
      "features": {
        "melodic_entropy": {
          "raw": 1.573402452417767,
          "z_score": -0.5849321079126213
        },
        "dur_cv": {
          "raw": 0.0,
          "z_score": -0.2978723404255319
        },
        "sax_arpeggio_runs": {
          "raw": 0,
          "z_score": -0.3391684901531729
        },
        "peak_not_late": {
          "raw": 0,
          "z_score": -2.325068870523416
        },
        "blue_ratio": {
          "raw": 0.07142857142857142,
          "z_score": -0.7152014652014652
        },
        "rhythm_2grams": {
          "raw": 1,
          "z_score": -0.13257575757575726
        }
      }
    },
    "bass_detail": {
      "total": -1.4268630916029759,
      "direction_gate": 1.0,
      "features": {
        "ioi_swing": {
          "raw": 0.0,
          "z_score": -0.24855491329479767
        },
        "non_chromatic_ratio": {
          "raw": 0.18181818181818182,
          "z_score": -1.1783081783081781
        }
      }
    },
    "piano_detail": {
      "total": -1.1440759764158068,
      "variety_gate": 1.0,
      "features": {
        "avg_chord_spread": {
          "raw": 0.0,
          "z_score": -3.382987727465087
        },
        "gap_ratio": {
          "raw": 0.2,
          "z_score": 2.3588235294117643
        },
        "register_separation": {
          "raw": 4.214285714285708,
          "z_score": 0.11085745240674648
        },
        "velocity_variance": {
          "raw": 0.0,
          "z_score": -0.23076923076923078
        }
      }
    },
    "drums_detail": {
      "total": 0.48908854296022863,
      "features": {
        "kick_off_beat_ratio": {
          "raw": 0.5,
          "z_score": 0.2411347517730495
        },
        "snare_backbeat_ratio": {
          "raw": 0.0,
          "z_score": -0.3584905660377358
        },
        "velocity_variance": {
          "raw": 7.637626158259733,
          "z_score": 0.5148601988090733
        },
        "duration_variety": {
          "raw": 2,
          "z_score": 0.09158415841584167
        }
      }
    },
    "ensemble_detail": {
      "total": 1.4397721435879878,
      "duration_gate": 0.8,
      "features": {
        "collision_rate": {
          "raw": 0.07142857142857142,
          "z_score": 0.8434650455927052
        },
        "phrase_alignment": {
          "raw": 0.6,
          "z_score": 0.42801556420233455
        },
        "texture_density": {
          "raw": 0.5439999999999999,
          "z_score": 0.45955882352941213
        },
        "harmonic_consonance": {
          "raw": 0.6551724137931034,
          "z_score": 0.06867574616053282
        }
      }
    }
  },
  "has_midi": true,
  "error": null,
  "timestamp": "2025-11-30T21:46:55.393214"
}