{
  "id": 8,
  "generation": 23,
  "reward": 0.1536034068704185,
  "breakdown": {
    "sax": -1.0033088757937987,
    "sax_sig": 0.3387493340789631,
    "bass": 0.3473914920970148,
    "bass_sig": 0.5576411755140375,
    "piano": -1.861154184529628,
    "piano_sig": 0.22430207911495673,
    "drums": -4.81799501888848,
    "drums_sig": 0.038716754034577056,
    "ensemble": -2.904617624996675,
    "ensemble_sig": 0.12604259317064828,
    "z_sum": -10.239684212111566,
    "combined": 0.1536034068704185,
    "sax_detail": {
      "total": -1.0033088757937987,
      "variety_gate": 0.5,
      "features": {
        "melodic_entropy": {
          "raw": 2.8453509366224368,
          "z_score": 0.9261992911280692
        },
        "dur_cv": {
          "raw": 0.0,
          "z_score": -0.8880854560394412
        },
        "sax_arpeggio_runs": {
          "raw": 2,
          "z_score": -0.18675675058775193
        },
        "peak_not_late": {
          "raw": 1,
          "z_score": 0.6122586439155816
        },
        "blue_ratio": {
          "raw": 0.0,
          "z_score": -1.5838658146964857
        },
        "rhythm_2grams": {
          "raw": 1,
          "z_score": -0.8863676653075695
        }
      }
    },
    "bass_detail": {
      "total": 0.3473914920970148,
      "direction_gate": 1.0,
      "features": {
        "ioi_swing": {
          "raw": 0.565685424949238,
          "z_score": 0.8927594849419994
        },
        "non_chromatic_ratio": {
          "raw": 0.5454545454545454,
          "z_score": -0.5453679928449846
        }
      }
    },
    "piano_detail": {
      "total": -1.861154184529628,
      "variety_gate": 1.0,
      "features": {
        "avg_chord_spread": {
          "raw": 0.0,
          "z_score": -1.6150218340611355
        },
        "gap_ratio": {
          "raw": 0.6,
          "z_score": -0.7188940092165897
        },
        "register_separation": {
          "raw": 14.25,
          "z_score": 1.0517090271691498
        },
        "velocity_variance": {
          "raw": 0.0,
          "z_score": -0.5789473684210527
        }
      }
    },
    "drums_detail": {
      "total": -4.81799501888848,
      "features": {
        "kick_off_beat_ratio": {
          "raw": 0.0,
          "z_score": -2.7365401301933026
        },
        "snare_backbeat_ratio": {
          "raw": 0.0,
          "z_score": -0.5855710048313247
        },
        "velocity_variance": {
          "raw": 12.99038105676658,
          "z_score": -0.0774685290133732
        },
        "duration_variety": {
          "raw": 1,
          "z_score": -1.418415354850479
        }
      }
    },
    "ensemble_detail": {
      "total": -2.904617624996675,
      "duration_gate": 1.0,
      "features": {
        "collision_rate": {
          "raw": 0.25,
          "z_score": 0.5186567164179104
        },
        "phrase_alignment": {
          "raw": 0.5,
          "z_score": -0.10624999999999991
        },
        "texture_density": {
          "raw": 0.696,
          "z_score": -0.44715447154471527
        },
        "harmonic_consonance": {
          "raw": 0.4444444444444444,
          "z_score": -2.8698698698698704
        }
      }
    }
  },
  "metrics": {
    "reward": 0.1536034068704185,
    "note_count": 46,
    "valid_midi": 1.0,
    "unique_durs": 1,
    "has_rests": true
  },
  "has_midi": true,
  "error": null,
  "timestamp": "2025-11-30T17:28:18.239214"
}