{
  "step": 16,
  "rollout_id": 14,
  "key": "F",
  "tempo": 160,
  "reward": 0.3571516742568243,
  "breakdown": {
    "sax": 0.1205172172352029,
    "sax_sig": 0.5200754046564489,
    "bass": -1.3223060723060722,
    "bass_sig": 0.29285929700889063,
    "piano": -1.9580157333927228,
    "piano_sig": 0.21326703418338003,
    "drums": -0.11520858861236477,
    "drums_sig": 0.48080800229446974,
    "ensemble_mult": 1.0447213595499958,
    "z_sum": -3.2750131770759565,
    "base_reward": 0.3418630920025069,
    "combined": 0.3571516742568243,
    "sax_detail": {
      "total": 0.1205172172352029,
      "variety_gate": 0.25,
      "features": {
        "melodic_entropy": {
          "raw": 1.9709505944546686,
          "z_score": 0.24675856580474603
        },
        "dur_cv": {
          "raw": 0.0,
          "z_score": -0.2978723404255319
        },
        "sax_arpeggio_runs": {
          "raw": 0,
          "z_score": -0.3391684901531729
        },
        "peak_not_late": {
          "raw": 1,
          "z_score": 0.42975206611570255
        },
        "blue_ratio": {
          "raw": 0.2727272727272727,
          "z_score": 0.5751748251748251
        },
        "rhythm_2grams": {
          "raw": 1,
          "z_score": -0.13257575757575726
        }
      }
    },
    "bass_detail": {
      "total": -1.3223060723060722,
      "chromatic_gate": 1.0,
      "direction_gate": 1.0,
      "features": {
        "duration_variety": {
          "raw": 1,
          "z_score": -1.0
        },
        "velocity_variance": {
          "raw": 0.0,
          "z_score": -1.25
        },
        "non_chromatic_ratio": {
          "raw": 0.7272727272727273,
          "z_score": 0.9276939276939278
        }
      }
    },
    "piano_detail": {
      "total": -1.9580157333927228,
      "tonic_bonus": 1.0,
      "register_failed": false,
      "avg_pitch": 63.416666666666664,
      "features": {
        "unique_chords": {
          "raw": 3,
          "capped": 3,
          "z_score": 1.0086206896551724,
          "weight": 1.0
        },
        "avg_chord_duration": {
          "raw": 0.375,
          "z_score": 0.5573770491803279,
          "weight": 1.5
        },
        "cluster_ratio": {
          "raw": 1.0,
          "z_score": -1.7314148681055157,
          "weight": 1.0
        },
        "out_of_key_ratio": {
          "raw": 0.25,
          "z_score": -1.8712871287128712,
          "weight": 1.0
        },
        "chord_duration_variety": {
          "raw": 1,
          "z_score": -0.20000000000000018,
          "weight": 1.0
        }
      }
    },
    "drums_detail": {
      "total": -0.11520858861236477,
      "features": {
        "duration_variety": {
          "raw": 3,
          "z_score": 1.3048327137546467
        },
        "kick_off_beat_ratio": {
          "raw": 0.19999999999999996,
          "z_score": -1.9071428571428575
        },
        "velocity_variance": {
          "raw": 7.637626158259733,
          "z_score": 0.487101554775846
        }
      }
    },
    "ensemble_detail": {
      "total": 1.0447213595499958,
      "dynamic_coherence": 0.7236067977499789
    }
  },
  "has_midi": true,
  "error": null,
  "timestamp": "2025-12-02T13:42:08.883263"
}