{
  "id": 27,
  "generation": 10,
  "reward": 0.36295228821823844,
  "breakdown": {
    "sax": -1.102780246734241,
    "sax_sig": 0.32405754663783204,
    "bass": -1.1876535626535627,
    "bass_sig": 0.3117889481187919,
    "piano": -1.3595198701702773,
    "piano_sig": 0.28774802134818883,
    "drums": 0.6384342553932651,
    "drums_sig": 0.6048279593681507,
    "ensemble_mult": 1.025819888974716,
    "z_sum": -3.011519424164816,
    "base_reward": 0.3538167782855147,
    "combined": 0.36295228821823844,
    "sax_detail": {
      "total": -1.102780246734241,
      "variety_gate": 0.5,
      "features": {
        "melodic_entropy": {
          "raw": 1.5219280948873621,
          "z_score": -0.6926190483527989
        },
        "dur_cv": {
          "raw": 0.0,
          "z_score": -0.2978723404255319
        },
        "sax_arpeggio_runs": {
          "raw": 0,
          "z_score": -0.3391684901531729
        },
        "peak_not_late": {
          "raw": 1,
          "z_score": 0.42975206611570255
        },
        "blue_ratio": {
          "raw": 0.0,
          "z_score": -1.1730769230769231
        },
        "rhythm_2grams": {
          "raw": 1,
          "z_score": -0.13257575757575726
        }
      }
    },
    "bass_detail": {
      "total": -1.1876535626535627,
      "chromatic_gate": 0.5,
      "direction_gate": 1.0,
      "features": {
        "duration_variety": {
          "raw": 1,
          "z_score": -1.0
        },
        "velocity_variance": {
          "raw": 0.0,
          "z_score": -1.25
        },
        "non_chromatic_ratio": {
          "raw": 0.45454545454545453,
          "z_score": -0.12530712530712532
        }
      }
    },
    "piano_detail": {
      "total": -1.3595198701702773,
      "tonic_bonus": 1.2,
      "register_failed": false,
      "avg_pitch": 56.416666666666664,
      "features": {
        "unique_chords": {
          "raw": 3,
          "capped": 3,
          "z_score": 1.0086206896551724,
          "weight": 1.0
        },
        "avg_chord_duration": {
          "raw": 0.375,
          "z_score": 0.5573770491803279,
          "weight": 1.5
        },
        "cluster_ratio": {
          "raw": 1.0,
          "z_score": -1.7314148681055157,
          "weight": 1.0
        },
        "out_of_key_ratio": {
          "raw": 0.16666666666666666,
          "z_score": -1.046204620462046,
          "weight": 1.0
        },
        "chord_duration_variety": {
          "raw": 1,
          "z_score": -0.20000000000000018,
          "weight": 1.0
        }
      }
    },
    "drums_detail": {
      "total": 0.6384342553932651,
      "features": {
        "duration_variety": {
          "raw": 1,
          "z_score": -1.1734820322180917
        },
        "kick_off_beat_ratio": {
          "raw": 0.5,
          "z_score": 0.23571428571428552
        },
        "velocity_variance": {
          "raw": 12.86204100310025,
          "z_score": 1.5762020018970713
        }
      }
    },
    "ensemble_detail": {
      "total": 1.025819888974716,
      "dynamic_coherence": 0.6290994448735805
    }
  },
  "metrics": {
    "reward": 0.36295228821823844,
    "note_count": 66,
    "valid_midi": 1.0,
    "unique_durs": 1,
    "has_rests": true
  },
  "has_midi": true,
  "error": null,
  "timestamp": "2025-12-01T22:29:51.576545"
}