{
  "id": 3,
  "generation": 19,
  "reward": 0.4928501712475187,
  "breakdown": {
    "sax": -0.5329897770166,
    "sax_sig": 0.4120913530531158,
    "bass": -1.2378629026027868,
    "bass_sig": 0.3046520769016621,
    "piano": 0.274071073329861,
    "piano_sig": 0.5455518558063053,
    "drums": -1.0954811994173095,
    "drums_sig": 0.3251243340991838,
    "ensemble": 2.4206552182245376,
    "ensemble_sig": 0.8339341637823529,
    "z_sum": -0.17160758748229776,
    "combined": 0.4928501712475187,
    "sax_detail": {
      "total": -0.5329897770166,
      "variety_gate": 0.25,
      "features": {
        "melodic_entropy": {
          "raw": 1.0,
          "z_score": -1.784518828451883
        },
        "dur_cv": {
          "raw": 0.0,
          "z_score": -0.2978723404255319
        },
        "sax_arpeggio_runs": {
          "raw": 0,
          "z_score": -0.3391684901531729
        },
        "peak_not_late": {
          "raw": 1,
          "z_score": 0.42975206611570255
        },
        "blue_ratio": {
          "raw": 0.18181818181818182,
          "z_score": -0.007575757575757518
        },
        "rhythm_2grams": {
          "raw": 1,
          "z_score": -0.13257575757575726
        }
      }
    },
    "bass_detail": {
      "total": -1.2378629026027868,
      "direction_gate": 1.0,
      "features": {
        "ioi_swing": {
          "raw": 0.0,
          "z_score": -0.24855491329479767
        },
        "non_chromatic_ratio": {
          "raw": 0.23076923076923078,
          "z_score": -0.9893079893079891
        }
      }
    },
    "piano_detail": {
      "total": 0.274071073329861,
      "variety_gate": 0.5,
      "features": {
        "avg_chord_spread": {
          "raw": 7.0,
          "z_score": -0.4206517139229792
        },
        "gap_ratio": {
          "raw": 0.4782608695652174,
          "z_score": 0.7219948849104857
        },
        "register_separation": {
          "raw": 5.56818181818182,
          "z_score": 0.4775682064414463
        },
        "velocity_variance": {
          "raw": 0.0,
          "z_score": -0.23076923076923078
        }
      }
    },
    "drums_detail": {
      "total": -1.0954811994173095,
      "features": {
        "kick_off_beat_ratio": {
          "raw": 0.5,
          "z_score": 0.2411347517730495
        },
        "snare_backbeat_ratio": {
          "raw": 0.0,
          "z_score": -0.3584905660377358
        },
        "velocity_variance": {
          "raw": 0.0,
          "z_score": -1.0697095435684647
        },
        "duration_variety": {
          "raw": 2,
          "z_score": 0.09158415841584167
        }
      }
    },
    "ensemble_detail": {
      "total": 2.4206552182245376,
      "duration_gate": 1.0,
      "features": {
        "collision_rate": {
          "raw": 0.2727272727272727,
          "z_score": -0.2272727272727271
        },
        "phrase_alignment": {
          "raw": 0.5,
          "z_score": 0.8171206225680933
        },
        "texture_density": {
          "raw": 0.28400000000000003,
          "z_score": 1.415441176470588
        },
        "harmonic_consonance": {
          "raw": 0.6964285714285714,
          "z_score": 0.415366146458583
        }
      }
    }
  },
  "metrics": {
    "reward": 0.4928501712475187,
    "note_count": 105,
    "valid_midi": 1.0,
    "unique_durs": 1,
    "has_rests": false
  },
  "has_midi": true,
  "error": null,
  "timestamp": "2025-11-30T23:41:56.540096"
}