{
  "step": 31,
  "rollout_id": 14,
  "key": "Fm",
  "tempo": 160,
  "reward": 0.8971959964560442,
  "breakdown": {
    "sax": 0.16752748914154517,
    "sax_sig": 0.5278922612850323,
    "bass": 0.8236685706933919,
    "bass_sig": 0.6339296319855287,
    "piano": 8.747141648182634,
    "piano_sig": 0.9970746974130019,
    "drums": 3.253693509678808,
    "drums_sig": 0.8974428287548233,
    "ensemble": 0.006669041074497728,
    "ensemble_sig": 0.5011115050148088,
    "z_sum": 12.998700258770876,
    "combined": 0.8971959964560442,
    "sax_detail": {
      "total": 0.16752748914154517,
      "variety_gate": 0.25,
      "features": {
        "melodic_entropy": {
          "raw": 1.8751310486364092,
          "z_score": 0.046299264929726455
        },
        "dur_cv": {
          "raw": 0.0,
          "z_score": -0.2978723404255319
        },
        "sax_arpeggio_runs": {
          "raw": 0,
          "z_score": -0.3391684901531729
        },
        "peak_not_late": {
          "raw": 1,
          "z_score": 0.42975206611570255
        },
        "blue_ratio": {
          "raw": 0.3333333333333333,
          "z_score": 0.9636752136752136
        },
        "rhythm_2grams": {
          "raw": 1,
          "z_score": -0.13257575757575726
        }
      }
    },
    "bass_detail": {
      "total": 0.8236685706933919,
      "direction_gate": 1.0,
      "features": {
        "ioi_swing": {
          "raw": 0.0,
          "z_score": -0.24855491329479767
        },
        "non_chromatic_ratio": {
          "raw": 0.7647058823529411,
          "z_score": 1.0722234839881897
        }
      }
    },
    "piano_detail": {
      "total": 8.747141648182634,
      "variety_gate": 1.0,
      "features": {
        "avg_chord_spread": {
          "raw": 12.333333333333334,
          "z_score": 1.8363662011567221
        },
        "gap_ratio": {
          "raw": 0.6470588235294118,
          "z_score": -0.27093425605536364
        },
        "register_separation": {
          "raw": 13.027777777777779,
          "z_score": 2.498043818466354
        },
        "velocity_variance": {
          "raw": 0.06388765649999399,
          "z_score": 4.683665884614922
        }
      }
    },
    "drums_detail": {
      "total": 3.253693509678808,
      "features": {
        "kick_off_beat_ratio": {
          "raw": 0.4285714285714286,
          "z_score": -0.265450861195542
        },
        "snare_backbeat_ratio": {
          "raw": 0.0,
          "z_score": -0.3584905660377358
        },
        "velocity_variance": {
          "raw": 11.474071683044968,
          "z_score": 1.3108032537437695
        },
        "duration_variety": {
          "raw": 4,
          "z_score": 2.5668316831683167
        }
      }
    },
    "ensemble_detail": {
      "total": 0.006669041074497728,
      "duration_gate": 1.0,
      "features": {
        "collision_rate": {
          "raw": 0.16666666666666666,
          "z_score": 0.3368794326241136
        },
        "phrase_alignment": {
          "raw": 1.0,
          "z_score": -1.1284046692607006
        },
        "texture_density": {
          "raw": 0.3879999999999999,
          "z_score": 1.033088235294118
        },
        "harmonic_consonance": {
          "raw": 0.6190476190476191,
          "z_score": -0.23489395758303322
        }
      }
    }
  },
  "has_midi": true,
  "error": null,
  "timestamp": "2025-12-01T01:27:27.185774"
}