{
  "step": 33,
  "rollout_id": 15,
  "key": "Fm",
  "tempo": 160,
  "reward": 0.8081770639816824,
  "breakdown": {
    "sax": 6.776716736758899,
    "sax_sig": 0.9892049213163007,
    "bass": -0.02286168760157209,
    "bass_sig": 0.4961897924894788,
    "piano": -1.0933900690294747,
    "piano_sig": 0.32543029710498667,
    "drums": 2.8410788102120024,
    "drums_sig": 0.8692169084763981,
    "ensemble": 0.12770681852443755,
    "ensemble_sig": 0.5212716224334444,
    "z_sum": 8.629250608864291,
    "combined": 0.8081770639816824,
    "sax_detail": {
      "total": 6.776716736758899,
      "variety_gate": 1.0,
      "features": {
        "melodic_entropy": {
          "raw": 2.2359263506290326,
          "z_score": 0.8011011519435828
        },
        "dur_cv": {
          "raw": 0.5532833351724882,
          "z_score": 5.588120586941363
        },
        "sax_arpeggio_runs": {
          "raw": 0,
          "z_score": -0.3391684901531729
        },
        "peak_not_late": {
          "raw": 1,
          "z_score": 0.42975206611570255
        },
        "blue_ratio": {
          "raw": 0.25,
          "z_score": 0.4294871794871795
        },
        "rhythm_2grams": {
          "raw": 1,
          "z_score": -0.13257575757575726
        }
      }
    },
    "bass_detail": {
      "total": -0.02286168760157209,
      "direction_gate": 1.0,
      "features": {
        "ioi_swing": {
          "raw": 0.0,
          "z_score": -0.24855491329479767
        },
        "non_chromatic_ratio": {
          "raw": 0.5454545454545454,
          "z_score": 0.22569322569322559
        }
      }
    },
    "piano_detail": {
      "total": -1.0933900690294747,
      "variety_gate": 0.5,
      "features": {
        "avg_chord_spread": {
          "raw": 6.0,
          "z_score": -0.8438425730004231
        },
        "gap_ratio": {
          "raw": 0.6666666666666666,
          "z_score": -0.3862745098039215
        },
        "register_separation": {
          "raw": 1.125,
          "z_score": -0.7258938244853738
        },
        "velocity_variance": {
          "raw": 0.0,
          "z_score": -0.23076923076923078
        }
      }
    },
    "drums_detail": {
      "total": 2.8410788102120024,
      "features": {
        "kick_off_beat_ratio": {
          "raw": 0.5,
          "z_score": 0.2411347517730495
        },
        "snare_backbeat_ratio": {
          "raw": 0.0,
          "z_score": -0.3584905660377358
        },
        "velocity_variance": {
          "raw": 13.008872711759818,
          "z_score": 1.6292267036846093
        },
        "duration_variety": {
          "raw": 3,
          "z_score": 1.3292079207920793
        }
      }
    },
    "ensemble_detail": {
      "total": 0.12770681852443755,
      "duration_gate": 1.0,
      "features": {
        "collision_rate": {
          "raw": 0.25,
          "z_score": -0.1063829787234042
        },
        "phrase_alignment": {
          "raw": 0.25,
          "z_score": 1.7898832684824901
        },
        "texture_density": {
          "raw": 0.932,
          "z_score": -0.9669117647058824
        },
        "harmonic_consonance": {
          "raw": 0.5769230769230769,
          "z_score": -0.5888817065287659
        }
      }
    }
  },
  "has_midi": true,
  "error": null,
  "timestamp": "2025-12-01T01:37:32.892389"
}