{
  "id": 16,
  "generation": 25,
  "reward": 0.6824171507447394,
  "breakdown": {
    "sax": -0.4154021690473809,
    "sax_sig": 0.4312054153784296,
    "bass": -0.841862506602391,
    "bass_sig": 0.3632602096976504,
    "piano": -0.3297708324959432,
    "piano_sig": 0.44525850134071837,
    "drums": 4.79238177395349,
    "drums_sig": 0.9606427043584832,
    "ensemble": 1.3840681462584206,
    "ensemble_sig": 0.7155943918214739,
    "z_sum": 4.589414412066196,
    "combined": 0.6824171507447394,
    "sax_detail": {
      "total": -0.4154021690473809,
      "variety_gate": 0.25,
      "features": {
        "melodic_entropy": {
          "raw": 1.781937063546704,
          "z_score": -0.14866723107384097
        },
        "dur_cv": {
          "raw": 0.0,
          "z_score": -0.2978723404255319
        },
        "sax_arpeggio_runs": {
          "raw": 0,
          "z_score": -0.3391684901531729
        },
        "peak_not_late": {
          "raw": 1,
          "z_score": 0.42975206611570255
        },
        "blue_ratio": {
          "raw": 0.0,
          "z_score": -1.1730769230769231
        },
        "rhythm_2grams": {
          "raw": 1,
          "z_score": -0.13257575757575726
        }
      }
    },
    "bass_detail": {
      "total": -0.841862506602391,
      "direction_gate": 1.0,
      "features": {
        "ioi_swing": {
          "raw": 0.0,
          "z_score": -0.24855491329479767
        },
        "non_chromatic_ratio": {
          "raw": 0.3333333333333333,
          "z_score": -0.5933075933075933
        }
      }
    },
    "piano_detail": {
      "total": -0.3297708324959432,
      "variety_gate": 0.5,
      "features": {
        "avg_chord_spread": {
          "raw": 7.0,
          "z_score": -0.4206517139229792
        },
        "gap_ratio": {
          "raw": 0.4444444444444444,
          "z_score": 0.9209150326797385
        },
        "register_separation": {
          "raw": 0.375,
          "z_score": -0.929035752979415
        },
        "velocity_variance": {
          "raw": 0.0,
          "z_score": -0.23076923076923078
        }
      }
    },
    "drums_detail": {
      "total": 4.79238177395349,
      "features": {
        "kick_off_beat_ratio": {
          "raw": 0.0,
          "z_score": -3.3049645390070927
        },
        "snare_backbeat_ratio": {
          "raw": 1.0,
          "z_score": 9.075471698113207
        },
        "velocity_variance": {
          "raw": 0.0,
          "z_score": -1.0697095435684647
        },
        "duration_variety": {
          "raw": 2,
          "z_score": 0.09158415841584167
        }
      }
    },
    "ensemble_detail": {
      "total": 1.3840681462584206,
      "duration_gate": 1.0,
      "features": {
        "collision_rate": {
          "raw": 0.3125,
          "z_score": -0.4388297872340425
        },
        "phrase_alignment": {
          "raw": 0.5,
          "z_score": 0.8171206225680933
        },
        "texture_density": {
          "raw": 0.2879999999999999,
          "z_score": 1.4007352941176474
        },
        "harmonic_consonance": {
          "raw": 0.6,
          "z_score": -0.3949579831932777
        }
      }
    }
  },
  "metrics": {
    "reward": 0.6824171507447394,
    "note_count": 58,
    "valid_midi": 1.0,
    "unique_durs": 1,
    "has_rests": false
  },
  "has_midi": true,
  "error": null,
  "timestamp": "2025-11-30T21:41:58.983532"
}