{
  "step": 46,
  "rollout_id": 0,
  "key": "D",
  "tempo": 160,
  "reward": 0.946417256869828,
  "breakdown": {
    "sax": -0.43600876964091206,
    "sax_sig": 0.4278392327059187,
    "bass": 3.0770407631913415,
    "bass_sig": 0.8860850183957364,
    "piano": 5.717178786844201,
    "piano_sig": 0.9783625040075411,
    "drums": 2.964878140209853,
    "drums_sig": 0.8783166957205382,
    "ensemble_mult": 1.0447213595499958,
    "z_sum": 11.323088920604484,
    "base_reward": 0.9059039984379076,
    "combined": 0.946417256869828,
    "sax_detail": {
      "total": -0.43600876964091206,
      "variety_gate": 0.25,
      "features": {
        "melodic_entropy": {
          "raw": 1.402081402756032,
          "z_score": -0.9433443456986779
        },
        "dur_cv": {
          "raw": 0.0,
          "z_score": -0.2978723404255319
        },
        "sax_arpeggio_runs": {
          "raw": 0,
          "z_score": -0.3391684901531729
        },
        "peak_not_late": {
          "raw": 1,
          "z_score": 0.42975206611570255
        },
        "blue_ratio": {
          "raw": 0.1111111111111111,
          "z_score": -0.46082621082621084
        },
        "rhythm_2grams": {
          "raw": 1,
          "z_score": -0.13257575757575726
        }
      }
    },
    "bass_detail": {
      "total": 3.0770407631913415,
      "chromatic_gate": 1.0,
      "direction_gate": 1.0,
      "features": {
        "duration_variety": {
          "raw": 3,
          "z_score": 1.0
        },
        "velocity_variance": {
          "raw": 9.797958971132712,
          "z_score": 1.1994897427831779
        },
        "non_chromatic_ratio": {
          "raw": 0.7142857142857143,
          "z_score": 0.8775510204081634
        }
      }
    },
    "piano_detail": {
      "total": 5.717178786844201,
      "tonic_bonus": 1.0,
      "register_failed": false,
      "avg_pitch": 70.08333333333333,
      "features": {
        "unique_chords": {
          "raw": 2,
          "capped": 2,
          "z_score": 0.146551724137931,
          "weight": 1.0
        },
        "avg_chord_duration": {
          "raw": 1.5,
          "z_score": 3.0,
          "weight": 1.5
        },
        "cluster_ratio": {
          "raw": 0.0,
          "z_score": 0.6666666666666667,
          "weight": 1.0
        },
        "out_of_key_ratio": {
          "raw": 0.0,
          "z_score": 0.6039603960396039,
          "weight": 1.0
        },
        "chord_duration_variety": {
          "raw": 1,
          "z_score": -0.20000000000000018,
          "weight": 1.0
        }
      }
    },
    "drums_detail": {
      "total": 2.964878140209853,
      "features": {
        "duration_variety": {
          "raw": 3,
          "z_score": 1.3048327137546467
        },
        "kick_off_beat_ratio": {
          "raw": 0.5,
          "z_score": 0.23571428571428552
        },
        "velocity_variance": {
          "raw": 12.133516482134198,
          "z_score": 1.424331140740921
        }
      }
    },
    "ensemble_detail": {
      "total": 1.0447213595499958,
      "dynamic_coherence": 0.7236067977499789
    }
  },
  "has_midi": true,
  "error": null,
  "timestamp": "2025-12-02T14:48:16.606902"
}