{
  "id": 25,
  "generation": 1,
  "reward": 0.4354598295863505,
  "breakdown": {
    "sax": 0.4059222628090268,
    "sax_sig": 0.5672438415177042,
    "bass": -1.6733064233064234,
    "bass_sig": 0.24683994787785302,
    "piano": 0.15295784786070588,
    "piano_sig": 0.5254709073572413,
    "drums": -0.8036760395587128,
    "drums_sig": 0.36916886904512747,
    "ensemble_mult": 1.074535599249993,
    "z_sum": -1.9181023521954035,
    "base_reward": 0.4052539812457529,
    "combined": 0.4354598295863505,
    "sax_detail": {
      "total": 0.4059222628090268,
      "variety_gate": 0.5,
      "features": {
        "melodic_entropy": {
          "raw": 1.9182958340544896,
          "z_score": 0.13660216329391126
        },
        "dur_cv": {
          "raw": 0.0,
          "z_score": -0.2978723404255319
        },
        "sax_arpeggio_runs": {
          "raw": 3,
          "z_score": 1.8490153172866521
        },
        "peak_not_late": {
          "raw": 1,
          "z_score": 0.42975206611570255
        },
        "blue_ratio": {
          "raw": 0.0,
          "z_score": -1.1730769230769231
        },
        "rhythm_2grams": {
          "raw": 1,
          "z_score": -0.13257575757575726
        }
      }
    },
    "bass_detail": {
      "total": -1.6733064233064234,
      "chromatic_gate": 1.0,
      "direction_gate": 1.0,
      "features": {
        "duration_variety": {
          "raw": 1,
          "z_score": -1.0
        },
        "velocity_variance": {
          "raw": 0.0,
          "z_score": -1.25
        },
        "non_chromatic_ratio": {
          "raw": 0.6363636363636364,
          "z_score": 0.5766935766935767
        }
      }
    },
    "piano_detail": {
      "total": 0.15295784786070588,
      "tonic_bonus": 1.0,
      "register_failed": true,
      "avg_pitch": 46.75,
      "features": {
        "unique_chords": {
          "raw": 4,
          "capped": 3,
          "z_score": 1.0086206896551724,
          "weight": 1.0
        },
        "avg_chord_duration": {
          "raw": 0.375,
          "z_score": 0.5573770491803279,
          "weight": 1.5
        },
        "cluster_ratio": {
          "raw": 0.4,
          "z_score": -0.29256594724220625,
          "weight": 1.0
        },
        "out_of_key_ratio": {
          "raw": 0.16666666666666666,
          "z_score": -1.046204620462046,
          "weight": 1.0
        },
        "chord_duration_variety": {
          "raw": 1,
          "z_score": -0.20000000000000018,
          "weight": 1.0
        }
      }
    },
    "drums_detail": {
      "total": -0.8036760395587128,
      "features": {
        "duration_variety": {
          "raw": 2,
          "z_score": 0.06567534076827748
        },
        "kick_off_beat_ratio": {
          "raw": 0.5,
          "z_score": 0.23571428571428552
        },
        "velocity_variance": {
          "raw": 0.0,
          "z_score": -1.1050656660412759
        }
      }
    },
    "ensemble_detail": {
      "total": 1.074535599249993,
      "dynamic_coherence": 0.8726779962499649
    }
  },
  "metrics": {
    "sax": 0.5672438415177042,
    "bass": 0.24683994787785302,
    "piano": 0.5254709073572413,
    "drums": 0.36916886904512747,
    "valid_midi": 1.0
  },
  "has_midi": true,
  "error": null,
  "timestamp": "2025-12-06T16:14:03.714071"
}