{
  "step": 38,
  "rollout_id": 7,
  "key": "Dm",
  "tempo": 160,
  "reward": 0.8060549138617537,
  "breakdown": {
    "sax": 0.7853775249381234,
    "sax_sig": 0.627985680261858,
    "bass": 0.67913901439913,
    "bass_sig": 0.611295091810923,
    "piano": 0.3353103521898556,
    "piano_sig": 0.5556534999338073,
    "drums": 5.338663197129213,
    "drums_sig": 0.9723236051589665,
    "ensemble": 1.4089707934057933,
    "ensemble_sig": 0.7189610399590738,
    "z_sum": 8.547460882062115,
    "combined": 0.8060549138617537,
    "sax_detail": {
      "total": 0.7853775249381234,
      "variety_gate": 0.5,
      "features": {
        "melodic_entropy": {
          "raw": 1.7527152789797045,
          "z_score": -0.2098006715905764
        },
        "dur_cv": {
          "raw": 0.0,
          "z_score": -0.2978723404255319
        },
        "sax_arpeggio_runs": {
          "raw": 1,
          "z_score": 0.39022611232676874
        },
        "peak_not_late": {
          "raw": 1,
          "z_score": 0.42975206611570255
        },
        "blue_ratio": {
          "raw": 0.4,
          "z_score": 1.3910256410256412
        },
        "rhythm_2grams": {
          "raw": 1,
          "z_score": -0.13257575757575726
        }
      }
    },
    "bass_detail": {
      "total": 0.67913901439913,
      "direction_gate": 1.0,
      "features": {
        "ioi_swing": {
          "raw": 0.0,
          "z_score": -0.24855491329479767
        },
        "non_chromatic_ratio": {
          "raw": 0.7272727272727273,
          "z_score": 0.9276939276939278
        }
      }
    },
    "piano_detail": {
      "total": 0.3353103521898556,
      "variety_gate": 0.5,
      "features": {
        "avg_chord_spread": {
          "raw": 12.0,
          "z_score": 1.6953025814642404
        },
        "gap_ratio": {
          "raw": 0.6666666666666666,
          "z_score": -0.3862745098039215
        },
        "register_separation": {
          "raw": 2.299999999999997,
          "z_score": -0.40763813651137676
        },
        "velocity_variance": {
          "raw": 0.0,
          "z_score": -0.23076923076923078
        }
      }
    },
    "drums_detail": {
      "total": 5.338663197129213,
      "features": {
        "kick_off_beat_ratio": {
          "raw": 0.5,
          "z_score": 0.2411347517730495
        },
        "snare_backbeat_ratio": {
          "raw": 0.16666666666666666,
          "z_score": 1.2138364779874213
        },
        "velocity_variance": {
          "raw": 11.503266569846048,
          "z_score": 1.316860284200425
        },
        "duration_variety": {
          "raw": 4,
          "z_score": 2.5668316831683167
        }
      }
    },
    "ensemble_detail": {
      "total": 1.4089707934057933,
      "duration_gate": 1.0,
      "features": {
        "collision_rate": {
          "raw": 0.3,
          "z_score": -0.37234042553191476
        },
        "phrase_alignment": {
          "raw": 0.6666666666666666,
          "z_score": 0.16861219195849547
        },
        "texture_density": {
          "raw": 0.556,
          "z_score": 0.41544117647058815
        },
        "harmonic_consonance": {
          "raw": 0.7894736842105263,
          "z_score": 1.1972578505086244
        }
      }
    }
  },
  "has_midi": true,
  "error": null,
  "timestamp": "2025-12-01T02:17:45.466475"
}