{
  "step": 20,
  "rollout_id": 26,
  "key": "Fm",
  "tempo": 160,
  "reward": 0.8520183791486947,
  "breakdown": {
    "sax": -0.8555700457102345,
    "sax_sig": 0.3611491394277738,
    "bass": -1.064431896801839,
    "bass_sig": 0.3296825322844519,
    "piano": 6.917810913648255,
    "piano_sig": 0.9901645111107569,
    "drums": 5.338663197129213,
    "drums_sig": 0.9723236051589665,
    "ensemble": 0.16664792624558744,
    "ensemble_sig": 0.5277461212702538,
    "z_sum": 10.503120094510983,
    "combined": 0.8520183791486947,
    "sax_detail": {
      "total": -0.8555700457102345,
      "variety_gate": 0.25,
      "features": {
        "melodic_entropy": {
          "raw": 1.4911148500551854,
          "z_score": -0.7570819036502398
        },
        "dur_cv": {
          "raw": 0.0,
          "z_score": -0.2978723404255319
        },
        "sax_arpeggio_runs": {
          "raw": 0,
          "z_score": -0.3391684901531729
        },
        "peak_not_late": {
          "raw": 0,
          "z_score": -2.325068870523416
        },
        "blue_ratio": {
          "raw": 0.25,
          "z_score": 0.4294871794871795
        },
        "rhythm_2grams": {
          "raw": 1,
          "z_score": -0.13257575757575726
        }
      }
    },
    "bass_detail": {
      "total": -1.064431896801839,
      "direction_gate": 0.5,
      "features": {
        "ioi_swing": {
          "raw": 0.0,
          "z_score": -0.24855491329479767
        },
        "non_chromatic_ratio": {
          "raw": 0.0,
          "z_score": -1.88030888030888
        }
      }
    },
    "piano_detail": {
      "total": 6.917810913648255,
      "variety_gate": 1.0,
      "features": {
        "avg_chord_spread": {
          "raw": 10.0,
          "z_score": 0.8489208633093526
        },
        "gap_ratio": {
          "raw": 0.6666666666666666,
          "z_score": -0.3862745098039215
        },
        "register_separation": {
          "raw": 13.583333333333329,
          "z_score": 2.648519321054531
        },
        "velocity_variance": {
          "raw": 0.052486388108147805,
          "z_score": 3.8066452390882928
        }
      }
    },
    "drums_detail": {
      "total": 5.338663197129213,
      "features": {
        "kick_off_beat_ratio": {
          "raw": 0.5,
          "z_score": 0.2411347517730495
        },
        "snare_backbeat_ratio": {
          "raw": 0.16666666666666666,
          "z_score": 1.2138364779874213
        },
        "velocity_variance": {
          "raw": 11.503266569846048,
          "z_score": 1.316860284200425
        },
        "duration_variety": {
          "raw": 4,
          "z_score": 2.5668316831683167
        }
      }
    },
    "ensemble_detail": {
      "total": 0.16664792624558744,
      "duration_gate": 1.0,
      "features": {
        "collision_rate": {
          "raw": 0.25,
          "z_score": -0.1063829787234042
        },
        "phrase_alignment": {
          "raw": 1.0,
          "z_score": -1.1284046692607006
        },
        "texture_density": {
          "raw": 0.42799999999999994,
          "z_score": 0.8860294117647062
        },
        "harmonic_consonance": {
          "raw": 0.7083333333333334,
          "z_score": 0.5154061624649862
        }
      }
    }
  },
  "has_midi": true,
  "error": null,
  "timestamp": "2025-11-30T23:14:40.375370"
}