{
  "step": 36,
  "rollout_id": 26,
  "key": "Dm",
  "tempo": 160,
  "reward": 0.8255561403057701,
  "breakdown": {
    "sax": -1.8616182888953137,
    "sax_sig": 0.22424825049157274,
    "bass": 1.732140067400183,
    "bass_sig": 0.7603792842765911,
    "piano": 4.537452815499182,
    "piano_sig": 0.9536894608748766,
    "drums": 3.766336153104055,
    "drums_sig": 0.9249017853763266,
    "ensemble": 1.1524150514355307,
    "ensemble_sig": 0.6831479917045566,
    "z_sum": 9.326725798543638,
    "combined": 0.8255561403057701,
    "sax_detail": {
      "total": -1.8616182888953137,
      "variety_gate": 0.5,
      "features": {
        "melodic_entropy": {
          "raw": 2.113283334294875,
          "z_score": 0.5445258039641735
        },
        "dur_cv": {
          "raw": 0.0,
          "z_score": -0.2978723404255319
        },
        "sax_arpeggio_runs": {
          "raw": 0,
          "z_score": -0.3391684901531729
        },
        "peak_not_late": {
          "raw": 0,
          "z_score": -2.325068870523416
        },
        "blue_ratio": {
          "raw": 0.0,
          "z_score": -1.1730769230769231
        },
        "rhythm_2grams": {
          "raw": 1,
          "z_score": -0.13257575757575726
        }
      }
    },
    "bass_detail": {
      "total": 1.732140067400183,
      "direction_gate": 1.0,
      "features": {
        "ioi_swing": {
          "raw": 0.0,
          "z_score": -0.24855491329479767
        },
        "non_chromatic_ratio": {
          "raw": 1.0,
          "z_score": 1.9806949806949807
        }
      }
    },
    "piano_detail": {
      "total": 4.537452815499182,
      "variety_gate": 1.0,
      "features": {
        "avg_chord_spread": {
          "raw": 6.0,
          "z_score": -0.8438425730004231
        },
        "gap_ratio": {
          "raw": 0.45454545454545453,
          "z_score": 0.8614973262032085
        },
        "register_separation": {
          "raw": 3.200000000000003,
          "z_score": -0.1638678223185258
        },
        "velocity_variance": {
          "raw": 0.06388765649999399,
          "z_score": 4.683665884614922
        }
      }
    },
    "drums_detail": {
      "total": 3.766336153104055,
      "features": {
        "kick_off_beat_ratio": {
          "raw": 0.5,
          "z_score": 0.2411347517730495
        },
        "snare_backbeat_ratio": {
          "raw": 0.0,
          "z_score": -0.3584905660377358
        },
        "velocity_variance": {
          "raw": 11.503266569846048,
          "z_score": 1.316860284200425
        },
        "duration_variety": {
          "raw": 4,
          "z_score": 2.5668316831683167
        }
      }
    },
    "ensemble_detail": {
      "total": 1.1524150514355307,
      "duration_gate": 1.0,
      "features": {
        "collision_rate": {
          "raw": 0.2,
          "z_score": 0.15957446808510636
        },
        "phrase_alignment": {
          "raw": 0.8333333333333334,
          "z_score": -0.47989623865110276
        },
        "texture_density": {
          "raw": 0.3480000000000001,
          "z_score": 1.1801470588235292
        },
        "harmonic_consonance": {
          "raw": 0.6818181818181818,
          "z_score": 0.2925897631779979
        }
      }
    }
  },
  "has_midi": true,
  "error": null,
  "timestamp": "2025-12-01T02:02:50.672406"
}