{
  "id": 2,
  "generation": 9,
  "reward": 0.348985821427586,
  "breakdown": {
    "sax": -0.8424302708090036,
    "sax_sig": 0.36317266414517707,
    "bass": 0.9790697522927587,
    "bass_sig": 0.6576216082053092,
    "piano": -0.4859264359055038,
    "piano_sig": 0.41971317221803855,
    "drums": -2.333104961793547,
    "drums_sig": 0.17430723222270691,
    "ensemble": -1.058608843128829,
    "ensemble_sig": 0.3305409975020939,
    "z_sum": -3.7410007593441246,
    "combined": 0.348985821427586,
    "sax_detail": {
      "total": -0.8424302708090036,
      "variety_gate": 0.25,
      "features": {
        "melodic_entropy": {
          "raw": 1.584962500721156,
          "z_score": -0.5607479064410961
        },
        "dur_cv": {
          "raw": 0.0,
          "z_score": -0.2978723404255319
        },
        "sax_arpeggio_runs": {
          "raw": 2,
          "z_score": 1.1196207148067103
        },
        "peak_not_late": {
          "raw": 0,
          "z_score": -2.325068870523416
        },
        "blue_ratio": {
          "raw": 0.0,
          "z_score": -1.1730769230769231
        },
        "rhythm_2grams": {
          "raw": 1,
          "z_score": -0.13257575757575726
        }
      }
    },
    "bass_detail": {
      "total": 0.9790697522927587,
      "direction_gate": 0.5,
      "features": {
        "ioi_swing": {
          "raw": 0.09476070829586855,
          "z_score": 0.29919484564085874
        },
        "non_chromatic_ratio": {
          "raw": 0.9166666666666666,
          "z_score": 1.6589446589446588
        }
      }
    },
    "piano_detail": {
      "total": -0.4859264359055038,
      "variety_gate": 0.5,
      "features": {
        "avg_chord_spread": {
          "raw": 7.0,
          "z_score": -0.4206517139229792
        },
        "gap_ratio": {
          "raw": 0.5263157894736842,
          "z_score": 0.4393188854489164
        },
        "register_separation": {
          "raw": 1.0,
          "z_score": -0.7597508125677139
        },
        "velocity_variance": {
          "raw": 0.0,
          "z_score": -0.23076923076923078
        }
      }
    },
    "drums_detail": {
      "total": -2.333104961793547,
      "features": {
        "kick_off_beat_ratio": {
          "raw": 0.5,
          "z_score": 0.2411347517730495
        },
        "snare_backbeat_ratio": {
          "raw": 0.0,
          "z_score": -0.3584905660377358
        },
        "velocity_variance": {
          "raw": 0.0,
          "z_score": -1.0697095435684647
        },
        "duration_variety": {
          "raw": 1,
          "z_score": -1.146039603960396
        }
      }
    },
    "ensemble_detail": {
      "total": -1.058608843128829,
      "duration_gate": 1.0,
      "features": {
        "collision_rate": {
          "raw": 0.25,
          "z_score": -0.1063829787234042
        },
        "phrase_alignment": {
          "raw": 1.0,
          "z_score": -1.1284046692607006
        },
        "texture_density": {
          "raw": 0.9199999999999999,
          "z_score": -0.9227941176470583
        },
        "harmonic_consonance": {
          "raw": 0.7777777777777778,
          "z_score": 1.0989729225023344
        }
      }
    }
  },
  "metrics": {
    "reward": 0.348985821427586,
    "note_count": 45,
    "valid_midi": 1.0,
    "unique_durs": 1,
    "has_rests": false
  },
  "has_midi": true,
  "error": null,
  "timestamp": "2025-11-30T21:31:39.869560"
}