{
  "step": 10,
  "rollout_id": 13,
  "key": "C",
  "tempo": 120,
  "reward": 0.49710485913949815,
  "has_midi": true,
  "error": null,
  "timestamp": "2025-11-29T22:54:59.608542"
}