{
  "id": 12,
  "generation": 15,
  "reward": 0.8309556226133562,
  "breakdown": {
    "sax": 0.25395130977548186,
    "sax_sig": 0.542224410673779,
    "bass": -0.9407839516535168,
    "bass_sig": 0.34814812810149615,
    "piano": 6.579247752361443,
    "piano_sig": 0.9877046815086293,
    "drums": 0.8960632036996468,
    "drums_sig": 0.6450556256417986,
    "ensemble_mult": 1.0447213595499958,
    "z_sum": 6.788478314183054,
    "base_reward": 0.7953849272989716,
    "combined": 0.8309556226133562,
    "sax_detail": {
      "total": 0.25395130977548186,
      "variety_gate": 0.25,
      "features": {
        "melodic_entropy": {
          "raw": 2.0403733936884962,
          "z_score": 0.39199454746547335
        },
        "dur_cv": {
          "raw": 0.0,
          "z_score": -0.2978723404255319
        },
        "sax_arpeggio_runs": {
          "raw": 0,
          "z_score": -0.3391684901531729
        },
        "peak_not_late": {
          "raw": 1,
          "z_score": 0.42975206611570255
        },
        "blue_ratio": {
          "raw": 0.3333333333333333,
          "z_score": 0.9636752136752136
        },
        "rhythm_2grams": {
          "raw": 1,
          "z_score": -0.13257575757575726
        }
      }
    },
    "bass_detail": {
      "total": -0.9407839516535168,
      "chromatic_gate": 1.0,
      "direction_gate": 1.0,
      "features": {
        "duration_variety": {
          "raw": 1,
          "z_score": -1.0
        },
        "velocity_variance": {
          "raw": 0.0,
          "z_score": -1.25
        },
        "non_chromatic_ratio": {
          "raw": 0.8260869565217391,
          "z_score": 1.3092160483464832
        }
      }
    },
    "piano_detail": {
      "total": 6.579247752361443,
      "tonic_bonus": 1.0,
      "register_failed": false,
      "avg_pitch": 63.916666666666664,
      "features": {
        "unique_chords": {
          "raw": 3,
          "capped": 3,
          "z_score": 1.0086206896551724,
          "weight": 1.0
        },
        "avg_chord_duration": {
          "raw": 0.75,
          "z_score": 3.0,
          "weight": 1.5
        },
        "cluster_ratio": {
          "raw": 0.0,
          "z_score": 0.6666666666666667,
          "weight": 1.0
        },
        "out_of_key_ratio": {
          "raw": 0.0,
          "z_score": 0.6039603960396039,
          "weight": 1.0
        },
        "chord_duration_variety": {
          "raw": 1,
          "z_score": -0.20000000000000018,
          "weight": 1.0
        }
      }
    },
    "drums_detail": {
      "total": 0.8960632036996468,
      "features": {
        "duration_variety": {
          "raw": 2,
          "z_score": 0.06567534076827748
        },
        "kick_off_beat_ratio": {
          "raw": 0.5,
          "z_score": 0.23571428571428552
        },
        "velocity_variance": {
          "raw": 8.15364914991035,
          "z_score": 0.5946735772170837
        }
      }
    },
    "ensemble_detail": {
      "total": 1.0447213595499958,
      "dynamic_coherence": 0.7236067977499789
    }
  },
  "metrics": {
    "reward": 0.8309556226133562,
    "note_count": 67,
    "valid_midi": 1.0,
    "unique_durs": 1,
    "has_rests": false
  },
  "has_midi": true,
  "error": null,
  "timestamp": "2025-12-01T22:54:36.682151"
}