{
  "step": 3,
  "rollout_id": 3,
  "key": "Fm",
  "tempo": 160,
  "reward": 0.1771288433346764,
  "breakdown": {
    "sax": -0.767664502674631,
    "sax_sig": 0.37477720352091687,
    "bass": -2.795086822817559,
    "bass_sig": 0.13430826765283024,
    "piano": 0.02859765307786144,
    "piano_sig": 0.5047661311484871,
    "drums": -4.188009767131164,
    "drums_sig": 0.05775766053973085,
    "ensemble": -1.4933699941685927,
    "ensemble_sig": 0.26981133388711864,
    "z_sum": -9.215533433714086,
    "combined": 0.1771288433346764,
    "sax_detail": {
      "total": -0.767664502674631,
      "variety_gate": 0.25,
      "features": {
        "melodic_entropy": {
          "raw": 2.1180782093497093,
          "z_score": -0.5751894934977102
        },
        "dur_cv": {
          "raw": 0.0,
          "z_score": -0.8880854560394412
        },
        "sax_arpeggio_runs": {
          "raw": 0,
          "z_score": -0.4150099290132615
        },
        "peak_not_late": {
          "raw": 1,
          "z_score": 0.6122586439155816
        },
        "blue_ratio": {
          "raw": 0.08333333333333333,
          "z_score": -0.9182641107561236
        },
        "rhythm_2grams": {
          "raw": 1,
          "z_score": -0.8863676653075695
        }
      }
    },
    "bass_detail": {
      "total": -2.795086822817559,
      "direction_gate": 1.0,
      "features": {
        "ioi_swing": {
          "raw": 0.001137070487229797,
          "z_score": -0.8071753372862699
        },
        "non_chromatic_ratio": {
          "raw": 0.09090909090909091,
          "z_score": -1.987911485531289
        }
      }
    },
    "piano_detail": {
      "total": 0.02859765307786144,
      "variety_gate": 0.5,
      "features": {
        "avg_chord_spread": {
          "raw": 7.0,
          "z_score": -0.39231441048034943
        },
        "gap_ratio": {
          "raw": 0.0,
          "z_score": 2.046082949308756
        },
        "register_separation": {
          "raw": 0.0833333333333357,
          "z_score": -1.0176258642516307
        },
        "velocity_variance": {
          "raw": 0.0,
          "z_score": -0.5789473684210527
        }
      }
    },
    "drums_detail": {
      "total": -4.188009767131164,
      "features": {
        "kick_off_beat_ratio": {
          "raw": 0.5,
          "z_score": -0.8253055108539016
        },
        "snare_backbeat_ratio": {
          "raw": 0.0,
          "z_score": -0.5855710048313247
        },
        "velocity_variance": {
          "raw": 0.0,
          "z_score": -1.3587178965954583
        },
        "duration_variety": {
          "raw": 1,
          "z_score": -1.418415354850479
        }
      }
    },
    "ensemble_detail": {
      "total": -1.4933699941685927,
      "duration_gate": 1.0,
      "features": {
        "collision_rate": {
          "raw": 0.08333333333333333,
          "z_score": 1.140547263681592
        },
        "phrase_alignment": {
          "raw": 1.0,
          "z_score": -1.66875
        },
        "texture_density": {
          "raw": 0.09200000000000019,
          "z_score": 1.1897018970189697
        },
        "harmonic_consonance": {
          "raw": 0.5238095238095238,
          "z_score": -2.1548691548691545
        }
      }
    }
  },
  "has_midi": true,
  "error": null,
  "timestamp": "2025-11-30T17:32:16.989037"
}