{
  "step": 35,
  "rollout_id": 16,
  "key": "Dm",
  "tempo": 160,
  "reward": 0.7336370524915174,
  "breakdown": {
    "sax": -0.7675889305315768,
    "sax_sig": 0.37478900893404377,
    "bass": 1.0301393653994813,
    "bass_sig": 0.6652456912542147,
    "piano": -0.4586037804133086,
    "piano_sig": 0.4241559084020119,
    "drums": 6.731111642054314,
    "drums_sig": 0.9888753812532023,
    "ensemble": -0.45613079034080656,
    "ensemble_sig": 0.42455864005045113,
    "z_sum": 6.078927506168103,
    "combined": 0.7336370524915174,
    "sax_detail": {
      "total": -0.7675889305315768,
      "variety_gate": 0.5,
      "features": {
        "melodic_entropy": {
          "raw": 1.8423709931771088,
          "z_score": -0.022236415947471007
        },
        "dur_cv": {
          "raw": 0.0,
          "z_score": -0.2978723404255319
        },
        "sax_arpeggio_runs": {
          "raw": 0,
          "z_score": -0.3391684901531729
        },
        "peak_not_late": {
          "raw": 1,
          "z_score": 0.42975206611570255
        },
        "blue_ratio": {
          "raw": 0.0,
          "z_score": -1.1730769230769231
        },
        "rhythm_2grams": {
          "raw": 1,
          "z_score": -0.13257575757575726
        }
      }
    },
    "bass_detail": {
      "total": 1.0301393653994813,
      "direction_gate": 1.0,
      "features": {
        "ioi_swing": {
          "raw": 0.0,
          "z_score": -0.24855491329479767
        },
        "non_chromatic_ratio": {
          "raw": 0.8181818181818182,
          "z_score": 1.278694278694279
        }
      }
    },
    "piano_detail": {
      "total": -0.4586037804133086,
      "variety_gate": 0.5,
      "features": {
        "avg_chord_spread": {
          "raw": 9.0,
          "z_score": 0.4257300042319087
        },
        "gap_ratio": {
          "raw": 0.6666666666666666,
          "z_score": -0.3862745098039215
        },
        "register_separation": {
          "raw": 1.125,
          "z_score": -0.7258938244853738
        },
        "velocity_variance": {
          "raw": 0.0,
          "z_score": -0.23076923076923078
        }
      }
    },
    "drums_detail": {
      "total": 6.731111642054314,
      "features": {
        "kick_off_beat_ratio": {
          "raw": 0.6666666666666667,
          "z_score": 1.423167848699764
        },
        "snare_backbeat_ratio": {
          "raw": 0.2,
          "z_score": 1.528301886792453
        },
        "velocity_variance": {
          "raw": 11.00174527675802,
          "z_score": 1.2128102233937803
        },
        "duration_variety": {
          "raw": 4,
          "z_score": 2.5668316831683167
        }
      }
    },
    "ensemble_detail": {
      "total": -0.45613079034080656,
      "duration_gate": 1.0,
      "features": {
        "collision_rate": {
          "raw": 0.375,
          "z_score": -0.7712765957446808
        },
        "phrase_alignment": {
          "raw": 0.6666666666666666,
          "z_score": 0.16861219195849547
        },
        "texture_density": {
          "raw": 0.6359999999999999,
          "z_score": 0.12132352941176522
        },
        "harmonic_consonance": {
          "raw": 0.65,
          "z_score": 0.02521008403361347
        }
      }
    }
  },
  "has_midi": true,
  "error": null,
  "timestamp": "2025-12-01T01:53:51.948920"
}