{
  "id": 15,
  "generation": 16,
  "reward": 0.40746302813741003,
  "breakdown": {
    "sax": 0.10663301823703612,
    "sax_sig": 0.5177646890331334,
    "bass": -0.08480292601339856,
    "bass_sig": 0.4858699423832829,
    "piano": -1.2680962348851401,
    "piano_sig": 0.3003992294140021,
    "drums": 0.48908854296022863,
    "drums_sig": 0.5808001699762088,
    "ensemble": -1.4896008248761325,
    "ensemble_sig": 0.27030667081645576,
    "z_sum": -2.2467784245774065,
    "combined": 0.40746302813741003,
    "sax_detail": {
      "total": 0.10663301823703612,
      "variety_gate": 0.5,
      "features": {
        "melodic_entropy": {
          "raw": 1.9808259362290785,
          "z_score": 0.2674182766298715
        },
        "dur_cv": {
          "raw": 0.0,
          "z_score": -0.2978723404255319
        },
        "sax_arpeggio_runs": {
          "raw": 2,
          "z_score": 1.1196207148067103
        },
        "peak_not_late": {
          "raw": 1,
          "z_score": 0.42975206611570255
        },
        "blue_ratio": {
          "raw": 0.0,
          "z_score": -1.1730769230769231
        },
        "rhythm_2grams": {
          "raw": 1,
          "z_score": -0.13257575757575726
        }
      }
    },
    "bass_detail": {
      "total": -0.08480292601339856,
      "direction_gate": 1.0,
      "features": {
        "ioi_swing": {
          "raw": 0.0,
          "z_score": -0.24855491329479767
        },
        "non_chromatic_ratio": {
          "raw": 0.5294117647058824,
          "z_score": 0.16375198728139911
        }
      }
    },
    "piano_detail": {
      "total": -1.2680962348851401,
      "variety_gate": 0.5,
      "features": {
        "avg_chord_spread": {
          "raw": 7.0,
          "z_score": -0.4206517139229792
        },
        "gap_ratio": {
          "raw": 0.7692307692307693,
          "z_score": -0.9895927601809957
        },
        "register_separation": {
          "raw": 0.5,
          "z_score": -0.8951787648970747
        },
        "velocity_variance": {
          "raw": 0.0,
          "z_score": -0.23076923076923078
        }
      }
    },
    "drums_detail": {
      "total": 0.48908854296022863,
      "features": {
        "kick_off_beat_ratio": {
          "raw": 0.5,
          "z_score": 0.2411347517730495
        },
        "snare_backbeat_ratio": {
          "raw": 0.0,
          "z_score": -0.3584905660377358
        },
        "velocity_variance": {
          "raw": 7.637626158259733,
          "z_score": 0.5148601988090733
        },
        "duration_variety": {
          "raw": 2,
          "z_score": 0.09158415841584167
        }
      }
    },
    "ensemble_detail": {
      "total": -1.4896008248761325,
      "duration_gate": 1.0,
      "features": {
        "collision_rate": {
          "raw": 0.25,
          "z_score": -0.1063829787234042
        },
        "phrase_alignment": {
          "raw": 0.5,
          "z_score": 0.8171206225680933
        },
        "texture_density": {
          "raw": 0.868,
          "z_score": -0.7316176470588233
        },
        "harmonic_consonance": {
          "raw": 0.4722222222222222,
          "z_score": -1.4687208216619985
        }
      }
    }
  },
  "metrics": {
    "reward": 0.40746302813741003,
    "note_count": 54,
    "valid_midi": 1.0,
    "unique_durs": 1,
    "has_rests": true
  },
  "has_midi": true,
  "error": null,
  "timestamp": "2025-11-30T23:26:32.661958"
}