{
  "step": 52,
  "rollout_id": 6,
  "key": "F",
  "tempo": 160,
  "reward": 0.8613442988996578,
  "breakdown": {
    "sax": 0.012104605917514263,
    "sax_sig": 0.5020174233716025,
    "bass": -0.011430843800786045,
    "bass_sig": 0.49809486858624713,
    "piano": 5.3006571198722074,
    "piano_sig": 0.9716335443458192,
    "drums": 4.934440996273409,
    "drums_sig": 0.9640712478812821,
    "ensemble": 0.7232306250038172,
    "ensemble_sig": 0.6182563223308329,
    "z_sum": 10.959002503266161,
    "combined": 0.8613442988996578,
    "sax_detail": {
      "total": 0.012104605917514263,
      "variety_gate": 0.5,
      "features": {
        "melodic_entropy": {
          "raw": 1.974937501201927,
          "z_score": 0.25509937489942897
        },
        "dur_cv": {
          "raw": 0.0,
          "z_score": -0.2978723404255319
        },
        "sax_arpeggio_runs": {
          "raw": 0,
          "z_score": -0.3391684901531729
        },
        "peak_not_late": {
          "raw": 1,
          "z_score": 0.42975206611570255
        },
        "blue_ratio": {
          "raw": 0.2,
          "z_score": 0.10897435897435907
        },
        "rhythm_2grams": {
          "raw": 1,
          "z_score": -0.13257575757575726
        }
      }
    },
    "bass_detail": {
      "total": -0.011430843800786045,
      "direction_gate": 0.5,
      "features": {
        "ioi_swing": {
          "raw": 0.0,
          "z_score": -0.24855491329479767
        },
        "non_chromatic_ratio": {
          "raw": 0.5454545454545454,
          "z_score": 0.22569322569322559
        }
      }
    },
    "piano_detail": {
      "total": 5.3006571198722074,
      "variety_gate": 1.0,
      "features": {
        "avg_chord_spread": {
          "raw": 12.0,
          "z_score": 1.6953025814642404
        },
        "gap_ratio": {
          "raw": 0.6666666666666666,
          "z_score": -0.3862745098039215
        },
        "register_separation": {
          "raw": 1.25,
          "z_score": -0.6920368364030336
        },
        "velocity_variance": {
          "raw": 0.06388765649999399,
          "z_score": 4.683665884614922
        }
      }
    },
    "drums_detail": {
      "total": 4.934440996273409,
      "features": {
        "kick_off_beat_ratio": {
          "raw": 0.6666666666666667,
          "z_score": 1.423167848699764
        },
        "snare_backbeat_ratio": {
          "raw": 0.0,
          "z_score": -0.3584905660377358
        },
        "velocity_variance": {
          "raw": 11.436132386735569,
          "z_score": 1.302932030443064
        },
        "duration_variety": {
          "raw": 4,
          "z_score": 2.5668316831683167
        }
      }
    },
    "ensemble_detail": {
      "total": 0.7232306250038172,
      "duration_gate": 1.0,
      "features": {
        "collision_rate": {
          "raw": 0.1,
          "z_score": 0.6914893617021277
        },
        "phrase_alignment": {
          "raw": 0.75,
          "z_score": -0.15564202334630364
        },
        "texture_density": {
          "raw": 0.5359999999999999,
          "z_score": 0.4889705882352945
        },
        "harmonic_consonance": {
          "raw": 0.6111111111111112,
          "z_score": -0.30158730158730135
        }
      }
    }
  },
  "has_midi": true,
  "error": null,
  "timestamp": "2025-12-01T04:12:17.729138"
}