{
  "id": 28,
  "generation": 16,
  "reward": 0.7273511682613822,
  "breakdown": {
    "sax": 0.2305935805375283,
    "sax_sig": 0.538356753937272,
    "bass": -0.6203053703053705,
    "bass_sig": 0.39806433963414856,
    "piano": 6.579247752361443,
    "piano_sig": 0.9877046815086293,
    "drums": -2.042833412545082,
    "drums_sig": 0.20393347127520242,
    "ensemble_mult": 1.0447213595499958,
    "z_sum": 4.146702550048518,
    "base_reward": 0.6962154660786127,
    "combined": 0.7273511682613822,
    "sax_detail": {
      "total": 0.2305935805375283,
      "variety_gate": 0.25,
      "features": {
        "melodic_entropy": {
          "raw": 2.413088436425758,
          "z_score": 1.1717331305978198
        },
        "dur_cv": {
          "raw": 0.0,
          "z_score": -0.2978723404255319
        },
        "sax_arpeggio_runs": {
          "raw": 1,
          "z_score": 0.39022611232676874
        },
        "peak_not_late": {
          "raw": 1,
          "z_score": 0.42975206611570255
        },
        "blue_ratio": {
          "raw": 0.08333333333333333,
          "z_score": -0.6388888888888888
        },
        "rhythm_2grams": {
          "raw": 1,
          "z_score": -0.13257575757575726
        }
      }
    },
    "bass_detail": {
      "total": -0.6203053703053705,
      "chromatic_gate": 1.0,
      "direction_gate": 1.0,
      "features": {
        "duration_variety": {
          "raw": 1,
          "z_score": -1.0
        },
        "velocity_variance": {
          "raw": 0.0,
          "z_score": -1.25
        },
        "non_chromatic_ratio": {
          "raw": 0.9090909090909091,
          "z_score": 1.6296946296946295
        }
      }
    },
    "piano_detail": {
      "total": 6.579247752361443,
      "tonic_bonus": 1.0,
      "register_failed": false,
      "avg_pitch": 67.41666666666667,
      "features": {
        "unique_chords": {
          "raw": 3,
          "capped": 3,
          "z_score": 1.0086206896551724,
          "weight": 1.0
        },
        "avg_chord_duration": {
          "raw": 1.5,
          "z_score": 3.0,
          "weight": 1.5
        },
        "cluster_ratio": {
          "raw": 0.0,
          "z_score": 0.6666666666666667,
          "weight": 1.0
        },
        "out_of_key_ratio": {
          "raw": 0.0,
          "z_score": 0.6039603960396039,
          "weight": 1.0
        },
        "chord_duration_variety": {
          "raw": 1,
          "z_score": -0.20000000000000018,
          "weight": 1.0
        }
      }
    },
    "drums_detail": {
      "total": -2.042833412545082,
      "features": {
        "duration_variety": {
          "raw": 1,
          "z_score": -1.1734820322180917
        },
        "kick_off_beat_ratio": {
          "raw": 0.5,
          "z_score": 0.23571428571428552
        },
        "velocity_variance": {
          "raw": 0.0,
          "z_score": -1.1050656660412759
        }
      }
    },
    "ensemble_detail": {
      "total": 1.0447213595499958,
      "dynamic_coherence": 0.7236067977499789
    }
  },
  "metrics": {
    "reward": 0.7273511682613822,
    "note_count": 68,
    "valid_midi": 1.0,
    "unique_durs": 1,
    "has_rests": false
  },
  "has_midi": true,
  "error": null,
  "timestamp": "2025-12-01T23:00:10.583022"
}