{
  "step": 60,
  "rollout_id": 31,
  "key": "Dm",
  "tempo": 160,
  "reward": 1.06128062298819,
  "breakdown": {
    "sax": 6.5334621385902825,
    "sax_sig": 0.9873284248358842,
    "bass": 4.278694278694279,
    "bass_sig": 0.9454458512207683,
    "piano": 5.901381930304168,
    "piano_sig": 0.9808149903130174,
    "drums": 4.204035513196222,
    "drums_sig": 0.9428210320949701,
    "ensemble_mult": 1.0774596669241483,
    "z_sum": 20.91757386078495,
    "base_reward": 0.9849840839220042,
    "combined": 1.06128062298819,
    "sax_detail": {
      "total": 6.5334621385902825,
      "variety_gate": 1.0,
      "features": {
        "melodic_entropy": {
          "raw": 2.725480556997868,
          "z_score": 1.8252731317947029
        },
        "dur_cv": {
          "raw": 0.169811320754717,
          "z_score": 1.5086310718586915
        },
        "sax_arpeggio_runs": {
          "raw": 0,
          "z_score": -0.3391684901531729
        },
        "peak_not_late": {
          "raw": 1,
          "z_score": 0.42975206611570255
        },
        "blue_ratio": {
          "raw": 0.2,
          "z_score": 0.10897435897435907
        },
        "rhythm_2grams": {
          "raw": 3,
          "z_score": 3.0
        }
      }
    },
    "bass_detail": {
      "total": 4.278694278694279,
      "chromatic_gate": 1.0,
      "direction_gate": 1.0,
      "features": {
        "duration_variety": {
          "raw": 5,
          "z_score": 3.0
        },
        "velocity_variance": {
          "raw": 5.0,
          "z_score": 0.0
        },
        "non_chromatic_ratio": {
          "raw": 0.8181818181818182,
          "z_score": 1.278694278694279
        }
      }
    },
    "piano_detail": {
      "total": 5.901381930304168,
      "tonic_bonus": 1.2,
      "register_failed": false,
      "avg_pitch": 67.91666666666667,
      "features": {
        "unique_chords": {
          "raw": 2,
          "capped": 2,
          "z_score": 0.146551724137931,
          "weight": 1.0
        },
        "avg_chord_duration": {
          "raw": 1.5,
          "z_score": 3.0,
          "weight": 1.5
        },
        "cluster_ratio": {
          "raw": 0.3333333333333333,
          "z_score": -0.13269384492406067,
          "weight": 1.0
        },
        "out_of_key_ratio": {
          "raw": 0.0,
          "z_score": 0.6039603960396039,
          "weight": 1.0
        },
        "chord_duration_variety": {
          "raw": 1,
          "z_score": -0.20000000000000018,
          "weight": 1.0
        }
      }
    },
    "drums_detail": {
      "total": 4.204035513196222,
      "features": {
        "duration_variety": {
          "raw": 4,
          "z_score": 2.5439900867410157
        },
        "kick_off_beat_ratio": {
          "raw": 0.5,
          "z_score": 0.23571428571428552
        },
        "velocity_variance": {
          "raw": 12.133516482134198,
          "z_score": 1.424331140740921
        }
      }
    },
    "ensemble_detail": {
      "total": 1.0774596669241483,
      "dynamic_coherence": 0.8872983346207417
    }
  },
  "has_midi": true,
  "error": null,
  "timestamp": "2025-12-02T15:19:51.633432"
}