{
  "step": 49,
  "rollout_id": 13,
  "key": "F",
  "tempo": 160,
  "reward": 0.8713052191708929,
  "breakdown": {
    "sax": -1.0368446757783893,
    "sax_sig": 0.3337595575668393,
    "bass": 0.67913901439913,
    "bass_sig": 0.611295091810923,
    "piano": 7.157757798684394,
    "piano_sig": 0.9916062484240652,
    "drums": 2.6594696339411263,
    "drums_sig": 0.8548278415504731,
    "ensemble": 2.015770899958881,
    "ensemble_sig": 0.7931219111050672,
    "z_sum": 11.475292671205143,
    "combined": 0.8713052191708929,
    "sax_detail": {
      "total": -1.0368446757783893,
      "variety_gate": 0.5,
      "features": {
        "melodic_entropy": {
          "raw": 1.584962500721156,
          "z_score": -0.5607479064410961
        },
        "dur_cv": {
          "raw": 0.0,
          "z_score": -0.2978723404255319
        },
        "sax_arpeggio_runs": {
          "raw": 0,
          "z_score": -0.3391684901531729
        },
        "peak_not_late": {
          "raw": 1,
          "z_score": 0.42975206611570255
        },
        "blue_ratio": {
          "raw": 0.0,
          "z_score": -1.1730769230769231
        },
        "rhythm_2grams": {
          "raw": 1,
          "z_score": -0.13257575757575726
        }
      }
    },
    "bass_detail": {
      "total": 0.67913901439913,
      "direction_gate": 1.0,
      "features": {
        "ioi_swing": {
          "raw": 0.0,
          "z_score": -0.24855491329479767
        },
        "non_chromatic_ratio": {
          "raw": 0.7272727272727273,
          "z_score": 0.9276939276939278
        }
      }
    },
    "piano_detail": {
      "total": 7.157757798684394,
      "variety_gate": 1.0,
      "features": {
        "avg_chord_spread": {
          "raw": 12.0,
          "z_score": 1.6953025814642404
        },
        "gap_ratio": {
          "raw": 0.45454545454545453,
          "z_score": 0.8614973262032085
        },
        "register_separation": {
          "raw": 2.4000000000000057,
          "z_score": -0.38055254604550226
        },
        "velocity_variance": {
          "raw": 0.06775963568181181,
          "z_score": 4.981510437062448
        }
      }
    },
    "drums_detail": {
      "total": 2.6594696339411263,
      "features": {
        "kick_off_beat_ratio": {
          "raw": 0.5,
          "z_score": 0.2411347517730495
        },
        "snare_backbeat_ratio": {
          "raw": 0.0,
          "z_score": -0.3584905660377358
        },
        "velocity_variance": {
          "raw": 12.133516482134196,
          "z_score": 1.4476175274137335
        },
        "duration_variety": {
          "raw": 3,
          "z_score": 1.3292079207920793
        }
      }
    },
    "ensemble_detail": {
      "total": 2.015770899958881,
      "duration_gate": 1.0,
      "features": {
        "collision_rate": {
          "raw": 0.4,
          "z_score": -0.9042553191489362
        },
        "phrase_alignment": {
          "raw": 0.6666666666666666,
          "z_score": 0.16861219195849547
        },
        "texture_density": {
          "raw": 0.19999999999999996,
          "z_score": 1.724264705882353
        },
        "harmonic_consonance": {
          "raw": 0.7692307692307693,
          "z_score": 1.0271493212669687
        }
      }
    }
  },
  "has_midi": true,
  "error": null,
  "timestamp": "2025-12-01T03:48:19.861733"
}