{
  "step": 0,
  "rollout_id": 15,
  "key": "Dm",
  "tempo": 160,
  "reward": 0.5406177719413647,
  "breakdown": {
    "sax": -1.3855197106458927,
    "sax_sig": 0.2842087019302686,
    "bass": -0.26930501930501927,
    "bass_sig": 0.45523600694864574,
    "piano": 2.9153133261319346,
    "piano_sig": 0.8747407774156434,
    "drums": -1.0601264690574195,
    "drums_sig": 0.330317152033244,
    "ensemble_mult": 1.06,
    "z_sum": 0.20036212712360313,
    "base_reward": 0.5100167659824195,
    "combined": 0.5406177719413647,
    "sax_detail": {
      "total": -1.3855197106458927,
      "variety_gate": 0.5,
      "features": {
        "melodic_entropy": {
          "raw": 1.2516291673878228,
          "z_score": -1.2580979761761029
        },
        "dur_cv": {
          "raw": 0.0,
          "z_score": -0.2978723404255319
        },
        "sax_arpeggio_runs": {
          "raw": 0,
          "z_score": -0.3391684901531729
        },
        "peak_not_late": {
          "raw": 1,
          "z_score": 0.42975206611570255
        },
        "blue_ratio": {
          "raw": 0.0,
          "z_score": -1.1730769230769231
        },
        "rhythm_2grams": {
          "raw": 1,
          "z_score": -0.13257575757575726
        }
      }
    },
    "bass_detail": {
      "total": -0.26930501930501927,
      "chromatic_gate": 1.0,
      "direction_gate": 1.0,
      "features": {
        "duration_variety": {
          "raw": 1,
          "z_score": -1.0
        },
        "velocity_variance": {
          "raw": 0.0,
          "z_score": -1.25
        },
        "non_chromatic_ratio": {
          "raw": 1.0,
          "z_score": 1.9806949806949807
        }
      }
    },
    "piano_detail": {
      "total": 2.9153133261319346,
      "tonic_bonus": 1.0,
      "register_failed": false,
      "avg_pitch": 56.083333333333336,
      "features": {
        "unique_chords": {
          "raw": 3,
          "capped": 3,
          "z_score": 1.0086206896551724,
          "weight": 1.0
        },
        "avg_chord_duration": {
          "raw": 0.375,
          "z_score": 0.5573770491803279,
          "weight": 1.5
        },
        "cluster_ratio": {
          "raw": 0.0,
          "z_score": 0.6666666666666667,
          "weight": 1.0
        },
        "out_of_key_ratio": {
          "raw": 0.0,
          "z_score": 0.6039603960396039,
          "weight": 1.0
        },
        "chord_duration_variety": {
          "raw": 1,
          "z_score": -0.20000000000000018,
          "weight": 1.0
        }
      }
    },
    "drums_detail": {
      "total": -1.0601264690574195,
      "features": {
        "duration_variety": {
          "raw": 1,
          "z_score": -1.1734820322180917
        },
        "kick_off_beat_ratio": {
          "raw": 0.5,
          "z_score": 0.23571428571428552
        },
        "velocity_variance": {
          "raw": 4.714045207910317,
          "z_score": -0.12235872255361334
        }
      }
    },
    "ensemble_detail": {
      "total": 1.06,
      "dynamic_coherence": 0.7999999999999999
    }
  },
  "has_midi": true,
  "error": null,
  "timestamp": "2025-12-01T20:18:43.952130"
}