{
  "id": 28,
  "generation": 5,
  "reward": 0.27220615492222466,
  "breakdown": {
    "sax": -0.3803747691759767,
    "sax_sig": 0.4369417539138637,
    "bass": -1.5692127697366767,
    "bass_sig": 0.25996666013894343,
    "piano": -2.5144348212031002,
    "piano_sig": 0.15758737506644507,
    "drums": -2.987811974534944,
    "drums_sig": 0.12005867476850816,
    "ensemble": 1.5510855754735444,
    "ensemble_sig": 0.7377016832995119,
    "z_sum": -5.900748759177153,
    "combined": 0.27220615492222466,
    "sax_detail": {
      "total": -0.3803747691759767,
      "variety_gate": 0.25,
      "features": {
        "melodic_entropy": {
          "raw": 2.7072820642823463,
          "z_score": 0.6411685885267263
        },
        "dur_cv": {
          "raw": 0.0,
          "z_score": -0.8880854560394412
        },
        "sax_arpeggio_runs": {
          "raw": 0,
          "z_score": -0.4150099290132615
        },
        "peak_not_late": {
          "raw": 1,
          "z_score": 0.6122586439155816
        },
        "blue_ratio": {
          "raw": 0.125,
          "z_score": -0.5854632587859425
        },
        "rhythm_2grams": {
          "raw": 1,
          "z_score": -0.8863676653075695
        }
      }
    },
    "bass_detail": {
      "total": -1.5692127697366767,
      "direction_gate": 1.0,
      "features": {
        "ioi_swing": {
          "raw": 0.0,
          "z_score": -0.8105992171032821
        },
        "non_chromatic_ratio": {
          "raw": 0.4782608695652174,
          "z_score": -0.7586135526333946
        }
      }
    },
    "piano_detail": {
      "total": -2.5144348212031002,
      "variety_gate": 1.0,
      "features": {
        "avg_chord_spread": {
          "raw": 9.0,
          "z_score": -0.04296943231441056
        },
        "gap_ratio": {
          "raw": 0.6470588235294118,
          "z_score": -0.9357549471401465
        },
        "register_separation": {
          "raw": 0.5,
          "z_score": -0.9567630733274904
        },
        "velocity_variance": {
          "raw": 0.0,
          "z_score": -0.5789473684210527
        }
      }
    },
    "drums_detail": {
      "total": -2.987811974534944,
      "features": {
        "kick_off_beat_ratio": {
          "raw": 0.5,
          "z_score": -0.8253055108539016
        },
        "snare_backbeat_ratio": {
          "raw": 0.0,
          "z_score": -0.5855710048313247
        },
        "velocity_variance": {
          "raw": 0.0,
          "z_score": -1.3587178965954583
        },
        "duration_variety": {
          "raw": 2,
          "z_score": -0.21821756225425926
        }
      }
    },
    "ensemble_detail": {
      "total": 1.5510855754735444,
      "duration_gate": 1.0,
      "features": {
        "collision_rate": {
          "raw": 0.0,
          "z_score": 1.4514925373134329
        },
        "phrase_alignment": {
          "raw": 0.5,
          "z_score": -0.10624999999999991
        },
        "texture_density": {
          "raw": 0.2559999999999999,
          "z_score": 0.7452574525745261
        },
        "harmonic_consonance": {
          "raw": 0.703125,
          "z_score": -0.5394144144144145
        }
      }
    }
  },
  "metrics": {
    "reward": 0.27220615492222466,
    "note_count": 88,
    "valid_midi": 1.0,
    "unique_durs": 1,
    "has_rests": false
  },
  "has_midi": true,
  "error": null,
  "timestamp": "2025-11-30T17:18:03.802197"
}