{
  "step": 22,
  "rollout_id": 23,
  "key": "Fm",
  "tempo": 160,
  "reward": 0.7698740014172946,
  "breakdown": {
    "sax": -0.28350828026479963,
    "sax_sig": 0.4528887830333747,
    "bass": -0.4763910022293228,
    "bass_sig": 0.4212622197738932,
    "piano": 1.7059186928367858,
    "piano_sig": 0.7571797335500778,
    "drums": 4.204035513196222,
    "drums_sig": 0.9428210320949701,
    "ensemble_mult": 1.0447213595499958,
    "z_sum": 5.150054923538885,
    "base_reward": 0.736918025442603,
    "combined": 0.7698740014172946,
    "sax_detail": {
      "total": -0.28350828026479963,
      "variety_gate": 0.25,
      "features": {
        "melodic_entropy": {
          "raw": 0.6722948170756379,
          "z_score": -2.470094524946364
        },
        "dur_cv": {
          "raw": 0.0,
          "z_score": -0.2978723404255319
        },
        "sax_arpeggio_runs": {
          "raw": 0,
          "z_score": -0.3391684901531729
        },
        "peak_not_late": {
          "raw": 1,
          "z_score": 0.42975206611570255
        },
        "blue_ratio": {
          "raw": 0.4444444444444444,
          "z_score": 1.6759259259259258
        },
        "rhythm_2grams": {
          "raw": 1,
          "z_score": -0.13257575757575726
        }
      }
    },
    "bass_detail": {
      "total": -0.4763910022293228,
      "chromatic_gate": 0.5,
      "direction_gate": 0.5,
      "features": {
        "duration_variety": {
          "raw": 2,
          "z_score": 0.0
        },
        "velocity_variance": {
          "raw": 4.898979485566356,
          "z_score": -0.02525512860841106
        },
        "non_chromatic_ratio": {
          "raw": 0.0,
          "z_score": -1.88030888030888
        }
      }
    },
    "piano_detail": {
      "total": 1.7059186928367858,
      "tonic_bonus": 1.0,
      "register_failed": false,
      "avg_pitch": 65.0,
      "features": {
        "unique_chords": {
          "raw": 3,
          "capped": 3,
          "z_score": 1.0086206896551724,
          "weight": 1.0
        },
        "avg_chord_duration": {
          "raw": 1.5,
          "z_score": 3.0,
          "weight": 1.5
        },
        "cluster_ratio": {
          "raw": 1.0,
          "z_score": -1.7314148681055157,
          "weight": 1.0
        },
        "out_of_key_ratio": {
          "raw": 0.25,
          "z_score": -1.8712871287128712,
          "weight": 1.0
        },
        "chord_duration_variety": {
          "raw": 1,
          "z_score": -0.20000000000000018,
          "weight": 1.0
        }
      }
    },
    "drums_detail": {
      "total": 4.204035513196222,
      "features": {
        "duration_variety": {
          "raw": 4,
          "z_score": 2.5439900867410157
        },
        "kick_off_beat_ratio": {
          "raw": 0.5,
          "z_score": 0.23571428571428552
        },
        "velocity_variance": {
          "raw": 12.133516482134198,
          "z_score": 1.424331140740921
        }
      }
    },
    "ensemble_detail": {
      "total": 1.0447213595499958,
      "dynamic_coherence": 0.7236067977499789
    }
  },
  "has_midi": true,
  "error": null,
  "timestamp": "2025-12-02T13:53:36.501574"
}