{
  "id": 21,
  "generation": 8,
  "reward": 0.4307293670025586,
  "breakdown": {
    "sax": -0.8256712679896345,
    "sax_sig": 0.3657605890201316,
    "bass": -0.08480292601339856,
    "bass_sig": 0.4858699423832829,
    "piano": -0.0825553539705999,
    "piano_sig": 0.48624424641394665,
    "drums": -0.26560568074511015,
    "drums_sig": 0.4558476887335295,
    "ensemble": -0.4146206280463116,
    "ensemble_sig": 0.4313332109263431,
    "z_sum": -1.6732558567650546,
    "combined": 0.4307293670025586,
    "sax_detail": {
      "total": -0.8256712679896345,
      "variety_gate": 0.25,
      "features": {
        "melodic_entropy": {
          "raw": 0.9975025463691152,
          "z_score": -1.7897436268428553
        },
        "dur_cv": {
          "raw": 0.0,
          "z_score": -0.2978723404255319
        },
        "sax_arpeggio_runs": {
          "raw": 0,
          "z_score": -0.3391684901531729
        },
        "peak_not_late": {
          "raw": 1,
          "z_score": 0.42975206611570255
        },
        "blue_ratio": {
          "raw": 0.0,
          "z_score": -1.1730769230769231
        },
        "rhythm_2grams": {
          "raw": 1,
          "z_score": -0.13257575757575726
        }
      }
    },
    "bass_detail": {
      "total": -0.08480292601339856,
      "direction_gate": 1.0,
      "features": {
        "ioi_swing": {
          "raw": 0.0,
          "z_score": -0.24855491329479767
        },
        "non_chromatic_ratio": {
          "raw": 0.5294117647058824,
          "z_score": 0.16375198728139911
        }
      }
    },
    "piano_detail": {
      "total": -0.0825553539705999,
      "variety_gate": 1.0,
      "features": {
        "avg_chord_spread": {
          "raw": 9.0,
          "z_score": 0.4257300042319087
        },
        "gap_ratio": {
          "raw": 0.6111111111111112,
          "z_score": -0.05947712418300695
        },
        "register_separation": {
          "raw": 3.0,
          "z_score": -0.2180390032502709
        },
        "velocity_variance": {
          "raw": 0.0,
          "z_score": -0.23076923076923078
        }
      }
    },
    "drums_detail": {
      "total": -0.26560568074511015,
      "features": {
        "kick_off_beat_ratio": {
          "raw": 0.5,
          "z_score": 0.2411347517730495
        },
        "snare_backbeat_ratio": {
          "raw": 0.0,
          "z_score": -0.3584905660377358
        },
        "velocity_variance": {
          "raw": 4.0,
          "z_score": -0.23983402489626549
        },
        "duration_variety": {
          "raw": 2,
          "z_score": 0.09158415841584167
        }
      }
    },
    "ensemble_detail": {
      "total": -0.4146206280463116,
      "duration_gate": 1.0,
      "features": {
        "collision_rate": {
          "raw": 0.3888888888888889,
          "z_score": -0.8451536643026004
        },
        "phrase_alignment": {
          "raw": 1.0,
          "z_score": -1.1284046692607006
        },
        "texture_density": {
          "raw": 0.704,
          "z_score": -0.128676470588235
        },
        "harmonic_consonance": {
          "raw": 0.8478260869565217,
          "z_score": 1.6876141761052246
        }
      }
    }
  },
  "metrics": {
    "reward": 0.4307293670025586,
    "note_count": 69,
    "valid_midi": 1.0,
    "unique_durs": 1,
    "has_rests": false
  },
  "has_midi": true,
  "error": null,
  "timestamp": "2025-11-30T22:42:42.998170"
}