{
  "step": 26,
  "rollout_id": 20,
  "key": "F",
  "tempo": 160,
  "reward": 0.6734838795631605,
  "breakdown": {
    "sax": 1.7580826256285587,
    "sax_sig": 0.7635162808701216,
    "bass": -0.4209312533011955,
    "bass_sig": 0.4303015765347232,
    "piano": -0.6296645018717404,
    "piano_sig": 0.39657027254413457,
    "drums": 2.604199476546785,
    "drums_sig": 0.8501952162362221,
    "ensemble": 1.0322220886864555,
    "ensemble_sig": 0.6655548267371271,
    "z_sum": 4.3439084356888635,
    "combined": 0.6734838795631605,
    "sax_detail": {
      "total": 1.7580826256285587,
      "variety_gate": 1.0,
      "features": {
        "melodic_entropy": {
          "raw": 1.9182958340544893,
          "z_score": 0.13660216329391078
        },
        "dur_cv": {
          "raw": 0.12247448713915891,
          "z_score": 1.0050477355229672
        },
        "sax_arpeggio_runs": {
          "raw": 0,
          "z_score": -0.3391684901531729
        },
        "peak_not_late": {
          "raw": 1,
          "z_score": 0.42975206611570255
        },
        "blue_ratio": {
          "raw": 0.2857142857142857,
          "z_score": 0.6584249084249083
        },
        "rhythm_2grams": {
          "raw": 1,
          "z_score": -0.13257575757575726
        }
      }
    },
    "bass_detail": {
      "total": -0.4209312533011955,
      "direction_gate": 0.5,
      "features": {
        "ioi_swing": {
          "raw": 0.0,
          "z_score": -0.24855491329479767
        },
        "non_chromatic_ratio": {
          "raw": 0.3333333333333333,
          "z_score": -0.5933075933075933
        }
      }
    },
    "piano_detail": {
      "total": -0.6296645018717404,
      "variety_gate": 0.5,
      "features": {
        "avg_chord_spread": {
          "raw": 8.333333333333334,
          "z_score": 0.1436027648469463
        },
        "gap_ratio": {
          "raw": 0.7692307692307693,
          "z_score": -0.9895927601809957
        },
        "register_separation": {
          "raw": 3.1309523809523796,
          "z_score": -0.18256977764020058
        },
        "velocity_variance": {
          "raw": 0.0,
          "z_score": -0.23076923076923078
        }
      }
    },
    "drums_detail": {
      "total": 2.604199476546785,
      "features": {
        "kick_off_beat_ratio": {
          "raw": 0.5,
          "z_score": 0.2411347517730495
        },
        "snare_backbeat_ratio": {
          "raw": 0.0,
          "z_score": -0.3584905660377358
        },
        "velocity_variance": {
          "raw": 11.867114323493471,
          "z_score": 1.3923473700193922
        },
        "duration_variety": {
          "raw": 3,
          "z_score": 1.3292079207920793
        }
      }
    },
    "ensemble_detail": {
      "total": 1.0322220886864555,
      "duration_gate": 1.0,
      "features": {
        "collision_rate": {
          "raw": 0.14285714285714285,
          "z_score": 0.4635258358662615
        },
        "phrase_alignment": {
          "raw": 0.5,
          "z_score": 0.8171206225680933
        },
        "texture_density": {
          "raw": 0.9720000000000001,
          "z_score": -1.1139705882352942
        },
        "harmonic_consonance": {
          "raw": 0.75,
          "z_score": 0.8655462184873949
        }
      }
    }
  },
  "has_midi": true,
  "error": null,
  "timestamp": "2025-12-01T01:47:56.661602"
}