{
  "step": 45,
  "rollout_id": 8,
  "key": "F",
  "tempo": 160,
  "reward": 0.8723789411716886,
  "breakdown": {
    "sax": 0.17852046703914576,
    "sax_sig": 0.5297183412892482,
    "bass": -1.064431896801839,
    "bass_sig": 0.3296825322844519,
    "piano": 3.040018731996421,
    "piano_sig": 0.8835698837273833,
    "drums": 5.567307573333993,
    "drums_sig": 0.976143162210195,
    "ensemble": 3.811536124094476,
    "ensemble_sig": 0.9269681854240961,
    "z_sum": 11.532950999662196,
    "combined": 0.8723789411716886,
    "sax_detail": {
      "total": 0.17852046703914576,
      "variety_gate": 0.5,
      "features": {
        "melodic_entropy": {
          "raw": 1.9808259362290785,
          "z_score": 0.2674182766298715
        },
        "dur_cv": {
          "raw": 0.0,
          "z_score": -0.2978723404255319
        },
        "sax_arpeggio_runs": {
          "raw": 0,
          "z_score": -0.3391684901531729
        },
        "peak_not_late": {
          "raw": 1,
          "z_score": 0.42975206611570255
        },
        "blue_ratio": {
          "raw": 0.25,
          "z_score": 0.4294871794871795
        },
        "rhythm_2grams": {
          "raw": 1,
          "z_score": -0.13257575757575726
        }
      }
    },
    "bass_detail": {
      "total": -1.064431896801839,
      "direction_gate": 0.5,
      "features": {
        "ioi_swing": {
          "raw": 0.0,
          "z_score": -0.24855491329479767
        },
        "non_chromatic_ratio": {
          "raw": 0.0,
          "z_score": -1.88030888030888
        }
      }
    },
    "piano_detail": {
      "total": 3.040018731996421,
      "variety_gate": 1.0,
      "features": {
        "avg_chord_spread": {
          "raw": 7.0,
          "z_score": -0.4206517139229792
        },
        "gap_ratio": {
          "raw": 0.7142857142857143,
          "z_score": -0.6663865546218489
        },
        "register_separation": {
          "raw": 1.75,
          "z_score": -0.5566088840736728
        },
        "velocity_variance": {
          "raw": 0.06388765649999399,
          "z_score": 4.683665884614922
        }
      }
    },
    "drums_detail": {
      "total": 5.567307573333993,
      "features": {
        "kick_off_beat_ratio": {
          "raw": 0.6666666666666667,
          "z_score": 1.423167848699764
        },
        "snare_backbeat_ratio": {
          "raw": 0.2,
          "z_score": 1.528301886792453
        },
        "velocity_variance": {
          "raw": 11.357556200179541,
          "z_score": 1.2866299170496973
        },
        "duration_variety": {
          "raw": 3,
          "z_score": 1.3292079207920793
        }
      }
    },
    "ensemble_detail": {
      "total": 3.811536124094476,
      "duration_gate": 1.0,
      "features": {
        "collision_rate": {
          "raw": 0.16666666666666666,
          "z_score": 0.3368794326241136
        },
        "phrase_alignment": {
          "raw": 0.16666666666666666,
          "z_score": 2.1141374837872893
        },
        "texture_density": {
          "raw": 0.616,
          "z_score": 0.19485294117647076
        },
        "harmonic_consonance": {
          "raw": 0.7857142857142857,
          "z_score": 1.1656662665066024
        }
      }
    }
  },
  "has_midi": true,
  "error": null,
  "timestamp": "2025-12-01T03:13:06.550997"
}