{
  "id": 12,
  "generation": 59,
  "reward": 0.6238332842681388,
  "breakdown": {
    "sax": -1.1091825971837574,
    "sax_sig": 0.3231233175798331,
    "bass": 0.7306949806949807,
    "bass_sig": 0.6194300979814052,
    "piano": 0.5533455719794704,
    "piano_sig": 0.5911924394813489,
    "drums": 1.418188276915319,
    "drums_sig": 0.7202009999603937,
    "ensemble_mult": 1.0774596669241483,
    "z_sum": 1.5930462324060126,
    "base_reward": 0.5789852775176371,
    "combined": 0.6238332842681388,
    "sax_detail": {
      "total": -1.1091825971837574,
      "variety_gate": 0.5,
      "features": {
        "melodic_entropy": {
          "raw": 2.321928094887362,
          "z_score": 0.981021119011218
        },
        "dur_cv": {
          "raw": 0.0,
          "z_score": -0.2978723404255319
        },
        "sax_arpeggio_runs": {
          "raw": 0,
          "z_score": -0.3391684901531729
        },
        "peak_not_late": {
          "raw": 0,
          "z_score": -2.325068870523416
        },
        "blue_ratio": {
          "raw": 0.16666666666666666,
          "z_score": -0.10470085470085473
        },
        "rhythm_2grams": {
          "raw": 1,
          "z_score": -0.13257575757575726
        }
      }
    },
    "bass_detail": {
      "total": 0.7306949806949807,
      "chromatic_gate": 1.0,
      "direction_gate": 1.0,
      "features": {
        "duration_variety": {
          "raw": 2,
          "z_score": 0.0
        },
        "velocity_variance": {
          "raw": 0.0,
          "z_score": -1.25
        },
        "non_chromatic_ratio": {
          "raw": 1.0,
          "z_score": 1.9806949806949807
        }
      }
    },
    "piano_detail": {
      "total": 0.5533455719794704,
      "tonic_bonus": 1.0,
      "register_failed": false,
      "avg_pitch": 74.08333333333333,
      "features": {
        "unique_chords": {
          "raw": 3,
          "capped": 3,
          "z_score": 1.0086206896551724,
          "weight": 1.0
        },
        "avg_chord_duration": {
          "raw": 0.25,
          "z_score": -0.4672131147540983,
          "weight": 1.5
        },
        "cluster_ratio": {
          "raw": 0.0,
          "z_score": 0.6666666666666667,
          "weight": 1.0
        },
        "out_of_key_ratio": {
          "raw": 0.08333333333333333,
          "z_score": -0.22112211221122108,
          "weight": 1.0
        },
        "chord_duration_variety": {
          "raw": 1,
          "z_score": -0.20000000000000018,
          "weight": 1.0
        }
      }
    },
    "drums_detail": {
      "total": 1.418188276915319,
      "features": {
        "duration_variety": {
          "raw": 3,
          "z_score": 1.3048327137546467
        },
        "kick_off_beat_ratio": {
          "raw": 0.5,
          "z_score": 0.23571428571428552
        },
        "velocity_variance": {
          "raw": 4.714045207910317,
          "z_score": -0.12235872255361334
        }
      }
    },
    "ensemble_detail": {
      "total": 1.0774596669241483,
      "dynamic_coherence": 0.8872983346207417
    }
  },
  "metrics": {
    "reward": 0.6238332842681388,
    "note_count": 51,
    "valid_midi": 1.0,
    "unique_durs": 1,
    "has_rests": true
  },
  "has_midi": true,
  "error": null,
  "timestamp": "2025-12-02T16:57:16.068574"
}