{
  "step": 14,
  "rollout_id": 5,
  "key": "D",
  "tempo": 160,
  "reward": 0.5165730431628172,
  "breakdown": {
    "sax": -1.2525130933882018,
    "sax_sig": 0.30258704355217203,
    "bass": 1.0301393653994813,
    "bass_sig": 0.6652456912542147,
    "piano": -0.9456316585887489,
    "piano_sig": 0.3474150594949066,
    "drums": 1.4218458715648887,
    "drums_sig": 0.7206921009972318,
    "ensemble": 0.14405831253769863,
    "ensemble_sig": 0.5239912813606813,
    "z_sum": 0.3978987975251178,
    "combined": 0.5165730431628172,
    "sax_detail": {
      "total": -1.2525130933882018,
      "variety_gate": 0.5,
      "features": {
        "melodic_entropy": {
          "raw": 1.3787834934861753,
          "z_score": -0.992084741660721
        },
        "dur_cv": {
          "raw": 0.0,
          "z_score": -0.2978723404255319
        },
        "sax_arpeggio_runs": {
          "raw": 0,
          "z_score": -0.3391684901531729
        },
        "peak_not_late": {
          "raw": 1,
          "z_score": 0.42975206611570255
        },
        "blue_ratio": {
          "raw": 0.0,
          "z_score": -1.1730769230769231
        },
        "rhythm_2grams": {
          "raw": 1,
          "z_score": -0.13257575757575726
        }
      }
    },
    "bass_detail": {
      "total": 1.0301393653994813,
      "direction_gate": 1.0,
      "features": {
        "ioi_swing": {
          "raw": 0.0,
          "z_score": -0.24855491329479767
        },
        "non_chromatic_ratio": {
          "raw": 0.8181818181818182,
          "z_score": 1.278694278694279
        }
      }
    },
    "piano_detail": {
      "total": -0.9456316585887489,
      "variety_gate": 0.5,
      "features": {
        "avg_chord_spread": {
          "raw": 7.0,
          "z_score": -0.4206517139229792
        },
        "gap_ratio": {
          "raw": 0.65,
          "z_score": -0.2882352941176473
        },
        "register_separation": {
          "raw": 0.2916666666666714,
          "z_score": -0.9516070783676405
        },
        "velocity_variance": {
          "raw": 0.0,
          "z_score": -0.23076923076923078
        }
      }
    },
    "drums_detail": {
      "total": 1.4218458715648887,
      "features": {
        "kick_off_beat_ratio": {
          "raw": 0.5,
          "z_score": 0.2411347517730495
        },
        "snare_backbeat_ratio": {
          "raw": 0.0,
          "z_score": -0.3584905660377358
        },
        "velocity_variance": {
          "raw": 12.133516482134196,
          "z_score": 1.4476175274137335
        },
        "duration_variety": {
          "raw": 2,
          "z_score": 0.09158415841584167
        }
      }
    },
    "ensemble_detail": {
      "total": 0.14405831253769863,
      "duration_gate": 1.0,
      "features": {
        "collision_rate": {
          "raw": 0.375,
          "z_score": -0.7712765957446808
        },
        "phrase_alignment": {
          "raw": 0.5,
          "z_score": 0.8171206225680933
        },
        "texture_density": {
          "raw": 0.992,
          "z_score": -1.1874999999999998
        },
        "harmonic_consonance": {
          "raw": 0.8,
          "z_score": 1.285714285714286
        }
      }
    }
  },
  "has_midi": true,
  "error": null,
  "timestamp": "2025-12-01T00:25:23.774639"
}