{
  "step": 31,
  "rollout_id": 16,
  "key": "Dm",
  "tempo": 160,
  "reward": 0.7625420361983837,
  "breakdown": {
    "sax": 2.10382221134625,
    "sax_sig": 0.8025879287032956,
    "bass": 5.344854965857543,
    "bass_sig": 0.9724344708806725,
    "piano": -2.7650037487058357,
    "piano_sig": 0.13665724700490806,
    "drums": 1.7267123053364664,
    "drums_sig": 0.7597193615517343,
    "ensemble": 0.5896164048417227,
    "ensemble_sig": 0.5970233495654265,
    "z_sum": 7.000002138676146,
    "combined": 0.7625420361983837,
    "sax_detail": {
      "total": 2.10382221134625,
      "variety_gate": 0.5,
      "features": {
        "melodic_entropy": {
          "raw": 2.6644977792004614,
          "z_score": 1.6976940987457352
        },
        "dur_cv": {
          "raw": 0.0,
          "z_score": -0.2978723404255319
        },
        "sax_arpeggio_runs": {
          "raw": 2,
          "z_score": 1.1196207148067103
        },
        "peak_not_late": {
          "raw": 1,
          "z_score": 0.42975206611570255
        },
        "blue_ratio": {
          "raw": 0.4,
          "z_score": 1.3910256410256412
        },
        "rhythm_2grams": {
          "raw": 1,
          "z_score": -0.13257575757575726
        }
      }
    },
    "bass_detail": {
      "total": 5.344854965857543,
      "direction_gate": 1.0,
      "features": {
        "ioi_swing": {
          "raw": 0.768132606280338,
          "z_score": 4.191517955377676
        },
        "non_chromatic_ratio": {
          "raw": 0.7857142857142857,
          "z_score": 1.1533370104798675
        }
      }
    },
    "piano_detail": {
      "total": -2.7650037487058357,
      "variety_gate": 1.0,
      "features": {
        "avg_chord_spread": {
          "raw": 7.0,
          "z_score": -0.4206517139229792
        },
        "gap_ratio": {
          "raw": 0.811965811965812,
          "z_score": -1.2409753645047763
        },
        "register_separation": {
          "raw": 0.5833333333333286,
          "z_score": -0.8726074395088492
        },
        "velocity_variance": {
          "raw": 0.0,
          "z_score": -0.23076923076923078
        }
      }
    },
    "drums_detail": {
      "total": 1.7267123053364664,
      "features": {
        "kick_off_beat_ratio": {
          "raw": 0.5,
          "z_score": 0.2411347517730495
        },
        "snare_backbeat_ratio": {
          "raw": 0.0,
          "z_score": -0.3584905660377358
        },
        "velocity_variance": {
          "raw": 7.637626158259733,
          "z_score": 0.5148601988090733
        },
        "duration_variety": {
          "raw": 3,
          "z_score": 1.3292079207920793
        }
      }
    },
    "ensemble_detail": {
      "total": 0.5896164048417227,
      "duration_gate": 1.0,
      "features": {
        "collision_rate": {
          "raw": 0.26666666666666666,
          "z_score": -0.19503546099290772
        },
        "phrase_alignment": {
          "raw": 0.5,
          "z_score": 0.8171206225680933
        },
        "texture_density": {
          "raw": 0.8400000000000001,
          "z_score": -0.6286764705882354
        },
        "harmonic_consonance": {
          "raw": 0.717948717948718,
          "z_score": 0.5962077138547726
        }
      }
    }
  },
  "has_midi": true,
  "error": null,
  "timestamp": "2025-12-01T01:25:03.026085"
}