{
  "step": 11,
  "rollout_id": 24,
  "key": "Fm",
  "tempo": 160,
  "reward": 0.44867143325059555,
  "breakdown": {
    "sax": -0.8878157921482255,
    "sax_sig": 0.35620425467013095,
    "bass": -0.26930501930501927,
    "bass_sig": 0.45523600694864574,
    "piano": 1.838216405366659,
    "piano_sig": 0.7730260691027728,
    "drums": -2.042833412545082,
    "drums_sig": 0.20393347127520242,
    "ensemble_mult": 1.0377964473009227,
    "z_sum": -1.3617378186316678,
    "base_reward": 0.4323308625862904,
    "combined": 0.44867143325059555,
    "sax_detail": {
      "total": -0.8878157921482255,
      "variety_gate": 0.5,
      "features": {
        "melodic_entropy": {
          "raw": 1.3787834934861753,
          "z_score": -0.992084741660721
        },
        "dur_cv": {
          "raw": 1.0467283057891832e-15,
          "z_score": -0.2978723404255208
        },
        "sax_arpeggio_runs": {
          "raw": 1,
          "z_score": 0.39022611232676874
        },
        "peak_not_late": {
          "raw": 1,
          "z_score": 0.42975206611570255
        },
        "blue_ratio": {
          "raw": 0.0,
          "z_score": -1.1730769230769231
        },
        "rhythm_2grams": {
          "raw": 1,
          "z_score": -0.13257575757575726
        }
      }
    },
    "bass_detail": {
      "total": -0.26930501930501927,
      "chromatic_gate": 1.0,
      "direction_gate": 1.0,
      "features": {
        "duration_variety": {
          "raw": 1,
          "z_score": -1.0
        },
        "velocity_variance": {
          "raw": 0.0,
          "z_score": -1.25
        },
        "non_chromatic_ratio": {
          "raw": 1.0,
          "z_score": 1.9806949806949807
        }
      }
    },
    "piano_detail": {
      "total": 1.838216405366659,
      "tonic_bonus": 1.0,
      "register_failed": false,
      "avg_pitch": 70.8125,
      "features": {
        "unique_chords": {
          "raw": 1,
          "capped": 1,
          "z_score": -0.7155172413793105,
          "weight": 1.0
        },
        "avg_chord_duration": {
          "raw": 1.5,
          "z_score": 3.0,
          "weight": 1.5
        },
        "cluster_ratio": {
          "raw": 1.0,
          "z_score": -1.7314148681055157,
          "weight": 1.0
        },
        "out_of_key_ratio": {
          "raw": 0.0625,
          "z_score": -0.014851485148514863,
          "weight": 1.0
        },
        "chord_duration_variety": {
          "raw": 1,
          "z_score": -0.20000000000000018,
          "weight": 1.0
        }
      }
    },
    "drums_detail": {
      "total": -2.042833412545082,
      "features": {
        "duration_variety": {
          "raw": 1,
          "z_score": -1.1734820322180917
        },
        "kick_off_beat_ratio": {
          "raw": 0.5,
          "z_score": 0.23571428571428552
        },
        "velocity_variance": {
          "raw": 0.0,
          "z_score": -1.1050656660412759
        }
      }
    },
    "ensemble_detail": {
      "total": 1.0377964473009227,
      "dynamic_coherence": 0.6889822365046137
    }
  },
  "has_midi": true,
  "error": null,
  "timestamp": "2025-12-01T22:50:45.757433"
}