{
  "id": 24,
  "generation": 21,
  "reward": 0.4780294218252771,
  "breakdown": {
    "sax": 0.384005863482832,
    "sax_sig": 0.5636537116343256,
    "bass": -0.7248623896022739,
    "bass_sig": 0.38148696295716106,
    "piano": -0.6142640825028639,
    "piano_sig": 0.39902976645757865,
    "drums": 2.6594696339411263,
    "drums_sig": 0.8548278415504731,
    "ensemble": -2.231982665986338,
    "ensemble_sig": 0.18422384295036043,
    "z_sum": -0.5276336406675175,
    "combined": 0.4780294218252771,
    "sax_detail": {
      "total": 0.384005863482832,
      "variety_gate": 0.5,
      "features": {
        "melodic_entropy": {
          "raw": 1.9219280948873623,
          "z_score": 0.14420103532920983
        },
        "dur_cv": {
          "raw": 0.0,
          "z_score": -0.2978723404255319
        },
        "sax_arpeggio_runs": {
          "raw": 0,
          "z_score": -0.3391684901531729
        },
        "peak_not_late": {
          "raw": 1,
          "z_score": 0.42975206611570255
        },
        "blue_ratio": {
          "raw": 0.3333333333333333,
          "z_score": 0.9636752136752136
        },
        "rhythm_2grams": {
          "raw": 1,
          "z_score": -0.13257575757575726
        }
      }
    },
    "bass_detail": {
      "total": -0.7248623896022739,
      "direction_gate": 1.0,
      "features": {
        "ioi_swing": {
          "raw": 0.0,
          "z_score": -0.24855491329479767
        },
        "non_chromatic_ratio": {
          "raw": 0.36363636363636365,
          "z_score": -0.4763074763074762
        }
      }
    },
    "piano_detail": {
      "total": -0.6142640825028639,
      "variety_gate": 0.5,
      "features": {
        "avg_chord_spread": {
          "raw": 7.0,
          "z_score": -0.4206517139229792
        },
        "gap_ratio": {
          "raw": 0.7272727272727273,
          "z_score": -0.7427807486631018
        },
        "register_separation": {
          "raw": 4.416666666666664,
          "z_score": 0.165673528349584
        },
        "velocity_variance": {
          "raw": 0.0,
          "z_score": -0.23076923076923078
        }
      }
    },
    "drums_detail": {
      "total": 2.6594696339411263,
      "features": {
        "kick_off_beat_ratio": {
          "raw": 0.5,
          "z_score": 0.2411347517730495
        },
        "snare_backbeat_ratio": {
          "raw": 0.0,
          "z_score": -0.3584905660377358
        },
        "velocity_variance": {
          "raw": 12.133516482134196,
          "z_score": 1.4476175274137335
        },
        "duration_variety": {
          "raw": 3,
          "z_score": 1.3292079207920793
        }
      }
    },
    "ensemble_detail": {
      "total": -2.231982665986338,
      "duration_gate": 1.0,
      "features": {
        "collision_rate": {
          "raw": 0.0,
          "z_score": 1.223404255319149
        },
        "phrase_alignment": {
          "raw": 0.75,
          "z_score": -0.15564202334630364
        },
        "texture_density": {
          "raw": 0.9039999999999999,
          "z_score": -0.8639705882352936
        },
        "harmonic_consonance": {
          "raw": 0.35714285714285715,
          "z_score": -2.43577430972389
        }
      }
    }
  },
  "metrics": {
    "reward": 0.4780294218252771,
    "note_count": 42,
    "valid_midi": 1.0,
    "unique_durs": 1,
    "has_rests": true
  },
  "has_midi": true,
  "error": null,
  "timestamp": "2025-12-01T00:21:52.696563"
}