{
  "id": 31,
  "generation": 1,
  "reward": 0.4113751782771559,
  "breakdown": {
    "sax": -0.586598617071986,
    "sax_sig": 0.4034607707073216,
    "bass": -1.064431896801839,
    "bass_sig": 0.3296825322844519,
    "piano": 1.4486517229400473,
    "piano_sig": 0.7242751303974614,
    "drums": 0.18422210918865112,
    "drums_sig": 0.5306651498370938,
    "ensemble": -2.1315435086196084,
    "ensemble_sig": 0.19450031863703476,
    "z_sum": -2.149700190364735,
    "combined": 0.4113751782771559,
    "sax_detail": {
      "total": -0.586598617071986,
      "variety_gate": 0.5,
      "features": {
        "melodic_entropy": {
          "raw": 0.9940302114769565,
          "z_score": -1.797007925780426
        },
        "dur_cv": {
          "raw": 0.0,
          "z_score": -0.2978723404255319
        },
        "sax_arpeggio_runs": {
          "raw": 0,
          "z_score": -0.3391684901531729
        },
        "peak_not_late": {
          "raw": 1,
          "z_score": 0.42975206611570255
        },
        "blue_ratio": {
          "raw": 0.3333333333333333,
          "z_score": 0.9636752136752136
        },
        "rhythm_2grams": {
          "raw": 1,
          "z_score": -0.13257575757575726
        }
      }
    },
    "bass_detail": {
      "total": -1.064431896801839,
      "direction_gate": 0.5,
      "features": {
        "ioi_swing": {
          "raw": 0.0,
          "z_score": -0.24855491329479767
        },
        "non_chromatic_ratio": {
          "raw": 0.0,
          "z_score": -1.88030888030888
        }
      }
    },
    "piano_detail": {
      "total": 1.4486517229400473,
      "variety_gate": 0.5,
      "features": {
        "avg_chord_spread": {
          "raw": 11.0,
          "z_score": 1.2721117223867966
        },
        "gap_ratio": {
          "raw": 0.6666666666666666,
          "z_score": -0.3862745098039215
        },
        "register_separation": {
          "raw": 12.083333333333336,
          "z_score": 2.2422354640664506
        },
        "velocity_variance": {
          "raw": 0.0,
          "z_score": -0.23076923076923078
        }
      }
    },
    "drums_detail": {
      "total": 0.18422210918865112,
      "features": {
        "kick_off_beat_ratio": {
          "raw": 0.5,
          "z_score": 0.2411347517730495
        },
        "snare_backbeat_ratio": {
          "raw": 0.0,
          "z_score": -0.3584905660377358
        },
        "velocity_variance": {
          "raw": 12.133516482134196,
          "z_score": 1.4476175274137335
        },
        "duration_variety": {
          "raw": 1,
          "z_score": -1.146039603960396
        }
      }
    },
    "ensemble_detail": {
      "total": -2.1315435086196084,
      "duration_gate": 1.0,
      "features": {
        "collision_rate": {
          "raw": 0.4166666666666667,
          "z_score": -0.9929078014184397
        },
        "phrase_alignment": {
          "raw": 0.6666666666666666,
          "z_score": 0.16861219195849547
        },
        "texture_density": {
          "raw": 0.86,
          "z_score": -0.7022058823529409
        },
        "harmonic_consonance": {
          "raw": 0.575,
          "z_score": -0.6050420168067232
        }
      }
    }
  },
  "metrics": {
    "reward": 0.4113751782771559,
    "note_count": 48,
    "valid_midi": 1.0,
    "unique_durs": 1,
    "has_rests": true
  },
  "has_midi": true,
  "error": null,
  "timestamp": "2025-11-30T22:05:52.491570"
}