{
  "id": 20,
  "generation": 7,
  "reward": 0.5785291578239496,
  "breakdown": {
    "sax": -0.4500399136784261,
    "sax_sig": 0.4255509783809321,
    "bass": -0.5355811476501133,
    "bass_sig": 0.4116728722269161,
    "piano": 3.037201441305133,
    "piano_sig": 0.8833765269069768,
    "drums": -0.8036760395587128,
    "drums_sig": 0.36916886904512747,
    "ensemble_mult": 1.029277002188456,
    "z_sum": 1.247904340417881,
    "base_reward": 0.5620733355490085,
    "combined": 0.5785291578239496,
    "sax_detail": {
      "total": -0.4500399136784261,
      "variety_gate": 0.25,
      "features": {
        "melodic_entropy": {
          "raw": 2.113283334294875,
          "z_score": 0.5445258039641735
        },
        "dur_cv": {
          "raw": 0.0,
          "z_score": -0.2978723404255319
        },
        "sax_arpeggio_runs": {
          "raw": 0,
          "z_score": -0.3391684901531729
        },
        "peak_not_late": {
          "raw": 0,
          "z_score": -2.325068870523416
        },
        "blue_ratio": {
          "raw": 0.3,
          "z_score": 0.75
        },
        "rhythm_2grams": {
          "raw": 1,
          "z_score": -0.13257575757575726
        }
      }
    },
    "bass_detail": {
      "total": -0.5355811476501133,
      "chromatic_gate": 1.0,
      "direction_gate": 1.0,
      "features": {
        "duration_variety": {
          "raw": 1,
          "z_score": -1.0
        },
        "velocity_variance": {
          "raw": 0.0,
          "z_score": -1.25
        },
        "non_chromatic_ratio": {
          "raw": 0.9310344827586207,
          "z_score": 1.7144188523498867
        }
      }
    },
    "piano_detail": {
      "total": 3.037201441305133,
      "tonic_bonus": 1.2,
      "register_failed": false,
      "avg_pitch": 59.083333333333336,
      "features": {
        "unique_chords": {
          "raw": 3,
          "capped": 3,
          "z_score": 1.0086206896551724,
          "weight": 1.0
        },
        "avg_chord_duration": {
          "raw": 0.75,
          "z_score": 3.0,
          "weight": 1.5
        },
        "cluster_ratio": {
          "raw": 1.0,
          "z_score": -1.7314148681055157,
          "weight": 1.0
        },
        "out_of_key_ratio": {
          "raw": 0.16666666666666666,
          "z_score": -1.046204620462046,
          "weight": 1.0
        },
        "chord_duration_variety": {
          "raw": 1,
          "z_score": -0.20000000000000018,
          "weight": 1.0
        }
      }
    },
    "drums_detail": {
      "total": -0.8036760395587128,
      "features": {
        "duration_variety": {
          "raw": 2,
          "z_score": 0.06567534076827748
        },
        "kick_off_beat_ratio": {
          "raw": 0.5,
          "z_score": 0.23571428571428552
        },
        "velocity_variance": {
          "raw": 0.0,
          "z_score": -1.1050656660412759
        }
      }
    },
    "ensemble_detail": {
      "total": 1.029277002188456,
      "dynamic_coherence": 0.64638501094228
    }
  },
  "metrics": {
    "reward": 0.5785291578239496,
    "note_count": 84,
    "valid_midi": 1.0,
    "unique_durs": 1,
    "has_rests": false
  },
  "has_midi": true,
  "error": null,
  "timestamp": "2025-12-01T22:14:46.528581"
}